> Task :gradle-plugin:settings-plugin:checkKotlinGradlePluginConfigurationErrors SKIPPED
> Task :gradle-plugin:shared:checkKotlinGradlePluginConfigurationErrors SKIPPED
> Task :gradle-plugin:shared:compileKotlin UP-TO-DATE
> Task :gradle-plugin:shared:compileJava NO-SOURCE
> Task :gradle-plugin:shared:processResources NO-SOURCE
> Task :gradle-plugin:shared:classes UP-TO-DATE
> Task :gradle-plugin:shared:jar UP-TO-DATE
> Task :gradle-plugin:settings-plugin:compileKotlin UP-TO-DATE
> Task :gradle-plugin:settings-plugin:compileJava NO-SOURCE
> Task :gradle-plugin:settings-plugin:pluginDescriptors UP-TO-DATE
> Task :gradle-plugin:settings-plugin:processResources UP-TO-DATE
> Task :gradle-plugin:settings-plugin:classes UP-TO-DATE
> Task :gradle-plugin:settings-plugin:jar UP-TO-DATE
> Task :gradle-plugin:react-native-gradle-plugin:checkKotlinGradlePluginConfigurationErrors SKIPPED
> Task :gradle-plugin:react-native-gradle-plugin:compileKotlin UP-TO-DATE
> Task :gradle-plugin:react-native-gradle-plugin:compileJava NO-SOURCE
> Task :gradle-plugin:react-native-gradle-plugin:pluginDescriptors UP-TO-DATE
> Task :gradle-plugin:react-native-gradle-plugin:processResources UP-TO-DATE
> Task :gradle-plugin:react-native-gradle-plugin:classes UP-TO-DATE
> Task :gradle-plugin:react-native-gradle-plugin:jar UP-TO-DATE

> Configure project :react-native-nitro-modules
[NitroModules] ? Your app is boosted by nitro modules!

> Configure project :react-native-quick-crypto
[NitroModules] ? QuickCrypto is boosted by nitro!
[QuickCrypto] Has libsodium disabled!

> Task :app:generateAutolinkingNewArchitectureFiles UP-TO-DATE
> Task :app:generateAutolinkingPackageList UP-TO-DATE
> Task :app:generateCodegenSchemaFromJavaScript SKIPPED
> Task :app:generateCodegenArtifactsFromSchema SKIPPED
> Task :app:generateReactNativeEntryPoint UP-TO-DATE
> Task :react-native-async-storage_async-storage:generateCodegenSchemaFromJavaScript UP-TO-DATE
> Task :react-native-async-storage_async-storage:generateCodegenArtifactsFromSchema UP-TO-DATE
> Task :react-native-async-storage_async-storage:preBuild UP-TO-DATE
> Task :react-native-community_netinfo:generateCodegenSchemaFromJavaScript UP-TO-DATE
> Task :react-native-community_netinfo:generateCodegenArtifactsFromSchema UP-TO-DATE
> Task :react-native-community_netinfo:preBuild UP-TO-DATE
> Task :react-native-get-random-values:generateCodegenSchemaFromJavaScript UP-TO-DATE
> Task :react-native-get-random-values:generateCodegenArtifactsFromSchema UP-TO-DATE
> Task :react-native-get-random-values:preBuild UP-TO-DATE
> Task :react-native-haptic-feedback:generateCodegenSchemaFromJavaScript UP-TO-DATE
> Task :react-native-haptic-feedback:generateCodegenArtifactsFromSchema UP-TO-DATE
> Task :react-native-haptic-feedback:preBuild UP-TO-DATE
> Task :react-native-nitro-modules:generateCodegenSchemaFromJavaScript UP-TO-DATE
> Task :react-native-nitro-modules:generateCodegenArtifactsFromSchema UP-TO-DATE
> Task :react-native-nitro-modules:prepareHeaders UP-TO-DATE
> Task :react-native-nitro-modules:preBuild UP-TO-DATE
> Task :react-native-quick-crypto:generateCodegenSchemaFromJavaScript UP-TO-DATE
> Task :react-native-quick-crypto:generateCodegenArtifactsFromSchema UP-TO-DATE
> Task :react-native-quick-crypto:preBuild UP-TO-DATE
> Task :react-native-quick-sqlite:generateCodegenSchemaFromJavaScript UP-TO-DATE
> Task :react-native-quick-sqlite:generateCodegenArtifactsFromSchema UP-TO-DATE
> Task :react-native-quick-sqlite:preBuild UP-TO-DATE
> Task :react-native-safe-area-context:generateCodegenSchemaFromJavaScript UP-TO-DATE
> Task :react-native-safe-area-context:generateCodegenArtifactsFromSchema UP-TO-DATE
> Task :react-native-safe-area-context:preBuild UP-TO-DATE
> Task :app:preBuild UP-TO-DATE
> Task :app:preDebugBuild UP-TO-DATE
> Task :app:mergeDebugNativeDebugMetadata NO-SOURCE
> Task :app:checkKotlinGradlePluginConfigurationErrors SKIPPED
> Task :app:generateDebugBuildConfig UP-TO-DATE
> Task :react-native-async-storage_async-storage:preDebugBuild UP-TO-DATE
> Task :react-native-async-storage_async-storage:writeDebugAarMetadata UP-TO-DATE
> Task :react-native-community_netinfo:preDebugBuild UP-TO-DATE
> Task :react-native-community_netinfo:writeDebugAarMetadata UP-TO-DATE
> Task :react-native-get-random-values:preDebugBuild UP-TO-DATE
> Task :react-native-get-random-values:writeDebugAarMetadata UP-TO-DATE
> Task :react-native-haptic-feedback:preDebugBuild UP-TO-DATE
> Task :react-native-haptic-feedback:writeDebugAarMetadata UP-TO-DATE
> Task :react-native-nitro-modules:preDebugBuild UP-TO-DATE
> Task :react-native-nitro-modules:writeDebugAarMetadata UP-TO-DATE
> Task :react-native-quick-crypto:preDebugBuild UP-TO-DATE
> Task :react-native-quick-crypto:writeDebugAarMetadata UP-TO-DATE
> Task :react-native-quick-sqlite:preDebugBuild UP-TO-DATE
> Task :react-native-quick-sqlite:writeDebugAarMetadata UP-TO-DATE
> Task :react-native-safe-area-context:preDebugBuild UP-TO-DATE
> Task :react-native-safe-area-context:writeDebugAarMetadata UP-TO-DATE
> Task :app:checkDebugAarMetadata FAILED

[Incubating] Problems report is available at: file:///C:/Users/MANCHEM%20HIMESH/OneDrive/Desktop/AttendanceApp/android/build/reports/problems/problems-report.html
.\gradlew : 
At line:1 char:1
+ .\gradlew assembleDebug 
--console=plain 2>&1 | 
Out-File -Encoding asc ...
+ ~~~~~~~~~~~~~~~~~~~~~~~~~~~
~~~~~~~~~~~~~~~~~
    + CategoryInfo           
   : NotSpecified: (:String  
  ) [], RemoteException
    + FullyQualifiedErrorId  
   : NativeCommandError
 
FAILURE: Build failed with 
an exception.

* What went wrong:
Execution failed for task 
':app:checkDebugAarMetadata'.
> A build operation failed.
      The contents of the 
immutable workspace 
'C:\Users\MANCHEM HIMESH\.gra
dle\caches\9.3.1\transforms\2
36808c8bf210c3c94b02761828185
0c\workspace' have been 
modified. These workspace 
directories are not supposed 
to be modified once they are 
created. The modification 
might have been caused by an 
external process, or could 
be the result of disk 
corruption.
  outputDirectory:
   - transformed (Directory, 
0d992cb2fcda7161e7d4dc4772a16
399)
     - 
react-android-0.86.2-debug 
(Directory, 2758cf226a68e2836
09e6f8a849aaa8b)
       - AndroidManifest.xml 
(RegularFile, bc52758a1ed35cb
cdf532886220d7473)
       - jars (Directory, 0fb
8799d1d1d622e59563fd5434f0ce7
)
         - classes.jar 
(RegularFile, 0fd380c1969912a
e5a418d98bbbe3c3b)
       - jni (Directory, fd18
cb3f753892b17fa08a8eeb41dcfc)
         - arm64-v8a 
(Directory, c4c8c617a318332cf
eeb3392da8711fd)
           - 
libc++_shared.so 
(RegularFile, 83459cbc4d9c53c
52a0687579a0792f7)
           - libfbjni.so 
(RegularFile, 208f51ec29967ae
846f51db28d7683ec)
           - 
libhermestooling.so 
(RegularFile, 5ecde48aec5d21c
548f42dbd91ccb4a5)
           - libjsi.so 
(RegularFile, d80cfe76775f04d
55b9ea4eaa99b4a71)
           - 
libreactnative.so 
(RegularFile, fd4b5070cb920b2
36d480803d5cb5969)
         - armeabi-v7a 
(Directory, b064270591db5c79e
7e96c76000b1150)
           - 
libc++_shared.so 
(RegularFile, 6a619229cbdffd1
0a6932cd7ba53531f)
           - libfbjni.so 
(RegularFile, ef797d0f8561540
2190dde8c6dbc693c)
           - 
libhermestooling.so 
(RegularFile, 4830618096a2a25
3c2985967ed7887ea)
           - libjsi.so 
(RegularFile, 5a68ab1bc08873d
87599f5c2c51ba636)
           - 
libreactnative.so 
(RegularFile, bb1f4a795747157
52f0648a3a932470c)
         - x86 (Directory, 46
e169ebd0d723bc80c9801867cb822
b)
           - 
libc++_shared.so 
(RegularFile, 2df4bae07cdca08
11ccf6bc1bd4d6273)
           - libfbjni.so 
(RegularFile, 03341f791dfcf73
05f8492090560c3e3)
           - 
libhermestooling.so 
(RegularFile, e83198d5db1cc46
446ce678c18c94ada)
           - libjsi.so 
(RegularFile, 949bd7adfaf342a
62afb9651a3ee4ae2)
           - 
libreactnative.so 
(RegularFile, 704e78ea72f61b0
8bcba61fa90bb259a)
         - x86_64 
(Directory, 02dcc4a9bae7b0ccc
77de805991f4c66)
           - 
libc++_shared.so 
(RegularFile, 42231dbd7e04cb2
0ceaa701caacbdced)
           - libfbjni.so 
(RegularFile, 6ddd563b2b5e106
96a4c1c113bb3cc42)
           - 
libhermestooling.so 
(RegularFile, f2b0ffc9f92a884
6768f5e30d62b04de)
           - libjsi.so 
(RegularFile, a131f0a58fe4b39
be30671c12f8352f0)
           - 
libreactnative.so 
(RegularFile, 80ec23cb022e32c
ec27f4d66ef109f00)
       - META-INF 
(Directory, 1802e81e38f5d3f7c
3df5675a9ce736a)
         - com (Directory, 4e
f7245a55e0eae4dee166dc22d9d7e
1)
           - android 
(Directory, 9a64a076490d79a5f
66942fbe5baff06)
             - build 
(Directory, d222f3ec41dbbd4d5
9ba014aa360740a)
               - gradle 
(Directory, 32d0965c48cf7a49f
c788d451a791b37)
                 - 
aar-metadata.properties 
(RegularFile, 66ddefda749f8da
011be28a6f95799e4)
       - prefab (Directory, 0
cdd951ca39a9eb6dc6c9b4f133571
50)
         - modules 
(Directory, 2bfa86d6fd98e7ac8
19719220c7c02f4)
           - hermestooling 
(Directory, 8779e2c43b05180c4
bc46c9dfd9f03e7)
             - include 
(Directory, 29d50151a2da0f492
3120ee3f4ced0f8)
               - hermes 
(Directory, 79ad0f219b2a30c93
c57dbc0d8f3dc82)
                 - 
inspector-modern (Directory, 
de8ba482d111c756be19926bc35d4
cfd)
                   - chrome 
(Directory, cec57c6539eb3e814
ffc2e8a494a44e8)
                     - 
ConnectionDemux.h 
(RegularFile, 10c87e1fdae9a18
e1600bda11796fb29)
                     - 
HermesRuntimeAgentDelegate.h 
(RegularFile, 205f74991bfca6b
89e6a2f6e0bab5945)
                     - Hermes
RuntimeSamplingProfileSeriali
zer.h (RegularFile, 050d9158c
82dbf3eeea368ef2bdd322a)
                     - Hermes
RuntimeTargetDelegate.h 
(RegularFile, 70059e786255bd5
bb8b308a9a62c537c)
                     - 
Registration.h (RegularFile, 
f32c6ebda58a958dec0e667251a23
6f4)
             - libs 
(Directory, 72e0c9b5377ac9892
79ee0f1c1294954)
               - 
android.arm64-v8a 
(Directory, a06960e3760daaf2f
2dcaaed5ae2bfd4)
                 - abi.json 
(RegularFile, 7d6cbc9c9c339dc
c2b4d809c1468b60b)
                 - 
libhermestooling.so 
(RegularFile, def83d5552e8c1e
a580f7734ca24ccb0)
               - 
android.armeabi-v7a 
(Directory, 078dccd214344b838
7e4cf3082a02eb7)
                 - abi.json 
(RegularFile, ada5feb912d85bf
24a5b18185cdddbe0)
                 - 
libhermestooling.so 
(RegularFile, f8e8c36d849e21c
f087f932e555b055e)
               - android.x86 
(Directory, 88636b69c3e7a80de
669eaeffb4bd297)
                 - abi.json 
(RegularFile, 3708b5a00bd7d0d
7ee0c7e0f858e6b61)
                 - 
libhermestooling.so 
(RegularFile, a67e4414009266b
7131598024907c215)
               - 
android.x86_64 (Directory, 57
b156d925faa684905553a3d8a79db
3)
                 - abi.json 
(RegularFile, 3dcf04e20ecaf83
12cf7ec366ca2f16e)
                 - 
libhermestooling.so 
(RegularFile, 97629db0949418b
a7e9e7f84814fe35d)
             - module.json 
(RegularFile, 671bdf9ad4e8e70
686464d3f36b98c9d)
           - jsi (Directory, 
4bc7f593feadd169301034cc39677
7c8)
             - include 
(Directory, 44c09feb09dd68070
fdb0b3086e73ff7)
               - jsi 
(Directory, 02291c9f37dac9fee
98fe3d04cff82d9)
                 - 
decorator.h (RegularFile, e1d
899dec2e566582fa4d04a8e422c5a
)
                 - 
hermes-interfaces.h 
(RegularFile, ad95dc4faaa654c
f0c3c7c0582c329aa)
                 - 
instrumentation.h 
(RegularFile, 14c16bfff0a678d
26d4e8fa1df1e8788)
                 - jsi-inl.h 
(RegularFile, eae502e5efbcb45
7c44ff19f32d1c1f1)
                 - jsi.h 
(RegularFile, cf2882b1e3edc78
28f7cb37817f218f5)
                 - 
JSIDynamic.h (RegularFile, f0
13ce5573a00c2c6f6b6eea5fd42da
b)
                 - jsilib.h 
(RegularFile, b02f4010e055c27
cd882388319a067fb)
                 - test 
(Directory, b3b238fb5f9a5f427
4583262fee950e1)
                   - 
testlib.h (RegularFile, 70ca9
2eb6936e834e8f3b1d6e9430813)
                 - 
threadsafe.h (RegularFile, 52
83e91c7f4153c1fd14ce0b0b1f64b
4)
             - libs 
(Directory, 8df74efa801b7b33e
d702c550fffa442)
               - 
android.arm64-v8a 
(Directory, b380bb77d43d19e00
837ef67e760899c)
                 - abi.json 
(RegularFile, 7d6cbc9c9c339dc
c2b4d809c1468b60b)
                 - libjsi.so 
(RegularFile, b395b7f01b929fc
c94d276409bb8e8ae)
               - 
android.armeabi-v7a 
(Directory, cf16a3fb750cac524
b1789303b3f9da6)
                 - abi.json 
(RegularFile, ada5feb912d85bf
24a5b18185cdddbe0)
                 - libjsi.so 
(RegularFile, f81fb26536a57d4
233826d56f1ae949f)
               - android.x86 
(Directory, a977476c5c1ea1764
c4b81c56db92efb)
                 - abi.json 
(RegularFile, 3708b5a00bd7d0d
7ee0c7e0f858e6b61)
                 - libjsi.so 
(RegularFile, 7754e5a06133b90
4f2f902f2bc3022e4)
               - 
android.x86_64 (Directory, f9
36f160eb5c865f75e4afbd6277374
0)
                 - abi.json 
(RegularFile, 3dcf04e20ecaf83
12cf7ec366ca2f16e)
                 - libjsi.so 
(RegularFile, fc3e70fdf8b8aa1
b53da6e7626539e2f)
             - module.json 
(RegularFile, 671bdf9ad4e8e70
686464d3f36b98c9d)
           - reactnative 
(Directory, 7646c029d03baaa6b
312d7d022f52561)
             - include 
(Directory, 37258b6d32e93f419
cf3901b95db8d29)
               - boost 
(Directory, b388c88bc8acb2b65
cb9bb1aa4c2de66)
                 - 
assert.hpp (RegularFile, 315b
321736d91ce76acef54ab3786077)
                 - config 
(Directory, 97326d28992c616e3
2c1a427293b9ffd)
                   - abi 
(Directory, 20707b307072ddcda
51dab7a96c0f2ec)
                     - 
borland_prefix.hpp 
(RegularFile, 09f61750bf53497
6b1bd429eb3fac50b)
                     - 
borland_suffix.hpp 
(RegularFile, 6ae82a267117036
5f93955ef53ed0939)
                     - 
msvc_prefix.hpp 
(RegularFile, aa2fcd37bacbdb7
98a559eec1d4ba703)
                     - 
msvc_suffix.hpp 
(RegularFile, 314b6715906c4b4
89bf37584d366fb7d)
                   - 
abi_prefix.hpp (RegularFile, 
400c1202d5027d7a47979e431330e
3e3)
                   - 
abi_suffix.hpp (RegularFile, 
049720d1196b96e51068b24ada68e
af8)
                   - 
assert_cxx03.hpp 
(RegularFile, 89a5256b3e61da1
bdf1d9ff71101ae78)
                   - 
assert_cxx11.hpp 
(RegularFile, da72050c39688b7
7b122afc1dab95b6a)
                   - 
assert_cxx14.hpp 
(RegularFile, e7fc6a0efc81b99
a80bf3be59b40450c)
                   - 
assert_cxx17.hpp 
(RegularFile, b6c26511d1ea206
d3a1b35e77731cd27)
                   - 
assert_cxx20.hpp 
(RegularFile, deaa8fc421babbf
da5d15d861fda09d4)
                   - 
assert_cxx98.hpp 
(RegularFile, d0250117c092ff1
fc5723ca6c9cdbe58)
                   - 
auto_link.hpp (RegularFile, 3
5011c62656d7df43e452ce784d9e5
38)
                   - 
compiler (Directory, 9206f514
a14626aa24efc55e26a27d7c)
                     - 
borland.hpp (RegularFile, 114
8996979f967f69f92cb356f6a6fab
)
                     - 
clang.hpp (RegularFile, e4eef
86666ccd2906a317dfac2e5bd34)
                     - 
clang_version.hpp 
(RegularFile, f513dfcdb4ef961
7af679135a1ac2253)
                     - 
codegear.hpp (RegularFile, 32
664e1584bb5a32ed55205b26cf9d3
1)
                     - 
comeau.hpp (RegularFile, b9ac
8b3285a1d2607028de8a32d603dd)
                     - 
common_edg.hpp (RegularFile, 
5c2560d2899b9fa4e48b132edca5e
7b3)
                     - 
compaq_cxx.hpp (RegularFile, 
bd3304b11c2e108b83c9ee00f58b3
1a5)
                     - 
cray.hpp (RegularFile, 703985
5fefb7e82400c33f82f3b5713a)
                     - 
diab.hpp (RegularFile, da3640
8bfc1dd30a3dce16f6e158e0b6)
                     - 
digitalmars.hpp 
(RegularFile, fb45b2e58e6aed7
4e26922be4c290699)
                     - 
gcc.hpp (RegularFile, 56a71fc
9eee637ae806f533104ef63a3)
                     - 
gcc_xml.hpp (RegularFile, 880
1405702f415103fdbaf6634fa3bea
)
                     - 
greenhills.hpp (RegularFile, 
ae45d9b0bc3ffc9acf0bf1ee23069
c13)
                     - 
hp_acc.hpp (RegularFile, 399b
014487e37384a90808a4c269f7f6)
                     - 
intel.hpp (RegularFile, 6959a
bc11c998a6a67f287930566959d)
                     - 
kai.hpp (RegularFile, 3d9c1ed
b72c82aaac6d1263e4253f3ac)
                     - 
metrowerks.hpp (RegularFile, 
723d658885f2817c31a01422340db
07a)
                     - 
mpw.hpp (RegularFile, 3cece58
4cfb51024546649f35fbd6480)
                     - 
nvcc.hpp (RegularFile, be6b5d
2fc851ba78cdaf579331c4b6c7)
                     - 
pathscale.hpp (RegularFile, 0
c75b0fa71ab44af711164fcc72915
b8)
                     - 
pgi.hpp (RegularFile, 147df31
a03a255bd29f38abab5189a7f)
                     - 
sgi_mipspro.hpp 
(RegularFile, a4175806092845d
4a3302c3e7bc7529b)
                     - 
sunpro_cc.hpp (RegularFile, b
e0b44a32f0f83d46cb54ae6cb2443
96)
                     - 
vacpp.hpp (RegularFile, 2793f
2052ed38ae77b9953077068c1f0)
                     - 
visualc.hpp (RegularFile, efe
9c953efc5bc7f86018a1ffcdc9516
)
                     - 
xlcpp.hpp (RegularFile, 7721a
38a386fb98f573960e1f4e11ec5)
                     - 
xlcpp_zos.hpp (RegularFile, 2
fee1e3f8d04719e5572e3a61ffd0d
29)
                   - detail 
(Directory, edccd672f0cbc45bc
7150d42f123108d)
                     - 
cxx_composite.hpp 
(RegularFile, ca491950979d216
0ce5e37dcc82250cb)
                     - 
posix_features.hpp 
(RegularFile, a28d43feaf30592
4e46daa9a2c29fe25)
                     - 
select_compiler_config.hpp 
(RegularFile, 33ad65568af7a5b
dbe9f2b799985de97)
                     - 
select_platform_config.hpp 
(RegularFile, 55f72da950c5d4e
099c49cf25ecb7440)
                     - 
select_stdlib_config.hpp 
(RegularFile, 05a566eca58afe8
60cd4efef4d374cd8)
                     - 
suffix.hpp (RegularFile, 43a1
f5761894f53657cf8d97f92b19b6)
                   - 
header_deprecated.hpp 
(RegularFile, 0cd8e8a8db8ae35
0b2fc895500a36c76)
                   - 
helper_macros.hpp 
(RegularFile, 58f56b01690486f
f906a05e48e249871)
                   - no_tr1 
(Directory, d417118bca99aeced
1ebce15710c356f)
                     - 
cmath.hpp (RegularFile, eccad
eba333e4ab42a7819627247fe89)
                     - 
complex.hpp (RegularFile, 787
4eb0b2716fac8e49a56681dbbd55e
)
                     - 
functional.hpp (RegularFile, 
bf9f7ba60d5a4ffaeb8e863c1c6dc
e72)
                     - 
memory.hpp (RegularFile, 52f3
6fd227d6993ee9f31613fa69296a)
                     - 
utility.hpp (RegularFile, 5b1
2c420a2544ce01bb3314263f0d881
)
                   - 
platform (Directory, 74974e86
8c7d7c76fb366b058caabb3b)
                     - 
aix.hpp (RegularFile, cb809e9
8c2f8dbb9a4213b1a98783b4c)
                     - 
amigaos.hpp (RegularFile, 78a
032af809a18547de354d6ff3f60b6
)
                     - 
beos.hpp (RegularFile, a97892
590f51c6fdd8764f3bd88abba0)
                     - 
bsd.hpp (RegularFile, 91cce73
1989e4b8dd315673ce7ae75a9)
                     - 
cloudabi.hpp (RegularFile, 61
bc6baa468921894285e1a91c0667f
5)
                     - 
cray.hpp (RegularFile, 17a735
ccdab42302e34387c944cad8d9)
                     - 
cygwin.hpp (RegularFile, e036
008b57149041896af93872942732)
                     - 
haiku.hpp (RegularFile, d8368
6459f74bcc2477b7d57848d9f1d)
                     - 
hpux.hpp (RegularFile, 171975
8029941213752f20a15ccd29a1)
                     - 
irix.hpp (RegularFile, 8abc20
9a6c1c3fa44543abcc104838d5)
                     - 
linux.hpp (RegularFile, 35c69
ed064d219d387f4141b3bec728e)
                     - 
macos.hpp (RegularFile, 50004
f144fcab02006210db54b6efe09)
                     - 
qnxnto.hpp (RegularFile, bb32
ea361c00ab39cf503f00f94bb554)
                     - 
solaris.hpp (RegularFile, 9e0
27d3d890353b393726295d752a4e3
)
                     - 
symbian.hpp (RegularFile, ed1
c0447992467471a402a3f086ac3c1
)
                     - 
vms.hpp (RegularFile, cab89cf
18db65b187d77345efcfd6ead)
                     - 
vxworks.hpp (RegularFile, 422
9bea9083f050bce89ff2216dc36a1
)
                     - 
wasm.hpp (RegularFile, ac7b4f
25de4c56eddeb1c50654a4e4b7)
                     - 
win32.hpp (RegularFile, 6bdd6
22ae1e53733bf8bbeb4b0bfd937)
                     - 
zos.hpp (RegularFile, e1edee8
bcfb9d18ba985b482073589cb)
                   - 
pragma_message.hpp 
(RegularFile, c974715147babbf
1368edac681605536)
                   - 
requires_threads.hpp 
(RegularFile, 650e951282cee83
6aa7f885935a44bc8)
                   - stdlib 
(Directory, 2a86b208e16c026b0
c209125aff79bdb)
                     - 
dinkumware.hpp (RegularFile, 
ae0c5fb5310499232cf064b879422
568)
                     - 
libcomo.hpp (RegularFile, 334
55f522f587154caa16f8dac272bbb
)
                     - 
libcpp.hpp (RegularFile, fb02
2441de19f676d59add09e048a4d9)
                     - 
libstdcpp3.hpp (RegularFile, 
ea04f4b9d8508abd073ecb11c6559
b5f)
                     - 
modena.hpp (RegularFile, eb33
078105ea542a3db5a8b60a2ce599)
                     - 
msl.hpp (RegularFile, 26982de
17071a672fc4b9e4bfaba6037)
                     - 
roguewave.hpp (RegularFile, 5
b3fae43888044d6dc9929cf28e19c
2a)
                     - 
sgi.hpp (RegularFile, afa17d3
96d10aeefc32644f7708675ae)
                     - 
stlport.hpp (RegularFile, 1ac
1223398ef652443c2ab2b5c162603
)
                     - 
vacpp.hpp (RegularFile, 53cc9
7513483e44dde6657b8d7bb6fef)
                     - 
xlcpp_zos.hpp (RegularFile, 4
861ee6ecd974c69372b41654c948a
d5)
                   - 
user.hpp (RegularFile, fad8ce
9c0b7a80063597c1df61c62afe)
                   - 
warning_disable.hpp 
(RegularFile, 0233134eea32de1
7575416a7a97c8b1e)
                   - 
workaround.hpp (RegularFile, 
1ed89e6175504ac4391e5e0a6da05
d3c)
                 - 
config.hpp (RegularFile, 0742
ce79807b97928237346f761f1bf7)
                 - 
container_hash (Directory, 0a
7e3e731d96e0121140eb7479011c6
6)
                   - detail 
(Directory, afb57242235f0f7f5
9db99ee4a100dfb)
                     - 
hash_mix.hpp (RegularFile, 57
0cb433e39a33def88618d77ba2b9b
4)
                     - 
hash_range.hpp (RegularFile, 
b3271df294772704082988d80039a
4a7)
                     - 
hash_tuple_like.hpp 
(RegularFile, 0a56a628e7865b0
205caa5e61b2c1c84)
                     - 
limits.hpp (RegularFile, 6c8d
9bf2b8ff3e1cd96e34a342877acf)
                     - 
mulx.hpp (RegularFile, 119cc8
823ab156c32aaf6cc4f0d221ce)
                     - 
requires_cxx11.hpp 
(RegularFile, 60063b8ebc61a72
4496be71d551410eb)
                   - 
extensions.hpp (RegularFile, 
9e43b4101d900ce76a33ce55b520b
ec1)
                   - 
hash.hpp (RegularFile, 4ec260
eb4a0ceb0fd22b9ba3f6170b5a)
                   - 
hash_fwd.hpp (RegularFile, 12
eaa10d0c484640ea3418ec6cfdbb6
9)
                   - 
is_contiguous_range.hpp 
(RegularFile, 830dc7b9b3ea0f1
9c19ca081925671ff)
                   - 
is_described_class.hpp 
(RegularFile, a12d223fde5b051
9fd01efea1d660c72)
                   - 
is_range.hpp (RegularFile, d1
24e01e48a57ea67e8e7b8ffc95ce3
7)
                   - 
is_tuple_like.hpp 
(RegularFile, 2a29acb92d7af8e
76e8c4e1a2de561f6)
                   - 
is_unordered_range.hpp 
(RegularFile, fd4f3e8006a73fd
f8ce3294e3e966d6d)
                 - core 
(Directory, 301f0c44c18a78852
c390f2ac95f5c96)
                   - 
addressof.hpp (RegularFile, c
6b9552138e1df61316387f058eec3
d8)
                   - 
alignof.hpp (RegularFile, b81
896e60dcc85bfeb8211d0e4b03128
)
                   - 
alloc_construct.hpp 
(RegularFile, c501f925a3b066d
83972d97ce32836b6)
                   - 
allocator_access.hpp 
(RegularFile, ed16722f708414c
3a871f7e490b9686e)
                   - 
allocator_traits.hpp 
(RegularFile, 380e288b1928f13
b9b15932eea81ac88)
                   - bit.hpp 
(RegularFile, c7b99d04ea63797
890da42a139a51315)
                   - 
checked_delete.hpp 
(RegularFile, 3f237cd3db78189
edf2cf06aa512b8a7)
                   - 
cmath.hpp (RegularFile, 164b3
3a852ecea9ab21b1649aabc3363)
                   - 
data.hpp (RegularFile, 0739a8
1fb6b92a7b4116ed1b4e780477)
                   - 
default_allocator.hpp 
(RegularFile, 6201ea1fd68a155
00995d9b55b62d5a7)
                   - 
demangle.hpp (RegularFile, 18
460997f3528037d5487f3113ccad6
f)
                   - 
empty_value.hpp 
(RegularFile, dd2f81210d8519e
0f98e5987776354fb)
                   - 
enable_if.hpp (RegularFile, d
09a57293854fbbfc970d0aa897bca
ae)
                   - 
exchange.hpp (RegularFile, 3f
b33ca6ff8188a089771760f59e916
e)
                   - 
explicit_operator_bool.hpp 
(RegularFile, e9ec4b9aae7c9ee
28f3111e2c4c8c30e)
                   - 
fclose_deleter.hpp 
(RegularFile, c9d0a6bd69d6ec1
98e6909fd23fb03fa)
                   - 
first_scalar.hpp 
(RegularFile, 68ca35cecdde922
d09cddf1ac1dbeced)
                   - 
identity.hpp (RegularFile, 0f
483f2e1155eeff40cf6bf5662c23c
3)
                   - 
ignore_unused.hpp 
(RegularFile, 19fe8ffe5be6363
c8ba98735513fe75e)
                   - 
is_same.hpp (RegularFile, a67
66ea203bb699b415f2b298f98e469
)
                   - 
launder.hpp (RegularFile, 648
fffb7df79b6762be98ec3a67059d9
)
                   - 
lightweight_test.hpp 
(RegularFile, 7eb09e2e5e15aa5
06eb12e05b38fa332)
                   - 
lightweight_test_trait.hpp 
(RegularFile, fa87baee9e9bc0f
a658cc556e8bc5da0)
                   - 
make_span.hpp (RegularFile, 2
1b6f95adf70eac1437e92011ba662
2b)
                   - 
max_align.hpp (RegularFile, 9
28e93837f54224be9d4cb8144d15f
db)
                   - 
memory_resource.hpp 
(RegularFile, cf2673fe175cc32
63d98956d205eaac1)
                   - 
no_exceptions_support.hpp 
(RegularFile, 8d024a6b25cc594
9546377e079c582fc)
                   - 
noinit_adaptor.hpp 
(RegularFile, c39bee65ce2076a
28884ad7138b2f7ac)
                   - 
noncopyable.hpp 
(RegularFile, 3a51e32beb49c40
5527a5f4a249c6e3f)
                   - 
null_deleter.hpp 
(RegularFile, 26353968dce3eca
bf48747138e6c92bc)
                   - nvp.hpp 
(RegularFile, 9660a3480da60eb
d61dbee2e79dff8f6)
                   - 
pointer_traits.hpp 
(RegularFile, 9adb7ee66bfde1f
19b89c6c59b01a8a5)
                   - 
quick_exit.hpp (RegularFile, 
a9a2be781e2550386ca63c4009145
5e1)
                   - ref.hpp 
(RegularFile, cb5fd1ee0f27d9b
c5aaf7c22d8c985ed)
                   - 
scoped_enum.hpp 
(RegularFile, 757fb43b6622cd9
3710f5cf036d11a41)
                   - 
serialization.hpp 
(RegularFile, ed173d94e5ae04e
13e4081b5b137d8f7)
                   - 
size.hpp (RegularFile, dd2e0f
02a3cd415bc0646f02c9a3141e)
                   - 
snprintf.hpp (RegularFile, 81
f0aa9f1c658ec30f0ab0eb96ee9fb
1)
                   - 
span.hpp (RegularFile, be36da
9472afa6094392cf3801b55722)
                   - 
swap.hpp (RegularFile, b871fc
0a6d69c0b4787b9f968974613a)
                   - 
type_name.hpp (RegularFile, b
f5be5400ca66178247e1a2b440606
60)
                   - 
typeinfo.hpp (RegularFile, 2c
9dc7b5f1772efc4d70c7591357960
6)
                   - 
uncaught_exceptions.hpp 
(RegularFile, 790a3deb609008b
f8ae10b637844fba1)
                   - 
underlying_type.hpp 
(RegularFile, 8e320955cdb2bfc
336f82ec2b6a5989a)
                   - 
use_default.hpp 
(RegularFile, b62d1401d163fc7
2312a3b0d41e6bcd3)
                   - verbose_
terminate_handler.hpp 
(RegularFile, 1cab6ab3895a51f
db15a244e62e14255)
                   - 
yield_primitives.hpp 
(RegularFile, d6a857a4d5f8a3d
053c6bac82b424102)
                 - 
cstdint.hpp (RegularFile, 974
231dd29053a7c1e62f398547a1337
)
                 - describe 
(Directory, 6b7fe2fcc15c28a1e
f02d3ac24800cb3)
                   - 
bases.hpp (RegularFile, 4b3f1
3c171042dea2de397b734dc0c82)
                   - 
class.hpp (RegularFile, 9209d
917e538e9932003069dcd97e7f9)
                   - 
descriptor_by_name.hpp 
(RegularFile, ee1dd4be1a605bf
7bdcc6c18d583c76c)
                   - 
descriptor_by_pointer.hpp 
(RegularFile, a10bbd2089d8eb0
5f715421c9525239f)
                   - detail 
(Directory, dfbbef8da77761d3c
a2f6932faec7542)
                     - 
bases.hpp (RegularFile, b435c
57cf94de64db2bcaae669a3b20b)
                     - 
compute_base_modifiers.hpp 
(RegularFile, 8636e9a90c9c165
ed5060fbb2ba24761)
                     - 
config.hpp (RegularFile, 894f
99e2aa75993cc3a884017da898aa)
                     - 
cx_streq.hpp (RegularFile, eb
1e11911ab556e69b8976ff262ef64
0)
                     - 
list.hpp (RegularFile, 653974
d1c3658a12160f56401f8482d0)
                     - 
members.hpp (RegularFile, e01
9ef29d7f3a10aa8a33d4e7dc79cfb
)
                     - 
pp_for_each.hpp 
(RegularFile, 7fb424dddf617c2
aa833e69308359664)
                     - 
pp_utilities.hpp 
(RegularFile, d9b1e813a3b439c
9180027cf3798fee9)
                     - 
void_t.hpp (RegularFile, db15
8c9abd69d39a92a28c0b0d63e8a6)
                   - 
enum.hpp (RegularFile, 9da177
716c8da3c87aad719685e1ddc1)
                   - 
enum_from_string.hpp 
(RegularFile, 895b20799bd70f5
d83ee27880dda0655)
                   - 
enum_to_string.hpp 
(RegularFile, f6b4077853a9434
41da8a0156ca6e9c7)
                   - 
enumerators.hpp 
(RegularFile, e55d6d1ac301598
8b48797530783a1e3)
                   - 
members.hpp (RegularFile, b3a
837666b56eac13bc8bc63a33ade87
)
                   - 
modifier_description.hpp 
(RegularFile, 52d7a714109b07a
dcd668d206abe2ced)
                   - 
modifiers.hpp (RegularFile, 7
96eb93afa4e96c2de68042448a2fc
65)
                   - 
operators.hpp (RegularFile, c
16faf491dec4612366cba243f5038
1c)
                 - detail 
(Directory, bcb910231a8b011d5
05bcad641ae5ff8)
                   - 
algorithm.hpp (RegularFile, 5
affac5efbb0bea5bbe67e152b6e8f
ac)
                   - 
allocator_utilities.hpp 
(RegularFile, 532f1ef5b85a358
5a2aa72b8dab71fe6)
                   - 
atomic_count.hpp 
(RegularFile, 1ea4c24980dbe22
b07deaebda0e39c2a)
                   - 
basic_pointerbuf.hpp 
(RegularFile, 620f4b374fced56
c5e873b1497d09817)
                   - 
binary_search.hpp 
(RegularFile, 085082be5ec177d
bbdaa1a2986553151)
                   - 
bitmask.hpp (RegularFile, 595
06074804bdbe8549cd784e072b3e1
)
                   - 
call_traits.hpp 
(RegularFile, b409dde022ecb6f
3178a8b4febc409cf)
                   - 
catch_exceptions.hpp 
(RegularFile, d98e79164af3718
958397325cb5a58fb)
                   - 
compressed_pair.hpp 
(RegularFile, 5672ee5eae3909f
dc0d65960aadeccfa)
                   - 
container_fwd.hpp 
(RegularFile, 4c50707a6bb1135
3d7da67cb835a1851)
                   - 
fenv.hpp (RegularFile, 4f1b35
594b531c072fb5f9c51d1d93df)
                   - 
has_default_constructor.hpp 
(RegularFile, 6fe93d8f880a5b1
16bcf07f17a204d44)
                   - 
identifier.hpp (RegularFile, 
173280837106b3a69f0c578a546a5
667)
                   - 
indirect_traits.hpp 
(RegularFile, 63fdfcced3deca1
c8fc9c47c0b74112c)
                   - 
interlocked.hpp 
(RegularFile, 03a04013df9fcd2
ba932ad926e31e833)
                   - 
is_incrementable.hpp 
(RegularFile, b6b808539d9da6f
9177fbb111416f44c)
                   - 
is_sorted.hpp (RegularFile, a
8b687427ba170a71f55fc77dfecd9
e2)
                   - 
is_xxx.hpp (RegularFile, 225d
83f70465d727c69b3bc62910f34b)
                   - 
iterator.hpp (RegularFile, 5b
683b27724cb3270e62ad0ddfbaa61
d)
                   - 
lcast_precision.hpp 
(RegularFile, cd3ec7b9be2a665
01cbdccce7a7a7fe3)
                   - 
lightweight_main.hpp 
(RegularFile, d17bd965391dbd9
725e64fdc1d3d7e37)
                   - 
lightweight_mutex.hpp 
(RegularFile, 97a9e5f66779ca8
75d811f5a62043771)
                   - 
lightweight_test.hpp 
(RegularFile, d83a3ebe7ee5201
ff0c35b3ee4f80cd0)
                   - 
lightweight_test_report.hpp 
(RegularFile, ec51309e21bac9b
8560bf779e3a8c646)
                   - 
lightweight_thread.hpp 
(RegularFile, 5c03df2d3cd070f
5eb6b733225e632d3)
                   - 
named_template_params.hpp 
(RegularFile, 259171a9563d40a
e1e02929fbf1b811b)
                   - 
no_exceptions_support.hpp 
(RegularFile, b16d37e462de09e
fc9a2964f74ab85c3)
                   - 
numeric_traits.hpp 
(RegularFile, a099ea70336359d
77f9b7efa54f2a24a)
                   - 
ob_compressed_pair.hpp 
(RegularFile, b8956d9ee72b131
03cfc670250f6beff)
                   - 
quick_allocator.hpp 
(RegularFile, ec2b94369375b50
edb78be63ee54a13c)
                   - 
reference_content.hpp 
(RegularFile, b1fd766bf84bb71
babf22771043ad4bf)
                   - 
scoped_enum_emulation.hpp 
(RegularFile, c41ae4b6c5a646c
70e87fc95f28b93b8)
                   - 
select_type.hpp 
(RegularFile, 61c06e96ed3fc84
51b4145b435f8b25d)
                   - 
sp_typeinfo.hpp 
(RegularFile, 8f723bccec02013
d50ba08cc0db92ec8)
                   - 
templated_streams.hpp 
(RegularFile, 1bb901d204ccd54
145befd117218c6cd)
                   - 
utf8_codecvt_facet.hpp 
(RegularFile, 430f8015d5eabe1
8ca779053917d9031)
                   - winapi 
(Directory, fdb368ec1979c5dc6
64160b43dc8a8cc)
                     - 
access_rights.hpp 
(RegularFile, 72d743755b187a9
2c69dbd45ebcd3381)
                     - 
apc.hpp (RegularFile, dbc8399
3f21ed8723d29a1885ab8ec01)
                     - 
basic_types.hpp 
(RegularFile, c8c91d9c180fcb6
71018f7c77f50948a)
                     - 
bcrypt.hpp (RegularFile, 6ac3
0dda987c2c2ab4ea025adf179c07)
                     - charac
ter_code_conversion.hpp 
(RegularFile, 61ea5ffec850a5f
140dafcd4ee6977eb)
                     - 
condition_variable.hpp 
(RegularFile, e5480fed98729ba
e15c26b36b3132eaa)
                     - 
config.hpp (RegularFile, b391
22fd7178a54bff08e9f252b4181b)
                     - 
critical_section.hpp 
(RegularFile, 32c1e4cb2d59ef0
ea13d4de0caffa198)
                     - 
crypt.hpp (RegularFile, e90a4
2d5a0d84149471a51a512fff264)
                     - 
dbghelp.hpp (RegularFile, 5f5
4972cb71e57129f1436dc2e2d3e3e
)
                     - 
debugapi.hpp (RegularFile, 44
a391b0fe3073f88a19bd93d732ea7
e)
                     - 
detail (Directory, f1a89cf5ac
c4ccbffbe18e947180cd02)
                       - 
deprecated_namespace.hpp 
(RegularFile, 459e1192339ff15
f2e5255e92b904ab2)
                     - 
directory_management.hpp 
(RegularFile, 483725bf1da87b5
ff6b9ff3cb1852eb6)
                     - 
dll.hpp (RegularFile, c8174a9
b7aa95d6393cd70bbc372ce40)
                     - 
environment.hpp 
(RegularFile, 936f271d9ac985d
d989a749eb23de73c)
                     - 
error_codes.hpp 
(RegularFile, ad0036cd920ae0f
0a803403f187a790a)
                     - 
error_handling.hpp 
(RegularFile, daf4027204edaf2
f944c56e2dba6f187)
                     - 
event.hpp (RegularFile, 532f3
96373f16f72b9e4624ea6b1f552)
                     - 
file_management.hpp 
(RegularFile, 04f94f095c00448
3c8f65eed5e4c7b86)
                     - 
file_mapping.hpp 
(RegularFile, 769277d70f32a2b
7be9c71a2e5bfdd41)
                     - 
get_current_process.hpp 
(RegularFile, 35e34dd8fb72184
ea3a293c34b1422f5)
                     - 
get_current_process_id.hpp 
(RegularFile, c15461672825c34
2815b797214a2c12f)
                     - 
get_current_thread.hpp 
(RegularFile, b4eeb4d603a27cc
d1155840740d62fbe)
                     - 
get_current_thread_id.hpp 
(RegularFile, cd796e944fcddc4
10d8a15acf9142e76)
                     - 
get_last_error.hpp 
(RegularFile, aeb334b6a14ad12
4bba8d1c4be5e2262)
                     - 
get_process_times.hpp 
(RegularFile, 2f7257c1b075175
d2060b0f369067a0a)
                     - 
get_system_directory.hpp 
(RegularFile, 0c3b5f09d524a25
799828effefb0f9fe)
                     - 
get_thread_times.hpp 
(RegularFile, 5ae749af4f58bcd
9a91c8f013a7e185b)
                     - 
handle_info.hpp 
(RegularFile, 3fd119ac804d44e
8c3ca4c9aacb39756)
                     - 
handles.hpp (RegularFile, c53
b98a1338da58a03d0cdc59e37c352
)
                     - 
heap_memory.hpp 
(RegularFile, d848aa065e2ce3d
e65191ee6f768bc72)
                     - 
init_once.hpp (RegularFile, 2
c615e7ac6a22693d7ce8fb43b879c
8a)
                     - 
jobs.hpp (RegularFile, 20ec9d
e18cc4c767a0ccc64a3c67365c)
                     - 
limits.hpp (RegularFile, a48d
cfabe5d0672eb88b854ad57fa554)
                     - 
local_memory.hpp 
(RegularFile, 03a11fbaaef061f
1da6664dc9bce2074)
                     - 
memory.hpp (RegularFile, 1110
b13d75da3799973d4dc1c927f11f)
                     - 
mutex.hpp (RegularFile, 62950
98fb776185adf848dd195822a79)
                     - 
overlapped.hpp (RegularFile, 
2ffaad0d07b35ceec39af2d072265
1bf)
                     - 
page_protection_flags.hpp 
(RegularFile, cf2cf7fef5f00bf
bca247d948e426461)
                     - 
pipes.hpp (RegularFile, 85232
04abf3e14a9f9f59dad77c9dc48)
                     - 
priority_class.hpp 
(RegularFile, 13a34054b2e45fe
a3020dd51d73fa21d)
                     - 
process.hpp (RegularFile, 0d2
21bae00258162149c55148e6a3d3c
)
                     - 
security.hpp (RegularFile, 07
75d167c7aad64b3f7220d77066cf0
a)
                     - 
semaphore.hpp (RegularFile, 9
cf8c73323295b89a1edff24fedbde
28)
                     - 
shell.hpp (RegularFile, 36af6
405aa332782de5dbdfea1ffac3a)
                     - 
show_window.hpp 
(RegularFile, 399c58a1ab40a09
d34aeb85601d72b9c)
                     - 
srw_lock.hpp (RegularFile, f9
1bc038e2f8b287726426f65779df5
a)
                     - 
stack_backtrace.hpp 
(RegularFile, 326c9dfdc67cd5d
11e68f3d26830cbc8)
                     - 
synchronization.hpp 
(RegularFile, 3eebd1a6b780b5a
5cd17b245b59634b3)
                     - 
system.hpp (RegularFile, 8d85
9961340667a2e020a1f1b0b32109)
                     - 
thread.hpp (RegularFile, effa
a6bfeca4e6281c80b1c57f1038ef)
                     - 
thread_pool.hpp 
(RegularFile, b907c9d878cb4c7
6fc16e852a9e8788a)
                     - 
time.hpp (RegularFile, 09f1d9
9d93e41de33e913b8b05d2f6de)
                     - 
timers.hpp (RegularFile, d9d5
94ec56182e608d8b9e1859577ce2)
                     - 
tls.hpp (RegularFile, 9bf4a00
43d66eb4cfe61b63539d4ceda)
                     - 
wait.hpp (RegularFile, f34189
c31355a2b4f754a4362e6ba798)
                     - 
waitable_timer.hpp 
(RegularFile, 6e289a75a53058c
d97e87127719c5908)
                   - 
workaround.hpp (RegularFile, 
aafa7097507fc1a2f2a268eecf780
82c)
                 - intrusive 
(Directory, 4654256dfb2287dff
5ea17b16ff7a01b)
                   - 
any_hook.hpp (RegularFile, 99
f8b96680cc1c67e715939da39a151
a)
                   - 
avl_set.hpp (RegularFile, 41a
d523842acb69e9da0f257d9bc8fc8
)
                   - 
avl_set_hook.hpp 
(RegularFile, 4a35d68e3f4c433
48fb345d87a90a3da)
                   - 
avltree.hpp (RegularFile, f21
ff20b9d0b0288bb1777cc66fb6439
)
                   - 
avltree_algorithms.hpp 
(RegularFile, bbab52bef57b043
8511c634e895a4ca4)
                   - 
bs_set.hpp (RegularFile, 802d
907758af3e188f49ede1df9331fc)
                   - 
bs_set_hook.hpp 
(RegularFile, 59af65943ffd36b
d30782db5e0d0a85e)
                   - 
bstree.hpp (RegularFile, b5bf
a902f9d4a0ff8b41f1b46207f249)
                   - 
bstree_algorithms.hpp 
(RegularFile, e6696214a1b5721
b00e2fac4b3dddd9f)
                   - 
circular_list_algorithms.hpp 
(RegularFile, fbaea5a0b30afc5
79a7afefd1fbfb1b7)
                   - circular
_slist_algorithms.hpp 
(RegularFile, 80a720e58256c5e
6a64dc9bbadf19df9)
                   - 
derivation_value_traits.hpp 
(RegularFile, 16de9464dadb16c
47ed29f3d666249da)
                   - detail 
(Directory, 32f9e107e8177d1d4
38b15ddce964bf1)
                     - 
algo_type.hpp (RegularFile, 1
8c444c4f96f4c40a9dc65851c8a70
f4)
                     - 
algorithm.hpp (RegularFile, c
33c05601eb2910f61675432113087
6a)
                     - 
any_node_and_algorithms.hpp 
(RegularFile, 5c6ab2ef82177d4
b6a8a54e4a32ff96c)
                     - 
array_initializer.hpp 
(RegularFile, 9244bc6409b5bf2
aa09382ed50b7272b)
                     - 
assert.hpp (RegularFile, bd6a
7b6380d2035c8bb46733b252ecc7)
                     - 
avltree_node.hpp 
(RegularFile, 92f594ea56067d5
61ed28baf59bf76d5)
                     - 
bstree_algorithms_base.hpp 
(RegularFile, dbef7385f49cf36
b717d33f5c9ccba29)
                     - 
common_slist_algorithms.hpp 
(RegularFile, 5785b326287858c
bff381937c5409651)
                     - 
config_begin.hpp 
(RegularFile, eaa230465b9b25f
b377e6911bda703a5)
                     - 
config_end.hpp (RegularFile, 
82de513289197dfc873fc62d9d2cc
722)
                     - 
default_header_holder.hpp 
(RegularFile, d21682398ddedc7
50e4dae911558ac75)
                     - 
ebo_functor_holder.hpp 
(RegularFile, 0f2d820b83137b0
989885676d1a93460)
                     - 
empty_node_checker.hpp 
(RegularFile, 869420bbd95d95e
0883733eccd97e510)
                     - 
equal_to_value.hpp 
(RegularFile, 542917b7bb9f994
bdf4841493a401479)
                     - 
exception_disposer.hpp 
(RegularFile, 96da2968f1ae30d
29a57d88612d01401)
                     - 
function_detector.hpp 
(RegularFile, c1371535cd9f7b5
d2d2c1feb58b06249)
                     - 
generic_hook.hpp 
(RegularFile, f3ca9fa46c2e7ab
126f0ffd2fa71ce2b)
                     - 
get_value_traits.hpp 
(RegularFile, a0b6edf1baaca94
4b25d897e7de72d8f)
                     - has_me
mber_function_callable_with.h
pp (RegularFile, 131c70e69635
ae58f0798cdf1c888e23)
                     - 
hash_combine.hpp 
(RegularFile, f72af1999530aa0
db6f4d222678f3371)
                     - 
hashtable_node.hpp 
(RegularFile, 2805bcbbb7f2085
dba5da1df85c3ff60)
                     - 
hook_traits.hpp 
(RegularFile, 79ab6c9dbd19a2b
5e857e724867db6ed)
                     - 
iiterator.hpp (RegularFile, e
97fa741aed49707eb4dccc0874ecb
2c)
                     - 
is_stateful_value_traits.hpp 
(RegularFile, c65337783c26167
abd244296be22b22d)
                     - 
iterator.hpp (RegularFile, 14
fdad197956c7d598650991c77b3c1
1)
                     - 
key_nodeptr_comp.hpp 
(RegularFile, ba98505f4a4cbe7
8a62fde9498f3bece)
                     - 
list_iterator.hpp 
(RegularFile, b1faf8992a88637
f3f1ebc46252901ce)
                     - 
list_node.hpp (RegularFile, 8
7a8198972536b25673e7e0d3b479f
8c)
                     - 
math.hpp (RegularFile, 8806cc
b6ea1a5a994746c9fd82236ea1)
                     - minima
l_less_equal_header.hpp 
(RegularFile, 557e3c40b6bdba9
f2b19e2b0d8ed4e36)
                     - 
minimal_pair_header.hpp 
(RegularFile, be565c9955433e9
1b264ce9bb604b38a)
                     - 
mpl.hpp (RegularFile, 3fe3f1b
a21fbc4ea42f26f43927435f4)
                     - 
node_cloner_disposer.hpp 
(RegularFile, 2c18eeb708e5ea8
1f796731efa4e1cf7)
                     - 
node_holder.hpp 
(RegularFile, 82d1bc815a1a630
100d2c593269d4922)
                     - 
node_to_value.hpp 
(RegularFile, 194bb515cc255d2
96d16a52bf45e17e8)
                     - 
parent_from_member.hpp 
(RegularFile, f4ea235a9c55520
fd927c8b61bae0741)
                     - 
rbtree_node.hpp 
(RegularFile, 8454b96f4597ecb
e0ab52005a31d3f45)
                     - 
reverse_iterator.hpp 
(RegularFile, 7c167fe8b948644
d9e59f1c2606986d9)
                     - 
simple_disposers.hpp 
(RegularFile, 79cec45d0e36b02
4b50aebd2c9ad6c68)
                     - 
size_holder.hpp 
(RegularFile, caac67c5e7a6c16
02a1096ea08036f5a)
                     - 
slist_iterator.hpp 
(RegularFile, 144478e1c4c05d5
6d5189650699878fb)
                     - 
slist_node.hpp (RegularFile, 
c16625afafe50705f16a71b54cd8c
7a4)
                     - 
std_fwd.hpp (RegularFile, 774
420138af93eed40e64d86354b49a8
)
                     - 
transform_iterator.hpp 
(RegularFile, aa227fe16b727d2
9aa921d16b90a76a4)
                     - 
tree_iterator.hpp 
(RegularFile, df332c3608dcecd
8f544ce25d442e1ba)
                     - 
tree_node.hpp (RegularFile, b
35cf817a6ea93671c053738511cf2
5d)
                     - 
tree_value_compare.hpp 
(RegularFile, 2b70aa584218b5c
3d765f03b474952c1)
                     - 
twin.hpp (RegularFile, acc2cd
afa7dd2a43e0285bf45ebf8aa5)
                     - 
uncast.hpp (RegularFile, 4a3b
0103fd6f82ee51f7675db6cc31cc)
                     - 
value_functors.hpp 
(RegularFile, 69aad59ed59a379
6f8c85359c653d689)
                     - 
workaround.hpp (RegularFile, 
0cf3cd58167de4e47638d27ebd246
013)
                   - 
hashtable.hpp (RegularFile, 9
b482d1f79448ec2518cf41c2c345a
c8)
                   - 
intrusive_fwd.hpp 
(RegularFile, 02659086ce46094
b6632758829c2a1c2)
                   - 
linear_slist_algorithms.hpp 
(RegularFile, 1f0e00a970e9a83
2ebd08d0a02748103)
                   - 
link_mode.hpp (RegularFile, 6
fce1b129a46c5e2b92f4335e92375
13)
                   - 
list.hpp (RegularFile, fb73a2
a5440972d3b21d6f162853fe35)
                   - 
list_hook.hpp (RegularFile, d
9703dfb9b8d48b3458130ec33405b
64)
                   - 
member_value_traits.hpp 
(RegularFile, e1dd6edcd2fedfe
1f8e5b994437c337f)
                   - 
options.hpp (RegularFile, 12a
64cebea4f182fd21facec51ffdec4
)
                   - 
pack_options.hpp 
(RegularFile, 60f374cf53e7cac
4e7609e1e56ed6586)
                   - 
parent_from_member.hpp 
(RegularFile, 76b798df8d0e512
c8c40ff6a9a19a4e7)
                   - 
pointer_plus_bits.hpp 
(RegularFile, caee57a3cfd8d95
c5db199daa5108c03)
                   - 
pointer_rebind.hpp 
(RegularFile, b8b2781ba8aeefe
e4912b0cbad174ab2)
                   - 
pointer_traits.hpp 
(RegularFile, 9546463d255494f
a4e8be410c5171ab1)
                   - 
priority_compare.hpp 
(RegularFile, 2f597252a8894e2
732f62f58edbc1702)
                   - 
rbtree.hpp (RegularFile, 40d0
a2c6b734e501bdc5d012feef1573)
                   - 
rbtree_algorithms.hpp 
(RegularFile, a5404d376936e80
fadafe64c42cf1516)
                   - set.hpp 
(RegularFile, e62e72bdbf03bac
f7807608ff14caf7d)
                   - 
set_hook.hpp (RegularFile, 1b
5f4835db63fa70117b8f3bc418329
f)
                   - 
sg_set.hpp (RegularFile, 5367
c2ede2a1fd7372dd8f71b2765d0f)
                   - 
sgtree.hpp (RegularFile, dbd3
f095daee38c60de765ef4916b718)
                   - 
sgtree_algorithms.hpp 
(RegularFile, e451a44afe7b578
cab09a9cccb17d92c)
                   - 
slist.hpp (RegularFile, ffe4b
361fd1473bf9bc6de25222dfdec)
                   - 
slist_hook.hpp (RegularFile, 
3ef38f081bfa4cd33e9a09b7c311e
946)
                   - 
splay_set.hpp (RegularFile, 3
5a63c99003f3be039648f0d724b34
01)
                   - 
splaytree.hpp (RegularFile, 7
123654e85533d9819af345821572e
31)
                   - 
splaytree_algorithms.hpp 
(RegularFile, f97a04af810d632
cd7bbc4cf3dbb2598)
                   - 
treap.hpp (RegularFile, 65cf8
b28a20b12f6e5b48b45995ba5b1)
                   - 
treap_algorithms.hpp 
(RegularFile, bcaa293a76d73d0
499ad932961ccedf0)
                   - 
treap_set.hpp (RegularFile, 6
43ad03d570285a8aeb30196afc26c
0d)
                   - 
trivial_value_traits.hpp 
(RegularFile, 64ab3d9f7c6cacb
5a019a8c93cb59568)
                   - 
unordered_set.hpp 
(RegularFile, 79ee551f5a3f417
805881c1f1dcb760c)
                   - 
unordered_set_hook.hpp 
(RegularFile, 43955d2127a1d82
59b5e2f9f81d31c78)
                 - iterator 
(Directory, 454e7bd3893b59140
a759fa0bd6dece0)
                   - 
advance.hpp (RegularFile, dee
94625aeb79cb067da2665218ad0e3
)
                   - 
counting_iterator.hpp 
(RegularFile, 1b1fd01d33ef82c
a5ed0c4354cad786a)
                   - detail 
(Directory, 94ac720318d039281
68d429afcd9de29)
                     - 
any_conversion_eater.hpp 
(RegularFile, 61d2c902a709be3
1b25ae0e2ea98c2fa)
                     - 
config_def.hpp (RegularFile, 
978dc96d27835c1baf82aaa1fc26a
631)
                     - 
config_undef.hpp 
(RegularFile, a8b389f6e423ba3
87810d1f449786834)
                     - 
enable_if.hpp (RegularFile, 6
82c9f8be1e81f52a7cf7a265b2043
08)
                     - 
facade_iterator_category.hpp 
(RegularFile, bca05b44c9f7029
ba6715761f8cae54a)
                     - 
minimum_category.hpp 
(RegularFile, 61b459a4302ecc6
91c73dd1119e771c9)
                   - 
distance.hpp (RegularFile, a2
42eb48308d3467959737be8460d2c
8)
                   - 
filter_iterator.hpp 
(RegularFile, 1e2c8d6411c743b
4b422335eb9eddc2c)
                   - 
function_input_iterator.hpp 
(RegularFile, b232d42032d0ace
296b63508755bf117)
                   - 
function_output_iterator.hpp 
(RegularFile, 42e51d2d3381d88
3898e9a6be775c1bd)
                   - 
indirect_iterator.hpp 
(RegularFile, 8a52392397360bd
a396dd5cb9995340e)
                   - 
interoperable.hpp 
(RegularFile, c48d832532c765e
af56d58e7fbf9794d)
                   - 
is_iterator.hpp 
(RegularFile, 1476b06a141f1c9
13ffc2411ba671727)
                   - 
is_lvalue_iterator.hpp 
(RegularFile, 39f26f022717682
69216ec875f32a0f2)
                   - 
is_readable_iterator.hpp 
(RegularFile, a72d21edd4b0643
b0816bf3331028679)
                   - 
iterator_adaptor.hpp 
(RegularFile, 8c5d046d9429c2f
3fe2be69a90088c4c)
                   - 
iterator_archetypes.hpp 
(RegularFile, b6eb1a09a3bc4a3
9e193152c4c65ea66)
                   - 
iterator_categories.hpp 
(RegularFile, 4d89e2394420fb1
024a4f60d50251d23)
                   - 
iterator_concepts.hpp 
(RegularFile, 6e664dfe611461d
65272a520ae41869c)
                   - 
iterator_facade.hpp 
(RegularFile, 948a8ebe86d004b
9ac1071043b98c907)
                   - 
iterator_traits.hpp 
(RegularFile, 084281a403a5547
dcb303c931b2e1430)
                   - 
minimum_category.hpp 
(RegularFile, 0fe4686616a50b3
fd3e4da6e46254216)
                   - 
new_iterator_tests.hpp 
(RegularFile, 43cd059874a544f
861b5b73b90131880)
                   - 
permutation_iterator.hpp 
(RegularFile, 8bd5ae4c427f728
596774df97dac9eb7)
                   - 
reverse_iterator.hpp 
(RegularFile, 1c01b7527b3c1f9
657e370a17a4b818c)
                   - 
transform_iterator.hpp 
(RegularFile, bad057aa8f7487b
52c887d742531a922)
                   - 
zip_iterator.hpp 
(RegularFile, e41db799a3d155e
8b1dd79037498cdcb)
                 - move 
(Directory, c1b6b370c7f50a201
3442acefd2f341e)
                   - 
adl_move_swap.hpp 
(RegularFile, 5b30a8d71f21794
d6c9ef18d27b6014b)
                   - algo 
(Directory, e1e24e8734ff02ac4
71fb1ee2182b6f1)
                     - 
adaptive_merge.hpp 
(RegularFile, 8890069e69b2530
e5469440a3d6263eb)
                     - 
adaptive_sort.hpp 
(RegularFile, dffac66852b5b60
da0fac55c1b3a8d12)
                     - 
detail (Directory, 9211b2f09f
e12cba0ab462aa5b50ca51)
                       - 
adaptive_sort_merge.hpp 
(RegularFile, 2262ba08427151f
43f3765c5724b7e66)
                       - 
basic_op.hpp (RegularFile, 76
3ca901bfca4c595647616771ec62d
0)
                       - 
heap_sort.hpp (RegularFile, a
0d08ecbe938bdb21bcb6e8f508253
13)
                       - 
insertion_sort.hpp 
(RegularFile, 8dc7b9a738f1f60
1dd4da3d89cd141a5)
                       - 
is_sorted.hpp (RegularFile, 1
c0288a3fa55068cbf063233bbf9bc
e3)
                       - 
merge.hpp (RegularFile, 11e4c
bec1f7df4a4f4181f679ffc965a)
                       - 
merge_sort.hpp (RegularFile, 
88a1a91e1ce702529b8e553b16755
42c)
                       - 
pdqsort.hpp (RegularFile, 851
2841479e7cd40d3cbab1f41437f90
)
                       - 
search.hpp (RegularFile, ba71
5dcfaf61937241468a0b02100cfd)
                       - 
set_difference.hpp 
(RegularFile, 4aa809c6be899a3
2cb86acba255240c8)
                     - 
move.hpp (RegularFile, ee4994
3361814ab241a610cff6a3e713)
                     - 
predicate.hpp (RegularFile, 9
22034643093ee10ba009b8ca861f6
8c)
                     - 
unique.hpp (RegularFile, a521
534bc2edb73f9d3a583c0b77ee1a)
                   - 
algorithm.hpp (RegularFile, 2
336ca6d96c6aab03de505803d7b43
5c)
                   - 
core.hpp (RegularFile, e22cba
2c8e6fcd2fb641addf1af78621)
                   - 
default_delete.hpp 
(RegularFile, fc76a3419eeb429
05ec6e008ee7dfd28)
                   - detail 
(Directory, a95ff28abadcf5432
35c940606496b3f)
                     - 
addressof.hpp (RegularFile, 2
cc93ab41be5da9edfa4ba551a8466
4c)
                     - 
config_begin.hpp 
(RegularFile, c27d39d53b72e8e
9efbbf85cfdd8559e)
                     - 
config_end.hpp (RegularFile, 
02abe685523682114f7c531c40a4e
5fa)
                     - 
destruct_n.hpp (RegularFile, 
62e1a6e95a51a74deb150ddeb34bf
488)
                     - 
force_ptr.hpp (RegularFile, 4
eecd87f23abc1137eb2514e73b0b1
5c)
                     - 
fwd_macros.hpp (RegularFile, 
96cb754e8e9f56277ecfbf592c30a
5b7)
                     - 
iterator_to_raw_pointer.hpp 
(RegularFile, 16d2f62076525e5
c821ffef23f675ff5)
                     - 
iterator_traits.hpp 
(RegularFile, b789677c5d4bda5
a7c0ef810ef418804)
                     - 
meta_utils.hpp (RegularFile, 
4b3373c3bc36540779e8eb188f2ee
dd1)
                     - 
meta_utils_core.hpp 
(RegularFile, 42afa7ff60ff086
cc7f4213d888db5bf)
                     - 
move_helpers.hpp 
(RegularFile, 3df64e0ca64689a
890ec74754fafde28)
                     - 
nsec_clock.hpp (RegularFile, 
5bd7dc69d718fe805d994cd75d6d9
c02)
                     - 
placement_new.hpp 
(RegularFile, 3df789e49ed592a
281e5d9460ee44b9e)
                     - 
pointer_element.hpp 
(RegularFile, 6e27f22bd9e2333
44be4ace9d28361db)
                     - 
reverse_iterator.hpp 
(RegularFile, 2a24440ec139e0e
2177c42b96fc031da)
                     - 
std_ns_begin.hpp 
(RegularFile, 40aeaf207fb93d7
ff06db13de16c589a)
                     - 
std_ns_end.hpp (RegularFile, 
bc73c1c783f2c48218d754c80baf0
c5d)
                     - 
to_raw_pointer.hpp 
(RegularFile, 52e956280e65acf
6e58e335f986478e0)
                     - 
type_traits.hpp 
(RegularFile, d8fa0b4db06ddcf
e4be2a1dfe1280e38)
                     - 
unique_ptr_meta_utils.hpp 
(RegularFile, 60064e0b92f60e4
7d330189fa41b1339)
                     - 
workaround.hpp (RegularFile, 
f3d554a7460f03b2bff0230e6f331
ff6)
                   - 
iterator.hpp (RegularFile, 41
7330dfbe583dbb7385740a75dbe00
a)
                   - 
make_unique.hpp 
(RegularFile, d2d76b91f730ed8
a9961456b97c1dcdc)
                   - 
move.hpp (RegularFile, 1f8842
d07cea429f5228da33064ff813)
                   - 
traits.hpp (RegularFile, 12f0
323ce160ccc955d86df65b94b475)
                   - 
unique_ptr.hpp (RegularFile, 
0b2087cc11cd2ac02fe63fc75a5c0
15b)
                   - 
utility.hpp (RegularFile, 102
c4e8cd47c7f0c9373e8a1c7b7406f
)
                   - 
utility_core.hpp 
(RegularFile, cbd697d84e02adc
4680c061bdfca8b68)
                 - mp11 
(Directory, 10b68fe53c62aa09f
1a8f0ac82b6ce6c)
                   - 
algorithm.hpp (RegularFile, 4
ff8f3efc3dd57ea50fdba26ef6892
03)
                   - 
bind.hpp (RegularFile, e272ac
82527eb379efa798a913935dcf)
                   - detail 
(Directory, 9d3595b34170fb62d
702b01a1184ed60)
                     - 
config.hpp (RegularFile, 2435
77a90fe4f608f08cb31c4ef12503)
                     - 
mp_append.hpp (RegularFile, a
d3e0a162a6943a52e3f1bc9e77670
13)
                     - 
mp_copy_if.hpp (RegularFile, 
9cae1c8e00bc1be7332472b81d393
825)
                     - 
mp_count.hpp (RegularFile, 48
eb4e9f9a11cc13b263eaa17d37178
d)
                     - 
mp_defer.hpp (RegularFile, 2f
89372d147c321583eb871930b59fd
4)
                     - 
mp_fold.hpp (RegularFile, dc4
3fe199d569df222c424cb1c8d546d
)
                     - 
mp_front.hpp (RegularFile, 0a
05faf64c8f43c815bb98683d56c79
e)
                     - 
mp_is_list.hpp (RegularFile, 
865366d8038169d881635f49ea4f5
366)
                     - 
mp_is_value_list.hpp 
(RegularFile, 24bdcdd7df57ede
361f8c42c8e7adad4)
                     - 
mp_list.hpp (RegularFile, 4ab
49fbba6302de0320c3a3cb5cc5f01
)
                     - 
mp_list_v.hpp (RegularFile, c
5ff5daed9ac767cb9c1d607d806af
3f)
                     - 
mp_map_find.hpp 
(RegularFile, 53dae03412bb633
8443796eaaf5b38a5)
                     - 
mp_min_element.hpp 
(RegularFile, 7798de16fbbdf16
50d08fdd4723e4636)
                     - 
mp_plus.hpp (RegularFile, 831
822b4bd02e91973f4998dfb68c16d
)
                     - 
mp_remove_if.hpp 
(RegularFile, a7cd2189f9fee6d
4e338e177de721041)
                     - 
mp_rename.hpp (RegularFile, f
cfc21af3a803b9fe7fe8c0a51e4ef
72)
                     - 
mp_value.hpp (RegularFile, 93
87edb33548afa4f366d0f5411e61f
4)
                     - 
mp_void.hpp (RegularFile, a44
c0f7b056cb2658061ed696abd8e3e
)
                     - 
mp_with_index.hpp 
(RegularFile, 53fe8865c9ca133
a1b1c0f93e5986f15)
                     - 
mpl_common.hpp (RegularFile, 
d08a81b46e484fdd234aa0e59148c
6d3)
                   - 
function.hpp (RegularFile, 74
ca05788beae0c7a28eb513426a644
8)
                   - 
integer_sequence.hpp 
(RegularFile, fbdf79a5f78a92b
5b21a91d2455120bc)
                   - 
integral.hpp (RegularFile, f6
a867c388c47bad9b518ae370aed5d
c)
                   - 
list.hpp (RegularFile, cb21e1
f75a610373f2efa7c9dee94cdd)
                   - map.hpp 
(RegularFile, 30ad9ecc0cee00b
b615800e4bfaf52fb)
                   - mpl.hpp 
(RegularFile, 3ead11f1411d514
c50a102c0892c261a)
                   - 
mpl_list.hpp (RegularFile, 4d
f17bf9bcb03793ed728384d693e2e
0)
                   - 
mpl_tuple.hpp (RegularFile, 1
56b4291a5fddd86dff7054caad713
b0)
                   - set.hpp 
(RegularFile, cb00dbee3ba0ec6
68e4ed9527b6aef06)
                   - 
tuple.hpp (RegularFile, 29397
664994a733b249455f5ae57ae8d)
                   - 
utility.hpp (RegularFile, 18a
77b3ce0fad3f882000228d18648b1
)
                   - 
version.hpp (RegularFile, 87b
a15ccc0e684b202bee66daa8326d2
)
                 - mpl 
(Directory, c3e1db90f71634cfe
774fe913459455f)
                   - 
accumulate.hpp (RegularFile, 
1ae34d6492ab91db6d5b8bbbae8a8
2fb)
                   - 
advance.hpp (RegularFile, ac0
c86dec7a67c8e6c1b4e5c38da58ee
)
                   - 
advance_fwd.hpp 
(RegularFile, 69090dff5e3fe4f
1d84dd0f31a862d86)
                   - 
alias.hpp (RegularFile, b7f8a
b321a5a1b586626ed134c13757f)
                   - 
always.hpp (RegularFile, 9590
180a58f6b1fe56472c1be85b27f7)
                   - and.hpp 
(RegularFile, cbbb1f4d0324851
e659bd8393716966e)
                   - 
apply.hpp (RegularFile, fad4d
ce600d44342f89b7348e9db5110)
                   - 
apply_fwd.hpp (RegularFile, d
c960e84da73f5614a744fcf685752
13)
                   - 
apply_wrap.hpp (RegularFile, 
61d6d2698c969ec6c21097685d06f
a41)
                   - arg.hpp 
(RegularFile, 9bc90690d11261c
a557bc79d65c0fc91)
                   - 
arg_fwd.hpp (RegularFile, eed
2b3bec95a6e6ebbd9c72dfd970181
)
                   - 
arithmetic.hpp (RegularFile, 
6c1e2337cad33c2e8f0c34732ae01
a77)
                   - 
as_sequence.hpp 
(RegularFile, 9f41830021431c9
339ddbde686050e29)
                   - 
assert.hpp (RegularFile, 1c57
83712fdc6939465e7aa7e5339e77)
                   - at.hpp 
(RegularFile, cbbd55e32e67594
f8d7dc8ca871b709c)
                   - 
at_fwd.hpp (RegularFile, ff0d
b0ca96b16f64574dca12f560346e)
                   - aux_ 
(Directory, f8432c73721ee28f6
fde8224bee2976d)
                     - 
adl_barrier.hpp 
(RegularFile, 2ef95f796f6cb85
0688c0d789aa8cbc9)
                     - 
advance_backward.hpp 
(RegularFile, 642758c9b935eda
f5b546bd4888ad108)
                     - 
advance_forward.hpp 
(RegularFile, c199e04b65818c9
c41d6903af13c5496)
                     - 
apply_1st.hpp (RegularFile, a
35b0d5384b9129ff575420ccfdabe
e0)
                     - 
arg_typedef.hpp 
(RegularFile, 28771804ddda68e
a6cc8311c1a7d25f4)
                     - 
arithmetic_op.hpp 
(RegularFile, 4e81095ede500e3
61845d1eb299fd387)
                     - 
arity.hpp (RegularFile, 94177
eac22c7ad557fa224ea43a46102)
                     - 
arity_spec.hpp (RegularFile, 
88a28a643b88a21e7fef592cc4683
dc0)
                     - 
at_impl.hpp (RegularFile, 6bd
27bf0138394d9eaf782349901a52e
)
                     - 
back_impl.hpp (RegularFile, 7
8fa8802b5227485ff6372aa171f65
0a)
                     - 
basic_bind.hpp (RegularFile, 
3caa1d09cbdf4d89b76bae6dfbfba
c1f)
                     - 
begin_end_impl.hpp 
(RegularFile, 63c9452d8de1ba3
6a4d5b001ed76605a)
                     - 
clear_impl.hpp (RegularFile, 
566df7d59738aecce7cda01f3a341
27d)
                     - 
common_name_wknd.hpp 
(RegularFile, 0e0fff122abd680
f2ebc16514165ebf5)
                     - 
comparison_op.hpp 
(RegularFile, ab197c6b64e1a86
4676cada664b0e927)
                     - 
config (Directory, e9db84fb8c
c8e87bd8440a9879624620)
                       - 
adl.hpp (RegularFile, 7a4eeeb
4324cf54a7357875e87ba3798)
                       - 
arrays.hpp (RegularFile, 03db
defa702ea7f17318c7c531233ddc)
                       - 
bcc.hpp (RegularFile, bd2c99a
a7d1c187e113e70f22db6dfc7)
                       - 
bind.hpp (RegularFile, 3763f3
c4c14aff66864f7dfaa197621f)
                       - 
compiler.hpp (RegularFile, 0b
8f61a27c1d53e0da1e6a5e38b656a
c)
                       - 
ctps.hpp (RegularFile, 8a4b2b
c4276ca451949bf47bcac2b5e9)
                       - 
dependent_nttp.hpp 
(RegularFile, 7189f7420938d28
f48d6ee9ae780f07e)
                       - 
dmc_ambiguous_ctps.hpp 
(RegularFile, 4d68751965ef80b
8d775e7a9ec0788e2)
                       - 
dtp.hpp (RegularFile, b9e7b04
933f8f4062d4cefa53f3c9e73)
                       - 
eti.hpp (RegularFile, 04be4a2
a9b8cedeb69e373d2ad7f33ea)
                       - 
forwarding.hpp (RegularFile, 
61acef75ca8a21f5470a42ad21376
116)
                       - 
gcc.hpp (RegularFile, 3099641
574f38f144f43f9e293131e63)
                       - 
gpu.hpp (RegularFile, 6e269d4
39a2173ba220cd5051bf47296)
                       - 
has_apply.hpp (RegularFile, 4
1139f3d731a5e2c8baa50db2c09ac
5c)
                       - 
has_xxx.hpp (RegularFile, 25e
aebfd33c8b822df168df420a55896
)
                       - 
integral.hpp (RegularFile, 9f
c6e1f6dd9ec041d92efd306089f8a
8)
                       - 
intel.hpp (RegularFile, 7fc89
3f3b271de15491eade9f132d606)
                       - 
lambda.hpp (RegularFile, 8662
7d84d945b8aa9794e005d89bcd7f)
                       - 
msvc.hpp (RegularFile, c39e06
1e1ceffff56da50b29e316f85a)
                       - 
msvc_typename.hpp 
(RegularFile, 03b6bf3a601c801
4f5bb7da15ea20282)
                       - 
nttp.hpp (RegularFile, 619fe6
0dbbd03a7b19cd18c3a6d7d707)
                       - 
operators.hpp (RegularFile, a
43671f5262c71dbe898cb201ab73a
ea)
                       - 
overload_resolution.hpp 
(RegularFile, 69f9090ba216d15
88b4cc25dfacf3c4b)
                       - 
pp_counter.hpp (RegularFile, 
78fb8027a98a73bbe6695858cbe97
99c)
                       - 
preprocessor.hpp 
(RegularFile, add79619d13560d
97d6d7c215f7d67c1)
                       - 
static_constant.hpp 
(RegularFile, 7f0012cbe4a2979
ea7268c798a68b52b)
                       - 
ttp.hpp (RegularFile, d97904c
a39f51f33398f23907dd5123c)
                       - 
typeof.hpp (RegularFile, de88
32403ac4f412cdf6c59fcf890fae)
                       - 
use_preprocessed.hpp 
(RegularFile, ce298768fdbc64c
11f69368dda992917)
                       - 
workaround.hpp (RegularFile, 
e8c3a5b5a54910f0e875c496f8212
216)
                     - 
contains_impl.hpp 
(RegularFile, 85894aff032dfd0
241f1aa205b518abe)
                     - 
count_args.hpp (RegularFile, 
80bace849871aec2e95ce5154da50
b9e)
                     - 
count_impl.hpp (RegularFile, 
82806a580655fb662c23642b35fa8
938)
                     - 
empty_impl.hpp (RegularFile, 
1dcb6ae4d1f97d8f5d1af965c5625
aa8)
                     - 
erase_impl.hpp (RegularFile, 
a4c15683ce40964a2c5704aa1b560
1f3)
                     - 
erase_key_impl.hpp 
(RegularFile, 34e03c76eaa5ff1
b75e4fa3e79eb3b63)
                     - 
filter_iter.hpp 
(RegularFile, b6d6f30bed3d6cc
a66d383c342bb949b)
                     - 
find_if_pred.hpp 
(RegularFile, bba28fdd61d18d4
9a3e34e277f96f2cf)
                     - 
fold_impl.hpp (RegularFile, f
5872a640e753b725d1bc2a98dd6d2
fc)
                     - 
fold_impl_body.hpp 
(RegularFile, d18527d8e7c2f90
4ff5079ffa32f43b9)
                     - 
fold_op.hpp (RegularFile, 2db
e5d294ab269a9b7e0062e68c8b48a
)
                     - 
fold_pred.hpp (RegularFile, 2
5147550ae663f3d677d33082eed7c
62)
                     - 
front_impl.hpp (RegularFile, 
1e768d7a465a69233c0eecc6f3331
9db)
                     - 
full_lambda.hpp 
(RegularFile, a66c5411bf33189
8ec88597bb9c2781a)
                     - 
has_apply.hpp (RegularFile, 8
74dfcdd2c56ea7c2baaafc12ca5f8
cd)
                     - 
has_begin.hpp (RegularFile, d
d9bc04e4f6ba717ef4a37c91786af
84)
                     - 
has_key_impl.hpp 
(RegularFile, cc6446bf665a738
61082893c6d96d3b2)
                     - 
has_rebind.hpp (RegularFile, 
864332e8c036ea3d99615d611eeb9
ac4)
                     - 
has_size.hpp (RegularFile, 57
4ab4de41a9bd68bfa9ffd28c6cb8a
6)
                     - 
has_tag.hpp (RegularFile, 8fc
6fd0f143dc0fa9c4a6106c18e162f
)
                     - 
has_type.hpp (RegularFile, e1
c644d1ff545e21a2b1417f807410a
8)
                     - 
include_preprocessed.hpp 
(RegularFile, 29bc4777380fc79
01213ea2bb40ffa27)
                     - 
insert_impl.hpp 
(RegularFile, 31677b89a9090c7
d35ceb64813c1a3c0)
                     - 
insert_range_impl.hpp 
(RegularFile, dca38377509b33d
dd23193bb5ffe5fd2)
                     - 
inserter_algorithm.hpp 
(RegularFile, 21e7510e4f9fc7c
e740b00a7587f3c47)
                     - 
integral_wrapper.hpp 
(RegularFile, 0729c171eed507b
1b7cf132b245ad934)
                     - 
is_msvc_eti_arg.hpp 
(RegularFile, 42b8ea0909d09a5
39a128ef559b1dbd8)
                     - 
iter_apply.hpp (RegularFile, 
151388657cbad9d30c1381011de96
1c6)
                     - 
iter_fold_if_impl.hpp 
(RegularFile, 44e9944c9683cd7
443d4092c19b64586)
                     - 
iter_fold_impl.hpp 
(RegularFile, c1b1c0914e30d5a
aa62e4d98bd81a4c3)
                     - 
iter_push_front.hpp 
(RegularFile, be2ece98ffc007d
125aac31526f50467)
                     - 
joint_iter.hpp (RegularFile, 
c6b80d5fa5b04caf09c75cf5d60c0
840)
                     - 
lambda_arity_param.hpp 
(RegularFile, 64a09edc98447ea
bc5b976f7204cd852)
                     - 
lambda_no_ctps.hpp 
(RegularFile, af18900a14f4d43
befd70e5272b31131)
                     - 
lambda_spec.hpp 
(RegularFile, 11fad1f635f1df5
4514e3b202b0cf60c)
                     - 
lambda_support.hpp 
(RegularFile, be89c94b5de71b8
d18fdfa57495509d5)
                     - 
largest_int.hpp 
(RegularFile, 0932d2d76247117
a08544ef738cff52a)
                     - 
logical_op.hpp (RegularFile, 
28c474e1abf636d801b9ffa10bf6c
689)
                     - 
msvc_dtw.hpp (RegularFile, 30
0d840a965318e7ea28ee7e36a3774
1)
                     - 
msvc_eti_base.hpp 
(RegularFile, e4775237a9d3cea
96b5f3d21684c4fce)
                     - 
msvc_is_class.hpp 
(RegularFile, 3b8cd900074f517
f5d96f7e77de1539d)
                     - 
msvc_never_true.hpp 
(RegularFile, 56202390da70255
74a41ad642aafd98c)
                     - 
msvc_type.hpp (RegularFile, 0
729df4be3d686b4894fe0dcc7da84
f6)
                     - 
na.hpp (RegularFile, 2d443695
f010a968c4c2accb540347ea)
                     - 
na_assert.hpp (RegularFile, 6
0eecb00e2a893091b5626d9a476ae
92)
                     - 
na_fwd.hpp (RegularFile, 52a1
a3b38f1e20a40971cca90fd1c3e2)
                     - 
na_spec.hpp (RegularFile, a2b
59d43442a6e1a34f42b778938631f
)
                     - 
nested_type_wknd.hpp 
(RegularFile, ebbebc325e5d446
928b9caea9da5d452)
                     - 
nttp_decl.hpp (RegularFile, 3
8b097279b75d28a648a81896b7eb2
d4)
                     - 
numeric_cast_utils.hpp 
(RegularFile, 3cf7eea16dadc59
c13c3434c913d5805)
                     - 
numeric_op.hpp (RegularFile, 
faef4c436cc8368f73d5585f14338
c5a)
                     - 
O1_size_impl.hpp 
(RegularFile, 18b6a5d96d5bc5c
93c95dca0daf474e0)
                     - 
order_impl.hpp (RegularFile, 
a71776e70491d37d7fc43839cac6d
f7d)
                     - 
overload_names.hpp 
(RegularFile, 5ccd6ef888a923c
998b9912244ca45c7)
                     - 
partition_op.hpp 
(RegularFile, ecf6905af3e6401
44a972b09afab06a0)
                     - 
pop_back_impl.hpp 
(RegularFile, 66ecc73bffed87c
ba3492c23aa7687b3)
                     - 
pop_front_impl.hpp 
(RegularFile, a5c2080602620bb
00c3b7ba137d5e8dc)
                     - 
preprocessed (Directory, 6960
9c02821bb16021349c2d805b8c89)
                       - bcc 
(Directory, d9eb4d1057d8a8f32
07b19db47228e3a)
                         - 
advance_backward.hpp 
(RegularFile, 1aafca4b4d53191
8a2d89a6fd9d78ffa)
                         - 
advance_forward.hpp 
(RegularFile, f16aa1ce062fbd0
086eef94fe6f49233)
                         - 
and.hpp (RegularFile, a106a17
91f466107902751ab74ce9b31)
                         - 
apply.hpp (RegularFile, c500a
5a7375e610759ccd3a6eb3ceed0)
                         - 
apply_fwd.hpp (RegularFile, 2
10fd4e9cd8c9bb23db624da810243
bc)
                         - 
apply_wrap.hpp (RegularFile, 
0c6489ab7b4f69bf2c2d7bf487948
61c)
                         - 
arg.hpp (RegularFile, 35315ef
c86fd7b1cc1f99729bdf5a800)
                         - 
basic_bind.hpp (RegularFile, 
11a3656201334bfae35dca54008fa
f16)
                         - 
bind.hpp (RegularFile, 6ddf73
c0d9908a05b74af971f8734eb2)
                         - 
bind_fwd.hpp (RegularFile, 8a
24623df467ae65beadbe0e0a44021
6)
                         - 
bitand.hpp (RegularFile, 93e5
99221b87bc25d2ca2955e2d48cca)
                         - 
bitor.hpp (RegularFile, 3842b
ede92e445a679674084e7dd885b)
                         - 
bitxor.hpp (RegularFile, 24ae
cc3f3b05c175247d04763d497fdf)
                         - 
deque.hpp (RegularFile, cfbe0
512738b2ed707b209ff1cac9fe6)
                         - 
divides.hpp (RegularFile, fe1
6511bd14c304d338668ee1f1b335c
)
                         - 
equal_to.hpp (RegularFile, 3d
75fe99cd5b15670d3f86395aec70f
9)
                         - 
fold_impl.hpp (RegularFile, 0
3a8151d17fb4390b2ec527bbec513
71)
                         - 
full_lambda.hpp 
(RegularFile, e2a2ec04b208421
9c01764f310f10d7c)
                         - 
greater.hpp (RegularFile, 7cf
a5f355cf7ec3ce1f68dbdba9743ba
)
                         - 
greater_equal.hpp 
(RegularFile, 2be398172fb9df0
755ed75e80d131693)
                         - 
inherit.hpp (RegularFile, ba9
1f341a6002265c200d72816452173
)
                         - 
iter_fold_if_impl.hpp 
(RegularFile, 2a1844aafa0c15a
e742f482794274d70)
                         - 
iter_fold_impl.hpp 
(RegularFile, 3a3fe1aaefba7ea
18972e0d897c4adbd)
                         - 
lambda_no_ctps.hpp 
(RegularFile, 147fc3fb6fc91e6
3e1a15c5db75a630d)
                         - 
less.hpp (RegularFile, ea54ba
58114d1dae030345175df7f817)
                         - 
less_equal.hpp (RegularFile, 
b8a2742c36b9bbb0b505708b025c8
60d)
                         - 
list.hpp (RegularFile, 5b287b
df3a237c759979e18f6e02bd8f)
                         - 
list_c.hpp (RegularFile, 8e9c
cdc2f5648f2cd2a416b7bf619393)
                         - 
map.hpp (RegularFile, 654b405
e2042d27ff4fb004834c4e29a)
                         - 
minus.hpp (RegularFile, 4d6d9
189039c3bdccb1795c29046c031)
                         - 
modulus.hpp (RegularFile, a7f
e708b345c3face523142c48f68c7e
)
                         - 
not_equal_to.hpp 
(RegularFile, 23f6433a94ad08e
686e3a980ca6a4a88)
                         - 
or.hpp (RegularFile, 93812520
bdc5e145aeddccfcc9bbbaae)
                         - 
placeholders.hpp 
(RegularFile, 8690f50c57a805c
8bc1223a0dfcbf1d0)
                         - 
plus.hpp (RegularFile, 3b7a15
bdf2f112c13553461aa35db2d4)
                         - 
quote.hpp (RegularFile, 89b3a
62d9750eb3a6a249b9d47a8a3e9)
                         - 
reverse_fold_impl.hpp 
(RegularFile, 9ccbe86aebb03c4
0133463fa07d8cd96)
                         - 
reverse_iter_fold_impl.hpp 
(RegularFile, 321d9eabe57716b
8e9e9244f4b4ea159)
                         - 
set.hpp (RegularFile, 7c61073
b6d398ff058516e083f777bde)
                         - 
set_c.hpp (RegularFile, a556f
8698f52089450bc84b2f31c86f6)
                         - 
shift_left.hpp (RegularFile, 
b83667b1db767762e80da250eb212
856)
                         - 
shift_right.hpp 
(RegularFile, 663086d8a15d1b1
058b9b9c2002e76ac)
                         - 
template_arity.hpp 
(RegularFile, c2b229b3c651a73
f899841ce97f3839b)
                         - 
times.hpp (RegularFile, 6195f
4a114f4f0ff18b416a1ade96b23)
                         - 
unpack_args.hpp 
(RegularFile, 831c771245a2b0a
e0f39dc635fdca8b6)
                         - 
vector.hpp (RegularFile, bd26
1b0e8b332890bfdd4420880492fc)
                         - 
vector_c.hpp (RegularFile, 78
18c6c592c5f879625a8497119820d
6)
                       - 
bcc551 (Directory, 7a94f341a6
82af14b893d8b61ea6300f)
                         - 
advance_backward.hpp 
(RegularFile, bed68770ac61e0f
9d4255faba822df6c)
                         - 
advance_forward.hpp 
(RegularFile, af0036e6b32150c
e4b2b3300245c607d)
                         - 
and.hpp (RegularFile, 85ab654
cb6f8c346ad32e8f1a8a41e6e)
                         - 
apply.hpp (RegularFile, 3b71b
8c2eb03db0daa324efeec178d99)
                         - 
apply_fwd.hpp (RegularFile, f
3937176602ab86d89da47396d845c
39)
                         - 
apply_wrap.hpp (RegularFile, 
2d21383d262d81a3c783f14e77f4e
ad9)
                         - 
arg.hpp (RegularFile, 7f732a4
c11a0b645c17faee547e6a0f9)
                         - 
basic_bind.hpp (RegularFile, 
c3adbad9e99d0626a010e3b721730
79f)
                         - 
bind.hpp (RegularFile, 0e45db
7ea68a4550e58cae031037637a)
                         - 
bind_fwd.hpp (RegularFile, ea
704fdef019c25771ccf4176d0e1e8
c)
                         - 
bitand.hpp (RegularFile, b2d7
63c61367ae6ffb6a713127e3823e)
                         - 
bitor.hpp (RegularFile, 3f07f
884316cf55a7c764bb1d0095baf)
                         - 
bitxor.hpp (RegularFile, 5adb
44614b6cd60e54ff3198f3c218af)
                         - 
deque.hpp (RegularFile, 356c0
9f84a75a34a95d3c427e18eb150)
                         - 
divides.hpp (RegularFile, 0e1
c79959cf6470a544f34a703aaca01
)
                         - 
equal_to.hpp (RegularFile, 6f
e1059da0716c81937df1c038323cf
f)
                         - 
fold_impl.hpp (RegularFile, 1
4d603d92746fdca20f85ee7860218
40)
                         - 
full_lambda.hpp 
(RegularFile, 057cd540f7da1fd
6ba5337575f427b53)
                         - 
greater.hpp (RegularFile, 81e
11faf152a82fefed5d28b0ff1c95d
)
                         - 
greater_equal.hpp 
(RegularFile, 408caaf080b7a9b
8c9a7470225e73b92)
                         - 
inherit.hpp (RegularFile, 3bf
eb96f66cd5e1e38538d19c5fd6d26
)
                         - 
iter_fold_if_impl.hpp 
(RegularFile, 6622dca9b0496ce
3a7ea79e1792cfe3e)
                         - 
iter_fold_impl.hpp 
(RegularFile, 31723432b50d806
4775feda3923ff247)
                         - 
lambda_no_ctps.hpp 
(RegularFile, 5c60b40ecd13dcc
4d4ccf6553248ebcc)
                         - 
less.hpp (RegularFile, e139ac
9038bb6c458824cb1b9c5594e6)
                         - 
less_equal.hpp (RegularFile, 
32b91566b80110f155b0d2b70094b
efb)
                         - 
list.hpp (RegularFile, 61329a
0bc8aaf0f7ed1e2ea81d9e508c)
                         - 
list_c.hpp (RegularFile, 327c
29a271eabb49d2a3b79fee527593)
                         - 
map.hpp (RegularFile, 432941a
54172b7bdec4175892bfafeeb)
                         - 
minus.hpp (RegularFile, 87ba9
cbf79c1eb44a1b3fe4b89553dfa)
                         - 
modulus.hpp (RegularFile, 504
79db390c73c6b425c187143857fc1
)
                         - 
not_equal_to.hpp 
(RegularFile, 51ac8c90429d69b
a040f635fbd118a63)
                         - 
or.hpp (RegularFile, 2bb9f6bc
886735bde3d9d8821faa35b6)
                         - 
placeholders.hpp 
(RegularFile, 5997da4d1bf9d2a
4f4ae06be06079fed)
                         - 
plus.hpp (RegularFile, b9a3e5
50d4770912d955fe309499ccb1)
                         - 
quote.hpp (RegularFile, 41e56
46c76826cc0ef766ef8f0aeb614)
                         - 
reverse_fold_impl.hpp 
(RegularFile, 596b13de310e95d
e5b0ba1d0504365ea)
                         - 
reverse_iter_fold_impl.hpp 
(RegularFile, 7cea1d276157dde
3b4e7f5e0c321505e)
                         - 
set.hpp (RegularFile, 30f52dd
cb069d9febdfa917b2a45e61b)
                         - 
set_c.hpp (RegularFile, fe1aa
18a3a5aaef1880180bb91629307)
                         - 
shift_left.hpp (RegularFile, 
bf35b2db983e727a9bcc7277c3bac
f8d)
                         - 
shift_right.hpp 
(RegularFile, e6d26c78b46397b
607cfd6e975c39552)
                         - 
template_arity.hpp 
(RegularFile, 32c8be53a40f1de
688488ebae6c180b3)
                         - 
times.hpp (RegularFile, eede5
2a37642f7298f71f84b09ce3e90)
                         - 
unpack_args.hpp 
(RegularFile, 4a4f314d3a241c3
01585c6653a4294a7)
                         - 
vector.hpp (RegularFile, 1b3c
f6fc8769422eed9a1551bcaae06e)
                         - 
vector_c.hpp (RegularFile, 4b
acffe67dcde03fb813d573db2ee06
c)
                       - 
bcc_pre590 (Directory, eab5d4
3cc7d1a4786372c32f89a97734)
                         - 
advance_backward.hpp 
(RegularFile, 1aafca4b4d53191
8a2d89a6fd9d78ffa)
                         - 
advance_forward.hpp 
(RegularFile, f16aa1ce062fbd0
086eef94fe6f49233)
                         - 
and.hpp (RegularFile, a106a17
91f466107902751ab74ce9b31)
                         - 
apply.hpp (RegularFile, c500a
5a7375e610759ccd3a6eb3ceed0)
                         - 
apply_fwd.hpp (RegularFile, 2
10fd4e9cd8c9bb23db624da810243
bc)
                         - 
apply_wrap.hpp (RegularFile, 
2bcfb00d9aaab893d2ad01106431c
da0)
                         - 
arg.hpp (RegularFile, 35315ef
c86fd7b1cc1f99729bdf5a800)
                         - 
basic_bind.hpp (RegularFile, 
11a3656201334bfae35dca54008fa
f16)
                         - 
bind.hpp (RegularFile, 6ddf73
c0d9908a05b74af971f8734eb2)
                         - 
bind_fwd.hpp (RegularFile, 8a
24623df467ae65beadbe0e0a44021
6)
                         - 
bitand.hpp (RegularFile, 93e5
99221b87bc25d2ca2955e2d48cca)
                         - 
bitor.hpp (RegularFile, 3842b
ede92e445a679674084e7dd885b)
                         - 
bitxor.hpp (RegularFile, 24ae
cc3f3b05c175247d04763d497fdf)
                         - 
deque.hpp (RegularFile, cfbe0
512738b2ed707b209ff1cac9fe6)
                         - 
divides.hpp (RegularFile, fe1
6511bd14c304d338668ee1f1b335c
)
                         - 
equal_to.hpp (RegularFile, 3d
75fe99cd5b15670d3f86395aec70f
9)
                         - 
fold_impl.hpp (RegularFile, 0
3a8151d17fb4390b2ec527bbec513
71)
                         - 
full_lambda.hpp 
(RegularFile, e2a2ec04b208421
9c01764f310f10d7c)
                         - 
greater.hpp (RegularFile, 7cf
a5f355cf7ec3ce1f68dbdba9743ba
)
                         - 
greater_equal.hpp 
(RegularFile, 2be398172fb9df0
755ed75e80d131693)
                         - 
inherit.hpp (RegularFile, ba9
1f341a6002265c200d72816452173
)
                         - 
iter_fold_if_impl.hpp 
(RegularFile, 2a1844aafa0c15a
e742f482794274d70)
                         - 
iter_fold_impl.hpp 
(RegularFile, 3a3fe1aaefba7ea
18972e0d897c4adbd)
                         - 
lambda_no_ctps.hpp 
(RegularFile, 147fc3fb6fc91e6
3e1a15c5db75a630d)
                         - 
less.hpp (RegularFile, ea54ba
58114d1dae030345175df7f817)
                         - 
less_equal.hpp (RegularFile, 
b8a2742c36b9bbb0b505708b025c8
60d)
                         - 
list.hpp (RegularFile, 5b287b
df3a237c759979e18f6e02bd8f)
                         - 
list_c.hpp (RegularFile, 8e9c
cdc2f5648f2cd2a416b7bf619393)
                         - 
map.hpp (RegularFile, 654b405
e2042d27ff4fb004834c4e29a)
                         - 
minus.hpp (RegularFile, 4d6d9
189039c3bdccb1795c29046c031)
                         - 
modulus.hpp (RegularFile, a7f
e708b345c3face523142c48f68c7e
)
                         - 
not_equal_to.hpp 
(RegularFile, 23f6433a94ad08e
686e3a980ca6a4a88)
                         - 
or.hpp (RegularFile, 93812520
bdc5e145aeddccfcc9bbbaae)
                         - 
placeholders.hpp 
(RegularFile, 8690f50c57a805c
8bc1223a0dfcbf1d0)
                         - 
plus.hpp (RegularFile, 3b7a15
bdf2f112c13553461aa35db2d4)
                         - 
quote.hpp (RegularFile, 6a5c2
5e2d58ebd1a1a4875290bf76634)
                         - 
reverse_fold_impl.hpp 
(RegularFile, 9ccbe86aebb03c4
0133463fa07d8cd96)
                         - 
reverse_iter_fold_impl.hpp 
(RegularFile, 321d9eabe57716b
8e9e9244f4b4ea159)
                         - 
set.hpp (RegularFile, 7c61073
b6d398ff058516e083f777bde)
                         - 
set_c.hpp (RegularFile, a556f
8698f52089450bc84b2f31c86f6)
                         - 
shift_left.hpp (RegularFile, 
b83667b1db767762e80da250eb212
856)
                         - 
shift_right.hpp 
(RegularFile, 663086d8a15d1b1
058b9b9c2002e76ac)
                         - 
template_arity.hpp 
(RegularFile, c2b229b3c651a73
f899841ce97f3839b)
                         - 
times.hpp (RegularFile, 6195f
4a114f4f0ff18b416a1ade96b23)
                         - 
unpack_args.hpp 
(RegularFile, 831c771245a2b0a
e0f39dc635fdca8b6)
                         - 
vector.hpp (RegularFile, bd26
1b0e8b332890bfdd4420880492fc)
                         - 
vector_c.hpp (RegularFile, 78
18c6c592c5f879625a8497119820d
6)
                       - dmc 
(Directory, 71e31d0c3781db62f
843070f64b206a7)
                         - 
advance_backward.hpp 
(RegularFile, bed68770ac61e0f
9d4255faba822df6c)
                         - 
advance_forward.hpp 
(RegularFile, af0036e6b32150c
e4b2b3300245c607d)
                         - 
and.hpp (RegularFile, 85ab654
cb6f8c346ad32e8f1a8a41e6e)
                         - 
apply.hpp (RegularFile, 3b71b
8c2eb03db0daa324efeec178d99)
                         - 
apply_fwd.hpp (RegularFile, f
3937176602ab86d89da47396d845c
39)
                         - 
apply_wrap.hpp (RegularFile, 
612ea65f7f428099aca0d044e30f0
757)
                         - 
arg.hpp (RegularFile, 7f732a4
c11a0b645c17faee547e6a0f9)
                         - 
basic_bind.hpp (RegularFile, 
00d1a2fd3bb30f1c975be8b916500
a45)
                         - 
bind.hpp (RegularFile, 83660a
c87a44b649bd8116ee2d2cfaa0)
                         - 
bind_fwd.hpp (RegularFile, d8
1ba70876605910c3293522d38ba18
7)
                         - 
bitand.hpp (RegularFile, b2d7
63c61367ae6ffb6a713127e3823e)
                         - 
bitor.hpp (RegularFile, 3f07f
884316cf55a7c764bb1d0095baf)
                         - 
bitxor.hpp (RegularFile, 5adb
44614b6cd60e54ff3198f3c218af)
                         - 
deque.hpp (RegularFile, 356c0
9f84a75a34a95d3c427e18eb150)
                         - 
divides.hpp (RegularFile, 0e1
c79959cf6470a544f34a703aaca01
)
                         - 
equal_to.hpp (RegularFile, 6f
e1059da0716c81937df1c038323cf
f)
                         - 
fold_impl.hpp (RegularFile, 1
4d603d92746fdca20f85ee7860218
40)
                         - 
full_lambda.hpp 
(RegularFile, b00248bd6f2ccfe
ee47282c1fb7a11da)
                         - 
greater.hpp (RegularFile, 81e
11faf152a82fefed5d28b0ff1c95d
)
                         - 
greater_equal.hpp 
(RegularFile, 408caaf080b7a9b
8c9a7470225e73b92)
                         - 
inherit.hpp (RegularFile, 3bf
eb96f66cd5e1e38538d19c5fd6d26
)
                         - 
iter_fold_if_impl.hpp 
(RegularFile, 6622dca9b0496ce
3a7ea79e1792cfe3e)
                         - 
iter_fold_impl.hpp 
(RegularFile, 31723432b50d806
4775feda3923ff247)
                         - 
lambda_no_ctps.hpp 
(RegularFile, 5c60b40ecd13dcc
4d4ccf6553248ebcc)
                         - 
less.hpp (RegularFile, e139ac
9038bb6c458824cb1b9c5594e6)
                         - 
less_equal.hpp (RegularFile, 
32b91566b80110f155b0d2b70094b
efb)
                         - 
list.hpp (RegularFile, 61329a
0bc8aaf0f7ed1e2ea81d9e508c)
                         - 
list_c.hpp (RegularFile, 327c
29a271eabb49d2a3b79fee527593)
                         - 
map.hpp (RegularFile, 432941a
54172b7bdec4175892bfafeeb)
                         - 
minus.hpp (RegularFile, 87ba9
cbf79c1eb44a1b3fe4b89553dfa)
                         - 
modulus.hpp (RegularFile, 504
79db390c73c6b425c187143857fc1
)
                         - 
not_equal_to.hpp 
(RegularFile, 51ac8c90429d69b
a040f635fbd118a63)
                         - 
or.hpp (RegularFile, 2bb9f6bc
886735bde3d9d8821faa35b6)
                         - 
placeholders.hpp 
(RegularFile, 5997da4d1bf9d2a
4f4ae06be06079fed)
                         - 
plus.hpp (RegularFile, b9a3e5
50d4770912d955fe309499ccb1)
                         - 
quote.hpp (RegularFile, 7228b
46a46cc40f607aa651fb5885d90)
                         - 
reverse_fold_impl.hpp 
(RegularFile, 88d9e6618bf442f
bf200bc75a7b0750e)
                         - 
reverse_iter_fold_impl.hpp 
(RegularFile, ef701bfc1bea567
c86bf57b1cfff42c5)
                         - 
set.hpp (RegularFile, 30f52dd
cb069d9febdfa917b2a45e61b)
                         - 
set_c.hpp (RegularFile, fe1aa
18a3a5aaef1880180bb91629307)
                         - 
shift_left.hpp (RegularFile, 
bf35b2db983e727a9bcc7277c3bac
f8d)
                         - 
shift_right.hpp 
(RegularFile, e6d26c78b46397b
607cfd6e975c39552)
                         - 
template_arity.hpp 
(RegularFile, 986d05143c95d64
43839b5251a1ba51c)
                         - 
times.hpp (RegularFile, eede5
2a37642f7298f71f84b09ce3e90)
                         - 
unpack_args.hpp 
(RegularFile, 7b8ccf1d485dbc6
b2b7a4ba218d30a34)
                         - 
vector.hpp (RegularFile, 1b3c
f6fc8769422eed9a1551bcaae06e)
                         - 
vector_c.hpp (RegularFile, 4b
acffe67dcde03fb813d573db2ee06
c)
                       - gcc 
(Directory, 1fff6458b31440189
9138d28c76ee1c6)
                         - 
advance_backward.hpp 
(RegularFile, bed68770ac61e0f
9d4255faba822df6c)
                         - 
advance_forward.hpp 
(RegularFile, af0036e6b32150c
e4b2b3300245c607d)
                         - 
and.hpp (RegularFile, 85ab654
cb6f8c346ad32e8f1a8a41e6e)
                         - 
apply.hpp (RegularFile, 3b71b
8c2eb03db0daa324efeec178d99)
                         - 
apply_fwd.hpp (RegularFile, f
3937176602ab86d89da47396d845c
39)
                         - 
apply_wrap.hpp (RegularFile, 
612ea65f7f428099aca0d044e30f0
757)
                         - 
arg.hpp (RegularFile, 7f732a4
c11a0b645c17faee547e6a0f9)
                         - 
basic_bind.hpp (RegularFile, 
612885f37610c8d8f9da4967e85c0
cb8)
                         - 
bind.hpp (RegularFile, bac655
02674d2fdecbec878c45c4c357)
                         - 
bind_fwd.hpp (RegularFile, 79
4498474427b94ab9e41d138c65542
c)
                         - 
bitand.hpp (RegularFile, b2d7
63c61367ae6ffb6a713127e3823e)
                         - 
bitor.hpp (RegularFile, 3f07f
884316cf55a7c764bb1d0095baf)
                         - 
bitxor.hpp (RegularFile, 5adb
44614b6cd60e54ff3198f3c218af)
                         - 
deque.hpp (RegularFile, 356c0
9f84a75a34a95d3c427e18eb150)
                         - 
divides.hpp (RegularFile, 0e1
c79959cf6470a544f34a703aaca01
)
                         - 
equal_to.hpp (RegularFile, 6f
e1059da0716c81937df1c038323cf
f)
                         - 
fold_impl.hpp (RegularFile, 1
4d603d92746fdca20f85ee7860218
40)
                         - 
full_lambda.hpp 
(RegularFile, 057cd540f7da1fd
6ba5337575f427b53)
                         - 
greater.hpp (RegularFile, 81e
11faf152a82fefed5d28b0ff1c95d
)
                         - 
greater_equal.hpp 
(RegularFile, 408caaf080b7a9b
8c9a7470225e73b92)
                         - 
inherit.hpp (RegularFile, 3bf
eb96f66cd5e1e38538d19c5fd6d26
)
                         - 
iter_fold_if_impl.hpp 
(RegularFile, 6622dca9b0496ce
3a7ea79e1792cfe3e)
                         - 
iter_fold_impl.hpp 
(RegularFile, 31723432b50d806
4775feda3923ff247)
                         - 
lambda_no_ctps.hpp 
(RegularFile, 5c60b40ecd13dcc
4d4ccf6553248ebcc)
                         - 
less.hpp (RegularFile, e139ac
9038bb6c458824cb1b9c5594e6)
                         - 
less_equal.hpp (RegularFile, 
32b91566b80110f155b0d2b70094b
efb)
                         - 
list.hpp (RegularFile, 61329a
0bc8aaf0f7ed1e2ea81d9e508c)
                         - 
list_c.hpp (RegularFile, 327c
29a271eabb49d2a3b79fee527593)
                         - 
map.hpp (RegularFile, 432941a
54172b7bdec4175892bfafeeb)
                         - 
minus.hpp (RegularFile, 87ba9
cbf79c1eb44a1b3fe4b89553dfa)
                         - 
modulus.hpp (RegularFile, 504
79db390c73c6b425c187143857fc1
)
                         - 
not_equal_to.hpp 
(RegularFile, 51ac8c90429d69b
a040f635fbd118a63)
                         - 
or.hpp (RegularFile, 2bb9f6bc
886735bde3d9d8821faa35b6)
                         - 
placeholders.hpp 
(RegularFile, 5997da4d1bf9d2a
4f4ae06be06079fed)
                         - 
plus.hpp (RegularFile, b9a3e5
50d4770912d955fe309499ccb1)
                         - 
quote.hpp (RegularFile, 39272
432045f8a57f28ab9f9c07ce8eb)
                         - 
reverse_fold_impl.hpp 
(RegularFile, 88d9e6618bf442f
bf200bc75a7b0750e)
                         - 
reverse_iter_fold_impl.hpp 
(RegularFile, ef701bfc1bea567
c86bf57b1cfff42c5)
                         - 
set.hpp (RegularFile, 30f52dd
cb069d9febdfa917b2a45e61b)
                         - 
set_c.hpp (RegularFile, fe1aa
18a3a5aaef1880180bb91629307)
                         - 
shift_left.hpp (RegularFile, 
bf35b2db983e727a9bcc7277c3bac
f8d)
                         - 
shift_right.hpp 
(RegularFile, e6d26c78b46397b
607cfd6e975c39552)
                         - 
template_arity.hpp 
(RegularFile, 13dd5fd6d650f46
273be15e774289f9e)
                         - 
times.hpp (RegularFile, eede5
2a37642f7298f71f84b09ce3e90)
                         - 
unpack_args.hpp 
(RegularFile, 7b8ccf1d485dbc6
b2b7a4ba218d30a34)
                         - 
vector.hpp (RegularFile, 1b3c
f6fc8769422eed9a1551bcaae06e)
                         - 
vector_c.hpp (RegularFile, 4b
acffe67dcde03fb813d573db2ee06
c)
                       - 
msvc60 (Directory, bdcc8d9db7
3c62b5eb8e05eff8b9afb1)
                         - 
advance_backward.hpp 
(RegularFile, 18fbc5e225bb8f9
a2c64f8d58789a505)
                         - 
advance_forward.hpp 
(RegularFile, b77f050f7df93fd
feacac467924fc2f3)
                         - 
and.hpp (RegularFile, b7a9bc3
d4652de149c50c5e94861769e)
                         - 
apply.hpp (RegularFile, 273f5
09a9e50600c9b895fa2b93d045a)
                         - 
apply_fwd.hpp (RegularFile, a
33809362e0222f08ad3183e6398ac
34)
                         - 
apply_wrap.hpp (RegularFile, 
ee013526acd530bdd0284f0fe5b5d
a93)
                         - 
arg.hpp (RegularFile, 7f732a4
c11a0b645c17faee547e6a0f9)
                         - 
basic_bind.hpp (RegularFile, 
e763d28116b3e288598b2fee64ff5
df8)
                         - 
bind.hpp (RegularFile, c1aba3
59e25b2dca5f4cfb0d88b09f1e)
                         - 
bind_fwd.hpp (RegularFile, ea
704fdef019c25771ccf4176d0e1e8
c)
                         - 
bitand.hpp (RegularFile, e6b3
3e55a67638da6b56b02f9e60daad)
                         - 
bitor.hpp (RegularFile, 7dcc6
ce0139048dbfdee49ea14c62f99)
                         - 
bitxor.hpp (RegularFile, 4979
e63be6037f44cccec17a1e3849d0)
                         - 
deque.hpp (RegularFile, ff7b4
93925960265987d4fc3e3977cdd)
                         - 
divides.hpp (RegularFile, 19f
4f67520f10dcb9ef97e9aca09508f
)
                         - 
equal_to.hpp (RegularFile, 27
edb468532ade5d2e09e9f87abe180
6)
                         - 
fold_impl.hpp (RegularFile, 8
aa40cd201e32615a4c7d6d1176b4b
d2)
                         - 
full_lambda.hpp 
(RegularFile, 71d8fb3fe596d61
4b152706f92036562)
                         - 
greater.hpp (RegularFile, 0c0
ceffac0b3aa7bf01ea17568d52e1e
)
                         - 
greater_equal.hpp 
(RegularFile, acfd1a463f66020
0a74040f349a4c476)
                         - 
inherit.hpp (RegularFile, c12
74bd7684573e3c2590cf8c4a96ff5
)
                         - 
iter_fold_if_impl.hpp 
(RegularFile, 6622dca9b0496ce
3a7ea79e1792cfe3e)
                         - 
iter_fold_impl.hpp 
(RegularFile, de2fec6a0a3c229
ee97d986d569f9c05)
                         - 
lambda_no_ctps.hpp 
(RegularFile, 5c60b40ecd13dcc
4d4ccf6553248ebcc)
                         - 
less.hpp (RegularFile, cfdd15
6a59a264071beacfb99333cdf8)
                         - 
less_equal.hpp (RegularFile, 
4d9a7d904de4c43b1e63335cfe5de
4e7)
                         - 
list.hpp (RegularFile, 1871fb
b14b2969fa86a3d2a3fbb935e2)
                         - 
list_c.hpp (RegularFile, 84ca
31ae542c18ad4f0602091cd9ceb6)
                         - 
map.hpp (RegularFile, 5a32759
1a80674349e30b6223ecb2a45)
                         - 
minus.hpp (RegularFile, 09b64
f4da38de9bd2ec2f6d6066020a3)
                         - 
modulus.hpp (RegularFile, a95
b74574e76a0f52f6f5b41c42bf293
)
                         - 
not_equal_to.hpp 
(RegularFile, 692f394fd5ffaa1
6f1d5556ffc48facd)
                         - 
or.hpp (RegularFile, c6e6f5f4
8fc6efb7f60620162e53ed0f)
                         - 
placeholders.hpp 
(RegularFile, 5997da4d1bf9d2a
4f4ae06be06079fed)
                         - 
plus.hpp (RegularFile, 7a4f68
87ed2afb59454bed563751b96d)
                         - 
quote.hpp (RegularFile, 41e56
46c76826cc0ef766ef8f0aeb614)
                         - 
reverse_fold_impl.hpp 
(RegularFile, e700b9d8f117e1c
fa48f46b53f275cf5)
                         - 
reverse_iter_fold_impl.hpp 
(RegularFile, 381e44f7fdb64ce
8db4f086d1a3a4a8f)
                         - 
set.hpp (RegularFile, e2b428e
45dd5c90d7104112225d7b937)
                         - 
set_c.hpp (RegularFile, ffdb0
671adc9abd769e14ed82954ebb4)
                         - 
shift_left.hpp (RegularFile, 
104b7ceac386ca9f11be379ed1eb5
1f5)
                         - 
shift_right.hpp 
(RegularFile, f8e1ac6355c4c11
2df92767bd888fecc)
                         - 
template_arity.hpp 
(RegularFile, ee8bc9d61281f95
945023b0d2bce09e9)
                         - 
times.hpp (RegularFile, 767a8
b76ec44fbf13795f24c0ed1fa28)
                         - 
unpack_args.hpp 
(RegularFile, 33dbe5ec374187d
fede914fb6cb17211)
                         - 
vector.hpp (RegularFile, 0b63
7207de872b54d2a9c22082b024fd)
                         - 
vector_c.hpp (RegularFile, 53
c2d427c092532b21ec657099bbbe3
b)
                       - 
msvc70 (Directory, f90305c7b6
b8abd9eaea504d324afa9b)
                         - 
advance_backward.hpp 
(RegularFile, bed68770ac61e0f
9d4255faba822df6c)
                         - 
advance_forward.hpp 
(RegularFile, af0036e6b32150c
e4b2b3300245c607d)
                         - 
and.hpp (RegularFile, fbba5a6
4178c9fb943a10b1dda631ea8)
                         - 
apply.hpp (RegularFile, 067a7
bd4622ce08a587dea772abf0dc2)
                         - 
apply_fwd.hpp (RegularFile, a
33809362e0222f08ad3183e6398ac
34)
                         - 
apply_wrap.hpp (RegularFile, 
2596def219fa132797f22ee586ee8
271)
                         - 
arg.hpp (RegularFile, 7f732a4
c11a0b645c17faee547e6a0f9)
                         - 
basic_bind.hpp (RegularFile, 
e763d28116b3e288598b2fee64ff5
df8)
                         - 
bind.hpp (RegularFile, c1aba3
59e25b2dca5f4cfb0d88b09f1e)
                         - 
bind_fwd.hpp (RegularFile, ea
704fdef019c25771ccf4176d0e1e8
c)
                         - 
bitand.hpp (RegularFile, d035
d4532f25f1556d52e251e95e42e5)
                         - 
bitor.hpp (RegularFile, 83cdf
34c7396f9351eef85987a1d0f6d)
                         - 
bitxor.hpp (RegularFile, 4022
91c6a8066aeb85725728e49d8342)
                         - 
deque.hpp (RegularFile, ff7b4
93925960265987d4fc3e3977cdd)
                         - 
divides.hpp (RegularFile, e40
e30be945d9601359515f668148951
)
                         - 
equal_to.hpp (RegularFile, d1
cf8673294ea0ac287ec6812ab5e68
7)
                         - 
fold_impl.hpp (RegularFile, 2
f848405ae1303eb2e3bfc9a63b8df
d9)
                         - 
full_lambda.hpp 
(RegularFile, 71d8fb3fe596d61
4b152706f92036562)
                         - 
greater.hpp (RegularFile, 2b1
20b302a171f5f326b774d7fdb68e2
)
                         - 
greater_equal.hpp 
(RegularFile, 8b0ef3dd3650129
4c0064daded39bd3f)
                         - 
inherit.hpp (RegularFile, c12
74bd7684573e3c2590cf8c4a96ff5
)
                         - 
iter_fold_if_impl.hpp 
(RegularFile, 6622dca9b0496ce
3a7ea79e1792cfe3e)
                         - 
iter_fold_impl.hpp 
(RegularFile, 08e3faac3976732
1944e893916ca3b10)
                         - 
lambda_no_ctps.hpp 
(RegularFile, 5c60b40ecd13dcc
4d4ccf6553248ebcc)
                         - 
less.hpp (RegularFile, e08628
fa80e0a524b0f9a957df082689)
                         - 
less_equal.hpp (RegularFile, 
76c7f5a1ebffa26a8643eeae37c39
685)
                         - 
list.hpp (RegularFile, 1871fb
b14b2969fa86a3d2a3fbb935e2)
                         - 
list_c.hpp (RegularFile, 84ca
31ae542c18ad4f0602091cd9ceb6)
                         - 
map.hpp (RegularFile, 5a32759
1a80674349e30b6223ecb2a45)
                         - 
minus.hpp (RegularFile, c1aa9
d989ba89dce41cdd806f90446c8)
                         - 
modulus.hpp (RegularFile, 8d4
9e34c22f1ea94d1dd76065bce68e9
)
                         - 
not_equal_to.hpp 
(RegularFile, 7db7db21094a86a
aa7e6e1d3f0eabc82)
                         - 
or.hpp (RegularFile, bde141a1
44a59368b2f92fb4ab186bfd)
                         - 
placeholders.hpp 
(RegularFile, 5997da4d1bf9d2a
4f4ae06be06079fed)
                         - 
plus.hpp (RegularFile, 680fa9
83abda643d0e10d07d726586ba)
                         - 
quote.hpp (RegularFile, fdf22
a6fd7c68035ddfd05255728645e)
                         - 
reverse_fold_impl.hpp 
(RegularFile, 596b13de310e95d
e5b0ba1d0504365ea)
                         - 
reverse_iter_fold_impl.hpp 
(RegularFile, 7cea1d276157dde
3b4e7f5e0c321505e)
                         - 
set.hpp (RegularFile, e2b428e
45dd5c90d7104112225d7b937)
                         - 
set_c.hpp (RegularFile, ffdb0
671adc9abd769e14ed82954ebb4)
                         - 
shift_left.hpp (RegularFile, 
e9093e9a8a6ef4188818c19716862
2af)
                         - 
shift_right.hpp 
(RegularFile, 9788f094977792b
dec190270109e8da2)
                         - 
template_arity.hpp 
(RegularFile, ee8bc9d61281f95
945023b0d2bce09e9)
                         - 
times.hpp (RegularFile, 20ee9
8d3713de705eed402c4df1ef2e0)
                         - 
unpack_args.hpp 
(RegularFile, 33dbe5ec374187d
fede914fb6cb17211)
                         - 
vector.hpp (RegularFile, 0b63
7207de872b54d2a9c22082b024fd)
                         - 
vector_c.hpp (RegularFile, 53
c2d427c092532b21ec657099bbbe3
b)
                       - 
mwcw (Directory, a65b9decb120
8d782e056fa3244208aa)
                         - 
advance_backward.hpp 
(RegularFile, bed68770ac61e0f
9d4255faba822df6c)
                         - 
advance_forward.hpp 
(RegularFile, af0036e6b32150c
e4b2b3300245c607d)
                         - 
and.hpp (RegularFile, 85ab654
cb6f8c346ad32e8f1a8a41e6e)
                         - 
apply.hpp (RegularFile, 3b71b
8c2eb03db0daa324efeec178d99)
                         - 
apply_fwd.hpp (RegularFile, f
3937176602ab86d89da47396d845c
39)
                         - 
apply_wrap.hpp (RegularFile, 
2d21383d262d81a3c783f14e77f4e
ad9)
                         - 
arg.hpp (RegularFile, 7f732a4
c11a0b645c17faee547e6a0f9)
                         - 
basic_bind.hpp (RegularFile, 
612885f37610c8d8f9da4967e85c0
cb8)
                         - 
bind.hpp (RegularFile, bac655
02674d2fdecbec878c45c4c357)
                         - 
bind_fwd.hpp (RegularFile, 79
4498474427b94ab9e41d138c65542
c)
                         - 
bitand.hpp (RegularFile, b2d7
63c61367ae6ffb6a713127e3823e)
                         - 
bitor.hpp (RegularFile, 3f07f
884316cf55a7c764bb1d0095baf)
                         - 
bitxor.hpp (RegularFile, 5adb
44614b6cd60e54ff3198f3c218af)
                         - 
deque.hpp (RegularFile, 356c0
9f84a75a34a95d3c427e18eb150)
                         - 
divides.hpp (RegularFile, 0e1
c79959cf6470a544f34a703aaca01
)
                         - 
equal_to.hpp (RegularFile, 6f
e1059da0716c81937df1c038323cf
f)
                         - 
fold_impl.hpp (RegularFile, 1
4d603d92746fdca20f85ee7860218
40)
                         - 
full_lambda.hpp 
(RegularFile, 71d8fb3fe596d61
4b152706f92036562)
                         - 
greater.hpp (RegularFile, 81e
11faf152a82fefed5d28b0ff1c95d
)
                         - 
greater_equal.hpp 
(RegularFile, 408caaf080b7a9b
8c9a7470225e73b92)
                         - 
inherit.hpp (RegularFile, 3bf
eb96f66cd5e1e38538d19c5fd6d26
)
                         - 
iter_fold_if_impl.hpp 
(RegularFile, 6622dca9b0496ce
3a7ea79e1792cfe3e)
                         - 
iter_fold_impl.hpp 
(RegularFile, 31723432b50d806
4775feda3923ff247)
                         - 
lambda_no_ctps.hpp 
(RegularFile, 5c60b40ecd13dcc
4d4ccf6553248ebcc)
                         - 
less.hpp (RegularFile, e139ac
9038bb6c458824cb1b9c5594e6)
                         - 
less_equal.hpp (RegularFile, 
32b91566b80110f155b0d2b70094b
efb)
                         - 
list.hpp (RegularFile, 61329a
0bc8aaf0f7ed1e2ea81d9e508c)
                         - 
list_c.hpp (RegularFile, 327c
29a271eabb49d2a3b79fee527593)
                         - 
map.hpp (RegularFile, 432941a
54172b7bdec4175892bfafeeb)
                         - 
minus.hpp (RegularFile, 87ba9
cbf79c1eb44a1b3fe4b89553dfa)
                         - 
modulus.hpp (RegularFile, 504
79db390c73c6b425c187143857fc1
)
                         - 
not_equal_to.hpp 
(RegularFile, 51ac8c90429d69b
a040f635fbd118a63)
                         - 
or.hpp (RegularFile, 2bb9f6bc
886735bde3d9d8821faa35b6)
                         - 
placeholders.hpp 
(RegularFile, 5997da4d1bf9d2a
4f4ae06be06079fed)
                         - 
plus.hpp (RegularFile, b9a3e5
50d4770912d955fe309499ccb1)
                         - 
quote.hpp (RegularFile, 7228b
46a46cc40f607aa651fb5885d90)
                         - 
reverse_fold_impl.hpp 
(RegularFile, 88d9e6618bf442f
bf200bc75a7b0750e)
                         - 
reverse_iter_fold_impl.hpp 
(RegularFile, ef701bfc1bea567
c86bf57b1cfff42c5)
                         - 
set.hpp (RegularFile, 30f52dd
cb069d9febdfa917b2a45e61b)
                         - 
set_c.hpp (RegularFile, fe1aa
18a3a5aaef1880180bb91629307)
                         - 
shift_left.hpp (RegularFile, 
bf35b2db983e727a9bcc7277c3bac
f8d)
                         - 
shift_right.hpp 
(RegularFile, e6d26c78b46397b
607cfd6e975c39552)
                         - 
template_arity.hpp 
(RegularFile, 986d05143c95d64
43839b5251a1ba51c)
                         - 
times.hpp (RegularFile, eede5
2a37642f7298f71f84b09ce3e90)
                         - 
unpack_args.hpp 
(RegularFile, 7b8ccf1d485dbc6
b2b7a4ba218d30a34)
                         - 
vector.hpp (RegularFile, 1b3c
f6fc8769422eed9a1551bcaae06e)
                         - 
vector_c.hpp (RegularFile, 4b
acffe67dcde03fb813d573db2ee06
c)
                       - 
no_ctps (Directory, 87c345dee
acf21383610c2f9459f7d35)
                         - 
advance_backward.hpp 
(RegularFile, bed68770ac61e0f
9d4255faba822df6c)
                         - 
advance_forward.hpp 
(RegularFile, af0036e6b32150c
e4b2b3300245c607d)
                         - 
and.hpp (RegularFile, b7a9bc3
d4652de149c50c5e94861769e)
                         - 
apply.hpp (RegularFile, ff535
91e7f6e4fc8efcb1dc15bab1aee)
                         - 
apply_fwd.hpp (RegularFile, 0
b5f78aeeb48d9d666e1763919d80e
9e)
                         - 
apply_wrap.hpp (RegularFile, 
715de882d8de31b7d153f9ead8831
894)
                         - 
arg.hpp (RegularFile, 7f732a4
c11a0b645c17faee547e6a0f9)
                         - 
basic_bind.hpp (RegularFile, 
af342dc0037e6884a7ef45fd380fa
ede)
                         - 
bind.hpp (RegularFile, 61f4b0
da220b186656b60405b5b6c6c4)
                         - 
bind_fwd.hpp (RegularFile, 79
4498474427b94ab9e41d138c65542
c)
                         - 
bitand.hpp (RegularFile, abb2
60d2de359b294bb28920bf0ca99a)
                         - 
bitor.hpp (RegularFile, 8ba4b
16256dfd568dd810c05f219160c)
                         - 
bitxor.hpp (RegularFile, dc9e
691edf1cf8a88e0acb50b146c354)
                         - 
deque.hpp (RegularFile, ff7b4
93925960265987d4fc3e3977cdd)
                         - 
divides.hpp (RegularFile, ec4
c6476028e411250554e31b7bb3973
)
                         - 
equal_to.hpp (RegularFile, 98
ee5ecbf4d37cf45d1a2e1330b5c8a
a)
                         - 
fold_impl.hpp (RegularFile, 2
f848405ae1303eb2e3bfc9a63b8df
d9)
                         - 
full_lambda.hpp 
(RegularFile, 71d8fb3fe596d61
4b152706f92036562)
                         - 
greater.hpp (RegularFile, 246
1203c9c0d8edd6f87be787ae03ce6
)
                         - 
greater_equal.hpp 
(RegularFile, 8326b9eab079c82
a27747e18efa8feee)
                         - 
inherit.hpp (RegularFile, c12
74bd7684573e3c2590cf8c4a96ff5
)
                         - 
iter_fold_if_impl.hpp 
(RegularFile, 6622dca9b0496ce
3a7ea79e1792cfe3e)
                         - 
iter_fold_impl.hpp 
(RegularFile, 08e3faac3976732
1944e893916ca3b10)
                         - 
lambda_no_ctps.hpp 
(RegularFile, 5c60b40ecd13dcc
4d4ccf6553248ebcc)
                         - 
less.hpp (RegularFile, 113307
2a983818193535deff574dc753)
                         - 
less_equal.hpp (RegularFile, 
569d904abbd22b84b536aa57bf674
4a5)
                         - 
list.hpp (RegularFile, 1871fb
b14b2969fa86a3d2a3fbb935e2)
                         - 
list_c.hpp (RegularFile, 84ca
31ae542c18ad4f0602091cd9ceb6)
                         - 
map.hpp (RegularFile, 5a32759
1a80674349e30b6223ecb2a45)
                         - 
minus.hpp (RegularFile, 69701
617f098ef992e2eff4df9591079)
                         - 
modulus.hpp (RegularFile, 602
682187f7b0686cbacde4a051c4d65
)
                         - 
not_equal_to.hpp 
(RegularFile, 0755b66928711ea
d14467fe2dda6c925)
                         - 
or.hpp (RegularFile, c6e6f5f4
8fc6efb7f60620162e53ed0f)
                         - 
placeholders.hpp 
(RegularFile, 5997da4d1bf9d2a
4f4ae06be06079fed)
                         - 
plus.hpp (RegularFile, e39bea
a66e7d822110738d3e914d81f0)
                         - 
quote.hpp (RegularFile, fdf22
a6fd7c68035ddfd05255728645e)
                         - 
reverse_fold_impl.hpp 
(RegularFile, 596b13de310e95d
e5b0ba1d0504365ea)
                         - 
reverse_iter_fold_impl.hpp 
(RegularFile, 7cea1d276157dde
3b4e7f5e0c321505e)
                         - 
set.hpp (RegularFile, e2b428e
45dd5c90d7104112225d7b937)
                         - 
set_c.hpp (RegularFile, ffdb0
671adc9abd769e14ed82954ebb4)
                         - 
shift_left.hpp (RegularFile, 
5099ff0b945c07f75c27ea236cf0d
742)
                         - 
shift_right.hpp 
(RegularFile, ffeae4989fbfa59
8412a243846f83fd6)
                         - 
template_arity.hpp 
(RegularFile, 32c8be53a40f1de
688488ebae6c180b3)
                         - 
times.hpp (RegularFile, 7cd1b
a86e8033fb9b2a1289ff97e29d2)
                         - 
unpack_args.hpp 
(RegularFile, 33dbe5ec374187d
fede914fb6cb17211)
                         - 
vector.hpp (RegularFile, 0b63
7207de872b54d2a9c22082b024fd)
                         - 
vector_c.hpp (RegularFile, 53
c2d427c092532b21ec657099bbbe3
b)
                       - 
no_ttp (Directory, c542c28589
2e24c2846c02dd314a64f1)
                         - 
advance_backward.hpp 
(RegularFile, bed68770ac61e0f
9d4255faba822df6c)
                         - 
advance_forward.hpp 
(RegularFile, af0036e6b32150c
e4b2b3300245c607d)
                         - 
and.hpp (RegularFile, 85ab654
cb6f8c346ad32e8f1a8a41e6e)
                         - 
apply.hpp (RegularFile, 3b71b
8c2eb03db0daa324efeec178d99)
                         - 
apply_fwd.hpp (RegularFile, f
3937176602ab86d89da47396d845c
39)
                         - 
apply_wrap.hpp (RegularFile, 
612ea65f7f428099aca0d044e30f0
757)
                         - 
arg.hpp (RegularFile, 7f732a4
c11a0b645c17faee547e6a0f9)
                         - 
basic_bind.hpp (RegularFile, 
4b44ba9b47bcb460dcff09e2820a4
a68)
                         - 
bind.hpp (RegularFile, 8369fc
7aac666c5a9802f79c758ea5e4)
                         - 
bind_fwd.hpp (RegularFile, 79
4498474427b94ab9e41d138c65542
c)
                         - 
bitand.hpp (RegularFile, 489b
99b358c6565e4df6f7d870bf1873)
                         - 
bitor.hpp (RegularFile, fdbc8
bc0b276922a82f3f437f4127c29)
                         - 
bitxor.hpp (RegularFile, e8a3
e8253cb74010986202c78b87271e)
                         - 
deque.hpp (RegularFile, 356c0
9f84a75a34a95d3c427e18eb150)
                         - 
divides.hpp (RegularFile, 35e
9d2bbea11edba4ff9ab164cb55cfb
)
                         - 
equal_to.hpp (RegularFile, b9
a4bc714a95f4443f247e98fe42b4f
2)
                         - 
fold_impl.hpp (RegularFile, 1
4d603d92746fdca20f85ee7860218
40)
                         - 
full_lambda.hpp 
(RegularFile, 71d8fb3fe596d61
4b152706f92036562)
                         - 
greater.hpp (RegularFile, 085
1959123e77389c10fb7c4399e9c9b
)
                         - 
greater_equal.hpp 
(RegularFile, e80f334f825ec02
eb70557e2146491e9)
                         - 
inherit.hpp (RegularFile, 3bf
eb96f66cd5e1e38538d19c5fd6d26
)
                         - 
iter_fold_if_impl.hpp 
(RegularFile, 6622dca9b0496ce
3a7ea79e1792cfe3e)
                         - 
iter_fold_impl.hpp 
(RegularFile, 31723432b50d806
4775feda3923ff247)
                         - 
lambda_no_ctps.hpp 
(RegularFile, 5c60b40ecd13dcc
4d4ccf6553248ebcc)
                         - 
less.hpp (RegularFile, d43786
d581921c69f6c451f1e10d85cf)
                         - 
less_equal.hpp (RegularFile, 
0c65ad2a3c7f7dbb5565c3cf1f5bc
de5)
                         - 
list.hpp (RegularFile, 61329a
0bc8aaf0f7ed1e2ea81d9e508c)
                         - 
list_c.hpp (RegularFile, 327c
29a271eabb49d2a3b79fee527593)
                         - 
map.hpp (RegularFile, 432941a
54172b7bdec4175892bfafeeb)
                         - 
minus.hpp (RegularFile, a38af
093b9b46ae27e0e29526083c84c)
                         - 
modulus.hpp (RegularFile, 9c6
3d2e70333167ff6177e0682d4ea73
)
                         - 
not_equal_to.hpp 
(RegularFile, 75a54ab3b7810c2
898303e88b8ab8075)
                         - 
or.hpp (RegularFile, 2bb9f6bc
886735bde3d9d8821faa35b6)
                         - 
placeholders.hpp 
(RegularFile, 5997da4d1bf9d2a
4f4ae06be06079fed)
                         - 
plus.hpp (RegularFile, d32656
049640a1059f5f64df6062509e)
                         - 
quote.hpp (RegularFile, 41e56
46c76826cc0ef766ef8f0aeb614)
                         - 
reverse_fold_impl.hpp 
(RegularFile, 88d9e6618bf442f
bf200bc75a7b0750e)
                         - 
reverse_iter_fold_impl.hpp 
(RegularFile, ef701bfc1bea567
c86bf57b1cfff42c5)
                         - 
set.hpp (RegularFile, 30f52dd
cb069d9febdfa917b2a45e61b)
                         - 
set_c.hpp (RegularFile, fe1aa
18a3a5aaef1880180bb91629307)
                         - 
shift_left.hpp (RegularFile, 
fdfc967ca3a929377ca4b8a6fdca2
7e7)
                         - 
shift_right.hpp 
(RegularFile, d2644a7ca869ba8
ec7edef619f4d445a)
                         - 
template_arity.hpp 
(RegularFile, 32c8be53a40f1de
688488ebae6c180b3)
                         - 
times.hpp (RegularFile, db729
cb122ef50442e483cac3868d664)
                         - 
unpack_args.hpp 
(RegularFile, 7b8ccf1d485dbc6
b2b7a4ba218d30a34)
                         - 
vector.hpp (RegularFile, 1b3c
f6fc8769422eed9a1551bcaae06e)
                         - 
vector_c.hpp (RegularFile, 4b
acffe67dcde03fb813d573db2ee06
c)
                       - 
plain (Directory, 6b774baf6f9
3ef4211489a9ab9c37aa2)
                         - 
advance_backward.hpp 
(RegularFile, bed68770ac61e0f
9d4255faba822df6c)
                         - 
advance_forward.hpp 
(RegularFile, af0036e6b32150c
e4b2b3300245c607d)
                         - 
and.hpp (RegularFile, a7ef65b
d285fe9ee7696734deafed1ab)
                         - 
apply.hpp (RegularFile, 35bab
bbb1fabfa8d684a328b5ac7ff65)
                         - 
apply_fwd.hpp (RegularFile, f
3937176602ab86d89da47396d845c
39)
                         - 
apply_wrap.hpp (RegularFile, 
612ea65f7f428099aca0d044e30f0
757)
                         - 
arg.hpp (RegularFile, 7f732a4
c11a0b645c17faee547e6a0f9)
                         - 
basic_bind.hpp (RegularFile, 
612885f37610c8d8f9da4967e85c0
cb8)
                         - 
bind.hpp (RegularFile, bac655
02674d2fdecbec878c45c4c357)
                         - 
bind_fwd.hpp (RegularFile, 79
4498474427b94ab9e41d138c65542
c)
                         - 
bitand.hpp (RegularFile, 2d66
1d175873855e286efe766345e918)
                         - 
bitor.hpp (RegularFile, 2796b
60d20aa0c2f39675de18616e5d5)
                         - 
bitxor.hpp (RegularFile, a0a9
eb7fb48db04dccf41301f1147e07)
                         - 
deque.hpp (RegularFile, 356c0
9f84a75a34a95d3c427e18eb150)
                         - 
divides.hpp (RegularFile, 917
5d5a7edcc8ddd10c740ab155e170c
)
                         - 
equal_to.hpp (RegularFile, e4
9d86394a289f02001a24c1848accd
c)
                         - 
fold_impl.hpp (RegularFile, 1
4d603d92746fdca20f85ee7860218
40)
                         - 
full_lambda.hpp 
(RegularFile, 71d8fb3fe596d61
4b152706f92036562)
                         - 
greater.hpp (RegularFile, e7b
ab63926f16aaf5f913cc854c55305
)
                         - 
greater_equal.hpp 
(RegularFile, b214df6cd8529f8
3c13a354dde03418d)
                         - 
inherit.hpp (RegularFile, af4
a9cea633452df600d84ed4bfe5195
)
                         - 
iter_fold_if_impl.hpp 
(RegularFile, 6622dca9b0496ce
3a7ea79e1792cfe3e)
                         - 
iter_fold_impl.hpp 
(RegularFile, 31723432b50d806
4775feda3923ff247)
                         - 
lambda_no_ctps.hpp 
(RegularFile, 7c48c26c8848894
bb848408642400bd8)
                         - 
less.hpp (RegularFile, 1ba8fe
5265c4612a1cd6b7935c31adc7)
                         - 
less_equal.hpp (RegularFile, 
da645c566f20d512b83ca00568df6
953)
                         - 
list.hpp (RegularFile, 61329a
0bc8aaf0f7ed1e2ea81d9e508c)
                         - 
list_c.hpp (RegularFile, 327c
29a271eabb49d2a3b79fee527593)
                         - 
map.hpp (RegularFile, 432941a
54172b7bdec4175892bfafeeb)
                         - 
minus.hpp (RegularFile, 3f206
5d014b05ddaa95b63fe552e7300)
                         - 
modulus.hpp (RegularFile, a82
39ffaba7886e08d0a20bdb0a59e09
)
                         - 
not_equal_to.hpp 
(RegularFile, 8ef4368e42cf6b6
59b128429d0fa4fbc)
                         - 
or.hpp (RegularFile, 5bd8f5e6
9212a173c078d87b6a73298a)
                         - 
placeholders.hpp 
(RegularFile, 5997da4d1bf9d2a
4f4ae06be06079fed)
                         - 
plus.hpp (RegularFile, be66b1
56db04b44768c072fe973ffbe5)
                         - 
quote.hpp (RegularFile, 7228b
46a46cc40f607aa651fb5885d90)
                         - 
reverse_fold_impl.hpp 
(RegularFile, 88d9e6618bf442f
bf200bc75a7b0750e)
                         - 
reverse_iter_fold_impl.hpp 
(RegularFile, ef701bfc1bea567
c86bf57b1cfff42c5)
                         - 
set.hpp (RegularFile, 30f52dd
cb069d9febdfa917b2a45e61b)
                         - 
set_c.hpp (RegularFile, fe1aa
18a3a5aaef1880180bb91629307)
                         - 
shift_left.hpp (RegularFile, 
f596b8f3a0fd1a953549dc477c385
594)
                         - 
shift_right.hpp 
(RegularFile, 9a6a08ffcc1bcde
34ced2db8b8011b75)
                         - 
template_arity.hpp 
(RegularFile, 986d05143c95d64
43839b5251a1ba51c)
                         - 
times.hpp (RegularFile, 0d253
96dfcf085f0d57b88ccb6d7ba39)
                         - 
unpack_args.hpp 
(RegularFile, 7b8ccf1d485dbc6
b2b7a4ba218d30a34)
                         - 
vector.hpp (RegularFile, 1b3c
f6fc8769422eed9a1551bcaae06e)
                         - 
vector_c.hpp (RegularFile, 4b
acffe67dcde03fb813d573db2ee06
c)
                     - 
preprocessor (Directory, 4176
f2f531c0c7a010f87075feef9973)
                       - 
add.hpp (RegularFile, 0465c30
0245b32313fbdd304509ace19)
                       - 
def_params_tail.hpp 
(RegularFile, 46e25fa2462d8ab
2f0a3aceeaacc63fb)
                       - 
default_params.hpp 
(RegularFile, 9965211f642bd1c
c4b507d223e65803c)
                       - 
enum.hpp (RegularFile, cf41cd
d3e1068692aa3cd891b886f662)
                       - 
ext_params.hpp (RegularFile, 
e938ba7bfb983e00f8cc2d61379f4
8c7)
                       - 
filter_params.hpp 
(RegularFile, 61931ee08651cab
19d1d3feeccad7921)
                       - 
is_seq.hpp (RegularFile, 488c
bf18e74c50565a36e76df9589fd9)
                       - 
params.hpp (RegularFile, 8743
9697c19137208763399a73993ff6)
                       - 
partial_spec_params.hpp 
(RegularFile, d9b66754bf3cd72
1dc95c9374276f37e)
                       - 
range.hpp (RegularFile, d5b45
58d26facc5ec3049a8d40d21622)
                       - 
repeat.hpp (RegularFile, 898a
cdce5c3cf8df345dc44c1e38c330)
                       - 
sub.hpp (RegularFile, 90dfaaa
3f5c38bfe808e92bfe610b559)
                       - 
token_equal.hpp 
(RegularFile, 350bfcaf4aa99b2
4027284e435c4400e)
                       - 
tuple.hpp (RegularFile, 6e264
f1b99f44710eb5a0a41656836e5)
                     - 
ptr_to_ref.hpp (RegularFile, 
8179ba04d968afc54eb20b91c3507
822)
                     - 
push_back_impl.hpp 
(RegularFile, 6802fd0a59be808
3399a59c210312e0c)
                     - 
push_front_impl.hpp 
(RegularFile, 091ee23dd5cd0fe
3e9a9772393b6dfec)
                     - 
range_c (Directory, 30d2f703e
4fc153056d75de77e2e79cd)
                       - 
back.hpp (RegularFile, f77692
bc72308ed9d09cce4b973b1bd5)
                       - 
empty.hpp (RegularFile, 6f82f
461c7d515a43775fd783f723c00)
                       - 
front.hpp (RegularFile, a0e4b
5eddbea112cb9f8969a3c6b2e6f)
                       - 
iterator.hpp (RegularFile, 2e
f8a6602ddd3a05dd499837ba28400
a)
                       - 
O1_size.hpp (RegularFile, 275
15802fc6233283f7be92403f28f89
)
                       - 
size.hpp (RegularFile, 2048c1
a52bb8397fd1841b99a9b4ffc3)
                       - 
tag.hpp (RegularFile, b80b50d
99b7ff1447659e2a9d80f64ea)
                     - 
reverse_fold_impl.hpp 
(RegularFile, d4a8c1ae966c3a1
eaceab0f68b4d6bf3)
                     - 
reverse_fold_impl_body.hpp 
(RegularFile, e4b8e73eec0e24f
5d480f5942b17f6ad)
                     - 
reverse_iter_fold_impl.hpp 
(RegularFile, 5405b9472d57d26
5d1b3e30e331daf23)
                     - 
sequence_wrapper.hpp 
(RegularFile, 64dfddb2d955313
21ac67ceb6cf0915f)
                     - 
shift_op.hpp (RegularFile, 79
fa3183167f45e5398a78242fb86b3
b)
                     - 
single_element_iter.hpp 
(RegularFile, faef7a4930a50ec
eb9283324c85b3ac1)
                     - 
size_impl.hpp (RegularFile, 4
3d6cd5f0ad5b626f5d1c9368745ee
6b)
                     - 
sort_impl.hpp (RegularFile, 3
cd4f62c3dc18e30d0af90bbd929d4
b0)
                     - 
static_cast.hpp 
(RegularFile, ad1eea39d720f93
34d6448562ad7d359)
                     - 
template_arity.hpp 
(RegularFile, ed722d36a0dae1a
f5aa14b2b9ce25c4f)
                     - 
template_arity_fwd.hpp 
(RegularFile, 0b95318daa81893
67461693e0f34ee8a)
                     - test 
(Directory, 9b5d4172e604edc42
4d33a8724717525)
                       - 
assert.hpp (RegularFile, 45b0
7ff2aa684f2b60750c44824a11c4)
                       - 
data.hpp (RegularFile, 120f88
ab95f0863dfdb62be26de6b5b6)
                       - 
test_case.hpp (RegularFile, e
ad02290b6d88b217aaeebefa39c69
bc)
                     - 
test.hpp (RegularFile, 63c5db
f4da2fcff5008937388d6e39fc)
                     - 
traits_lambda_spec.hpp 
(RegularFile, 75be88a27f38921
df0c4d36a3f85bc99)
                     - 
transform_iter.hpp 
(RegularFile, 80cb0b603c20396
55cde015d73b222f8)
                     - 
type_wrapper.hpp 
(RegularFile, 911eda4623e6503
644eae65a1db41782)
                     - 
unwrap.hpp (RegularFile, 7d7d
00afe56415156f3c12818ae5f0cb)
                     - 
value_wknd.hpp (RegularFile, 
82bd179e2326046e1678a7c88cf22
0cf)
                     - 
yes_no.hpp (RegularFile, 9f71
efb2fa99ff125b40e800d001556e)
                   - 
back.hpp (RegularFile, 8dc7d9
5645ac4d243b26063f62684d15)
                   - 
back_fwd.hpp (RegularFile, 7b
05f61156e4cdba8e4a1b5575571ba
f)
                   - 
back_inserter.hpp 
(RegularFile, d90fe6d972cb8ec
f2412f5ef9cfed925)
                   - 
base.hpp (RegularFile, 70bdbb
48e555802f8e8833d22e5c4778)
                   - 
begin.hpp (RegularFile, 10a54
5db629d18571dc7b5fbb5dee793)
                   - 
begin_end.hpp (RegularFile, c
dc8886f8d6bf62e489daceb746eb1
2f)
                   - 
begin_end_fwd.hpp 
(RegularFile, bb6652d681a9d2e
ed5c6b63f28b0d76a)
                   - 
bind.hpp (RegularFile, 613da8
d58271be5c4de979e74cb408de)
                   - 
bind_fwd.hpp (RegularFile, 7b
c414c696bf7abe9abb86f87cc16ab
9)
                   - 
bitand.hpp (RegularFile, 6afa
86f0c673ce1a21a89ac0b6fb8baf)
                   - 
bitor.hpp (RegularFile, 9afff
2972d8ca67e21d6042738c8b168)
                   - 
bitwise.hpp (RegularFile, 57b
bdc517f41a0f63691ded2a79f0485
)
                   - 
bitxor.hpp (RegularFile, 6a98
18b412db891dfd500bbc973ddbf9)
                   - 
bool.hpp (RegularFile, 659257
cf31193e42155a31833a0707e0)
                   - 
bool_fwd.hpp (RegularFile, 4d
d5a8edfe9529e6414f0d3a9ee7fb0
6)
                   - 
char.hpp (RegularFile, 515747
865b9ec48c14cf356f0ac371de)
                   - 
char_fwd.hpp (RegularFile, a2
e7f7842c4bab23a868a9bc64c52f1
3)
                   - 
clear.hpp (RegularFile, 6815c
882e22681ade792229f140543bb)
                   - 
clear_fwd.hpp (RegularFile, 7
e0db7fb7b8429423933400c07e5af
a0)
                   - 
comparison.hpp (RegularFile, 
878a5707076c28db2a5bfbdd1a5be
598)
                   - 
contains.hpp (RegularFile, 47
e4bde578a7cc658b199fd14b55eb2
e)
                   - 
contains_fwd.hpp 
(RegularFile, 7e0ee7e63ea0def
1657a29055665eabc)
                   - 
copy.hpp (RegularFile, 6df8bc
a2dadd809261ab52c1cbd87b87)
                   - 
copy_if.hpp (RegularFile, c75
557480aa29584a5adb03c1d2f4964
)
                   - 
count.hpp (RegularFile, 66ac5
121ac2897ecae134ad53ee90d1d)
                   - 
count_fwd.hpp (RegularFile, 3
4b9613c649d202f72c3c1f85b4cd8
19)
                   - 
count_if.hpp (RegularFile, b6
b539579f1f4a11f74298944616dcc
4)
                   - 
deque.hpp (RegularFile, 617de
bebfe7ff7ae54730e9979fd90e3)
                   - 
deref.hpp (RegularFile, d8675
7487750a9fb8b75bf116bea5aa5)
                   - 
distance.hpp (RegularFile, 10
710adcf1c5378fcb612ca41cd2a47
4)
                   - 
distance_fwd.hpp 
(RegularFile, 581f60710aff5d0
996469e17daf1847a)
                   - 
divides.hpp (RegularFile, 861
27a6cf59f9f7168a7b3925d16ca3d
)
                   - 
empty.hpp (RegularFile, ca298
e842a24d405611fb8492f62acd2)
                   - 
empty_base.hpp (RegularFile, 
410dee4b569614d1daa564d9f562d
ec6)
                   - 
empty_fwd.hpp (RegularFile, f
12e13c330612a41660a5f0dfb535b
7f)
                   - 
empty_sequence.hpp 
(RegularFile, 744edfa34994616
188b712ed3b57f038)
                   - end.hpp 
(RegularFile, d0d36080f9d0e04
a960b78c096f30dc1)
                   - 
equal.hpp (RegularFile, f9320
82013d87431d788b3321423ccb0)
                   - 
equal_to.hpp (RegularFile, e8
fec076a481d788998f92ba2942dd6
1)
                   - 
erase.hpp (RegularFile, f04bf
52f04f6f854d00768a2bddeacf9)
                   - 
erase_fwd.hpp (RegularFile, 8
f180a39fc6e7963681c14e43717ee
20)
                   - 
erase_key.hpp (RegularFile, f
9a25925d7cec8008f79cd6872a4dc
eb)
                   - 
erase_key_fwd.hpp 
(RegularFile, 7709d1a4c3deb73
84470f1b320983bfd)
                   - 
eval_if.hpp (RegularFile, ad3
3bb5d4d576c79a16f23f94232f603
)
                   - 
filter_view.hpp 
(RegularFile, 15226b297b2a168
dd8e12804f4532e7b)
                   - 
find.hpp (RegularFile, 9c370c
41d334ae787ff3aa878fdef9b8)
                   - 
find_if.hpp (RegularFile, 393
e4068ebc5d19ea1432123504a2e18
)
                   - 
fold.hpp (RegularFile, 4538ce
5845b971f492c3dd3bb2d86acf)
                   - 
for_each.hpp (RegularFile, a4
9531f0a7e7ae8e56db4e8e8fbdb54
5)
                   - 
front.hpp (RegularFile, 1a049
d5f1b11a718687b54c18cf66724)
                   - 
front_fwd.hpp (RegularFile, f
6d8d21687171d0909e2714e7d7b7f
fb)
                   - 
front_inserter.hpp 
(RegularFile, 2e77130ef5a2e7c
88a7e7641d349bef4)
                   - 
get_tag.hpp (RegularFile, 8df
85e2578bb65ac836207e0a5ada9fd
)
                   - 
greater.hpp (RegularFile, 508
bef77e7cf224ec5dadfbf2285fe94
)
                   - 
greater_equal.hpp 
(RegularFile, c9a3693df25fa60
e4435b725e67891fa)
                   - 
has_key.hpp (RegularFile, cd1
14c31ce6129bccfc39e605f3dea2e
)
                   - 
has_key_fwd.hpp 
(RegularFile, beabffeb0b2b98b
f39d7f9acf7e1a1b1)
                   - 
has_xxx.hpp (RegularFile, 4b0
e4736e4f15e3a7f2dc3803b691779
)
                   - 
identity.hpp (RegularFile, 23
f9553b98b2b53c8531dcbd8c5d545
c)
                   - if.hpp 
(RegularFile, 0a88025b7575153
b13a513652a6d6ec8)
                   - 
index_if.hpp (RegularFile, fb
d3acf4817d51ca5a7c0d0b11a9ae0
7)
                   - 
index_of.hpp (RegularFile, b1
e70089f8c26d05a834e2811ba29e0
7)
                   - 
inherit.hpp (RegularFile, b77
0c9b0e79e585d109178a96946f7b2
)
                   - 
inherit_linearly.hpp 
(RegularFile, 0e8761bae47d3aa
6b278c5e4e4ef1f40)
                   - 
insert.hpp (RegularFile, 0536
19acd4b4f7195bf8b97cfe6cfedd)
                   - 
insert_fwd.hpp (RegularFile, 
d339b315a938bc7ea6b160483ce12
01e)
                   - 
insert_range.hpp 
(RegularFile, 3d2b8ac4ed86c19
ac93975d178cbf573)
                   - 
insert_range_fwd.hpp 
(RegularFile, b6036c766a929b8
5e63e856a734e0077)
                   - 
inserter.hpp (RegularFile, 32
1454329a479afd4184e93336635cb
c)
                   - int.hpp 
(RegularFile, eb9d972eec0d7d1
5a277ce39585ca63f)
                   - 
int_fwd.hpp (RegularFile, 595
c20ee8fe6490de17c9775f329949c
)
                   - 
integral_c.hpp (RegularFile, 
fc184f3f020609186f6a205190860
e94)
                   - 
integral_c_fwd.hpp 
(RegularFile, 0a2e869bbbeb597
f8c5b083d416c78fa)
                   - 
integral_c_tag.hpp 
(RegularFile, 0981d9e6ea1b534
381d9b4be7e14c741)
                   - 
is_placeholder.hpp 
(RegularFile, 73988bd3abd7d67
37a79d2302f78837c)
                   - 
is_sequence.hpp 
(RegularFile, 01b204e0b524ec5
7925087bd60ab3e98)
                   - 
iter_fold.hpp (RegularFile, c
776eb75a66a6a9d46988aa92a8105
93)
                   - 
iter_fold_if.hpp 
(RegularFile, 99b9093f9450bcf
df5526b757b6b496c)
                   - 
iterator_category.hpp 
(RegularFile, 5bdc8e9ab36d932
e770eb0add9e7d94b)
                   - 
iterator_range.hpp 
(RegularFile, 700a8fee22794c8
46564b3d5d077bfcf)
                   - 
iterator_tags.hpp 
(RegularFile, 81c705f0d952940
c8d37b898ac7d1655)
                   - 
joint_view.hpp (RegularFile, 
bf5f275ae40d4c5ab1043703d1d2a
b1a)
                   - 
key_type.hpp (RegularFile, b7
1d65e5cda30220b98c54aba5ec5d4
c)
                   - 
key_type_fwd.hpp 
(RegularFile, 8352f2ccfc6da7e
6efcae1529426de97)
                   - 
lambda.hpp (RegularFile, 653b
9fd1bb8ba0e4445f763bc0ba34d1)
                   - 
lambda_fwd.hpp (RegularFile, 
cdd0d37a81211903fa3650a055783
662)
                   - 
less.hpp (RegularFile, c51f69
2433a594d29aac5de2e46ef64b)
                   - 
less_equal.hpp (RegularFile, 
117be5df8d94998eb505d3056f29f
c7a)
                   - limits 
(Directory, 5cf625f767828c521
3e5394a36c65655)
                     - 
arity.hpp (RegularFile, 0df8c
6a6965115bf26c6dcaf0c2a9f35)
                     - 
list.hpp (RegularFile, 787561
b87011249f3d32461e4709e95b)
                     - 
map.hpp (RegularFile, 7d53323
41e3c349c38c58116a9e6f5c0)
                     - 
set.hpp (RegularFile, 342ad2f
697d5e2e12b208ec1ae42f778)
                     - 
string.hpp (RegularFile, 6d69
56082f6e9c0bef45d6121d31fa11)
                     - 
unrolling.hpp (RegularFile, 1
8367f20b23560f9e762d7fceb535b
57)
                     - 
vector.hpp (RegularFile, aadf
4e9d226926ec6b754736175327e5)
                   - list 
(Directory, dafd64798b29b38ad
3aa7d2d72902e9a)
                     - aux_ 
(Directory, a21975a8eda23c53a
0babd804878133d)
                       - 
begin_end.hpp (RegularFile, d
e1bd1bcff161935eed0e7ab0c069b
f3)
                       - 
clear.hpp (RegularFile, ec452
6a11ecc2df6b5abd6de6973c079)
                       - 
empty.hpp (RegularFile, 64dfd
d6d634c411eeba346a0443dcec9)
                       - 
front.hpp (RegularFile, 45ddf
1490b7e516bd9e98566fb4e9749)
                       - 
include_preprocessed.hpp 
(RegularFile, 63827172a3cf0f4
fd59c120ddf9913e7)
                       - 
item.hpp (RegularFile, 83cff8
adc3ab3754135ca57013f05cb2)
                       - 
iterator.hpp (RegularFile, 6a
7c9a4f2b50b281fd6cee9e4fa5955
8)
                       - 
numbered.hpp (RegularFile, f8
5c627577552752aba3399d0ddb439
1)
                       - 
numbered_c.hpp (RegularFile, 
12d5c7d3b2897a05b5745a5b8af61
ee3)
                       - 
O1_size.hpp (RegularFile, 66b
3148d99eabeca78b6dcf87bf3b6cf
)
                       - 
pop_front.hpp (RegularFile, f
3edfd21742f6b0eff928419912eda
35)
                       - 
preprocessed (Directory, 7bc0
22bea0a92047fade96d76f1b7972)
                         - 
plain (Directory, 22130d37527
ef5f80cc5106a5aa40366)
                           - 
list10.hpp (RegularFile, 11ea
22fa3bb8c242de3fb6a4cef9b79c)
                           - 
list10_c.hpp (RegularFile, 49
d89b43767c93f830ed03488193e75
e)
                           - 
list20.hpp (RegularFile, 6d6d
553ad2a827cf6121246de3708079)
                           - 
list20_c.hpp (RegularFile, 51
c4f20249e5f3e3387ca6ecedef399
8)
                           - 
list30.hpp (RegularFile, ccfb
b08368697276a19a853c9f30f901)
                           - 
list30_c.hpp (RegularFile, a9
4ba151413d5c07bc1d145782b4d3d
3)
                           - 
list40.hpp (RegularFile, 555e
f6e00d7c4915176b201c581ab29b)
                           - 
list40_c.hpp (RegularFile, e9
f4e7b83073cc4041bad00b0720f22
5)
                           - 
list50.hpp (RegularFile, 352d
19146fa3ded7320b1b2ad4124feb)
                           - 
list50_c.hpp (RegularFile, d6
c915f63949bd6bc912b95eeccb9d5
0)
                       - 
push_back.hpp (RegularFile, a
21f37f9a84fde48745b77215d8cba
30)
                       - 
push_front.hpp (RegularFile, 
f53a6b442f1358402c53cfc412c7b
77c)
                       - 
size.hpp (RegularFile, b4ca8d
b0a4540f6c4d0cedbfc6df9836)
                       - 
tag.hpp (RegularFile, 80b02f8
b5c498d38d766abbab6db8e69)
                     - 
list0.hpp (RegularFile, ebd43
399768f687c05a1d4547a53ef2d)
                     - 
list0_c.hpp (RegularFile, 779
38fcf9013acea9872b418049dc1e8
)
                     - 
list10.hpp (RegularFile, a767
48d57c7a75a3436841e09c80d8cb)
                     - 
list10_c.hpp (RegularFile, 49
85fb9c2befbe13460bf50afb845db
9)
                     - 
list20.hpp (RegularFile, fbf3
e682ca97c87e40e067ed5a3d93de)
                     - 
list20_c.hpp (RegularFile, 0a
d114592879d6ae4ecb7ed3cf23c2a
5)
                     - 
list30.hpp (RegularFile, af90
4fc8c7b5af28aa558d0dc48b80b6)
                     - 
list30_c.hpp (RegularFile, e4
851bd974e3d4f5c808add9e8fc600
2)
                     - 
list40.hpp (RegularFile, 35c1
c5a88fe61a73ce157f6dc8abd166)
                     - 
list40_c.hpp (RegularFile, df
85e54ff9b99b5f15b1a9a0fff85b4
1)
                     - 
list50.hpp (RegularFile, 0457
345d94205f6535ea0a4146f5010b)
                     - 
list50_c.hpp (RegularFile, 42
b83c2dd75569481079b0f4583bd23
d)
                   - 
list.hpp (RegularFile, 641fa6
5b911acadc5943554cbe43d174)
                   - 
list_c.hpp (RegularFile, 1241
9ea77171df016722a47eb21160b0)
                   - 
logical.hpp (RegularFile, 648
fbbf7a266d077f1dad9788cbffefc
)
                   - 
long.hpp (RegularFile, ab0171
f2c099b751ba5adeae5594ea29)
                   - 
long_fwd.hpp (RegularFile, a6
5189bb07e4296bc89e203778b351c
8)
                   - 
lower_bound.hpp 
(RegularFile, 560f78e7f8f7e15
2a8f3327249a0a45e)
                   - map 
(Directory, 873cfa5f1ca2b1e7d
927ad5bdeb775a3)
                     - aux_ 
(Directory, 60855ef21e7399971
964bddb27844ecb)
                       - 
at_impl.hpp (RegularFile, 8ef
96789d739795eb5465425afc140f3
)
                       - 
begin_end_impl.hpp 
(RegularFile, ce67d349bf68bc8
dd00fd45d96c672b8)
                       - 
clear_impl.hpp (RegularFile, 
78df0bde7555b7194e303cb9f3ac1
25b)
                       - 
contains_impl.hpp 
(RegularFile, 9bd7944e07b2dd7
13ca1ae55d00bd224)
                       - 
empty_impl.hpp (RegularFile, 
8b6d59a99c3b4247b2d5901fc45ed
32c)
                       - 
erase_impl.hpp (RegularFile, 
01db123b557ef503a91862fea70fc
418)
                       - 
erase_key_impl.hpp 
(RegularFile, c8ca82a8c339fce
c6baa88e58a226b41)
                       - 
has_key_impl.hpp 
(RegularFile, cb6015ae7b217d6
fd23e625cd2120001)
                       - 
include_preprocessed.hpp 
(RegularFile, 92e23b22be53c25
590908e040dbad873)
                       - 
insert_impl.hpp 
(RegularFile, f7ddba9ae877731
05b22477db74e3c84)
                       - 
insert_range_impl.hpp 
(RegularFile, 1a437d5dedd3515
da4beb7ea7cd91530)
                       - 
item.hpp (RegularFile, f353c0
c2f58ce5b2f9f3d7b349f2477f)
                       - 
iterator.hpp (RegularFile, eb
15a11a414680e9e5baec063d255e9
3)
                       - 
key_type_impl.hpp 
(RegularFile, 24df557fc9e876e
907f9fab27129fa3c)
                       - 
map0.hpp (RegularFile, f8eb7e
cfc1161aabf553266e825217f9)
                       - 
numbered.hpp (RegularFile, 01
9b11b2ed8f8506cc6955c166c4048
4)
                       - 
preprocessed (Directory, 0309
d4029a70d022893d59acdb613bfa)
                         - 
no_ctps (Directory, cd73cb8b1
75d915542189262d10a8841)
                           - 
map10.hpp (RegularFile, 7def2
29f1ad7ad9e5ced7e3b163fc46a)
                           - 
map20.hpp (RegularFile, 49f7c
d555cd3a2119196e58eb7afdf88)
                           - 
map30.hpp (RegularFile, 26baf
a1c6551344982df60d240bc0d4c)
                           - 
map40.hpp (RegularFile, 454f9
b996d3b83e4d0b2f172c3b8b32b)
                           - 
map50.hpp (RegularFile, 09cb0
f65ecbc07130458ef723f4631dc)
                         - 
plain (Directory, 8bdfc4f9f6c
77615c50bd1e356b730de)
                           - 
map10.hpp (RegularFile, 9ea20
dd0ea15185d408c8e4a2d03f98c)
                           - 
map20.hpp (RegularFile, ff65c
f40d559234fa6bbcfab2bf4d8b2)
                           - 
map30.hpp (RegularFile, 7e9da
2f4d32564edd10cd1d75ff7771e)
                           - 
map40.hpp (RegularFile, 1c060
00721874e8390a4d50e4f685be4)
                           - 
map50.hpp (RegularFile, d57f4
921e223aa288cac54aed9309f5a)
                         - 
typeof_based (Directory, 98fc
40ed2af500717891d99bca0c144c)
                           - 
map10.hpp (RegularFile, 94f43
06d4e3807137a25472ef9235331)
                           - 
map20.hpp (RegularFile, 6b26f
49a35aff56ce8a5d92eadf59fcb)
                           - 
map30.hpp (RegularFile, 66097
00f61bfdada7f76512ad4172cb5)
                           - 
map40.hpp (RegularFile, 36e45
4041b70f33eb1083eabdab2978e)
                           - 
map50.hpp (RegularFile, 25681
bffb8bf029cfe41f671e890f630)
                       - 
size_impl.hpp (RegularFile, b
75cb5d7a51ad13978a275aea3518e
b8)
                       - 
tag.hpp (RegularFile, 074126d
c76d62e85a64173f170d460e2)
                       - 
value_type_impl.hpp 
(RegularFile, eb011e447bc8cec
ae756341cc68b5099)
                     - 
map0.hpp (RegularFile, 4f46aa
937a4c9b8fc6b5ff58ec989205)
                     - 
map10.hpp (RegularFile, 746a8
aab2eb6ec1428315f30f7371544)
                     - 
map20.hpp (RegularFile, 5bd44
798b134fa50b894ae49c09c24a5)
                     - 
map30.hpp (RegularFile, 2e16a
79fd511bde040502d390148eeda)
                     - 
map40.hpp (RegularFile, 69b85
974e461edcb93d4d4f2f0adf868)
                     - 
map50.hpp (RegularFile, 3fe0a
6d6295b07b011ae8352dfc1a35f)
                   - map.hpp 
(RegularFile, 9e2b499fd662eac
8488534f42f55ad6d)
                   - math 
(Directory, 834f4e65ef44a74af
46812e2d6f9c881)
                     - 
fixed_c.hpp (RegularFile, d49
f3b65c36607372bfa7824dbc15efe
)
                     - 
is_even.hpp (RegularFile, 43d
4680544772c600d7e0f4600dc80e7
)
                     - 
rational_c.hpp (RegularFile, 
a55403fa37fbdc948170eaa9945a1
73a)
                   - max.hpp 
(RegularFile, 84d4b89777a8091
f0ac18877dcdfb03a)
                   - 
max_element.hpp 
(RegularFile, f1b247400373c4a
f40c0770eabfe707e)
                   - min.hpp 
(RegularFile, 15f18a8656fbfc8
0abf53d5cf83b0f45)
                   - 
min_element.hpp 
(RegularFile, 07352ca291734f0
506d756946f80fba5)
                   - 
min_max.hpp (RegularFile, e07
3fc1a3f1dac916ed463f2fe453ddc
)
                   - 
minus.hpp (RegularFile, 2f96c
30cec7a1bafdc29821e943e02db)
                   - 
modulus.hpp (RegularFile, 759
786404077253df04b1d3bef0f43ac
)
                   - 
multiplies.hpp (RegularFile, 
8c6b6ff859e9dc71a5ad11c60b111
e95)
                   - 
multiset (Directory, 6398c81c
d4f729d976555a3ed7649986)
                     - aux_ 
(Directory, dde974a489ab48b8d
e317ccd033e58a0)
                       - 
count_impl.hpp (RegularFile, 
5b8de7d61113fd6637eb3c9d659b1
f8c)
                       - 
insert_impl.hpp 
(RegularFile, 8147abec05209fc
f9737b08afcf9e582)
                       - 
item.hpp (RegularFile, f977c9
df2c06b99e549f6a842b2bdd89)
                       - 
multiset0.hpp (RegularFile, 6
998f47a7c0d0c76c5cef9c9841fcd
c0)
                       - 
tag.hpp (RegularFile, 7d1904a
9dd1eca8f6cbc978f4b0f6edc)
                     - 
multiset0.hpp (RegularFile, 0
46b4e720bc3a6fa6856ec69f124a3
55)
                   - 
negate.hpp (RegularFile, a5ff
db069a8f2d7c8b2d975d724288fd)
                   - 
next.hpp (RegularFile, eb3792
edbcb3e267b3929277dcb70a6e)
                   - 
next_prior.hpp (RegularFile, 
7c15b523e647f67e9d2177d59dd11
234)
                   - not.hpp 
(RegularFile, 9e53d8e0d50e1eb
e0739c63eeda8a63b)
                   - 
not_equal_to.hpp 
(RegularFile, b20a63c14361c04
c0ea36fb6ad37c627)
                   - 
numeric_cast.hpp 
(RegularFile, 554efdc78e00631
68adc2ac3cf46a4d1)
                   - 
O1_size.hpp (RegularFile, 7a2
f2e186dbecaa0e9b65bfff655e95a
)
                   - 
O1_size_fwd.hpp 
(RegularFile, 808b0f7203d1701
528227b1c0f9258c9)
                   - or.hpp 
(RegularFile, a7370c7c61adf32
cbd5201ebd4930aae)
                   - 
order.hpp (RegularFile, 68aa6
e994267f6211e4f769519230344)
                   - 
order_fwd.hpp (RegularFile, 9
e31cb6bfada979b1dafe9d49b967e
39)
                   - 
pair.hpp (RegularFile, e3b2ac
69670a4706ef75f80e8f20c058)
                   - 
pair_view.hpp (RegularFile, 8
fa9ce19f50a4a8b667fa158aef15c
66)
                   - 
partition.hpp (RegularFile, c
fef8dfd470ec62c78353c5d4dec3e
72)
                   - 
placeholders.hpp 
(RegularFile, 473b8a8eabb64f2
f5cf1d639bafaeea8)
                   - 
plus.hpp (RegularFile, dc4252
6fe5d6da34ce37c33a4ab5d071)
                   - 
pop_back.hpp (RegularFile, 98
d59688fbbf71a8e1de0366834e14d
4)
                   - 
pop_back_fwd.hpp 
(RegularFile, 6942f8a6ed1239f
35cbba4f8ba8ebc9f)
                   - 
pop_front.hpp (RegularFile, c
a47f3605fc7227d1b2f3e584301bb
14)
                   - 
pop_front_fwd.hpp 
(RegularFile, 26c0c9388744ef4
17754524fa0da21d8)
                   - 
print.hpp (RegularFile, 9b37f
15c8f72c4aef640f52ba5034940)
                   - 
prior.hpp (RegularFile, b9d3a
e2fd6946c3ee4895b5e745fb4aa)
                   - 
protect.hpp (RegularFile, f96
0fe2f9a799a58f06e041437fe8233
)
                   - 
push_back.hpp (RegularFile, 7
8e36490b4aed54ee8792471890285
ce)
                   - 
push_back_fwd.hpp 
(RegularFile, 0313e843d19b711
80b0c0224eb2f3749)
                   - 
push_front.hpp (RegularFile, 
c5c1e67384432ce3934093609d7b9
e46)
                   - 
push_front_fwd.hpp 
(RegularFile, d9125458df21971
b45526de887584154)
                   - 
quote.hpp (RegularFile, 2ec93
5921df315928800c5b098743eb4)
                   - 
range_c.hpp (RegularFile, 4c6
a7e67820863d25b86e4dc93c71365
)
                   - 
remove.hpp (RegularFile, 4e2f
b47c5a48d86694b837a798252191)
                   - 
remove_if.hpp (RegularFile, d
f1c497bc4b2e7a7b42b795f995da6
9e)
                   - 
replace.hpp (RegularFile, cb3
acaa29bb207974026cec1f6bdcc1e
)
                   - 
replace_if.hpp (RegularFile, 
50d4613898013d5b280ec65151672
7d2)
                   - 
reverse.hpp (RegularFile, 92e
4db27fb1b5b4a81138c28dfb6ffe9
)
                   - 
reverse_fold.hpp 
(RegularFile, 8c298acc2f8d3ff
171d1b7a2451039eb)
                   - 
reverse_iter_fold.hpp 
(RegularFile, d8879c3352c2ccf
4e69495768bad8409)
                   - 
same_as.hpp (RegularFile, ecb
508d049948b0e42476dffc2f5e019
)
                   - 
sequence_tag.hpp 
(RegularFile, 499a66d326daa61
8b57122d24cdd58d8)
                   - 
sequence_tag_fwd.hpp 
(RegularFile, 119e33c40528ff3
ff203e43441334dbd)
                   - set 
(Directory, b5d87357138649870
f6852ec3b4f1be2)
                     - aux_ 
(Directory, 936e9043ce3212bc5
7ce16e4b17ca2ad)
                       - 
at_impl.hpp (RegularFile, c1e
5f919245495c4147b68676be4d815
)
                       - 
begin_end_impl.hpp 
(RegularFile, ea3e31fb80073eb
16cf087f4f68e3c74)
                       - 
clear_impl.hpp (RegularFile, 
ee7b7b326534d26721a7d2136dd49
db4)
                       - 
empty_impl.hpp (RegularFile, 
61eaaa87dbb4aa3cdfbf1419fa73b
d91)
                       - 
erase_impl.hpp (RegularFile, 
ed33d578fae03d5a0c66c203c9a69
c2c)
                       - 
erase_key_impl.hpp 
(RegularFile, c2a5364c32bfa05
93ccfc575306a2e6a)
                       - 
has_key_impl.hpp 
(RegularFile, 08beff1a886f7ac
bde66f14358312622)
                       - 
include_preprocessed.hpp 
(RegularFile, bde86058c41aa35
74a2e993a7cec85c2)
                       - 
insert_impl.hpp 
(RegularFile, 6b8d842d2b3946a
054274a0d1e6c5864)
                       - 
insert_range_impl.hpp 
(RegularFile, 5ca0cef48154d8d
1c73b0200276764e7)
                       - 
item.hpp (RegularFile, 9c7150
73fe108e48ba244643911c3b3d)
                       - 
iterator.hpp (RegularFile, 1d
5035cf0b28e6dc0aedef710d6d2a4
3)
                       - 
key_type_impl.hpp 
(RegularFile, f6a435eb7b06b62
56eee6283e936ef79)
                       - 
numbered.hpp (RegularFile, 69
8b04a029298de75e97e6a8ab38a59
f)
                       - 
numbered_c.hpp (RegularFile, 
5cdbeae75f21ee199940483f02ac9
a9c)
                       - 
preprocessed (Directory, e8e9
07cc1fadd734f9f90f774872e3cd)
                         - 
plain (Directory, 998b32f8c1a
1d1ee940d3b6833c6e00c)
                           - 
set10.hpp (RegularFile, 3d3cc
233fbafbe536fab33a70fbfacaf)
                           - 
set10_c.hpp (RegularFile, e8d
d018df6075d8d71be61804644559d
)
                           - 
set20.hpp (RegularFile, 25c98
f83f73b3bd737ebe1658f7095c9)
                           - 
set20_c.hpp (RegularFile, 652
76f525afaeaa279211a4049fddf96
)
                           - 
set30.hpp (RegularFile, ae855
80415f17b51f8e80d83226a666c)
                           - 
set30_c.hpp (RegularFile, 9e8
ca435ce33cc93e286a879d5340331
)
                           - 
set40.hpp (RegularFile, 37273
bc46c550d08a853bcd321fe5e01)
                           - 
set40_c.hpp (RegularFile, efb
3ec2a7a990f934167ad6963259aee
)
                           - 
set50.hpp (RegularFile, 2777d
09f990c26eb34c6e5211ba06314)
                           - 
set50_c.hpp (RegularFile, 83d
ccf297e3fd5f227e7047eae7073fc
)
                       - 
set0.hpp (RegularFile, 64de24
e2500854737ba1d71fffbb1437)
                       - 
size_impl.hpp (RegularFile, 5
ea339f59641aa5b3b3040766a4d56
e2)
                       - 
tag.hpp (RegularFile, 318556b
cbc01dbe816eaf1cbc0f4f898)
                       - 
value_type_impl.hpp 
(RegularFile, 5a396f0fd9a7685
dce93f3651018d954)
                     - 
set0.hpp (RegularFile, 33dd2e
35e42799d6f9ce9a381971b472)
                     - 
set0_c.hpp (RegularFile, 8a2e
c228d899c787308f2f3095641ea3)
                     - 
set10.hpp (RegularFile, 00727
6028dd0f4454db02ebecdf687be)
                     - 
set10_c.hpp (RegularFile, 261
18212ecb291e502c0f2a181548cc5
)
                     - 
set20.hpp (RegularFile, 6caf9
184e4ef1473edaf54a6c193e8f4)
                     - 
set20_c.hpp (RegularFile, a42
33cb18762b09c104b0ac711a392c3
)
                     - 
set30.hpp (RegularFile, fbf60
d961f4bffe5166c7edf066b28a6)
                     - 
set30_c.hpp (RegularFile, d26
52da596843bdfb35cc4992733872c
)
                     - 
set40.hpp (RegularFile, 982d9
ffa6028989acf88cd5f83a71d51)
                     - 
set40_c.hpp (RegularFile, cd6
3bed4d04ca509b99c79d413ef0355
)
                     - 
set50.hpp (RegularFile, 00621
48fe61cf29a369b88b012e3b09b)
                     - 
set50_c.hpp (RegularFile, 012
b70495c231532a51a5d295a0b953d
)
                   - set.hpp 
(RegularFile, c7fda174ca1be21
5251e9a4dee51fed4)
                   - 
set_c.hpp (RegularFile, a1388
46c3b7a42ace838fb68a4483e71)
                   - 
shift_left.hpp (RegularFile, 
15758a5b45e854472303f6b850b4b
849)
                   - 
shift_right.hpp 
(RegularFile, 374903c0c48e736
e770df8ec5cca54f9)
                   - 
single_view.hpp 
(RegularFile, 0c43493c7bdc220
e02ceed823737c700)
                   - 
size.hpp (RegularFile, b628a3
f6edc263cc67c7cd3ffb772fc8)
                   - 
size_fwd.hpp (RegularFile, eb
124250cc5500944dd08e0a0ccbbb0
f)
                   - 
size_t.hpp (RegularFile, f7ca
1c5581261c27a6a4d83d88b08b7f)
                   - 
size_t_fwd.hpp (RegularFile, 
91c4767e402170f4dd3f3d35e8252
1ee)
                   - 
sizeof.hpp (RegularFile, f684
82e5dfdac8d1b77cd87ff52a3916)
                   - 
sort.hpp (RegularFile, e16c00
75327e90234e03fad783a7c7ad)
                   - 
stable_partition.hpp 
(RegularFile, 99853d554bccf16
14998f7928458f8f1)
                   - 
string.hpp (RegularFile, ce82
2d70198d01847c6b5dcdb5ba5058)
                   - 
switch.hpp (RegularFile, 941e
50e014913a803b36536438c9cae1)
                   - tag.hpp 
(RegularFile, ab7774c65345c53
f59f8e50415968985)
                   - 
times.hpp (RegularFile, 960df
66a86725d67881e07b219364317)
                   - 
transform.hpp (RegularFile, d
8269595017d66e5e3209dd9fab4e1
7a)
                   - 
transform_view.hpp 
(RegularFile, 800da1389ea2eb8
822383426c3324b85)
                   - 
unique.hpp (RegularFile, 5cad
743bf8073ad2994f7734df0c6e02)
                   - 
unpack_args.hpp 
(RegularFile, b897d540f0609c0
9f9d4b0c1406b6086)
                   - 
upper_bound.hpp 
(RegularFile, 95f44c20b68b1ab
db539b77c58137c7a)
                   - 
value_type.hpp (RegularFile, 
e8765a09bc05d3c22b642608936dc
a3d)
                   - 
value_type_fwd.hpp 
(RegularFile, 2e46adda33865b7
63a94d5ae81a38877)
                   - vector 
(Directory, 501dc11225f390007
7dbef07725557f0)
                     - aux_ 
(Directory, 5b21df35ebd596c32
211a68669382aac)
                       - 
at.hpp (RegularFile, 16af955f
f530e6122ab60dc43d86c381)
                       - 
back.hpp (RegularFile, f87a4a
3270639bcdc5c214fbb156a0f4)
                       - 
begin_end.hpp (RegularFile, 2
d3bb4bca446b053d8bf69c55895ae
23)
                       - 
clear.hpp (RegularFile, 58812
3671433194e815ef98dba4ed288)
                       - 
empty.hpp (RegularFile, 9e0a2
b6f126b230ff8dc290370a4b049)
                       - 
front.hpp (RegularFile, 7b184
a9123e18c2430e2f864bb599047)
                       - 
include_preprocessed.hpp 
(RegularFile, 1875f00afbc752c
3c1800cf8cc56ed8d)
                       - 
item.hpp (RegularFile, c50c94
acb11556527809f16ef919c1ae)
                       - 
iterator.hpp (RegularFile, 82
e2c0f6d8af9e3be99e6bb24a9f142
7)
                       - 
numbered.hpp (RegularFile, 87
9457dcfae9ac958a8f4088594270e
1)
                       - 
numbered_c.hpp (RegularFile, 
30942d4bd1d4a08ee325601c91b7b
b54)
                       - 
O1_size.hpp (RegularFile, 50e
df2a1a201f5d457c9933191e4426f
)
                       - 
pop_back.hpp (RegularFile, 35
9359043852595cf0b506a572dfa14
0)
                       - 
pop_front.hpp (RegularFile, 1
7a95d8e467e4958fd83a0f141836f
9c)
                       - 
preprocessed (Directory, 4176
04405d8b423e37a2b977878bb334)
                         - 
no_ctps (Directory, 69b7c42c0
8b6b81f9500cc985e591554)
                           - 
vector10.hpp (RegularFile, b9
90c4608146e06368d23448e9fe04f
b)
                           - 
vector10_c.hpp (RegularFile, 
961b31a7adb79ff99ccafd531a301
b37)
                           - 
vector20.hpp (RegularFile, 2d
0118116363bb8eac8d738f447bbae
7)
                           - 
vector20_c.hpp (RegularFile, 
f3255b9c709c69fa40a66b38d25a4
fd2)
                           - 
vector30.hpp (RegularFile, c4
8ed4b790cc97c77d217693eb9692c
c)
                           - 
vector30_c.hpp (RegularFile, 
edff3703dd6f813c2b59b4af704eb
eba)
                           - 
vector40.hpp (RegularFile, 2c
0e57e8454c5a699b6a008abdb5862
0)
                           - 
vector40_c.hpp (RegularFile, 
8a244700933f4adff9599c3f616b4
f38)
                           - 
vector50.hpp (RegularFile, 2d
71dc66c5b0e3736cf42df213862cd
1)
                           - 
vector50_c.hpp (RegularFile, 
b3fd7b7f20082be98adef0f636da4
961)
                         - 
plain (Directory, 24a48ff5f98
5a103dfc99b235ad42496)
                           - 
vector10.hpp (RegularFile, de
8e1f1ccd12517b6818babe415907a
4)
                           - 
vector10_c.hpp (RegularFile, 
961b31a7adb79ff99ccafd531a301
b37)
                           - 
vector20.hpp (RegularFile, 30
d790751cb89f592724476ffc8ee36
f)
                           - 
vector20_c.hpp (RegularFile, 
f3255b9c709c69fa40a66b38d25a4
fd2)
                           - 
vector30.hpp (RegularFile, 4b
102ef13f2e2daf8dbca6315181cc4
b)
                           - 
vector30_c.hpp (RegularFile, 
edff3703dd6f813c2b59b4af704eb
eba)
                           - 
vector40.hpp (RegularFile, 82
d3fae8d25e731f72e67882817f5d2
1)
                           - 
vector40_c.hpp (RegularFile, 
8a244700933f4adff9599c3f616b4
f38)
                           - 
vector50.hpp (RegularFile, 63
dace20551144fdf3d397b28cb58e1
3)
                           - 
vector50_c.hpp (RegularFile, 
b3fd7b7f20082be98adef0f636da4
961)
                         - 
typeof_based (Directory, 2104
13c2a5b7e98318750c69ed6c5d6b)
                           - 
vector10.hpp (RegularFile, 7b
5fc7a3defdc826a1f5a96d250f770
a)
                           - 
vector10_c.hpp (RegularFile, 
f0e38a4f4cd6f6c91beea54ead685
7ae)
                           - 
vector20.hpp (RegularFile, f6
2d22029d33bacd6deb433452917fb
4)
                           - 
vector20_c.hpp (RegularFile, 
191ab1305c4ed3d670646397d989d
eff)
                           - 
vector30.hpp (RegularFile, 3b
63a87de51bb1f8c8a81d610310216
e)
                           - 
vector30_c.hpp (RegularFile, 
982bbabf0c2320855a6b12a1294b6
66a)
                           - 
vector40.hpp (RegularFile, 5e
834efff7fb4ab332741436923e2f2
2)
                           - 
vector40_c.hpp (RegularFile, 
36ebf10420f98ac72bbadac85c726
031)
                           - 
vector50.hpp (RegularFile, 8e
783cae951d3fcae300e7022c53a14
b)
                           - 
vector50_c.hpp (RegularFile, 
1eab403f02c6ddf72e2e7fcec3f7a
a4e)
                       - 
push_back.hpp (RegularFile, 6
d288d692cd7c1d74dd72b6fdc6a89
8c)
                       - 
push_front.hpp (RegularFile, 
02ee7612d85df74647923b8403c80
6bb)
                       - 
size.hpp (RegularFile, ab6f33
f817435172b363b8285b075d65)
                       - 
tag.hpp (RegularFile, 5472386
24cc9428413c0538c7f1ccd03)
                       - 
vector0.hpp (RegularFile, 857
542b91c97c4a206fac755e55ad7ca
)
                     - 
vector0.hpp (RegularFile, 0e9
6687c0c1c687cc3d6ea04a25a04d3
)
                     - 
vector0_c.hpp (RegularFile, c
18d42c7fbb4873ae62d6d0ae9eda6
c1)
                     - 
vector10.hpp (RegularFile, b0
4d698b0680405e6a8ce597d95aba0
7)
                     - 
vector10_c.hpp (RegularFile, 
4227dc03fa364309ca35095842d05
eb8)
                     - 
vector20.hpp (RegularFile, 59
6fbf043fae2d3f8cd7cfeea979623
6)
                     - 
vector20_c.hpp (RegularFile, 
98b58377ca896fd9fb788e79b0b83
651)
                     - 
vector30.hpp (RegularFile, ff
4801805be34752d1bd155e32041a4
0)
                     - 
vector30_c.hpp (RegularFile, 
d719b64fcdfd43b474b9f855aa0b4
e56)
                     - 
vector40.hpp (RegularFile, 93
36c64da7c3bc443db5fddff5f656b
4)
                     - 
vector40_c.hpp (RegularFile, 
66474f3be647253a8943a262949f0
ade)
                     - 
vector50.hpp (RegularFile, 58
3101b5fffd5836142fef040ab6aa4
6)
                     - 
vector50_c.hpp (RegularFile, 
ea6fbf6d1f3948659cf5e4f2e3f35
723)
                   - 
vector.hpp (RegularFile, 3a60
79e37a49a2637baef8daba792e5c)
                   - 
vector_c.hpp (RegularFile, cd
2771a5466085a59157ceb504f8cd6
3)
                   - 
void.hpp (RegularFile, 5b8fec
5ea7636c70e3f8d9b25aa7dfdd)
                   - 
void_fwd.hpp (RegularFile, 08
0ab227b5e9db5f5fa38ea87e6c2da
a)
                   - 
zip_view.hpp (RegularFile, 45
3145cb27f3db700b4393c834181de
d)
                 - 
operators.hpp (RegularFile, 1
620dcaf40a8198eb0038d2705fd5d
c7)
                 - 
preprocessor (Directory, 4056
ca4647e0862610ca29975ff7620e)
                   - 
arithmetic (Directory, d91dbe
81a5c1876e09c964fbfec85f85)
                     - 
add.hpp (RegularFile, 5668e81
ffdaea0a63794319bd00de1c7)
                     - 
dec.hpp (RegularFile, 41e243a
ca2a4ffa7471aee312db8cbd3)
                     - 
detail (Directory, 369b480b3d
9715f79e675181c32db77d)
                       - 
div_base.hpp (RegularFile, 8b
8bf1bf1ff5440e0b2b775349148ee
0)
                       - 
is_1_number.hpp 
(RegularFile, 47f5e4bac8557e5
7e72fb432ce1be4b3)
                       - 
is_maximum_number.hpp 
(RegularFile, 015aab3470cc39d
397dfbc49a902581d)
                       - 
is_minimum_number.hpp 
(RegularFile, 97ebb7f040f4b58
679fe1def364bfda1)
                       - 
maximum_number.hpp 
(RegularFile, d238b93952e843e
ab29b375b43452523)
                     - 
div.hpp (RegularFile, 34ec7c2
8a056d4b80e2377c5b4e77f88)
                     - 
inc.hpp (RegularFile, 7266255
ae5c361cf7fe375c908c9b109)
                     - 
limits (Directory, a345fb3b16
3afa15fdbcb8c3ddd46690)
                       - 
dec_1024.hpp (RegularFile, ea
29e3cf16ab3ff395a4823af2d631c
9)
                       - 
dec_256.hpp (RegularFile, cd5
2a242c8c5677d0725afa793b01d43
)
                       - 
dec_512.hpp (RegularFile, dd6
789f3e1e7729c97cabda144bf2bb0
)
                       - 
inc_1024.hpp (RegularFile, db
2de2da7653bd4f7fc97c46bd7c2fb
a)
                       - 
inc_256.hpp (RegularFile, 539
e57edeb255be6eceee35504048c39
)
                       - 
inc_512.hpp (RegularFile, b6a
c30b49b80c57004f421237dd035ef
)
                     - 
mod.hpp (RegularFile, 24862b3
b3f4256c90b3249f2af92ec14)
                     - 
mul.hpp (RegularFile, f34e046
4f26848fe1ee6ce30fef0b064)
                     - 
sub.hpp (RegularFile, 30f66f6
fd9e33b5e071c92d251a57395)
                   - 
arithmetic.hpp (RegularFile, 
7231e978857ae85b578b6f3ddc43b
909)
                   - array 
(Directory, cbd7a250d4fa6d847
071e931e5ae5fdb)
                     - 
data.hpp (RegularFile, 13ace5
3a7f9a60322e5c36f6d87e4c47)
                     - 
detail (Directory, 0161590557
0d5f421bce3a1ad2c178ab)
                       - 
get_data.hpp (RegularFile, 6d
d18478aee6dcda22c40b97a881d3f
f)
                     - 
elem.hpp (RegularFile, 0325fd
b233462af05ebd9f368ffc0589)
                     - 
enum.hpp (RegularFile, de651a
b564f445f2f219be623f92aa73)
                     - 
insert.hpp (RegularFile, acb5
c81e11f14fc291de27b62e11cfb6)
                     - 
pop_back.hpp (RegularFile, 46
4d81775fd9864bd03f98084f0754d
a)
                     - 
pop_front.hpp (RegularFile, 2
fdb1be07e7889d6bd0fda799bacb0
23)
                     - 
push_back.hpp (RegularFile, 3
2ae981d607548f27addf510a038b1
9f)
                     - 
push_front.hpp (RegularFile, 
975c438ea734066f6a4cd32e3d38d
754)
                     - 
remove.hpp (RegularFile, 8fde
094927b8775e0821639ab44da91d)
                     - 
replace.hpp (RegularFile, c57
0ef3fc3275c082abf7be62170e42f
)
                     - 
reverse.hpp (RegularFile, ad7
340fe91ee14c5bbea4877a9083e33
)
                     - 
size.hpp (RegularFile, b73efc
600451584de8784626812db91a)
                     - 
to_list.hpp (RegularFile, 102
c3c3832f17c1281b2c8cc2c9ec366
)
                     - 
to_seq.hpp (RegularFile, 1e62
a97749cd580da193d27caa7111ba)
                     - 
to_tuple.hpp (RegularFile, 71
600ef0681957c0d680785e7d3f8b3
1)
                   - 
array.hpp (RegularFile, 4ba84
b93b0454463b7f507cb3c0ffd58)
                   - 
assert_msg.hpp (RegularFile, 
cc4a34e2d097a66a1ffb69db977ec
4a5)
                   - cat.hpp 
(RegularFile, 072e59922d7a576
182e49912824ab06a)
                   - 
comma.hpp (RegularFile, 80fad
944becaee4ff2f64ee102a72dc6)
                   - 
comma_if.hpp (RegularFile, 5e
5078c57c058bad7ad0be31fa0928d
b)
                   - 
comparison (Directory, 6b3848
00d1383cf5c7a2211b942f9e1e)
                     - 
equal.hpp (RegularFile, 9bf54
1909646361b03fef827a4c020dc)
                     - 
greater.hpp (RegularFile, aa4
0b2b381b5f9951dfe4eacaa267473
)
                     - 
greater_equal.hpp 
(RegularFile, d30b75f3831c969
e9496b452e20249b3)
                     - 
less.hpp (RegularFile, c224c1
266f5d7bc7aed4e0668f9b1242)
                     - 
less_equal.hpp (RegularFile, 
6e3d9043932d95848f6cb49ea449e
de6)
                     - 
limits (Directory, 6627d5c19a
072265625013d70af29ae9)
                       - 
not_equal_1024.hpp 
(RegularFile, fc80fefb8f1812a
7034aa637a86b5179)
                       - 
not_equal_256.hpp 
(RegularFile, 35064dddbbb58fb
4cbc289d546817e10)
                       - 
not_equal_512.hpp 
(RegularFile, 2bca727c2bbfdef
802e1357af19c29a5)
                     - 
not_equal.hpp (RegularFile, 6
fbf748908263ed87e051b8d2be0f8
fe)
                   - 
comparison.hpp (RegularFile, 
41f8dae12769e3020310409da4f3f
6cd)
                   - config 
(Directory, 922d251f56e11c3b8
a88b7dcc402b7ce)
                     - 
config.hpp (RegularFile, 0d0f
97ed41ea7f92cd9f222dfbecba31)
                     - 
limits.hpp (RegularFile, 9ad6
83b2aeb07ae3f815f1be1857cff2)
                   - control 
(Directory, cbd47e4360f86416d
e935e017a23a7bc)
                     - 
deduce_d.hpp (RegularFile, 52
78ef626cfcab3ad44dc43bd1b9500
0)
                     - 
detail (Directory, b188f3559c
42c23d52b8ac54000e4279)
                       - dmc 
(Directory, b9214c1541832f84a
fe2bb571dc347f2)
                         - 
while.hpp (RegularFile, 69652
f5f7eb19122ddbaacf8ff80d76a)
                       - edg 
(Directory, 1a5bf57e9b3638925
bb2ba2129ab3cb4)
                         - 
limits (Directory, 1d67f19411
e432a42916cddb31b1c4ec)
                           - 
while_1024.hpp (RegularFile, 
c9c9ebbb37c1d1a676d8ca5e1bdf3
69a)
                           - 
while_256.hpp (RegularFile, 3
4fe4a2837583744a7bbd03146e05c
c5)
                           - 
while_512.hpp (RegularFile, b
41f86c43c41d64a088d2c51d95383
f3)
                         - 
while.hpp (RegularFile, f7633
29b92c90c229b3af3f69b336a91)
                       - 
limits (Directory, dea1473bbb
e976654b0809fda29daab3)
                         - 
while_1024.hpp (RegularFile, 
2f3836a43a50f7b32004685b163e4
4cf)
                         - 
while_256.hpp (RegularFile, d
c7ecf10258eb33c4da04adf1db96d
06)
                         - 
while_512.hpp (RegularFile, 1
59c2785d5254795447bfa94b4cdf2
86)
                       - 
msvc (Directory, d27b099d1cc3
0fcc68db0b65b2b09023)
                         - 
while.hpp (RegularFile, f6f87
08debd0dbfb56cd157ecc492ab1)
                       - 
while.hpp (RegularFile, e7c74
247a72530ac7f64402826049890)
                     - 
expr_if.hpp (RegularFile, 01b
fbe0dfef69e012e56b25d0c9e9b7c
)
                     - 
expr_iif.hpp (RegularFile, 56
1a754aeed77797790dac049489e75
8)
                     - 
if.hpp (RegularFile, cd49abb2
1f92239d5a59481b83f18b1d)
                     - 
iif.hpp (RegularFile, abedb0f
77dcecb0355deb79a64f6a2dd)
                     - 
limits (Directory, a5f9e6e883
861ec65ad8c5762a9369c9)
                       - 
while_1024.hpp (RegularFile, 
0d7623ea25b411cdccfd4b802aadc
dce)
                       - 
while_256.hpp (RegularFile, d
012527713d66081204008f6b79921
32)
                       - 
while_512.hpp (RegularFile, 5
0d91e5b25d2ea92585a96ed678be5
f2)
                     - 
while.hpp (RegularFile, 532e4
d94f9f6a8e19eea4cd629594a02)
                   - 
control.hpp (RegularFile, fde
bfc247127ed7fc91427dc604f805b
)
                   - debug 
(Directory, 04590045b8a5885e2
6b2f240cc1800e8)
                     - 
assert.hpp (RegularFile, b83f
51472a6570f198c924008d0de3d8)
                     - 
error.hpp (RegularFile, 6522a
983cb3bcca5d87f9a8b11b231bd)
                     - 
line.hpp (RegularFile, ef737a
b683282b9ca3faf8a2293682e3)
                   - 
debug.hpp (RegularFile, 74511
77d9dbc4528612dfa8ec4a713ad)
                   - dec.hpp 
(RegularFile, e2a224394a08e19
86f7aa72f5aae7126)
                   - detail 
(Directory, f56d8ed9b766c2610
a11a8bfc289931e)
                     - 
auto_rec.hpp (RegularFile, 6d
a5ee6203cfaaebb993ed9281a59d3
d)
                     - 
check.hpp (RegularFile, b8668
6292483fa9b25fca229f02611df)
                     - dmc 
(Directory, c9f5a43723b28f60e
67dc7fef395dbc3)
                       - 
auto_rec.hpp (RegularFile, bb
8ad6951c82d67287624e8029b7d72
3)
                     - 
is_binary.hpp (RegularFile, b
7d0980ad78e8ad480ff40669fb620
2e)
                     - 
is_nullary.hpp (RegularFile, 
62236377ae2eb8e03b74eb90967c4
268)
                     - 
is_unary.hpp (RegularFile, 6f
df8ff3e0965cb89f8bfc89e64ec7b
9)
                     - 
limits (Directory, a7b094172b
293befdf6e3c6a57c0a29f)
                       - 
auto_rec_1024.hpp 
(RegularFile, a1f99a05d216f2e
72b6f9ade3aa8a97b)
                       - 
auto_rec_256.hpp 
(RegularFile, 143a722b599c40d
8f0cee420b49ed9f1)
                       - 
auto_rec_512.hpp 
(RegularFile, 55a5b8371edc189
5c7ec5e228d06fe7b)
                     - 
null.hpp (RegularFile, e93ac2
590dc0406afa97e702ac60b488)
                     - 
split.hpp (RegularFile, 177e9
76a8ec9bc7bae9380cbcc118d1e)
                   - 
empty.hpp (RegularFile, da988
774265b13c43face27395f5254b)
                   - 
enum.hpp (RegularFile, be1939
002ab6725fafcf6db6b587d26b)
                   - 
enum_params.hpp 
(RegularFile, adf26fbdcf81100
9138775d4431000c5)
                   - enum_par
ams_with_a_default.hpp 
(RegularFile, 33df8d98609ac52
dbafd7e614363eabc)
                   - enum_par
ams_with_defaults.hpp 
(RegularFile, ab08a9350d1f05b
04239877f1b1f860d)
                   - 
enum_shifted.hpp 
(RegularFile, 4e8c0e1e5c4ed1c
61cb11ca7df2dd9bf)
                   - 
enum_shifted_params.hpp 
(RegularFile, cabae76a3463acc
94bf435e60dc3e3f1)
                   - 
expand.hpp (RegularFile, 8880
874f454deeac0ad175558b13a9ea)
                   - 
expr_if.hpp (RegularFile, d68
7463aa3e99e7fc56887592c712562
)
                   - 
facilities (Directory, 241a70
56a8bdeb1bc6c20310742e09ea)
                     - 
apply.hpp (RegularFile, e4ea1
65feef8a9bdc230b109627b2462)
                     - 
check_empty.hpp 
(RegularFile, 81150f699905010
e96c48822b4515862)
                     - 
detail (Directory, 0f3d5bfb05
9c92ce9f8430d8ac81168b)
                       - 
is_empty.hpp (RegularFile, d5
9b1eb2f55a504456a767bc4e5ddf1
7)
                     - 
empty.hpp (RegularFile, 79db3
e014999e3662e99fe376a9ce7b3)
                     - 
expand.hpp (RegularFile, d747
59405dbbce4321ddca1a9883b29f)
                     - 
identity.hpp (RegularFile, 0d
1f499ccf11ceb4a270a1550a0341b
f)
                     - 
intercept.hpp (RegularFile, 0
692ef01dcd1101e7bdb01e68abfbd
82)
                     - 
is_1.hpp (RegularFile, cfa559
128b5024b81df052f5ba067052)
                     - 
is_empty.hpp (RegularFile, fa
d8398fdcd2220f6b59bdc4b7fe129
2)
                     - 
is_empty_or_1.hpp 
(RegularFile, 27ad06d9abf5dc9
e626bc207f63be844)
                     - 
is_empty_variadic.hpp 
(RegularFile, 69adc523f0a3048
e491de67b2708ceb6)
                     - 
limits (Directory, 4c4f61ab12
7851846d5afda0dfc6cf85)
                       - 
intercept_1024.hpp 
(RegularFile, c1ad800ef50e82f
88309ed19d5938ebf)
                       - 
intercept_256.hpp 
(RegularFile, 91d467b50b9a4c7
2be2e76a3e028f582)
                       - 
intercept_512.hpp 
(RegularFile, 330f413c29c929c
7a8a9a56746402dce)
                     - 
overload.hpp (RegularFile, 6e
c8c04bc1d1ecff9f06bd13b5106df
3)
                     - 
va_opt.hpp (RegularFile, 95c9
a48dfb6652c2a8d6faf3c6cbd4c3)
                   - 
facilities.hpp (RegularFile, 
3b91360947c7c29c61cc7db9fb25c
42a)
                   - for.hpp 
(RegularFile, 29405dbc2e0c10c
d2c76ff56e186c7f5)
                   - 
identity.hpp (RegularFile, bb
e2588860ebc377859319ad37e22c7
9)
                   - if.hpp 
(RegularFile, bd7863fe5eab1a9
4dc9b06698aafb4b8)
                   - inc.hpp 
(RegularFile, 82b4b25ea56f8d0
d2c50902277317771)
                   - 
iterate.hpp (RegularFile, 723
5bed31ea60aafefac83f41c6998ba
)
                   - 
iteration (Directory, 788205b
55ad3ed330b2f953a8c0d57ee)
                     - 
detail (Directory, 22b40f6ae7
b781088bc108fb171d2f9f)
                       - 
bounds (Directory, 2daf9cbbbd
55cd3b94c6e50380d1fb1b)
                         - 
lower1.hpp (RegularFile, 7978
527d09832403b5bd57cdf2c24180)
                         - 
lower2.hpp (RegularFile, fa85
8582570dfd0d7dd55128f468704d)
                         - 
lower3.hpp (RegularFile, f9f7
f7d308bdab2269bd0aafa9f69f64)
                         - 
lower4.hpp (RegularFile, cf13
f731f18cb904a37f4380e54b12b1)
                         - 
lower5.hpp (RegularFile, 5ba3
26bdbfe8ad7e3626a26a5571cba4)
                         - 
upper1.hpp (RegularFile, 0466
1dee578765d51eecf30ca1a564e5)
                         - 
upper2.hpp (RegularFile, f9d0
f522ca8af665097b2b2295e60009)
                         - 
upper3.hpp (RegularFile, dc05
82034f2b8408f398199b1efce56f)
                         - 
upper4.hpp (RegularFile, 0a1d
ca1d8caab8d97743b6bead5a321b)
                         - 
upper5.hpp (RegularFile, 57f1
611293f9085bda5f37e00db09cba)
                       - 
finish.hpp (RegularFile, 476f
983fd528a43f6df552618b9e128b)
                       - 
iter (Directory, 0492dc3a9d73
d40214b6750d1bf94516)
                         - 
forward1.hpp (RegularFile, fa
3e471da608484a594531d5e52a1fc
1)
                         - 
forward2.hpp (RegularFile, a1
194b08235951a249125ca07095341
a)
                         - 
forward3.hpp (RegularFile, 36
8aae0d9bc2e896c87ba0be0be3fa9
7)
                         - 
forward4.hpp (RegularFile, c2
579d3a793a42904a4eb3b9c302041
0)
                         - 
forward5.hpp (RegularFile, 2c
2e559e4f66aa91b72bab9568e38aa
b)
                         - 
limits (Directory, d65bd482a2
e832fafdc7c03977bdfe5d)
                           - 
forward1_1024.hpp 
(RegularFile, 7b0c5756fd95d9f
b9b7a9618919adcd5)
                           - 
forward1_256.hpp 
(RegularFile, 2b54955e9f979d1
f33e8edb6ff31052d)
                           - 
forward1_512.hpp 
(RegularFile, bd94f53c9582668
a5c062505093cd91f)
                           - 
forward2_1024.hpp 
(RegularFile, 2a75886711d21a4
29683ed60004871e3)
                           - 
forward2_256.hpp 
(RegularFile, d6733f9ee48e40b
8c52bfaabaeae484d)
                           - 
forward2_512.hpp 
(RegularFile, 02e25d9a768a510
df443fbdffae4aa0e)
                           - 
forward3_1024.hpp 
(RegularFile, 2e06586a5f91be0
da896896348e0b791)
                           - 
forward3_256.hpp 
(RegularFile, 0349149607a799f
b296732764514132d)
                           - 
forward3_512.hpp 
(RegularFile, 07c808bfa4f0055
50a05985481c5adb4)
                           - 
forward4_1024.hpp 
(RegularFile, e5419005a0c5ae4
ce1eb83063214a90f)
                           - 
forward4_256.hpp 
(RegularFile, 2aeb362c79240aa
04cf57df6df631414)
                           - 
forward4_512.hpp 
(RegularFile, 51f1c1aa3ab8aa4
dfa0a7a7b9a8c1d74)
                           - 
forward5_1024.hpp 
(RegularFile, 4f10a4e3fd28ee4
9358d26131f8aec5c)
                           - 
forward5_256.hpp 
(RegularFile, fdececf4e0d3c37
4b44a993559dd3190)
                           - 
forward5_512.hpp 
(RegularFile, bd13e259af07353
4ee08a499d7fd372a)
                           - 
reverse1_1024.hpp 
(RegularFile, c825b4dd28e02a5
a30b713170f111475)
                           - 
reverse1_256.hpp 
(RegularFile, ce09bacaf3541d7
cddd909d7809520a0)
                           - 
reverse1_512.hpp 
(RegularFile, 2dc0af90c0e3960
e882ae9e2b695a9da)
                           - 
reverse2_1024.hpp 
(RegularFile, c7e8a89d65a7bdd
1baceef38a89ac6b3)
                           - 
reverse2_256.hpp 
(RegularFile, 853f8637c0ec050
7e5a95901c48f7c3b)
                           - 
reverse2_512.hpp 
(RegularFile, 07b8dee558d2f52
f6b47ef8947696312)
                           - 
reverse3_1024.hpp 
(RegularFile, 32ed6c4e696cea7
705f787007943c875)
                           - 
reverse3_256.hpp 
(RegularFile, 31cfc34eedebfb1
e3b1ede58f38342e4)
                           - 
reverse3_512.hpp 
(RegularFile, de5e54eadc394f7
deed6a264d1219efe)
                           - 
reverse4_1024.hpp 
(RegularFile, b120ade7b67fc4e
399f704a73576e2e2)
                           - 
reverse4_256.hpp 
(RegularFile, ad264a31e901bc2
74533d03c0cd8ff65)
                           - 
reverse4_512.hpp 
(RegularFile, ec77e5cf9a4123d
104e9a7b4892ce15b)
                           - 
reverse5_1024.hpp 
(RegularFile, 7449483fa1f5fd5
e981b050bb445d23e)
                           - 
reverse5_256.hpp 
(RegularFile, 6f0e476759a77f0
91a6dcd38406ba838)
                           - 
reverse5_512.hpp 
(RegularFile, 312ce61da42c733
3b276cbe587948770)
                         - 
reverse1.hpp (RegularFile, 5a
14447620433969060fa0973a808c2
7)
                         - 
reverse2.hpp (RegularFile, 02
18df3ea5537b75f155211a8723de8
9)
                         - 
reverse3.hpp (RegularFile, 06
11e910357a20a6479f86f2ec0b854
4)
                         - 
reverse4.hpp (RegularFile, f5
fcb192502572e4372d64e3e62d628
f)
                         - 
reverse5.hpp (RegularFile, 6a
6bf87bfc15e35464275a2c93b4480
5)
                       - 
limits (Directory, b2d0de1cd2
fc0aa238da299dd92907b8)
                         - 
local_1024.hpp (RegularFile, 
9f1652c1716ce0654b5a0ecf970d2
0e5)
                         - 
local_256.hpp (RegularFile, 7
f74e56ac0450bb6866bf2b7267919
aa)
                         - 
local_512.hpp (RegularFile, a
5aa9f979127d355b802fa74a3dfa9
b9)
                         - 
rlocal_1024.hpp 
(RegularFile, 737000339544fcc
f470b2fe2dd57049f)
                         - 
rlocal_256.hpp (RegularFile, 
9c02b527aae6e6c7f54cb44578a2d
3e1)
                         - 
rlocal_512.hpp (RegularFile, 
e105c4c3ee292abb79e08b091d5af
79a)
                       - 
local.hpp (RegularFile, e3e90
7029de32d4d4028a88b758cc18d)
                       - 
rlocal.hpp (RegularFile, bf8b
ffd34705c0b706517c6d7def515f)
                       - 
self.hpp (RegularFile, feaa57
86e88d436fccb2d52b9ca60820)
                       - 
start.hpp (RegularFile, aab8a
d2356057ffadb4d65427a438878)
                     - 
iterate.hpp (RegularFile, c4c
4c8ada285640ec3c1108468d2ac4a
)
                     - 
local.hpp (RegularFile, 5dd44
a9dfae5943241b84e6186e93304)
                     - 
self.hpp (RegularFile, 9dc9a0
534310560415baa176f5076e0d)
                   - 
iteration.hpp (RegularFile, 5
ac7889c39813d17e665bd391c43d8
15)
                   - 
library.hpp (RegularFile, d27
606d830af3893bf957c60d6edb00b
)
                   - 
limits.hpp (RegularFile, 3ba1
8b6a58ea02228ff0555c2d7b32da)
                   - list 
(Directory, 2b1b2c49e82897768
69253cae8230607)
                     - 
adt.hpp (RegularFile, 5717252
21a4a078280af9941fd457b8b)
                     - 
append.hpp (RegularFile, a90f
18df33bb450e5aee1009894c4a0a)
                     - 
at.hpp (RegularFile, 105ba14a
bc78c5476bd4af8e2c048b00)
                     - 
cat.hpp (RegularFile, 9dead34
896d199611892888c73e22905)
                     - 
detail (Directory, d2d9427d1d
7ef418d1f8c78b95e7cabd)
                       - dmc 
(Directory, bce022aaedd8dcfc8
c84b682b2c7056d)
                         - 
fold_left.hpp (RegularFile, f
c79141fce2f8daed76ff2c1fea6b9
b9)
                       - edg 
(Directory, f43b8082586aadd2c
e197efd9bfc7d47)
                         - 
fold_left.hpp (RegularFile, c
a1e7e81c1d3dd7ab5faa5967871c5
51)
                         - 
fold_right.hpp (RegularFile, 
835add165b0a0e604bf08b6666e80
b65)
                         - 
limits (Directory, 0cea863c15
a868248637a7dfb044331c)
                           - 
fold_left_1024.hpp 
(RegularFile, 90620ccd6d31761
3b9b5ce33910832e9)
                           - 
fold_left_256.hpp 
(RegularFile, 17c2ba9d654cee1
53871c222fe362fb0)
                           - 
fold_left_512.hpp 
(RegularFile, 181e7391ddd0067
88460285101b4da34)
                           - 
fold_right_1024.hpp 
(RegularFile, a5388349ca8a286
e80eaf3c215e9dc43)
                           - 
fold_right_256.hpp 
(RegularFile, 1072e86da9c67a4
ceac07e22faf1ed78)
                           - 
fold_right_512.hpp 
(RegularFile, e589bccb041a71a
13bef6836743303bb)
                       - 
fold_left.hpp (RegularFile, a
2f6cc7eeb8d9af16d8e0ad1d7584d
cc)
                       - 
fold_right.hpp (RegularFile, 
cc482fbbebd460d58c803c909d5eb
c02)
                       - 
limits (Directory, 26d4d55a9c
2ce8847b6930a00d90e863)
                         - 
fold_left_1024.hpp 
(RegularFile, ea27d385c4d8974
413cc059f2a161d7b)
                         - 
fold_left_256.hpp 
(RegularFile, 5551112acd53ace
5a8ed4ac6bcb9d85b)
                         - 
fold_left_512.hpp 
(RegularFile, a44b70dc6aca09f
8e9fe313293102158)
                         - 
fold_right_1024.hpp 
(RegularFile, 2816c5493e08c8e
79750a5911daab409)
                         - 
fold_right_256.hpp 
(RegularFile, 9c4205e1eb26d12
4993e4ea60d0ee541)
                         - 
fold_right_512.hpp 
(RegularFile, 15d08178519a302
e07eb2d4d76bd7b7e)
                     - 
enum.hpp (RegularFile, 12b2eb
2640514806a9ff4cbecbd452ff)
                     - 
filter.hpp (RegularFile, b11a
728842f3fdbac0532cfeabca25cf)
                     - 
first_n.hpp (RegularFile, 342
8b4c35412dec480356369d4b5aa94
)
                     - 
fold_left.hpp (RegularFile, 3
fad02b4557f65a0931479bc712e1d
6f)
                     - 
fold_right.hpp (RegularFile, 
25f691674dea6e1356930b82cbca9
ac6)
                     - 
for_each.hpp (RegularFile, c0
a1f232ed9ba835b26405f31b3f210
1)
                     - 
for_each_i.hpp (RegularFile, 
94ea03f02848bc714d7866becc3e1
abd)
                     - 
for_each_product.hpp 
(RegularFile, 00c01ec81df9c83
ab37d681750d035a1)
                     - 
limits (Directory, a1f2c0c9d9
7f957ac82a177c6a49a2fb)
                       - 
fold_left_1024.hpp 
(RegularFile, 9d19e49f9ded08f
eb0c592bf99fb5a15)
                       - 
fold_left_256.hpp 
(RegularFile, 347cd59cfbee4cb
d2c6903d9dfc11944)
                       - 
fold_left_512.hpp 
(RegularFile, 74734f40dcd225d
38919185255dd9d2a)
                     - 
rest_n.hpp (RegularFile, c0d3
4fa3c9ae15b3ad6a4aa892dce930)
                     - 
reverse.hpp (RegularFile, 76b
8a06d1d2a0e96dedcc253baa9b2d7
)
                     - 
size.hpp (RegularFile, 33101f
423dbc0dbcae58ccdbd2a6b605)
                     - 
to_array.hpp (RegularFile, c0
171a921576582eb367957f79c0c6c
6)
                     - 
to_seq.hpp (RegularFile, 2647
62a4f5a19ab8940f2e6218e0f7ff)
                     - 
to_tuple.hpp (RegularFile, 31
b81af605cacf1029ac5b0d3694dc6
f)
                     - 
transform.hpp (RegularFile, 4
e4feda2e96ad5cd6d5101bb0090cf
97)
                   - 
list.hpp (RegularFile, 8b7460
d55406dfcbc6c93db237cf79a6)
                   - logical 
(Directory, b7ab8ecb929c5925a
cca42fd868a2c1a)
                     - 
and.hpp (RegularFile, 6fdb76a
850fbe1819e6ccba0ea7cc485)
                     - 
bitand.hpp (RegularFile, 360d
c1825c9f46a1b10b4cc8ed6ce32e)
                     - 
bitnor.hpp (RegularFile, 3d1b
b2a2268b02ca26f6ff5032171cf9)
                     - 
bitor.hpp (RegularFile, cfeb0
ac2a540a59c148ed57ed05f7828)
                     - 
bitxor.hpp (RegularFile, 0030
f46c29df10a46c499838e1ae346a)
                     - 
bool.hpp (RegularFile, 93a0fb
181b8c127a8b1cfc9dcaa754f7)
                     - 
compl.hpp (RegularFile, f4866
b8c33fe2f0067fb7b12c4446d68)
                     - 
limits (Directory, 4017e9cfa1
ba5de2254c21aad4f1035e)
                       - 
bool_1024.hpp (RegularFile, c
c91af75319d81dbc4e3be07737690
a3)
                       - 
bool_256.hpp (RegularFile, e8
15678aca585f6a5081ce2d5e67d52
5)
                       - 
bool_512.hpp (RegularFile, 10
4813dbf3a94d0e3c3215151234616
b)
                     - 
nor.hpp (RegularFile, 3948c51
4af90da404569569bbe1eb66d)
                     - 
not.hpp (RegularFile, 6504645
2d520efeecec2620c12f0573e)
                     - 
or.hpp (RegularFile, 905e4175
e470cd3f66e63b4814c25f50)
                     - 
xor.hpp (RegularFile, 75f277d
0aae3d5915294114b0c6e6350)
                   - 
logical.hpp (RegularFile, dc8
72266c25b5102e91e42cadfc6ae07
)
                   - max.hpp 
(RegularFile, 549c3842c6561e2
df501430ff9387484)
                   - min.hpp 
(RegularFile, c3e955abb64c99d
5349cbfda0041e27d)
                   - 
punctuation (Directory, a6fb4
a7d2d5834884dc45df1762fff7d)
                     - 
comma.hpp (RegularFile, 64b6c
86866e114e455f8d6fedf6d4432)
                     - 
comma_if.hpp (RegularFile, 29
b6599c84420bce54343d117ae8046
5)
                     - 
detail (Directory, 37453d9e94
670f7ef5d17042a6553a61)
                       - 
is_begin_parens.hpp 
(RegularFile, 03e4f40bc6cbef1
d10331dce9cc06be1)
                     - 
is_begin_parens.hpp 
(RegularFile, 697a60888a9ef82
31dffa2036315ffb5)
                     - 
paren.hpp (RegularFile, 3a12a
1536c593847c21d1a8a8f1b65aa)
                     - 
paren_if.hpp (RegularFile, 80
222511f993aa1053341915d4d0903
4)
                     - 
remove_parens.hpp 
(RegularFile, a11b0a7270ffd0c
969b37ce8bd7feb4f)
                   - 
punctuation.hpp 
(RegularFile, 03293ab4fab050f
222d3ffc890510671)
                   - 
repeat.hpp (RegularFile, eb61
741d1649f2117a9b4e5472127a4c)
                   - 
repeat_2nd.hpp (RegularFile, 
24e287ebcebfdbe6ef5e44b60bb02
34c)
                   - 
repeat_3rd.hpp (RegularFile, 
cece3eb4fd1588ae99eafb0db663b
24e)
                   - 
repeat_from_to.hpp 
(RegularFile, e4ee235653156fb
c34e541184ced0a5d)
                   - 
repeat_from_to_2nd.hpp 
(RegularFile, 3ce9e70b548f1a0
22b111570956b9c6a)
                   - 
repeat_from_to_3rd.hpp 
(RegularFile, 20ca57f2f982322
be3bdfd7a5da02fbb)
                   - 
repetition (Directory, 63b6ab
172f1b51c055e1008019a4f0e0)
                     - 
deduce_r.hpp (RegularFile, e1
fb45a795de1445d829ecd7692c784
8)
                     - 
deduce_z.hpp (RegularFile, cd
7ba52c3ff7acc93ab1904b026fd83
5)
                     - 
detail (Directory, 413bcfa352
d970d36bd4d585e3d87702)
                       - dmc 
(Directory, 51b1545037ecbed15
aedb0bebcca02f7)
                         - 
for.hpp (RegularFile, 021adf9
3053d5bf21a47f4926cb23ffc)
                       - edg 
(Directory, 7cb91bb2d2c278a12
01687039b11c556)
                         - 
for.hpp (RegularFile, 8b9aadd
4544ccb5cc2322db4b7ac330a)
                         - 
limits (Directory, b1bb938ac4
887d675e11d4db4e1ebb67)
                           - 
for_1024.hpp (RegularFile, dd
7b51c347b0c45e47d9ba0b996bcbe
6)
                           - 
for_256.hpp (RegularFile, 6dc
4a191c7fdcc5f20499fbf7c7ed12f
)
                           - 
for_512.hpp (RegularFile, 73d
d9d88baf9dce4a6b098a051ed5538
)
                       - 
for.hpp (RegularFile, a7e3507
42adeefd9c43ac2b3118d51f8)
                       - 
limits (Directory, 03ecbb40fa
ab884500f546d4987ad79e)
                         - 
for_1024.hpp (RegularFile, 23
9cc23d364ecb35f7d36f9682a0477
1)
                         - 
for_256.hpp (RegularFile, 643
2d6c8cd2950606c4fa14d8705aa99
)
                         - 
for_512.hpp (RegularFile, e69
000670bc617d8833d8539f5b4104d
)
                       - 
msvc (Directory, def1e8484fbe
7f044049866cd14b1ae7)
                         - 
for.hpp (RegularFile, 02e62d7
6f63dbacebab1c5f714c43023)
                     - 
enum.hpp (RegularFile, 8fdfd7
34db9ec844c0a9cae0cd9c425b)
                     - 
enum_binary_params.hpp 
(RegularFile, 138ff47fb1738ae
42d26e28d1eeecadf)
                     - 
enum_params.hpp 
(RegularFile, 8c7cd7bd8582657
1e06a420f95fe7a5b)
                     - enum_p
arams_with_a_default.hpp 
(RegularFile, 34b77584435f343
7abacbffcca967031)
                     - enum_p
arams_with_defaults.hpp 
(RegularFile, c80cd911489f378
4e535a2193ff11bf9)
                     - 
enum_shifted.hpp 
(RegularFile, c8bcd8f9a834e71
9906dac5a0ca6c0cf)
                     - enum_s
hifted_binary_params.hpp 
(RegularFile, 36322e6af322293
62c0a3fc12491875b)
                     - 
enum_shifted_params.hpp 
(RegularFile, bcd8f8494e7a5ac
c8f750b96892cceaf)
                     - 
enum_trailing.hpp 
(RegularFile, 3bf91d76cbf25e6
6233301345a5cf41f)
                     - enum_t
railing_binary_params.hpp 
(RegularFile, 25b3db4366a7f89
f60731f6c4c969e8e)
                     - 
enum_trailing_params.hpp 
(RegularFile, f406f04664ddb01
9fb85dc22565560a2)
                     - 
for.hpp (RegularFile, 8613008
a40cfc1aaaecc17a334822fed)
                     - 
limits (Directory, 5afd728802
f4968a5a736eaf5337c66d)
                       - 
for_1024.hpp (RegularFile, 0c
2a167c2fe900224d9d5c8ea275868
e)
                       - 
for_256.hpp (RegularFile, a50
31e44eaba68accab37244f1010268
)
                       - 
for_512.hpp (RegularFile, 6f5
48c93409dde15f82e2fb305587fc6
)
                       - 
repeat_1024.hpp 
(RegularFile, ab341b7c3d803b8
31ce7f8002a98368d)
                       - 
repeat_256.hpp (RegularFile, 
455c5283de93afbeb1d8a3f109969
48c)
                       - 
repeat_512.hpp (RegularFile, 
fbc9ec0f2da05c4615fdd24a9f9b7
8cd)
                     - 
repeat.hpp (RegularFile, ac69
fd3e4a6d2a0f8e8db24472e4aa43)
                     - 
repeat_from_to.hpp 
(RegularFile, 4ff9e15f3cec1ac
984f8377805a75a5a)
                   - 
repetition.hpp (RegularFile, 
0d4028117600d976c80495626882f
c55)
                   - 
selection (Directory, 4057b09
52bb829892b0d078b2b9e587e)
                     - 
max.hpp (RegularFile, d33901b
8c37699659e5bf443ec397adc)
                     - 
min.hpp (RegularFile, 895e849
97d15d345fb2509bbf0f7f435)
                   - 
selection.hpp (RegularFile, 3
8be2b9e2280c48d5ea487da842df4
0c)
                   - seq 
(Directory, 4f0deb90704d4c749
104002dd46243bf)
                     - 
cat.hpp (RegularFile, ad97a08
ce4b437396049412c941aac1d)
                     - 
detail (Directory, 1cade9c8ca
b6ced17945d9b44561d63f)
                       - 
binary_transform.hpp 
(RegularFile, c75c74068e1fe34
3f48e4b3eb742d297)
                       - 
is_empty.hpp (RegularFile, 39
34d853d07dc9eb87e586d5c96e1cc
9)
                       - 
limits (Directory, 34515732ce
5040641220c49116ea5fb0)
                         - 
split_1024.hpp (RegularFile, 
4d972ee5156740c31357090d7ef81
fa8)
                         - 
split_256.hpp (RegularFile, 4
27fec6fa82c6831727115403414eb
63)
                         - 
split_512.hpp (RegularFile, a
a6de14f9e630c4b2c5017cc6eb6db
de)
                       - 
split.hpp (RegularFile, c5aed
ed720ca4b6b2d0f718a26559f45)
                       - 
to_list_msvc.hpp 
(RegularFile, 5a83b1490e980d9
184cde128b1be0c17)
                     - 
elem.hpp (RegularFile, ef09a4
ff26b4838dc7bca03c6a72491f)
                     - 
enum.hpp (RegularFile, 11d03d
fffb1b68a43046a33a2eb3ff85)
                     - 
filter.hpp (RegularFile, 70cb
c4255d7b681485a3c54525ca7b35)
                     - 
first_n.hpp (RegularFile, d58
25cb7951548521a5d0f8fa4afb0f8
)
                     - 
fold_left.hpp (RegularFile, f
65140496a21ac5e2267b0c5b4b816
2b)
                     - 
fold_right.hpp (RegularFile, 
8411a9c03a678304c3fb3444045fa
1f6)
                     - 
for_each.hpp (RegularFile, fe
abf2a96985ac648faa9775d496efa
9)
                     - 
for_each_i.hpp (RegularFile, 
91cc31d101d71d51fdfe1a9239c94
beb)
                     - 
for_each_product.hpp 
(RegularFile, b73b9ce4b3e3b57
9198abc048b33c2ee)
                     - 
insert.hpp (RegularFile, 9219
327c0affd496e1f8a815e15d80e3)
                     - 
limits (Directory, 59f4b541cc
f36d7d21d4b3688b0019ca)
                       - 
elem_1024.hpp (RegularFile, c
1f5963c904e59e4a8df8facddd7ab
a3)
                       - 
elem_256.hpp (RegularFile, 86
94bb0f6fdf0c8a91e7c31b56ba5bd
a)
                       - 
elem_512.hpp (RegularFile, a9
05d2524f6f93b071eb9d471fd3200
f)
                       - 
enum_1024.hpp (RegularFile, 0
e80ab0fd641a8e6ea1b5c30e44399
8a)
                       - 
enum_256.hpp (RegularFile, 06
fba2af72fc1d3fc9f8d9529fd426c
5)
                       - 
enum_512.hpp (RegularFile, ec
9197e36e38a095351501fefefb190
6)
                       - 
fold_left_1024.hpp 
(RegularFile, a49cb61a7fa8eef
59f21d14d4a66153c)
                       - 
fold_left_256.hpp 
(RegularFile, b233211d1982f22
994f55b635a5822a2)
                       - 
fold_left_512.hpp 
(RegularFile, fed7063269babb7
d220197f0acddbeb7)
                       - 
fold_right_1024.hpp 
(RegularFile, 74159d2b9ed0c6e
fef846feeced1fbe6)
                       - 
fold_right_256.hpp 
(RegularFile, d325c444c7efd9c
0c8fad41f72dd3064)
                       - 
fold_right_512.hpp 
(RegularFile, 8cc3ce7f6202f26
a7534df2a37235e13)
                       - 
size_1024.hpp (RegularFile, 7
69d822e52fbb1b20ebe54e2018ab5
65)
                       - 
size_256.hpp (RegularFile, ff
252721de9a94b812ed03e0ea38241
a)
                       - 
size_512.hpp (RegularFile, 7a
5cda3a24486ad205bc2bf4844e826
4)
                     - 
pop_back.hpp (RegularFile, 91
f540abac23b6949ddb93b804d1d7f
c)
                     - 
pop_front.hpp (RegularFile, b
fbb44c87d3488dffa5f87da832b2c
b5)
                     - 
push_back.hpp (RegularFile, 3
45abb1bacf10a982a962a1a06f809
7a)
                     - 
push_front.hpp (RegularFile, 
4288a79cbc8a8654a257d6927bf83
a09)
                     - 
remove.hpp (RegularFile, 9d52
f8581ed9cb0530dac020787375dc)
                     - 
replace.hpp (RegularFile, 0db
8b5f78bdfe8685e90a40494b4a687
)
                     - 
rest_n.hpp (RegularFile, fe70
4f5e5d61f5e98df9d4e279781105)
                     - 
reverse.hpp (RegularFile, 637
f029f4231a441d24652b1ad8868cc
)
                     - 
seq.hpp (RegularFile, 4facddc
ff14e781dd98a5bb826f404e0)
                     - 
size.hpp (RegularFile, f07a64
3f4efb8ecaf2eb4bd858033319)
                     - 
subseq.hpp (RegularFile, e53b
f038782c656a9d235b1c1a175818)
                     - 
to_array.hpp (RegularFile, 1e
8cc031f928c45db1830343edb6d27
a)
                     - 
to_list.hpp (RegularFile, a39
b8f5e579446d8dc4abee3a08fa5bd
)
                     - 
to_tuple.hpp (RegularFile, b2
bd5d5a515bd45192b250f6085cabd
6)
                     - 
transform.hpp (RegularFile, a
64b9c1b2fa1271cb890b9c919b451
b0)
                     - 
variadic_seq_to_seq.hpp 
(RegularFile, 7d3c6e600d685d2
894534772b1c1bf1f)
                   - seq.hpp 
(RegularFile, ba76dca2753f472
04d4ee7de1fba36f1)
                   - slot 
(Directory, 1fc827c7f94031325
033aeebf894914b)
                     - 
counter.hpp (RegularFile, 0cc
93a2c2888c858cb120ad995e3c3e9
)
                     - 
detail (Directory, 684244b6fd
e2a61ee32d73f4fe42194d)
                       - 
counter.hpp (RegularFile, e74
a57e5f96dad0eabdfb4a4711e2209
)
                       - 
def.hpp (RegularFile, 2ad7c40
17f63114d03ec39a51be04e35)
                       - 
shared.hpp (RegularFile, 5d78
66fdab84bfe12c488a45cd6918a7)
                       - 
slot1.hpp (RegularFile, e6f30
11211c17362f8d045c4c75152e0)
                       - 
slot2.hpp (RegularFile, 984bd
562605a02d7d3ca744d40e4ab29)
                       - 
slot3.hpp (RegularFile, 83d1f
39fb4da8d9967f5c5a5015525d3)
                       - 
slot4.hpp (RegularFile, 7af11
fd1e224a9facac6f6d0e9994714)
                       - 
slot5.hpp (RegularFile, fdcf4
bdc11b8944ad935b063718dbe19)
                     - 
slot.hpp (RegularFile, 6a0ca4
e231e0b9ca80616b3cce098482)
                   - 
slot.hpp (RegularFile, 27e741
6cba4abc7728cc52869607dfb4)
                   - 
stringize.hpp (RegularFile, 0
9338193096d429fcec6950ec3b4bc
04)
                   - tuple 
(Directory, 481c8a1675387c1c3
b1ee5c730ef5936)
                     - 
detail (Directory, 1982a886d2
faeb6c512c44503a0e3a71)
                       - 
is_single_return.hpp 
(RegularFile, 881b205e9652153
032fd31e3064927f1)
                     - 
eat.hpp (RegularFile, 9083b58
c1963d0c1987097b347b402d7)
                     - 
elem.hpp (RegularFile, b00285
7d91faf67c520391afe4b67898)
                     - 
enum.hpp (RegularFile, 36ccc1
61c6a72e871ef0d14561b88e51)
                     - 
insert.hpp (RegularFile, cce6
8d66e46ad0547f8d7c52dc0e99b1)
                     - 
limits (Directory, 4ebf4ac663
3bcca677b6959724cb5cd7)
                       - 
reverse_128.hpp 
(RegularFile, a07f8bd30326aaa
f827dcf8531d8e2cb)
                       - 
reverse_256.hpp 
(RegularFile, bfe4fcaabc67581
097fa90cba594e103)
                       - 
reverse_64.hpp (RegularFile, 
06656cbd96f550037c7921761d9ad
1b1)
                       - 
to_list_128.hpp 
(RegularFile, 2b6c8663a653cf7
da845e4d613377808)
                       - 
to_list_256.hpp 
(RegularFile, e2dc9624ed1c91d
eac84958ccb3645ca)
                       - 
to_list_64.hpp (RegularFile, 
243f6fe0289f61690feace04081db
588)
                       - 
to_seq_128.hpp (RegularFile, 
a5d6f87e41ef7f3b98f941f9ba024
620)
                       - 
to_seq_256.hpp (RegularFile, 
19b36147d11180d658a724ffe00cf
a2a)
                       - 
to_seq_64.hpp (RegularFile, 5
eadcb3baf4a55c2585cdc8b88d870
62)
                     - 
pop_back.hpp (RegularFile, 51
f8644afae1e9ae034af231c1e45d2
2)
                     - 
pop_front.hpp (RegularFile, 4
4abcd0fbe7a930ebc7ad4570feea1
9f)
                     - 
push_back.hpp (RegularFile, 3
fc6ae8bd293abc591c37f8a9b5cac
3d)
                     - 
push_front.hpp (RegularFile, 
453cfdbbf6edff6d71d3b2255073f
439)
                     - 
rem.hpp (RegularFile, 8a78438
494a7f8edc915ec1ea9b22181)
                     - 
remove.hpp (RegularFile, 23bc
1afe3728ee5f6eea0a9510162d47)
                     - 
replace.hpp (RegularFile, 9b6
5897ced680c1fe0514a4f392e0a82
)
                     - 
reverse.hpp (RegularFile, 592
156498ca2b62f5b6f7ef4ae17ada7
)
                     - 
size.hpp (RegularFile, bb3975
b109f6ac0b5bd05704dffe6919)
                     - 
to_array.hpp (RegularFile, 49
ed3e2fe1161ba7381c3696d47ff31
8)
                     - 
to_list.hpp (RegularFile, fd9
af4b81a7549b1d68ad38cb2a80280
)
                     - 
to_seq.hpp (RegularFile, 9b28
f07d22df8344f63794a93c962ef4)
                   - 
tuple.hpp (RegularFile, a0eec
517ae86f7e53423dcfdff3e3977)
                   - 
variadic (Directory, f1110b8e
168683db2cf94150e94c6747)
                     - 
detail (Directory, d39472cc20
2c237b5b0bf1aca8e55527)
                       - 
has_opt.hpp (RegularFile, 8a3
6e23884821e5b0f04d6d7c0e5c07d
)
                       - 
is_single_return.hpp 
(RegularFile, 17b07bafaeeaef9
d05b2f47f41ebe29e)
                     - 
elem.hpp (RegularFile, 63583e
aed6338991bcb82c05ae67a519)
                     - 
has_opt.hpp (RegularFile, ea9
c098eaec3ca011f28ea17450cce06
)
                     - 
limits (Directory, c6f8d7af66
e4838ea81f43ca7a8f3dda)
                       - 
elem_128.hpp (RegularFile, 0d
1ebd01ad38ebff8ef7306bd7e5e58
1)
                       - 
elem_256.hpp (RegularFile, 43
a111f42dbc647117c9442cd01e1a8
7)
                       - 
elem_64.hpp (RegularFile, 260
37140c6698a20f7c5d28b677a4a7d
)
                       - 
size_128.hpp (RegularFile, 5a
6be4a7c02077b93847e9323b5fad0
e)
                       - 
size_256.hpp (RegularFile, 06
ec642fdc4ebd10694657e2e417201
c)
                       - 
size_64.hpp (RegularFile, b66
24b537fb17accaae1dbeb1084f9e1
)
                     - 
size.hpp (RegularFile, f377c1
b8633d4b427282f0b9c8b498d0)
                     - 
to_array.hpp (RegularFile, a7
b8e9bb96884942d7f154cce744516
e)
                     - 
to_list.hpp (RegularFile, ec0
57d41f547e712f15ccdac066d4464
)
                     - 
to_seq.hpp (RegularFile, efea
ad831f96c1fce4fca95730f4670c)
                     - 
to_tuple.hpp (RegularFile, 81
33f98fe760b9e95cb301ba0b79947
b)
                   - 
variadic.hpp (RegularFile, 04
1e26feee572f2586cc5610ac42834
f)
                   - 
while.hpp (RegularFile, 324f2
8f26470811d344bb8cc8d114d07)
                   - 
wstringize.hpp (RegularFile, 
6e384246be7d7853664a9d96ae7a6
2f8)
                 - 
static_assert.hpp 
(RegularFile, 6579ae7127b3251
ae29d53f91c0fc08f)
                 - 
type_traits (Directory, ee6f7
dd5179b439d1f5d97b35c3bdd41)
                   - 
add_const.hpp (RegularFile, a
12af31e969b57fa5d20622399e547
98)
                   - 
add_cv.hpp (RegularFile, 5f7b
d9e3ae31678eec397e56b51c2908)
                   - 
add_lvalue_reference.hpp 
(RegularFile, 66a64ccaebde662
336a46b97f4d092ae)
                   - 
add_pointer.hpp 
(RegularFile, 4137ed8ba91079a
0d1e1b88ebca4eb9d)
                   - 
add_reference.hpp 
(RegularFile, 96ee60e446635fa
1d913541c9390d24f)
                   - 
add_rvalue_reference.hpp 
(RegularFile, 8427fe74b39b989
f3f680be07ebd2916)
                   - 
add_volatile.hpp 
(RegularFile, eb972b20ddfb5e9
5eef00535a0022163)
                   - 
aligned_storage.hpp 
(RegularFile, 949ad412f8c74cc
b01567d85521e1389)
                   - 
alignment_of.hpp 
(RegularFile, cf5eb66c1f0eedf
bbc1a6bae5f2e951d)
                   - 
alignment_traits.hpp 
(RegularFile, 80d77f761b8c131
1399fad96cc9697b3)
                   - 
arithmetic_traits.hpp 
(RegularFile, 4bbea9f4b49364f
c608e4b974b282490)
                   - 
array_traits.hpp 
(RegularFile, e63c0ebcef48870
0790e1753d0a1ef53)
                   - 
broken_compiler_spec.hpp 
(RegularFile, 7876263d7350117
5d34e65ebfc4a2769)
                   - 
common_type.hpp 
(RegularFile, 61e9d3ba7b026af
9a9adcb35db6bd45d)
                   - 
composite_traits.hpp 
(RegularFile, 1534505ec520194
fcb1a7677b96ea15d)
                   - 
conditional.hpp 
(RegularFile, 578c9b4f39c4e53
f23a5e55687da3a81)
                   - 
config.hpp (RegularFile, 87b1
107c60d93b2a6d645c158c959e83)
                   - 
conjunction.hpp 
(RegularFile, 24c10d69a96cd99
75175f09e353c3482)
                   - 
conversion_traits.hpp 
(RegularFile, ae2ad5690da686f
62d4779cd7af0223e)
                   - 
copy_cv.hpp (RegularFile, b7e
72b9efdfa42b0e5c15de6dd248d70
)
                   - 
copy_cv_ref.hpp 
(RegularFile, 9ec5784b620eea1
be260f3ee958c8123)
                   - 
copy_reference.hpp 
(RegularFile, 41dfcc070629067
d2707cf5d3350c69e)
                   - 
cv_traits.hpp (RegularFile, c
50b5cd8c776cf19d4bd690f87e96f
d8)
                   - 
decay.hpp (RegularFile, 0afb8
89284971b90c798908d28e61c73)
                   - 
declval.hpp (RegularFile, a84
79fc8298c078d2f7a44814952c74c
)
                   - detail 
(Directory, 7e99a2099f89f9709
d5901d11c4e10d6)
                     - 
bool_trait_def.hpp 
(RegularFile, 0fc086e48c17572
e965338eca1cae8ce)
                     - 
bool_trait_undef.hpp 
(RegularFile, ac98b270a51cf4f
97c92ea93d9fa545a)
                     - 
common_arithmetic_type.hpp 
(RegularFile, 5e23914df1006a0
9e191f124f3fe3afb)
                     - 
common_type_impl.hpp 
(RegularFile, 788da10f3ccb7ff
ae886abdfb627c296)
                     - compos
ite_member_pointer_type.hpp 
(RegularFile, 83dfcd9c190e26f
7119f9caab77435f1)
                     - 
composite_pointer_type.hpp 
(RegularFile, df202536ee4a40e
4eed63e942a7b9a1a)
                     - 
config.hpp (RegularFile, 08d8
c61a8702b3f8940173e327d02f8f)
                     - 
detector.hpp (RegularFile, a0
b8f8b22ae5b88e8269d221bb8c0c8
b)
                     - 
has_binary_operator.hpp 
(RegularFile, 8853faffb2fd740
bfea508fb8ebb7aa5)
                     - 
has_postfix_operator.hpp 
(RegularFile, 526a3ee3f76267a
7921728d9ae5e4422)
                     - 
has_prefix_operator.hpp 
(RegularFile, 2abe4f025a64e79
07ac1bee3eee8d85a)
                     - 
ice_and.hpp (RegularFile, 776
8d5017b8cf1608ca21cec42a474d0
)
                     - 
ice_eq.hpp (RegularFile, 18f9
4edfadc31db84effec3928c952be)
                     - 
ice_not.hpp (RegularFile, 962
82213fa35d1a777b18a97f066be98
)
                     - 
ice_or.hpp (RegularFile, f380
9af95e0e2466dadda2cb48fc01ee)
                     - 
is_function_cxx_03.hpp 
(RegularFile, 20d9b72f1172ee7
65dadf874973bd8ac)
                     - 
is_function_cxx_11.hpp 
(RegularFile, e2839760da8a7f3
aad9e89c65e458fcc)
                     - 
is_function_msvc10_fix.hpp 
(RegularFile, 7dcb62619e74ec6
eae4570189fa129f2)
                     - 
is_function_ptr_helper.hpp 
(RegularFile, c0d69a38ba4a5e8
0f37924a218eaeb5d)
                     - 
is_function_ptr_tester.hpp 
(RegularFile, 35141ef8a10d4b2
db80b56ed05031060)
                     - 
is_likely_lambda.hpp 
(RegularFile, e617cc741df63da
7a170b6ef4ee54816)
                     - 
is_mem_fun_pointer_impl.hpp 
(RegularFile, 252a4a6eee3335c
0c6b8cd4411246507)
                     - is_mem
_fun_pointer_tester.hpp 
(RegularFile, f68b7fa8cf083c2
db3e94a2d0a597399)
                     - is_mem
ber_function_pointer_cxx_03.h
pp (RegularFile, 59d6c5e0e445
cd12944fc7eb72eeeece)
                     - is_mem
ber_function_pointer_cxx_11.h
pp (RegularFile, 130908be46a6
fda7462c211833aec7bf)
                     - is_rva
lue_reference_msvc10_fix.hpp 
(RegularFile, ee3b56a8d9ea45b
e551567cb99a46569)
                     - 
is_swappable_cxx_11.hpp 
(RegularFile, 0c9edfff5d287e5
f9f4ca311bb92fc80)
                     - 
mp_defer.hpp (RegularFile, 84
089ffababf6f4849fa06ab6e24290
5)
                     - 
template_arity_spec.hpp 
(RegularFile, 5a5137d09c7cf4e
611bb735ca08a78b2)
                     - 
yes_no_type.hpp 
(RegularFile, dbe3b1f7d552287
126d8e1e46493fe64)
                   - 
detected.hpp (RegularFile, 17
870b7d72eb2e8b1e6609c7b76bdd2
0)
                   - 
detected_or.hpp 
(RegularFile, acb56330dc69e3b
103d31905e5722c81)
                   - 
disjunction.hpp 
(RegularFile, 8328c3dcb0249e2
4396c519203fd128d)
                   - 
enable_if.hpp (RegularFile, e
0155a7946f0c4dc212853a1f10033
5f)
                   - 
extent.hpp (RegularFile, 1311
1090cdb8287f24562e3c47b4fddf)
                   - 
floating_point_promotion.hpp 
(RegularFile, b9d671062320da9
0c80ca7fbda63741b)
                   - 
function_traits.hpp 
(RegularFile, d7f2fef85a61aec
a1052ca9636c4bdcf)
                   - 
has_bit_and.hpp 
(RegularFile, d74ba19d38883c5
1a2c9089a6445b763)
                   - 
has_bit_and_assign.hpp 
(RegularFile, f3836df162ce05b
9010b4a2981b6b143)
                   - 
has_bit_or.hpp (RegularFile, 
cecf6d37479a068de5f96d6d903d8
b7e)
                   - 
has_bit_or_assign.hpp 
(RegularFile, 54f8f568ff1edd9
2e3d75112c6859fcc)
                   - 
has_bit_xor.hpp 
(RegularFile, 9d06d374d669be6
0b1b3121f7f644d7b)
                   - 
has_bit_xor_assign.hpp 
(RegularFile, ac5305fb65f73e4
be1178034dd5ec1af)
                   - 
has_complement.hpp 
(RegularFile, cb8117bdd04d25a
6cd97893b81563436)
                   - 
has_dereference.hpp 
(RegularFile, a828d7579ce6ccf
f758677f2861d11fb)
                   - 
has_divides.hpp 
(RegularFile, 953fa94bc5934db
e2915173144402ba2)
                   - 
has_divides_assign.hpp 
(RegularFile, 03707db775a335e
c29246a2edd7de262)
                   - 
has_equal_to.hpp 
(RegularFile, 86f22ed3d234d52
ca7814f911212b87b)
                   - 
has_greater.hpp 
(RegularFile, 21a715afec7f639
de12549c8f8eedb0d)
                   - 
has_greater_equal.hpp 
(RegularFile, d6c466ca11654a0
655419f84784adbc1)
                   - 
has_left_shift.hpp 
(RegularFile, cc20d13c65798e3
1678fece04345b260)
                   - 
has_left_shift_assign.hpp 
(RegularFile, b3472d34e179630
1fb6ff82911b818b0)
                   - 
has_less.hpp (RegularFile, cf
4a952e5389c0ac16a68716c47fc85
a)
                   - 
has_less_equal.hpp 
(RegularFile, 341b2d71e05eae6
f839adde1df13b377)
                   - 
has_logical_and.hpp 
(RegularFile, 6c5cef376b38a4e
b9d712f616f6d32cb)
                   - 
has_logical_not.hpp 
(RegularFile, 722e2966184a6c7
33574c274621efc5b)
                   - 
has_logical_or.hpp 
(RegularFile, b6f217893ef380e
896a5a3a3beb1db1d)
                   - 
has_minus.hpp (RegularFile, c
07ee2dd58c53247c010b8ac001c3f
02)
                   - 
has_minus_assign.hpp 
(RegularFile, cbe41a50941fc5a
117e4a0d96acac055)
                   - 
has_modulus.hpp 
(RegularFile, 9e7271ea399671c
09cc9bede7f2337d0)
                   - 
has_modulus_assign.hpp 
(RegularFile, e187be35540258c
871d02e549df3b0d6)
                   - 
has_multiplies.hpp 
(RegularFile, 1d696f75f6d2e7c
f8eeaebe3963735bb)
                   - 
has_multiplies_assign.hpp 
(RegularFile, d6c9e216a1e03f1
480c5116b42768683)
                   - 
has_negate.hpp (RegularFile, 
cf7a097b9acfbad88f5ed35a65b73
3dc)
                   - 
has_new_operator.hpp 
(RegularFile, d121fdf13646f4b
dba0b0f0bbe577f0f)
                   - 
has_not_equal_to.hpp 
(RegularFile, 104f0be5730a8a4
a6ca88502331f982c)
                   - 
has_nothrow_assign.hpp 
(RegularFile, f74f0c3ac533125
7624ef8894f528742)
                   - 
has_nothrow_constructor.hpp 
(RegularFile, d4e662e41899869
1c5097e5e5272adb7)
                   - 
has_nothrow_copy.hpp 
(RegularFile, 0eb1f35ceadc94a
b75c260b422b85692)
                   - 
has_nothrow_destructor.hpp 
(RegularFile, f05860949a61c2b
aebea26988f46d4af)
                   - 
has_operator.hpp 
(RegularFile, f6f72f528e13d20
289bd4345d8baf025)
                   - 
has_plus.hpp (RegularFile, 8f
a64e9dd49c90893f45a7a048c69a5
7)
                   - 
has_plus_assign.hpp 
(RegularFile, fee7bf91dfd5cf9
e146407db9827be03)
                   - 
has_post_decrement.hpp 
(RegularFile, 3c04e9630e42fa4
50d4fa5244b0534af)
                   - 
has_post_increment.hpp 
(RegularFile, d78eb20222d936b
8c8e58e3ec46e767f)
                   - 
has_pre_decrement.hpp 
(RegularFile, b51e1d6f9165f92
3d0cb1cb47a0963ae)
                   - 
has_pre_increment.hpp 
(RegularFile, d49843a9bfab0c6
8bdc58094dbb10e41)
                   - 
has_right_shift.hpp 
(RegularFile, f3aae5e8c241bed
aac93dc20c76f4370)
                   - 
has_right_shift_assign.hpp 
(RegularFile, 4a44df480eb5c11
fd63c929b47d80874)
                   - 
has_trivial_assign.hpp 
(RegularFile, 82cf6d2ab3c89b4
d822844af0f3c13a8)
                   - 
has_trivial_constructor.hpp 
(RegularFile, 6638e907b4a2b49
3b1262ed6c71783b7)
                   - 
has_trivial_copy.hpp 
(RegularFile, d92de232557c878
8f8f17b73485cef42)
                   - 
has_trivial_destructor.hpp 
(RegularFile, eeeeb5d7cfc4fee
5b36e6ba1d5ec27ac)
                   - 
has_trivial_move_assign.hpp 
(RegularFile, 1cfc5d63b54853a
b4f9f9748f606cab2)
                   - has_triv
ial_move_constructor.hpp 
(RegularFile, 70687afa0fa61fd
fc8ec058e972fa883)
                   - 
has_unary_minus.hpp 
(RegularFile, db4001fd26429e7
065aa94bc53236f8f)
                   - 
has_unary_plus.hpp 
(RegularFile, f13c8d85b37c919
b3a94124bb195f56c)
                   - 
has_virtual_destructor.hpp 
(RegularFile, e94c7cbedaf6b1d
c6f9daf06d69e2454)
                   - ice.hpp 
(RegularFile, 6fc3c1270f34bfa
b86c39d6a19b22e2f)
                   - 
integral_constant.hpp 
(RegularFile, a5b7a407bc3bd82
0e9b2720daf5b2187)
                   - 
integral_promotion.hpp 
(RegularFile, 526cd316fc25a56
7d5a9074af6d3ed8f)
                   - 
intrinsics.hpp (RegularFile, 
25a8102514b4982b5fdbf1944a730
1fc)
                   - 
is_abstract.hpp 
(RegularFile, 420936ae9b1630c
5e662b5d6cf32f3d8)
                   - 
is_arithmetic.hpp 
(RegularFile, 3fb1b4d65e3bb5d
1d5223afa578c256c)
                   - 
is_array.hpp (RegularFile, 87
5235b5c0886592bb8eb9a4cfd05e9
f)
                   - 
is_assignable.hpp 
(RegularFile, 6decf81494eb4cd
9a09d9b8063a3f8ce)
                   - 
is_base_and_derived.hpp 
(RegularFile, 513945bd0655161
e2d157fea20ad0590)
                   - 
is_base_of.hpp (RegularFile, 
85444c365f43d30080bc9809aa2cd
2ec)
                   - 
is_base_of_tr1.hpp 
(RegularFile, ce6b6eb0a5b957a
49c5a00eea4047985)
                   - 
is_bounded_array.hpp 
(RegularFile, 6e181349e068a9b
36fb87d52f4030be2)
                   - 
is_class.hpp (RegularFile, 3e
91b4f331de7260b17ac1bcd43d911
5)
                   - 
is_complete.hpp 
(RegularFile, fba83a536f1f5e7
c250d44c0456e2dd3)
                   - 
is_complex.hpp (RegularFile, 
4a44062ddf2e342096073bf191c68
2b8)
                   - 
is_compound.hpp 
(RegularFile, 01d561f1337c0eb
a40c4a8a07a5e0240)
                   - 
is_const.hpp (RegularFile, 07
03c6a76213e447ce90891a5f5ef9f
e)
                   - 
is_constructible.hpp 
(RegularFile, a9bca5d7bcb0e10
da0973e9111209f05)
                   - 
is_convertible.hpp 
(RegularFile, 3b064d956b74158
77a1c406e96c31695)
                   - 
is_copy_assignable.hpp 
(RegularFile, 5f56d44407285c1
56c9fe8789dc0b353)
                   - 
is_copy_constructible.hpp 
(RegularFile, 3319bda84664aab
bf310106cec497883)
                   - 
is_default_constructible.hpp 
(RegularFile, fcc1edf1892db8f
5342bc1b2b979035b)
                   - 
is_destructible.hpp 
(RegularFile, 1d2dafe7c6e1378
bbed6e8e48b1ad22f)
                   - 
is_detected.hpp 
(RegularFile, dd365d2770cb02e
f928f2b1547907bbb)
                   - 
is_detected_convertible.hpp 
(RegularFile, ae78f3d57d12ef7
0a83a025821351e60)
                   - 
is_detected_exact.hpp 
(RegularFile, 6f228606090ca9f
e759c283ff5270a69)
                   - 
is_empty.hpp (RegularFile, 5a
0d032ad830e6d84aa1a69d01a1efe
b)
                   - 
is_enum.hpp (RegularFile, 5da
fef317a5ee9b6a637b2d299d68b6e
)
                   - 
is_final.hpp (RegularFile, 92
5cc37f676c2d8168b8f2be464cfbe
c)
                   - 
is_float.hpp (RegularFile, c8
11418d14ef183c2bd756e5ea43dd7
5)
                   - 
is_floating_point.hpp 
(RegularFile, ec03b60d2e207ed
7cc11fec7cf2b917b)
                   - 
is_function.hpp 
(RegularFile, 0abe217161b8b43
7c5eaa7ba986eefad)
                   - 
is_fundamental.hpp 
(RegularFile, 13d4e33f9c76a47
1e5bbbde7df59ddda)
                   - 
is_integral.hpp 
(RegularFile, eff0cf89a5d084d
090c996f37954dedd)
                   - 
is_list_constructible.hpp 
(RegularFile, 5fcf833adfdceec
5b22b7c509c2bda5a)
                   - 
is_lvalue_reference.hpp 
(RegularFile, 04c4f87cfc705aa
2cf1ac6dea30e2271)
                   - is_membe
r_function_pointer.hpp 
(RegularFile, 3fa6d68c37ee293
6e386bf5d726e46c1)
                   - 
is_member_object_pointer.hpp 
(RegularFile, e1b3ba780ee0add
28dab28e27e4883c4)
                   - 
is_member_pointer.hpp 
(RegularFile, bf954dff6f2102b
7e2157df289d3777b)
                   - 
is_noncopyable.hpp 
(RegularFile, a2f4202ae41734c
1f92a9c41045151ad)
                   - is_nothr
ow_move_assignable.hpp 
(RegularFile, 0615dd87c0cc4b8
0051276f6e8a1c2d6)
                   - is_nothr
ow_move_constructible.hpp 
(RegularFile, 4f204d1c9502b8e
6e57287a35873621a)
                   - 
is_nothrow_swappable.hpp 
(RegularFile, 6c42506c417fffb
d8e6a8420403f02b8)
                   - 
is_object.hpp (RegularFile, 3
678040c076328e6dc81f8ac6233f2
70)
                   - 
is_pod.hpp (RegularFile, ec3c
ae2540a82ca5837b7b1c3039dc34)
                   - 
is_pointer.hpp (RegularFile, 
1e755b9f261b52b422c84d995c8ec
12e)
                   - 
is_polymorphic.hpp 
(RegularFile, e901ddb058a91ef
ea7577ca7ccfcdb92)
                   - 
is_reference.hpp 
(RegularFile, cfc96c334e4da00
afd29598dda201a00)
                   - 
is_rvalue_reference.hpp 
(RegularFile, 803894385f39d7d
62e49c11d9ec3fef3)
                   - 
is_same.hpp (RegularFile, 4bc
dcd1c52406aaea89c9c8a44f88d6b
)
                   - 
is_scalar.hpp (RegularFile, d
15a51364cba49b06d6465198ce81e
e8)
                   - 
is_scoped_enum.hpp 
(RegularFile, 78c749158d59419
90548ad7a177a4e99)
                   - 
is_signed.hpp (RegularFile, d
3476dfcdf7a5990080f8fa09d79ea
2c)
                   - 
is_stateless.hpp 
(RegularFile, 28332c4a7fc24c3
599566bcd8d535a16)
                   - 
is_swappable.hpp 
(RegularFile, 7c864508e548be0
179d2efc3e01289da)
                   - 
is_trivially_copyable.hpp 
(RegularFile, e5711eb287f7999
fcfc3c67838829cdd)
                   - 
is_unbounded_array.hpp 
(RegularFile, 3d0cde1e1ff79e2
f0a94002874025d1f)
                   - 
is_union.hpp (RegularFile, 37
f1d9e0407c52fd339fc7377963649
3)
                   - 
is_unscoped_enum.hpp 
(RegularFile, 00e4d7a1cbac1b6
e306fee97c76c92dd)
                   - 
is_unsigned.hpp 
(RegularFile, cea21785d365e66
fb928fbf6005cd136)
                   - 
is_virtual_base_of.hpp 
(RegularFile, 32ec893a1cd5641
9c6e26f357eb9540c)
                   - 
is_void.hpp (RegularFile, a1b
8f0f8ed151d0433faa5fdc73e2a0a
)
                   - 
is_volatile.hpp 
(RegularFile, e333c84ed20dc0c
99f5099f527c587fd)
                   - 
make_signed.hpp 
(RegularFile, 0eb9021d04d9b40
2e50a53225788b9c5)
                   - 
make_unsigned.hpp 
(RegularFile, 82561e0cd710a2f
01f275e80a0c30a05)
                   - 
make_void.hpp (RegularFile, a
8016872e8943a98571a6808843684
e3)
                   - 
negation.hpp (RegularFile, 55
ecf52f586a03d760b0fea05931188
4)
                   - 
nonesuch.hpp (RegularFile, fa
b2dc8cc1fc1d97119a9d2b211ffd4
9)
                   - 
object_traits.hpp 
(RegularFile, bb21599f29e2541
fa8861c479098ff5a)
                   - 
promote.hpp (RegularFile, 8a9
a11353b5cc7ab701ed5f769788ff9
)
                   - 
rank.hpp (RegularFile, 2f4e3a
53ce58f24e2c8efed38e159539)
                   - 
reference_traits.hpp 
(RegularFile, a3db765e5f2d81d
3c98d9ba2a34f0a9e)
                   - 
remove_all_extents.hpp 
(RegularFile, 7f24c6e65331de9
0a8ae48df74677480)
                   - 
remove_bounds.hpp 
(RegularFile, 500c3e56d8f244f
27d6bd5c5d067bec4)
                   - 
remove_const.hpp 
(RegularFile, 5e5e710a1c8e2ab
1f7f077b33a732724)
                   - 
remove_cv.hpp (RegularFile, 9
befefa0b7fe39a445b897c9b919ce
b0)
                   - 
remove_cv_ref.hpp 
(RegularFile, d5e34de043ecb12
4c82de2055fbde59a)
                   - 
remove_extent.hpp 
(RegularFile, 89d4b95e3f068a7
35085b6c09f3958fc)
                   - 
remove_pointer.hpp 
(RegularFile, e99093aa38184a4
210da9e0e9689f1fe)
                   - 
remove_reference.hpp 
(RegularFile, ec3115503b8dd32
49d50b4db4e0f5c46)
                   - 
remove_volatile.hpp 
(RegularFile, ab5a89ee3f3bab1
915e56bf2f8fa16a2)
                   - 
same_traits.hpp 
(RegularFile, 7502f7b38e45b8b
2afa85cd910cbac12)
                   - 
transform_traits.hpp 
(RegularFile, c516c18e6a82627
a65354fbea5143b81)
                   - 
type_identity.hpp 
(RegularFile, 25dce3b862d0ceb
749fc33a09ac188b0)
                   - 
type_with_alignment.hpp 
(RegularFile, a09c6e27a41e747
8ace7d0cdfe809548)
                 - utility 
(Directory, 9a76e58729ce97f49
fb4282107db9f8a)
                   - 
addressof.hpp (RegularFile, b
aa217c8b31abed6bf429b77be913c
c9)
                   - 
base_from_member.hpp 
(RegularFile, cd53d7024d2684e
e444489f44b9f8fed)
                   - 
binary.hpp (RegularFile, 5c3a
48c7e43740cb06250685250765bd)
                   - 
compare_pointees.hpp 
(RegularFile, 2ad1d7733ac53ba
885e44301df733bb8)
                   - 
declval.hpp (RegularFile, c11
7455e63936365395037b334c6a383
)
                   - detail 
(Directory, 7fff5523016116a86
bdae1dbd0ff9d81)
                     - 
in_place_factory_prefix.hpp 
(RegularFile, a9aa14f8c4f470a
5c3982491fb090f97)
                     - 
in_place_factory_suffix.hpp 
(RegularFile, 6aedf33e3c25416
8dc5e18f055401fa7)
                     - 
minstd_rand.hpp 
(RegularFile, 072185cef6b7dcb
30357e9e4df2dab1d)
                     - 
result_of_iterate.hpp 
(RegularFile, 09c2ea8aea157be
9480a7f8fbc217589)
                     - 
result_of_variadic.hpp 
(RegularFile, 9c1ed092835aea9
b8c8bf61feff90c3f)
                   - 
enable_if.hpp (RegularFile, c
402986a375916b156ef4f4ce0167d
3a)
                   - 
explicit_operator_bool.hpp 
(RegularFile, 207f01567bcc5e3
c96d1130eabff27b1)
                   - 
identity_type.hpp 
(RegularFile, eff22a27dd1a620
f3b713d3fb8490241)
                   - 
in_place_factory.hpp 
(RegularFile, f1f4c3be7fe745c
6ce33d28c1454de47)
                   - 
result_of.hpp (RegularFile, 0
f12be922d871f3fc7df3dc85923c4
08)
                   - 
string_ref.hpp (RegularFile, 
cff885845dde410dd36d28e1c645e
faa)
                   - 
string_ref_fwd.hpp 
(RegularFile, aff1c4f01a85712
45b3cce9daa4de1f7)
                   - 
string_view.hpp 
(RegularFile, 304ce7b3e4aac9d
e5a51a424d19616cc)
                   - 
string_view_fwd.hpp 
(RegularFile, 485442d0caf6fbf
7d1c466ecf88cb78d)
                   - 
swap.hpp (RegularFile, c619f4
fbfd85b2a1d7d1829167ce00e3)
                   - 
typed_in_place_factory.hpp 
(RegularFile, 06f6847f74a540a
df7acd8acada8a3fd)
                   - 
value_init.hpp (RegularFile, 
d5374c04c4647f887c86e87fb4444
cf9)
                 - 
utility.hpp (RegularFile, 045
8a9b489b9ede69e83995d8013a01f
)
                 - 
version.hpp (RegularFile, 827
48afc91b01647f47b9ff095d07445
)
               - common.h 
(RegularFile, 0960c4e27e46e17
e6cc32fc119477567)
               - 
corefunctions.h 
(RegularFile, 80df6d5514590c3
44c4db84b001d9416)
               - cxxreact 
(Directory, c5a77977ae8804e33
f37d22ee7e10311)
                 - 
CxxModule.h (RegularFile, 8ef
db853c8a355b5de907fb3d914b122
)
                 - 
CxxNativeModule.h 
(RegularFile, 08e0c592ee5e03b
f7e70b7bd1b4b4546)
                 - 
ErrorUtils.h (RegularFile, b5
ac568671a4a2395fee55e8cff2c7e
1)
                 - 
Instance.h (RegularFile, f1a4
96e0b6b2a0b0f84a55bfbb81a86e)
                 - 
JsArgumentHelpers-inl.h 
(RegularFile, ed7c8d4d8e37df5
6969ced81fb04cb66)
                 - 
JsArgumentHelpers.h 
(RegularFile, af269120f830a8b
27a4689fe8b39d549)
                 - 
JSBigString.h (RegularFile, b
939d7ffb902be75d4b27048d5fc4d
03)
                 - 
JSBundleType.h (RegularFile, 
0b396b4834c8a0834595b8f5daf5b
374)
                 - 
JSExecutor.h (RegularFile, dc
df49590d1a7e0f325c9e03c0bf709
7)
                 - 
JSIndexedRAMBundle.h 
(RegularFile, 69f67ce266de3a1
d0ae91ba5a13c6e32)
                 - 
JSModulesUnbundle.h 
(RegularFile, 8950f6a896ad55a
60ba62d93f18c787c)
                 - 
MessageQueueThread.h 
(RegularFile, 438868542761bae
545aae425b28a93fa)
                 - 
MethodCall.h (RegularFile, e9
33960f96a1bdae8ddbc45d5e40549
9)
                 - 
ModuleRegistry.h 
(RegularFile, 5153f14e0889444
ebdbf765586bbae15)
                 - 
MoveWrapper.h (RegularFile, 5
9283f607c3590db87188e1a937a98
ab)
                 - 
NativeModule.h (RegularFile, 
5febc171a6aa36fa81961486fe8d2
aaa)
                 - 
NativeToJsBridge.h 
(RegularFile, 1549363a4c3d19d
37aa572b2603ed2be)
                 - 
RAMBundleRegistry.h 
(RegularFile, 213da2f60fde1a6
2a8055c4a6d83b6c7)
                 - 
ReactMarker.h (RegularFile, 9
764a81b4f87445df0e042c14262f6
45)
                 - 
ReactNativeVersion.h 
(RegularFile, e186489069ae724
d47987bc08e2caee2)
                 - 
RecoverableError.h 
(RegularFile, e832150995815eb
442544ae2c4b83445)
                 - 
SystraceSection.h 
(RegularFile, a642c800f643454
31ef49befc4c0d1c2)
                 - 
TraceSection.h (RegularFile, 
1fdb2ff99384562000a353ec8a297
ced)
               - 
DefaultComponentsRegistry.h 
(RegularFile, e7b43e600f3d05e
fc13a9de182d9e6fc)
               - DefaultTurbo
ModuleManagerDelegate.h 
(RegularFile, b2a4e617018e156
2aabda2bf3932616a)
               - 
double-conversion 
(Directory, 22bcebffb7c80fe73
5d9e166082e710c)
                 - 
bignum-dtoa.h (RegularFile, 9
e08176c706fb8533afc7d51544ec2
58)
                 - bignum.h 
(RegularFile, 18adbfa6bd99352
361eb4f2057934d65)
                 - 
cached-powers.h 
(RegularFile, a2300ee14b162de
de0e5b4685113398f)
                 - diy-fp.h 
(RegularFile, 234df55534d019c
95028fa8423ce4021)
                 - 
double-conversion.h 
(RegularFile, b24a0ed49b55d2a
ea810aa7604990bc0)
                 - 
fast-dtoa.h (RegularFile, 3d6
8a1c9c50430cb343e29bb10417270
)
                 - 
fixed-dtoa.h (RegularFile, 9c
42d814afe7e88fd122dc15ced06f8
f)
                 - ieee.h 
(RegularFile, 2caf7600bbfffe7
94c974b486fb9f5b6)
                 - strtod.h 
(RegularFile, 9c8af805f7f78e3
1b4d94ee62eb0a69a)
                 - utils.h 
(RegularFile, 61f63255b0769fc
80fec7d4a83f84753)
               - fast_float 
(Directory, 0def900c03fbf10d5
feb66f978ba259e)
                 - 
ascii_number.h (RegularFile, 
b947f2fd7b7fb33101dbe6777eef8
d89)
                 - bigint.h 
(RegularFile, 69ea54d9b41c626
4ac5588338c20ee38)
                 - 
constexpr_feature_detect.h 
(RegularFile, 6fa17f5a05d2f58
4bae1936595996105)
                 - 
decimal_to_binary.h 
(RegularFile, 73c4c9e25c3a496
d49e2a7158eb191b5)
                 - 
digit_comparison.h 
(RegularFile, d78b0d86471da2f
fa9757daa7cce81fb)
                 - 
fast_float.h (RegularFile, ee
8ea695396c98e6252c5d3e308e527
3)
                 - 
fast_table.h (RegularFile, ff
0db87f794b0485f3423d3276b6640
0)
                 - 
float_common.h (RegularFile, 
ae9d6b11223f130b2eba59b6df800
546)
                 - 
parse_number.h (RegularFile, 
b4dce5be7541d9bf34f08c734750c
0bd)
               - 
FBReactNativeSpec.h 
(RegularFile, ac37c2db352c78d
79ed0262ce7627b8f)
               - fmt 
(Directory, 712f20a212a5a9fd7
93bf94ba916084a)
                 - args.h 
(RegularFile, dd66f5d95a27d70
b214db485a4584185)
                 - base.h 
(RegularFile, f2002f9888b8e18
a55055afa380f02e6)
                 - chrono.h 
(RegularFile, 6d10ce7efe9a72f
16a970df3d27b3341)
                 - color.h 
(RegularFile, 80cb30dd464a776
ba2637862fdb6af59)
                 - compile.h 
(RegularFile, f9342656f7aeb90
1663c687b42018b62)
                 - core.h 
(RegularFile, 7f1cfa720bd83a2
f9112e96a6cbc0aa2)
                 - 
format-inl.h (RegularFile, bc
6c878fcc61dd264a618f06d04dc92
1)
                 - format.h 
(RegularFile, 9b620bf1419e01b
73e337014fbe6bb91)
                 - os.h 
(RegularFile, 4f1a6ea9198e0f5
a20770e183e00a7c0)
                 - ostream.h 
(RegularFile, 93e431e56114bd5
5230c647829892e48)
                 - printf.h 
(RegularFile, f8ad796f535e0ee
64f124e8631627458)
                 - ranges.h 
(RegularFile, 97795bc6091246d
f00401db88bbf660b)
                 - std.h 
(RegularFile, 31da0304b5acd13
374e46a406a807ab4)
                 - xchar.h 
(RegularFile, 20ebd2d0b63ed16
3e0eaba0b579cb0e1)
               - folly 
(Directory, 5192d6ff28eb64cb6
95b2a70e6a702f8)
                 - algorithm 
(Directory, 6f490a9ed062c9ea7
1fea9365ed47f19)
                   - simd 
(Directory, 5e9e12938898e84f0
ed5d4464478e5fd)
                     - 
Contains.h (RegularFile, d118
0c77751a4acc047acee3be1ce542)
                     - 
detail (Directory, 8971ffe86b
bb5ca6de6193c5b968c0ea)
                       - 
ContainsImpl.h (RegularFile, 
fa5c52bca2a8d3c8999c385895a5d
918)
                       - 
SimdAnyOf.h (RegularFile, 270
41bea31148d63097fa506c58ff1e6
)
                       - 
SimdForEach.h (RegularFile, b
a2ade321dbf5f675a3d8c42e1fac8
d8)
                       - 
SimdPlatform.h (RegularFile, 
15230190a5cd068c2368cfa220c9f
b25)
                       - 
Traits.h (RegularFile, e04cc5
98578bc388b5b801cacaed7c16)
                       - 
UnrollUtils.h (RegularFile, 2
fe147dcaa23fbf6a9d21b3bfda8ab
f4)
                     - 
FindFixed.h (RegularFile, f13
75ea7acbce61890ef9f72aab51927
)
                     - 
Ignore.h (RegularFile, ee9736
9e25ddab59195872ce2a3a86eb)
                     - 
Movemask.h (RegularFile, 4cec
942b581b71d3721ced9dc115d67f)
                 - 
AtomicHashArray-inl.h 
(RegularFile, 633b0cb785453b4
ad264c26bd670f043)
                 - 
AtomicHashArray.h 
(RegularFile, d91f8222808aebb
a8bf38f4119d52cfe)
                 - 
AtomicHashMap-inl.h 
(RegularFile, 33569d71b583dca
b999dfe4b56cc658c)
                 - 
AtomicHashMap.h 
(RegularFile, 317abab0494ac13
0bb43389b341d0fe5)
                 - 
AtomicIntrusiveLinkedList.h 
(RegularFile, fe53a1434806cef
81b75bb0ab9b66390)
                 - 
AtomicLinkedList.h 
(RegularFile, 0c155128a2efdf4
4041f97fd17e5d436)
                 - 
AtomicUnorderedMap.h 
(RegularFile, 4589c49ad8da68a
270f688c6ddad3efc)
                 - base64.h 
(RegularFile, 17048dd03e0991b
031023d761a5c469e)
                 - 
Benchmark.h (RegularFile, 20b
13f41d6946ebd401f8ab48206ebf7
)
                 - 
BenchmarkUtil.h 
(RegularFile, 3e06a5845f26e73
86aa957d52e883073)
                 - Bits.h 
(RegularFile, 9b748ced5881846
e622607a23e2e6616)
                 - 
CancellationToken-inl.h 
(RegularFile, 8d5b485bee5c053
75b24a19e8cdbe2f8)
                 - 
CancellationToken.h 
(RegularFile, a1bca3830d30153
e91a4333b34d3ef9a)
                 - channels 
(Directory, 66803c2d6a8a6d71b
98434e31cc5f61e)
                   - 
Channel-fwd.h (RegularFile, 2
fa4901bfd704db24586d2fbb01c20
ee)
                   - 
Channel-inl.h (RegularFile, 3
23d2ddcc361c6ac615ab1b0ff18b5
43)
                   - 
Channel.h (RegularFile, a3444
91176010a342e9277a618fbb345)
                   - 
ChannelCallbackHandle.h 
(RegularFile, 9d67cf97da50e09
c32feaf3114492fd3)
                   - 
ChannelProcessor-inl.h 
(RegularFile, ef8ff74c8ba60f9
ab6c5ba71f6b4696a)
                   - 
ChannelProcessor.h 
(RegularFile, ba7da3d821598c4
8aaca08a422b2fca1)
                   - 
ConsumeChannel-inl.h 
(RegularFile, 96ca995fcc6e1a7
de4d99cb96190e5aa)
                   - 
ConsumeChannel.h 
(RegularFile, b77455e972330f6
9e16d51402fc4b796)
                   - detail 
(Directory, 54a0c2eb9a56fa5e4
ef8cf96a33ffde4)
                     - 
AtomicQueue.h (RegularFile, 4
91c6ca1dc50d638f692ed960308c5
80)
                     - 
ChannelBridge.h 
(RegularFile, 48ae57bd61aa5ec
6d213f39b92fa8cc6)
                     - 
IntrusivePtr.h (RegularFile, 
bf7a0d9d01201372d70cda3fe23f3
5a7)
                     - 
MultiplexerTraits.h 
(RegularFile, 72167049534b941
14b9dcd0a5e78c078)
                     - 
PointerVariant.h 
(RegularFile, c43a0aacdbdb7ab
87ad6abc5c185dc80)
                     - 
Utility.h (RegularFile, 53583
6c5e11d801e7397e653abc89f71)
                   - 
FanoutChannel-inl.h 
(RegularFile, eed401678fa268c
75c8a7ff2d477f553)
                   - 
FanoutChannel.h 
(RegularFile, 04260f2713c5140
ec0272f6d46295b94)
                   - 
FanoutSender-inl.h 
(RegularFile, 5b7640f10556073
c0675f1e81edfea91)
                   - 
FanoutSender.h (RegularFile, 
e246c01827e9ff42bbac499d6e841
ca6)
                   - 
MaxConcurrentRateLimiter.h 
(RegularFile, 4631e3e84116936
74908b1658bd77bbe)
                   - 
Merge-inl.h (RegularFile, 139
2dd7ede915ececc3d281d071a30d6
)
                   - Merge.h 
(RegularFile, c7d674c2cb31bb0
a0947d577cb112cb9)
                   - 
MergeChannel-inl.h 
(RegularFile, 05c58f459b64770
30cc4019dfd511bc0)
                   - 
MergeChannel.h (RegularFile, 
3795c965bf8fac5d092a8170b3def
7c2)
                   - 
MultiplexChannel-inl.h 
(RegularFile, a4eddac9d00e721
b93605d14420e26d9)
                   - 
MultiplexChannel.h 
(RegularFile, 8abac7e8f770450
c629f74a2a39c19f0)
                   - 
OnClosedException.h 
(RegularFile, 26a3633d326eef3
5884c4bf034e231ec)
                   - 
Producer-inl.h (RegularFile, 
c792689a092fb0a34b04cdf9e1fd1
092)
                   - 
Producer.h (RegularFile, 7172
25e2a6bb52cc71d924be9bf106cc)
                   - 
ProxyChannel-inl.h 
(RegularFile, 578f15c884afc62
aaa4b95f1fc181832)
                   - 
ProxyChannel.h (RegularFile, 
7e5a102a5d4a5747dec34c7b1d385
c51)
                   - 
RateLimiter.h (RegularFile, 4
2cc2ec59982ab0d68b6d2c5088ceb
c0)
                   - test 
(Directory, b1f86aa1207546a2f
b540b73bc027577)
                     - 
ChannelTestUtil.h 
(RegularFile, 222e6ea618c1375
8519712c179fed387)
                   - 
Transform-inl.h 
(RegularFile, 2bae8848f66851a
e3ccddc5900665bcd)
                   - 
Transform.h (RegularFile, 72b
4361f6471ba8b8c00bad78cd388c1
)
                 - chrono 
(Directory, e01aa58555b2f9c02
07e6219e6fc6a35)
                   - Clock.h 
(RegularFile, 47d53e4c903d03c
70472a6bbe9612def)
                   - Conv.h 
(RegularFile, 889db512d92a442
80288615d2a64cf5d)
                   - 
Hardware.h (RegularFile, 485b
33ad91f3f04ea7fa75d6da8387c6)
                 - Chrono.h 
(RegularFile, 9b33b85a1149a56
745a3dc0fb9466b8d)
                 - cli 
(Directory, c031f050341db3dbd
3778a34eb10b794)
                   - 
NestedCommandLineApp.h 
(RegularFile, a6035ca62bd053f
223b70b005ccaf77a)
                   - 
ProgramOptions.h 
(RegularFile, c8725544368a255
a8dacd0e9878d4e68)
                 - 
ClockGettimeWrappers.h 
(RegularFile, 1c8a64ce14c2f7e
403798246a3d4c9d0)
                 - 
compression (Directory, 32e00
beaf45def295e19d02c1b861436)
                   - 
Compression.h (RegularFile, 1
9d089efaa3c929e93dfc47c249328
0a)
                   - 
CompressionContextPool.h 
(RegularFile, 16bd6a943552267
60ad9f5ecf2f9ec08)
                   - Compress
ionContextPoolSingletons.h 
(RegularFile, 7860419e8ff74e8
1c7b7301ade65c82e)
                   - Compress
ionCoreLocalContextPool.h 
(RegularFile, 21fc50d5f6f9c41
5cd2e04a16540764c)
                   - 
elias_fano (Directory, 149898
2af7482fb2f878ec09d8ed105b)
                     - 
BitVectorCoding.h 
(RegularFile, 890b5d19face33d
f6fc6bbbe4cfbebd6)
                     - 
CodingDetail.h (RegularFile, 
e0d125848195dade59fcb2bbdad71
ef3)
                     - 
EliasFanoCoding.h 
(RegularFile, a0471e31c4e514b
458ae68b933888845)
                   - 
Instructions.h (RegularFile, 
567dc2c208f4e214f29b58acac666
e34)
                   - 
QuotientMultiSet-inl.h 
(RegularFile, 1ed7a3eda9d57e6
1610dfc970d07416a)
                   - 
QuotientMultiSet.h 
(RegularFile, 7ff52951d3af768
c834837cfc607b6dc)
                   - 
Select64.h (RegularFile, f07f
50bf9ec6ba157cbb7fd1f300f1d8)
                   - test 
(Directory, 2be1d7bbb71ee612f
780c9316d42ed42)
                     - 
CodingTestUtils.h 
(RegularFile, ed98213be3ef954
3fe3793cf5274f744)
                   - Utils.h 
(RegularFile, 77097c4bb1d01a6
afdf23221cc76cfc2)
                   - Zlib.h 
(RegularFile, a11301fab8f8cdd
450c4ff91ea0af122)
                   - Zstd.h 
(RegularFile, 92bbdedbd818fa7
21a23da8470d8e996)
                 - 
concurrency (Directory, ec6b6
d484407439c68f163883254b26a)
                   - 
AtomicSharedPtr.h 
(RegularFile, 39bec691cbdca41
6c16eeb33797fd36a)
                   - 
CacheLocality.h 
(RegularFile, e309b9fdd8f4cbb
bf2fd5b96b7a9b8df)
                   - 
ConcurrentHashMap.h 
(RegularFile, 031d90c9fef5a4e
d2b58256097f2f590)
                   - 
container (Directory, 5c2b297
f0027f0521678b8d957c00795)
                     - 
atomic_grow_array.h 
(RegularFile, 5e0206a14c13dfd
a15965ef2aebf9b83)
                     - 
FlatCombiningPriorityQueue.h 
(RegularFile, c3b7a2dd14dc472
bf4873e30482fc74b)
                     - 
LockFreeRingBuffer.h 
(RegularFile, 724d5fe934f6719
1eacf967205fbb60b)
                     - Relaxe
dConcurrentPriorityQueue.h 
(RegularFile, 1a01af3fdd988ad
6675e4eb81a54676b)
                     - 
SingleWriterFixedHashMap.h 
(RegularFile, 53e81d7b65ff09d
82f76ccde36eaaa62)
                   - 
CoreCachedSharedPtr.h 
(RegularFile, 1a3bf68d04df8e5
da0cde3d43864d45e)
                   - 
DeadlockDetector.h 
(RegularFile, 09fed92b172b3e4
5a4ec686d5229eb25)
                   - detail 
(Directory, 0e0a98f6475376ac6
10af8c004b05d0e)
                     - 
AtomicSharedPtr-detail.h 
(RegularFile, e54b545b46b4048
89b87f9b913e77c0f)
                     - 
ConcurrentHashMap-detail.h 
(RegularFile, fba81b026678a43
11fbcca767f3965ec)
                   - 
DynamicBoundedQueue.h 
(RegularFile, 20e26fee0a0f911
9db548f8ca20c0be4)
                   - memory 
(Directory, 3008054b81d922514
08181694049ab4f)
                     - 
AtomicReadMostlyMainPtr.h 
(RegularFile, 01488d1701dba93
66f66f82bd587666c)
                     - 
PrimaryPtr.h (RegularFile, 76
3c7159b92196b8af7b318601f97b2
b)
                     - 
ReadMostlySharedPtr.h 
(RegularFile, 0e0b7108baed308
ff986259e42ed030f)
                     - 
TLRefCount.h (RegularFile, 15
2a4a48901a193cb7843d15f00f978
3)
                   - 
PriorityUnboundedQueueSet.h 
(RegularFile, ec063d14a33f6ae
8a1b54adc374ec13e)
                   - 
ProcessLocalUniqueId.h 
(RegularFile, 173477f4a2c0396
af4db61f150af9de8)
                   - 
SingletonRelaxedCounter.h 
(RegularFile, 9b133cedf966622
8fc3d5bf095a81c65)
                   - test 
(Directory, 753c9c65eda52036d
94381411a5f3f4e)
                     - 
AtomicSharedPtrCounted.h 
(RegularFile, 82f93e5f26acf48
d2e95eb41524d33d7)
                   - 
ThreadCachedSynchronized.h 
(RegularFile, 5c12f617d693740
33e00c2adcbc154bb)
                   - 
UnboundedQueue.h 
(RegularFile, 73f961f8e4d7d41
d587515c72c14c7fc)
                 - 
ConcurrentBitSet.h 
(RegularFile, f8cce4639e24ad6
db20aa91f46d2c5b2)
                 - 
ConcurrentLazy.h 
(RegularFile, 6cf62090800c2ea
604202e29c095a396)
                 - 
ConcurrentSkipList-inl.h 
(RegularFile, dd13aeb1ec2db43
d9e67749c0ce6ad29)
                 - 
ConcurrentSkipList.h 
(RegularFile, d3fe99972e1d1b7
c4138069674e4fd93)
                 - 
ConstexprMath.h 
(RegularFile, 4c9e69b00eb69a7
981d37f9eea0a0287)
                 - 
ConstructorCallbackList.h 
(RegularFile, d46ed9526a5536a
d2a1977e5d55b625f)
                 - container 
(Directory, ec141f669234f9a70
d492a64def305ba)
                   - 
Access.h (RegularFile, f067fc
343d019c078386721c83492e18)
                   - Array.h 
(RegularFile, a8dbf8805cb6866
fc1ca4de564bc8fae)
                   - 
BitIterator.h (RegularFile, 6
d35e0ac4f0651e570c35d3f4cd2ad
6b)
                   - detail 
(Directory, b9441f3e8941d24a0
356d1df240b8458)
                     - 
BitIteratorDetail.h 
(RegularFile, 9b45eb1bce41f14
5f9596831dedbf02e)
                     - 
F14Defaults.h (RegularFile, 2
0d01060e7f0b1ccdf0c37abe62fe6
fb)
                     - 
F14IntrinsicsAvailability.h 
(RegularFile, 44668c01ffcf83d
2f4ffe23707c82c8d)
                     - 
F14MapFallback.h 
(RegularFile, c3825672f506a48
18914c3ab67f3cae8)
                     - 
F14Mask.h (RegularFile, 30315
9415ff1254d53abeeebceebb491)
                     - 
F14Policy.h (RegularFile, 79f
49190fa41a4d1aa1797a87597075d
)
                     - 
F14SetFallback.h 
(RegularFile, 37ebe88eb7300c6
c46c9d701637dd6c2)
                     - 
F14Table.h (RegularFile, 0121
a040092ebddcf05b28c99ce2a799)
                     - 
tape_detail.h (RegularFile, 6
5a79b13d109217c8922ece7f5502a
5d)
                     - 
Util.h (RegularFile, ed8a407e
db321317eb0c8a154db4b5db)
                   - 
Enumerate.h (RegularFile, cee
6a62c33a93cec5b38f428572ba339
)
                   - 
EvictingCacheMap.h 
(RegularFile, 4225e59335cd1f0
62ee2a2b2673216ec)
                   - 
F14Map-fwd.h (RegularFile, a6
05066093ac200dd58f1dc9d5bcc06
f)
                   - 
F14Map.h (RegularFile, 6f08b0
5c30a79741bcccd2ac8ddce518)
                   - 
F14Set-fwd.h (RegularFile, ba
699eb5db9ba1f70e504902e6f3a67
6)
                   - 
F14Set.h (RegularFile, 35a90a
26957441aca08f654c42642faa)
                   - 
FBVector.h (RegularFile, 1333
82ea22d93dd8d1710272b2fa1b7e)
                   - 
Foreach-inl.h (RegularFile, 1
e72ad26138f7cccd8a9ac4ce1fd8e
36)
                   - 
Foreach.h (RegularFile, 48346
cd593dc26ce54402c204efdeb41)
                   - 
heap_vector_types.h 
(RegularFile, 65bbdaedca33e7e
b0027d4a8a9f7e1c9)
                   - 
HeterogeneousAccess-fwd.h 
(RegularFile, 3318545095af994
d100b92c7dcb07242)
                   - 
HeterogeneousAccess.h 
(RegularFile, 858c6710c0420ff
f8ab47064c6f07fe0)
                   - 
IntrusiveHeap.h 
(RegularFile, e62f25606e79119
9a5c10dabb22c5938)
                   - 
IntrusiveList.h 
(RegularFile, b7846b8f220ed04
4a37e5bf757be18b4)
                   - 
Iterator.h (RegularFile, 9d49
f736e282bded2eccb4399e019d13)
                   - 
MapUtil.h (RegularFile, 1b929
9afc485314d9ab27be8c087868f)
                   - Merge.h 
(RegularFile, dde9485758e3eb4
aa3b7add9d56715a2)
                   - 
range_traits.h (RegularFile, 
54969a15181e2af9a65aea8c5e68a
1a7)
                   - 
RegexMatchCache.h 
(RegularFile, de1a4a96709477e
b4ad63c11ed95fb90)
                   - 
Reserve.h (RegularFile, b90db
0557c619503526f813c5913ae81)
                   - 
small_vector.h (RegularFile, 
648b2f4ea5f372200a95698463afc
099)
                   - 
sorted_vector_types.h 
(RegularFile, 4e3d9461b29a918
2c0ba9fd8ed326ecc)
                   - span.h 
(RegularFile, 2621408122aed54
c6eb4ceb0dc8a4ba2)
                   - 
SparseByteSet.h 
(RegularFile, b688356dde71eeb
60b95be54947eab36)
                   - tape.h 
(RegularFile, 851d0a68859df43
f8fd6c0315c9c020f)
                   - test 
(Directory, 703a6f3de0e912c07
80d976040680210)
                     - 
F14TestUtil.h (RegularFile, 9
2a102ee1c6ee633d3125769982c26
25)
                     - 
FBVectorBenchmarks.cpp.h 
(RegularFile, cc411178a174ead
76607c664584605fc)
                     - 
FBVectorTests.cpp.h 
(RegularFile, 50b45f51e513e94
3a6940efd983cf983)
                     - 
TrackingTypes.h 
(RegularFile, 38f4e730eaeb112
8fea108a4bbd0cf65)
                   - View.h 
(RegularFile, 25d477e4885bdc3
202cfbe70c1883130)
                   - 
WeightedEvictingCacheMap.h 
(RegularFile, 6938cb86e74be00
b4e74c63f7acbead6)
                 - Conv.h 
(RegularFile, 65c8c1d6106b8af
8d308711a035dae11)
                 - coro 
(Directory, 86736690ec05dec87
bd25f558fd14f4a)
                   - 
Accumulate-inl.h 
(RegularFile, 677634584a013c4
d2e8ba07f9d35cad2)
                   - 
Accumulate.h (RegularFile, 23
f778a19c5d940f8d68938be387474
1)
                   - 
AsyncGenerator.h 
(RegularFile, 45a08372267cf4d
9a2bd2640ce940b4e)
                   - 
AsyncPipe.h (RegularFile, b44
b5fe2ebd26d33b745b6fa36807e2b
)
                   - 
AsyncScope.h (RegularFile, 81
f37985bbea948ec090c3563c34f23
e)
                   - 
AsyncStack.h (RegularFile, 69
b27c521d43d5298a025f817fe2c5b
2)
                   - 
AutoCleanup-fwd.h 
(RegularFile, ea476896fd6056a
79f7bec8bb4cd862e)
                   - 
AutoCleanup.h (RegularFile, e
f563e4df2e4efdbbf16245cfc0ae8
13)
                   - Baton.h 
(RegularFile, 8860574383545a6
07e6563dd810c1b8a)
                   - 
BlockingWait.h (RegularFile, 
648a6cce2c03548185cf7c218ff65
024)
                   - 
BoundedQueue.h (RegularFile, 
858cb2a7f965851d2d9a3686d4c32
cf0)
                   - 
Cleanup.h (RegularFile, a387e
749230579adbec97503d4911f71)
                   - 
Collect-inl.h (RegularFile, 1
7c8fb5ff7e8b477fd678a192d62c7
02)
                   - 
Collect.h (RegularFile, c81e0
7db803ba3df592abe882853abe2)
                   - 
Concat-inl.h (RegularFile, 74
6ff2908ffef6b7f573d0c313e0191
6)
                   - 
Concat.h (RegularFile, c2d111
21bf902d8b08b1f64620c2f5ed)
                   - 
Coroutine.h (RegularFile, a98
4a601a66aa0696f8a46131faf26ef
)
                   - 
CurrentExecutor.h 
(RegularFile, 15173ddb18639cc
25036f1f0b816b86c)
                   - 
DetachOnCancel.h 
(RegularFile, 670b30bc52ac250
ccc00ee9befac9c63)
                   - detail 
(Directory, f122ccba8121f59b0
ce4200cd97c686a)
                     - 
Barrier.h (RegularFile, f9e20
8fc8504a41e9962f6767ab0b3df)
                     - 
BarrierTask.h (RegularFile, 4
10e23a742b5bf121c419580bdba6c
1c)
                     - 
CurrentAsyncFrame.h 
(RegularFile, 48cf27d8dd17cc1
5aa6010e5dab6c459)
                     - 
Helpers.h (RegularFile, 55be3
2af32d7b568442be4e4929fb751)
                     - 
InlineTask.h (RegularFile, 05
18f37a7bbac8e67ca756205427fa2
2)
                     - 
Malloc.h (RegularFile, 298290
591bf57552128b3620b8c11f4c)
                     - 
ManualLifetime.h 
(RegularFile, c3876a88c62bfc9
b06dc8008bd90b9ad)
                     - 
Traits.h (RegularFile, 51d8f6
38e200ddcc533d21176fb16f90)
                   - 
Filter-inl.h (RegularFile, 19
d049ba52198dc63fe123dc27ff6f6
1)
                   - 
Filter.h (RegularFile, 8978d8
9d33d3bdbc18591c4afc92b146)
                   - 
FutureUtil.h (RegularFile, 53
af21ad13e9e0d9027ed7e616cb892
5)
                   - 
Generator.h (RegularFile, b57
2f3ea30e83a379c5c5eb62f84d38c
)
                   - 
GmockHelpers.h (RegularFile, 
1139ef8b6a53002fefc7d54e73a6f
742)
                   - 
GtestHelpers.h (RegularFile, 
4a5fed34ba135e4296606e6d3fef6
fea)
                   - 
Invoke.h (RegularFile, 7e3786
57f784741a2cd81af82c90ee71)
                   - 
Merge-inl.h (RegularFile, 765
626a3f73a681cfbeef96b7d4f15f2
)
                   - Merge.h 
(RegularFile, 6af57ca03e94649
1ec6d59bc3857dfcb)
                   - Mutex.h 
(RegularFile, 13768a203cd556a
65c4d8b621377450f)
                   - 
Promise.h (RegularFile, 733d7
771205294a066dd67cc838875bd)
                   - 
Result.h (RegularFile, cb8fc6
035c7a46d75ec827affe2408b5)
                   - Retry.h 
(RegularFile, c62ccc85a6c7687
81a7247d867ee4887)
                   - 
RustAdaptors.h (RegularFile, 
eb29913d80ebc809fa7be3feb5fd9
a42)
                   - 
ScopeExit.h (RegularFile, efb
ff40867b95f7d202066fea9ef526d
)
                   - 
SharedLock.h (RegularFile, a0
4b8bd8ddf8b414226f0e23ed978f6
3)
                   - 
SharedMutex.h (RegularFile, f
5ee97fdb976288f06600b3004336f
e0)
                   - 
SharedPromise.h 
(RegularFile, be7886a582abd75
cb2d1f774b4570486)
                   - 
Sleep-inl.h (RegularFile, e0f
1f3809b810488d8a6705aeceaeb0f
)
                   - Sleep.h 
(RegularFile, 17248438ad85911
ee0e7a726182b9dab)
                   - 
SmallUnboundedQueue.h 
(RegularFile, ca694656c9eaa44
824837d5be1bac5ce)
                   - Task.h 
(RegularFile, 0ea682a14205839
24748266df5de536f)
                   - 
TaskWrapper.h (RegularFile, 5
8997328a3fe529ba8b9282d45d44b
39)
                   - 
TimedWait.h (RegularFile, 835
06d41649ec413b81ac73a0ba0a37a
)
                   - 
Timeout-inl.h (RegularFile, c
29dcc9e673e78436961ad1a58f345
4a)
                   - 
Timeout.h (RegularFile, 84b2a
e7969cd8b0f09c7b863daf90432)
                   - 
Traits.h (RegularFile, 3e0256
dfdf215e07a29b0f18a4c155b7)
                   - 
Transform-inl.h 
(RegularFile, 34df02e9a193b3d
c97e495895882f57c)
                   - 
Transform.h (RegularFile, bfa
ea3ae30b7481e02b86622a3ac66f8
)
                   - 
UnboundedQueue.h 
(RegularFile, c3c7d5d5bbf42f4
86b755caa8a91abcb)
                   - 
ViaIfAsync.h (RegularFile, 45
b84281e3af2335c578177c12131c6
2)
                   - 
WithAsyncStack.h 
(RegularFile, 9d9176aa299f7be
b3ee1836a5e384d8f)
                   - 
WithCancellation.h 
(RegularFile, aca9bf22959e8b5
149531f2516600241)
                 - 
CPortability.h (RegularFile, 
d449f0f563b08cfca9b2f7b8351fd
918)
                 - 
CppAttributes.h 
(RegularFile, ee335bae94e33e2
b6bb546acf86bf614)
                 - CpuId.h 
(RegularFile, 2c25a796adbcb65
3f6f20b1abfbd090c)
                 - crypto 
(Directory, fbcf701f5e1da35ef
41af5e72ef4ffea)
                   - 
Blake2xb.h (RegularFile, 027b
659df3567e62f50d0e9647ef6a77)
                   - detail 
(Directory, 7714bbd1e0ed010cb
bb1022d60725391)
                     - 
LtHashInternal.h 
(RegularFile, 8b36c87cab547a6
4de52725dea396f19)
                   - 
LtHash-inl.h (RegularFile, df
82c2f0b2362bd8c2757a9a96be380
8)
                   - 
LtHash.h (RegularFile, 6f88c6
cd4cce7af287927c04cb40d2c8)
                 - debugging 
(Directory, 88903954a82686fd2
2afe3939a2c8b9e)
                   - 
exception_tracer (Directory, 
a719bbda9a0c7db365ce51fb0869d
4e9)
                     - 
ExceptionAbi.h (RegularFile, 
4f861f37f1d6895d62e87d02c536c
386)
                     - 
ExceptionCounterLib.h 
(RegularFile, 5a6967ee2297824
ff25ddae8dc4c399e)
                     - 
ExceptionTracer.h 
(RegularFile, 68fb4e679e98db9
b67a4fb9ab550164d)
                     - 
ExceptionTracerLib.h 
(RegularFile, a312f35a82b13f1
d661e5dd985173f00)
                     - 
SmartExceptionTracer.h 
(RegularFile, fe7da2885345e8d
3335b90de957e794b)
                     - SmartE
xceptionTracerSingleton.h 
(RegularFile, 89d56ca5aa26359
219796946b1de572f)
                     - 
StackTrace.h (RegularFile, 66
930d5ef1a357d39aec7c2ff473927
1)
                   - 
symbolizer (Directory, 4c3a05
e3af3145e28a1da2929453e631)
                     - 
detail (Directory, 7cad6e8fee
3c9599df7e9282b98d057b)
                       - 
Debug.h (RegularFile, 149c3b3
81ba58ac7f705e6f5322d3689)
                     - 
Dwarf.h (RegularFile, bd527e0
b46c3f885dfb4642a8434185e)
                     - 
DwarfImpl.h (RegularFile, aaf
ea889112e9def8efbb152aa1e8731
)
                     - 
DwarfLineNumberVM.h 
(RegularFile, cf89ae2588dc5e7
1da8266a8d185a982)
                     - 
DwarfSection.h (RegularFile, 
381f0da025d0fc73f84aa794f51b3
c2f)
                     - 
DwarfUtil.h (RegularFile, 9a8
3bb87658774e5b72a56ef105930cf
)
                     - 
Elf-inl.h (RegularFile, 0decd
895312e65c80066f571d1c577b3)
                     - Elf.h 
(RegularFile, 9ca251e6315e5c6
b87e7c8366099a92d)
                     - 
ElfCache.h (RegularFile, b5c3
47ebc48ab40ebe883397415744ea)
                     - 
LineReader.h (RegularFile, db
683f3fb764d42581efabfe82da3ee
6)
                     - 
SignalHandler.h 
(RegularFile, b7e434405f15a39
2c03d08b65a564d04)
                     - 
StackTrace.h (RegularFile, e3
12280506f17fcd9c8f018b250fcd4
3)
                     - 
SymbolizedFrame.h 
(RegularFile, e69981bc57a678f
b35d1f1eb5cc7a1b9)
                     - 
SymbolizePrinter.h 
(RegularFile, 074de5f851bfca5
7715f255e637dae04)
                     - 
Symbolizer.h (RegularFile, d3
40351e32e7d18d9f0b9f1abcee66b
f)
                     - test 
(Directory, 21cf7f26b7c88f836
acc14596c4c1ad0)
                       - 
SignalHandlerTest.h 
(RegularFile, 4967e2d7e8c03d1
99681af66b3cad596)
                       - 
SymbolizerTestUtils-inl.h 
(RegularFile, 6a6857757e8c025
4bb270b5f7df56eeb)
                       - 
SymbolizerTestUtils.h 
(RegularFile, 6af63375e43fc98
e6dc50906b352f8b9)
                 - 
DefaultKeepAliveExecutor.h 
(RegularFile, bc6e62c7e4471be
2a60b7fd67ed63cc2)
                 - 
Demangle.h (RegularFile, 91c4
ffef5e40f35912b74d43c06b0f28)
                 - detail 
(Directory, 3f8757a33fc22c4e5
25d186afe2e842e)
                   - 
AsyncTrace.h (RegularFile, 0e
66b9659d6f5b99a3a3537205c327a
b)
                   - 
AtomicHashUtils.h 
(RegularFile, 858ae5181e1d4c5
b13181a69c1319421)
                   - 
AtomicUnorderedMapUtils.h 
(RegularFile, a4aa85a9393ba64
1707d0581b4776979)
                   - 
base64_detail (Directory, d08
cde4d4b9d5949718321884cc3dab2
)
                     - 
Base64_SSE4_2.h 
(RegularFile, c081d5b402d395c
444841625c9715fff)
                     - 
Base64_SSE4_2_Platform.h 
(RegularFile, 0d0e9673da7b0e7
7920d96cd7f405aef)
                     - 
Base64Api.h (RegularFile, 2a0
80da9b2e15863ad676d1169da180e
)
                     - 
Base64Common.h (RegularFile, 
1b6158cdd7758a9912412a3571698
296)
                     - 
Base64Constants.h 
(RegularFile, 7cf6efaded55c48
7caa7ccf400433ffc)
                     - 
Base64HiddenConstants.h 
(RegularFile, c760460960109e2
042185aa136907684)
                     - 
Base64Scalar.h (RegularFile, 
d603f1fd155454d297941da0a6b6d
a46)
                     - 
Base64Simd.h (RegularFile, b0
8e4a1bd95ad6b1847630bbb850e37
2)
                     - 
Base64SWAR.h (RegularFile, 6e
3470bf7ae852c55855094e9296dd4
5)
                   - 
DiscriminatedPtrDetail.h 
(RegularFile, ab7b439d4000134
d079d9589b3c577e9)
                   - 
FileUtilDetail.h 
(RegularFile, 0412f39611caa2f
11c6d1fccab701232)
                   - 
FileUtilVectorDetail.h 
(RegularFile, 0620a2207fc3033
1c94e59adeefb2652)
                   - 
FingerprintPolynomial.h 
(RegularFile, c49981e6a92d5fe
7f2477aa8b8f62a95)
                   - 
Futex-inl.h (RegularFile, 406
50688a53698bb0195695d7b776985
)
                   - Futex.h 
(RegularFile, 1bf127f2b3b7183
324a62ae4a0e1ca35)
                   - 
GroupVarintDetail.h 
(RegularFile, be033171f4b913e
6436a2a7ad30185fc)
                   - 
IPAddress.h (RegularFile, 961
87f187d07adb274a3c18ff1a06911
)
                   - 
IPAddressSource.h 
(RegularFile, b72076452522d40
927d3609cea041f50)
                   - 
Iterators.h (RegularFile, ca2
bb3b0648f4645ea0b15d65d5d1f19
)
                   - 
MemoryIdler.h (RegularFile, a
0698d8a212258f1f5fbeeb0189cb5
4d)
                   - 
MPMCPipelineDetail.h 
(RegularFile, dcee5cd66fead60
2c11cdb09b3ff6bb2)
                   - 
PerfScoped.h (RegularFile, 2f
5b7cccaeee02eb0d816494715f88d
9)
                   - 
PolyDetail.h (RegularFile, 8e
96b89bd961db5e0c61d4793ee0ede
4)
                   - 
RangeCommon.h (RegularFile, 8
b6c4fd703822ac6e42518230eb2ab
d1)
                   - 
RangeSse42.h (RegularFile, 7f
7bb0994cb04349e1035e680d4314c
f)
                   - 
SimpleSimdStringUtils.h 
(RegularFile, abdd882a2e715e0
8ceca233726acb1d0)
                   - 
SimpleSimdStringUtilsImpl.h 
(RegularFile, d981bcd24ed8790
13a5e63b04373238f)
                   - 
Singleton.h (RegularFile, f8d
1ae6f56bd2574359e1d08a1ea49f8
)
                   - 
SlowFingerprint.h 
(RegularFile, 6740398ae6b8e5e
08ae7c964930dc4ac)
                   - 
SocketFastOpen.h 
(RegularFile, a4f16e4c13a8973
271167e3a9560b0ce)
                   - 
SplitStringSimd.h 
(RegularFile, 2fe3250f6326280
fd00a940e7d079fa6)
                   - 
SplitStringSimdImpl.h 
(RegularFile, 0c7b12b9117ea41
8ad40b4c8a019b42c)
                   - Sse.h 
(RegularFile, d13b1b47fac7c67
d469155d8fb60fcbe)
                   - 
StaticSingletonManager.h 
(RegularFile, df303e92014fc24
0c396d19f16e10afa)
                   - 
thread_local_globals.h 
(RegularFile, fc45e0270952134
509f2f663c85b3270)
                   - 
ThreadLocalDetail.h 
(RegularFile, f4e75a416dcf84c
b2f0ea57c95c068eb)
                   - 
TrapOnAvx512.h (RegularFile, 
cfe177850b57d6674a0162517e83a
84e)
                   - 
TurnSequencer.h 
(RegularFile, 2909d7b814d6860
facb0f1edd8db40a9)
                   - 
TypeList.h (RegularFile, 1c7e
e7f470be041f4f26503939afe768)
                   - 
UniqueInstance.h 
(RegularFile, 5343e039a2934a8
ce07eabf7513fc666)
                 - 
DiscriminatedPtr.h 
(RegularFile, ed3f609c9aab8c8
0a96033ac4c2d03d4)
                 - 
dynamic-inl.h (RegularFile, 7
bb14eae6d82a88540804d5d87abd6
98)
                 - dynamic.h 
(RegularFile, 1a30823c8a67088
c892c29cff4dd49b9)
                 - 
DynamicConverter.h 
(RegularFile, 1c38a3a2cef84df
5f2c9c985831c9b38)
                 - 
Exception.h (RegularFile, 8fb
b99a9bc921cd9b5bcb0cb9e768d0f
)
                 - 
ExceptionString.h 
(RegularFile, 5c0f8cc42a03bdd
c7ff47ab5c6b3da4a)
                 - 
ExceptionWrapper-inl.h 
(RegularFile, 55bee44894d7abe
bd663bc3e8d9890e7)
                 - 
ExceptionWrapper.h 
(RegularFile, 0de877617793096
a12f01ef8a6df0b05)
                 - 
Executor.h (RegularFile, 5aa4
0f6e33ffe260a5a69ba293fc44a9)
                 - executors 
(Directory, 9ac34400dd908bffa
2aa7a7a674b3d68)
                   - Async.h 
(RegularFile, 634bc5f3db043f2
4f8fc8e881794ca43)
                   - Codel.h 
(RegularFile, e7e643f28df3cd9
8c7b01512ecbed715)
                   - 
CPUThreadPoolExecutor.h 
(RegularFile, f1adf984fe6f0a6
9ea640c699d9c8dc7)
                   - 
DrivableExecutor.h 
(RegularFile, e8e25ca17734215
148d0680a017a6a61)
                   - 
EDFThreadPoolExecutor.h 
(RegularFile, 24243b445dff003
f25056a505a8e9cca)
                   - 
ExecutionObserver.h 
(RegularFile, 94d1751c1e655b2
d14b011b960eed689)
                   - 
ExecutorWithPriority-inl.h 
(RegularFile, 8f77e6cad3bfebb
79bdb74d55b18633b)
                   - 
ExecutorWithPriority.h 
(RegularFile, 673199a631787a4
3b039dc8589361982)
                   - 
FiberIOExecutor.h 
(RegularFile, 5a1f47a7c4e3cf4
6e7dc56946a11e186)
                   - 
FunctionScheduler.h 
(RegularFile, 8e5032e217051ab
801948edce4d9bf3f)
                   - 
FutureExecutor.h 
(RegularFile, 484f0f234d7990a
bb2260e94a3267886)
                   - 
GlobalExecutor.h 
(RegularFile, 29424aab360557c
d4fa44ac91be95cbc)
                   - 
GlobalThreadPoolList.h 
(RegularFile, c3043cf16892978
77cd38195e2a61890)
                   - 
InlineExecutor.h 
(RegularFile, ddd6dddca879127
1ffb20ddfbdaf898d)
                   - 
IOExecutor.h (RegularFile, 85
daa05d0d2784715744eec2eb3e3fe
a)
                   - 
IOObjectCache.h 
(RegularFile, 9560a88095e6a17
72cc277bac590e066)
                   - IOThread
PoolDeadlockDetectorObserver.
h (RegularFile, 184fd445bd765
6b873fe17193ad32a28)
                   - 
IOThreadPoolExecutor.h 
(RegularFile, 8b20f56d228dd83
f741b942584c21a4e)
                   - 
ManualExecutor.h 
(RegularFile, c4bd0db1d814121
e063c323144f4a389)
                   - 
MeteredExecutor-inl.h 
(RegularFile, d400f447fbadb18
92fb5382db5cb3e1d)
                   - 
MeteredExecutor.h 
(RegularFile, a98fc9c56824e4e
3bf8425181018ca3a)
                   - 
QueuedImmediateExecutor.h 
(RegularFile, 6e15c61393c1492
6414ed35126eef319)
                   - 
QueueObserver.h 
(RegularFile, 2f0c1cc9d37843e
4334212f55fce88d3)
                   - 
ScheduledExecutor.h 
(RegularFile, 367ea1ea6f5ef5c
df0267524ef6011be)
                   - 
SequencedExecutor.h 
(RegularFile, 1ad9b0b761dff72
f130b4511cafbf646)
                   - 
SerialExecutor-inl.h 
(RegularFile, 9d060306a137d45
c43e94ce1e6afed47)
                   - 
SerialExecutor.h 
(RegularFile, 91ded35ce4f9d5a
baba86eef30b7fa17)
                   - 
SerializedExecutor.h 
(RegularFile, f546f483e37e248
e481d1c853749dd33)
                   - 
SoftRealTimeExecutor.h 
(RegularFile, 9d92a9868792fc5
3e4ab832c68c3bf89)
                   - 
StrandExecutor.h 
(RegularFile, 77a6ab0d1067de1
3728458aa3a0891ef)
                   - 
task_queue (Directory, d9e06d
361387b919ba9ffa825ab16a7e)
                     - 
BlockingQueue.h 
(RegularFile, 2d18b6e5b746dd4
a84be29575da28637)
                     - 
LifoSemMPMCQueue.h 
(RegularFile, cfe5f6d73300d22
4b82e03917b9d8fbc)
                     - 
PriorityLifoSemMPMCQueue.h 
(RegularFile, 3321b78aef359da
afb7df60e1a6f628b)
                     - Priori
tyUnboundedBlockingQueue.h 
(RegularFile, 397b01757a18d6a
1f0d920d7ae445870)
                     - 
UnboundedBlockingQueue.h 
(RegularFile, 59623c5199a4675
c22e9d2bd14f2da43)
                   - test 
(Directory, d8d9050bfcaf115fc
ea52fe2bf6d79d6)
                     - IOThre
adPoolExecutorBaseTestLib.h 
(RegularFile, bf212585e606734
ef0c758289a2fd37f)
                   - 
thread_factory (Directory, 16
0bdfd29fd87ee013b53e25b0ebcd9
9)
                     - 
InitThreadFactory.h 
(RegularFile, 0c4ec6698a4742c
2b12f8653619da2d0)
                     - 
NamedThreadFactory.h 
(RegularFile, ec0faf40e9e18e3
74eed2215cdb5ddd3)
                     - 
PriorityThreadFactory.h 
(RegularFile, 11a822ed3788095
a248dc44609011038)
                     - 
ThreadFactory.h 
(RegularFile, 671e8723394e108
2d53b28e8b33916ea)
                   - 
ThreadedExecutor.h 
(RegularFile, 4d409301dfcc71b
92793766d1dbe8b72)
                   - Threaded
RepeatingFunctionRunner.h 
(RegularFile, 644cd82a0fb67b7
de262173133571591)
                   - 
ThreadPoolExecutor.h 
(RegularFile, beccd1bdc24daf8
a7523292f191c9c91)
                   - 
TimedDrivableExecutor.h 
(RegularFile, a43a761b0a38d22
90abcb5842522c80e)
                   - Timekeep
erScheduledExecutor.h 
(RegularFile, 3ef36bf91a22584
dba0900c713d5972b)
                   - 
VirtualExecutor.h 
(RegularFile, 0d87c59c6e5205c
4690e38aedaf44f9e)
                 - 
Expected.h (RegularFile, d17e
b5af22d37f7b240cd6cfd65476b1)
                 - 
experimental (Directory, afb0
3205fa28b7e1363e0084f87f052b)
                   - 
channels (Directory, afbac466
d2adc0272b25184651dc6217)
                     - 
Channel-fwd.h (RegularFile, b
8fecf0daffecc68896a959f75e14e
5a)
                     - 
Channel-inl.h (RegularFile, 6
a675e1b626de287941cd620fe309d
3d)
                     - 
Channel.h (RegularFile, d488e
34c570a1b7f57959c4c6b267f5d)
                     - 
ChannelCallbackHandle.h 
(RegularFile, 8950b1753121ab4
2e3a6e945a4a7cacf)
                     - 
ChannelProcessor-inl.h 
(RegularFile, 414216e38493e4a
9ca4bc4073bddac17)
                     - 
ChannelProcessor.h 
(RegularFile, db417b9b003dba8
47784a84785d1511b)
                     - 
ConsumeChannel-inl.h 
(RegularFile, 9b99c43f6702b0d
aef947dc4f8327d4f)
                     - 
ConsumeChannel.h 
(RegularFile, 72b049e30b46220
23c481431c63e0b2a)
                     - 
detail (Directory, 293ee39da9
4d9ed1a00cf81b80e89207)
                       - 
AtomicQueue.h (RegularFile, 2
efe4353d38afbfadfd347ebdbba3d
c1)
                       - 
ChannelBridge.h 
(RegularFile, 2dfd3af6afc7233
d8a856341ec70d383)
                       - 
FunctionTraits.h 
(RegularFile, 15f7f990fcf053e
e076f3d3f87459422)
                       - 
IntrusivePtr.h (RegularFile, 
0800ec14340488ff73aa9797c3048
e33)
                       - 
MultiplexerTraits.h 
(RegularFile, ad238c9e1818825
04170c0d16a49c5be)
                       - 
PointerVariant.h 
(RegularFile, 05a1d233849e9c7
59d1f2af141e7dea9)
                       - 
Utility.h (RegularFile, 20622
d9dca5695c58b4d558456f3b996)
                     - 
FanoutChannel-inl.h 
(RegularFile, 43078470e2ca0a2
83da723894c02ae3b)
                     - 
FanoutChannel.h 
(RegularFile, 78f26bb5f28851b
bc976493196fdea6c)
                     - 
FanoutSender-inl.h 
(RegularFile, 4d43477e4f48126
872466b46fe64b83c)
                     - 
FanoutSender.h (RegularFile, 
c026c45bdef910cd6ab2e5fdbb363
2e2)
                     - 
MaxConcurrentRateLimiter.h 
(RegularFile, 26f5d3b945cab73
0cb588cc5c09e96a8)
                     - 
Merge-inl.h (RegularFile, 61f
4189b5f1b7b8f5d1cd6df938eb7d2
)
                     - 
Merge.h (RegularFile, c6ecc4d
f95d71788a2b59c604bfc7163)
                     - 
MergeChannel-inl.h 
(RegularFile, bf56dc00c74a995
a6ca5093882902e4c)
                     - 
MergeChannel.h (RegularFile, 
9334244f7c6a0fa11480cd30d417a
85d)
                     - 
MultiplexChannel-inl.h 
(RegularFile, a584192aca1d64d
769a3e643b41b2c59)
                     - 
MultiplexChannel.h 
(RegularFile, c7e344cd5c96dc9
4a72e7abe9c72b110)
                     - 
OnClosedException.h 
(RegularFile, d15b3e59aeec4f5
7e235fd2ccd7ef2c5)
                     - 
Producer-inl.h (RegularFile, 
bfdf96de06d6dee32cf69bc3eadf7
ca4)
                     - 
Producer.h (RegularFile, 428f
0fa674276c618c1c5b85c22fbfbb)
                     - 
ProxyChannel-inl.h 
(RegularFile, 91e50f8694e0809
fe113d9e75d9bf522)
                     - 
ProxyChannel.h (RegularFile, 
aa5957f84deca7d27554f0c9aeb2e
14d)
                     - 
RateLimiter.h (RegularFile, 8
448a47fe08e106ffc1b72aff3f7c7
15)
                     - test 
(Directory, ca0548c1a6e516239
1d456fccd75844f)
                       - 
ChannelTestUtil.h 
(RegularFile, 3fc94b87e5b344d
50664ac3dfaa66831)
                     - 
Transform-inl.h 
(RegularFile, 57b0ef2a05e212b
d64f3c4aca7477ced)
                     - 
Transform.h (RegularFile, 266
1707a98d745844717b93239cb0ea2
)
                   - coro 
(Directory, 6bc992e827fb6320f
4f2680cff1a8f5c)
                     - 
Accumulate-inl.h 
(RegularFile, 2e2c8ff4335a06a
92a326b28773d9070)
                     - 
Accumulate.h (RegularFile, 89
1e48455e491ca2c7d08447d662991
9)
                     - 
AsyncGenerator.h 
(RegularFile, 41750aabd86addf
a1943abbb77c1d1f5)
                     - 
AsyncPipe.h (RegularFile, 30b
39c50defde59980fcf7fc71f17b5c
)
                     - 
AsyncScope.h (RegularFile, b3
6e830ebb9e26a01fd98f6468f8ffd
0)
                     - 
AsyncStack.h (RegularFile, 66
b51717540feb23e02d92283da1283
2)
                     - 
AutoCleanup-fwd.h 
(RegularFile, 9854b3ff22800bb
28793d178038a9633)
                     - 
AutoCleanup.h (RegularFile, d
28f0d93bb63a7572558bed30062a3
74)
                     - 
Baton.h (RegularFile, e83ce31
b49a8857d265805573ff09019)
                     - 
BlockingWait.h (RegularFile, 
d5d4e0e6f33fa33ca5f732d85f90f
51e)
                     - 
BoundedQueue.h (RegularFile, 
fe4758388343bf082b983cdb0550b
cdc)
                     - 
Cleanup.h (RegularFile, ce163
2124e708623688184c8013dd851)
                     - 
Collect-inl.h (RegularFile, 4
24a5e5bf3aa7fd8273997619f473b
81)
                     - 
Collect.h (RegularFile, 16f0b
a12000b7ca9ad4c986a1d8a1500)
                     - 
Concat-inl.h (RegularFile, 64
e359dd5850798915bb0a1ab11c5a8
8)
                     - 
Concat.h (RegularFile, 2d1db3
a41d76a7185cd11ed0faef4808)
                     - 
Coroutine.h (RegularFile, e2f
5507f2b23226ab9c8a86d18168b63
)
                     - 
CurrentExecutor.h 
(RegularFile, 6f1a17ef7818bba
2caca1639f64d5eea)
                     - 
DetachOnCancel.h 
(RegularFile, 1fabcf7ded36049
8f720864dcaee66c0)
                     - 
detail (Directory, 289994b21f
c2497595e563b8b9a15da5)
                       - 
Barrier.h (RegularFile, 03738
e683c784f1555587fb82bc4ed7f)
                       - 
BarrierTask.h (RegularFile, 3
ea684bd09f5cf062e6e8d71497fbd
bf)
                       - 
CurrentAsyncFrame.h 
(RegularFile, 771448d05b4e188
395574749056b4760)
                       - 
Helpers.h (RegularFile, 099e6
a46a4c4207a1048ab6c61f584be)
                       - 
InlineTask.h (RegularFile, 5e
e474832dcd0ce29313676f95021ec
a)
                       - 
Malloc.h (RegularFile, 0faef3
dc8cfbe6a9c6a851a30ed7b13a)
                       - 
ManualLifetime.h 
(RegularFile, 71a754a6a2d59e3
a63c4307e176d555e)
                       - 
Traits.h (RegularFile, 94f83b
cec2115fa668783824e89cc8e1)
                     - 
Filter-inl.h (RegularFile, bf
1c6af386fee994157069449dd452d
7)
                     - 
Filter.h (RegularFile, ef6165
a22b89f18050903303e0a19931)
                     - 
FutureUtil.h (RegularFile, 99
e35c909ddfd47d09e5e2f60b442b5
0)
                     - 
Generator.h (RegularFile, fe8
09a39b6c4077040aee934e0041c5d
)
                     - 
GmockHelpers.h (RegularFile, 
e987881be033019c576acdf296250
c1d)
                     - 
GtestHelpers.h (RegularFile, 
c73435179bb1e1217d6a4634682d7
81d)
                     - 
Invoke.h (RegularFile, 92ae7f
6068ed6bc63c7d245598cc7f3b)
                     - 
Merge-inl.h (RegularFile, 7f4
c4d86f2309658a68bc066e57bf661
)
                     - 
Merge.h (RegularFile, 4594c94
14b38df1e1906d77d6b7968db)
                     - 
Mutex.h (RegularFile, a409fd1
4bbaccd72559c545bddd3b86b)
                     - 
Promise.h (RegularFile, e1124
0912008ad77863b40cfb88a9437)
                     - 
Result.h (RegularFile, 841735
a15cdd0c6887f01224e8fd76ad)
                     - 
Retry.h (RegularFile, 55bcd76
39f6be99d5a52a9586a1a4d77)
                     - 
RustAdaptors.h (RegularFile, 
0444988c3b78a447945e2690a7dff
226)
                     - 
ScopeExit.h (RegularFile, e65
9513a0b32145083d6d0edee1ef9d6
)
                     - 
SharedLock.h (RegularFile, a5
916aee3dadd3aec9c49865c57575b
7)
                     - 
SharedMutex.h (RegularFile, 4
b41326558804acc55c41ec403ee0b
dd)
                     - 
SharedPromise.h 
(RegularFile, 3af18fce33bd5ba
12f5bb0580558033e)
                     - 
Sleep-inl.h (RegularFile, a44
2783d5d9abcbe23d5b80498515ba3
)
                     - 
Sleep.h (RegularFile, f974da6
8c9b4b0936aeaf753862e73fb)
                     - 
SmallUnboundedQueue.h 
(RegularFile, 644f8bfe4ff9689
622b5010bdacc7572)
                     - 
Task.h (RegularFile, d9313b1c
f978fb258fc4ecb7246977b1)
                     - 
TimedWait.h (RegularFile, a54
23de9ab2eb5e34555cf8ead998e72
)
                     - 
Timeout-inl.h (RegularFile, d
d2e531312ebd1a1d3c24edc706a67
5d)
                     - 
Timeout.h (RegularFile, e998d
3197fb40a2a37a38f1b93b4a04b)
                     - 
Traits.h (RegularFile, da70ef
3693b5565dfca44422882353b8)
                     - 
Transform-inl.h 
(RegularFile, 2fd29b39e9722e9
34870135d9c660f7b)
                     - 
Transform.h (RegularFile, a36
22d4663dba9881fe39c20d8254699
)
                     - 
UnboundedQueue.h 
(RegularFile, b141d4b303e438e
d37cbcae758dd6d71)
                     - 
ViaIfAsync.h (RegularFile, 19
62f19ce8dacf3f57371c5b600ff31
9)
                     - 
WithAsyncStack.h 
(RegularFile, d7cdd9a50884654
08ba962016f96487f)
                     - 
WithCancellation.h 
(RegularFile, 057f8b777813fb2
bca238d5f6b042774)
                   - crypto 
(Directory, db04140f7bdaa8cb8
c8de037b5d4633c)
                     - 
Blake2xb.h (RegularFile, c3e7
5149e5ac141ace0b1754be58cf79)
                     - 
LtHash.h (RegularFile, b7bd0c
9121bf4063cbb3ca2e33dd6731)
                   - 
EliasFanoCoding.h 
(RegularFile, 161bf8daf02d4b7
af78b3c9da608a6b7)
                   - 
EventCount.h (RegularFile, 09
b7b930ce43f1c8b38116effaed0ca
2)
                   - 
exception_tracer (Directory, 
aa1d8faf02fb180203207fe1de3d7
e8c)
                     - 
ExceptionAbi.h (RegularFile, 
6a4a229876188e8fa82b4fd4a8946
9f0)
                     - 
ExceptionCounterLib.h 
(RegularFile, 8e96b90007db2ac
892c5b4f42f84eab9)
                     - 
ExceptionTracer.h 
(RegularFile, 337f4ec8dac29bb
a163974c9f7af6dda)
                     - 
ExceptionTracerLib.h 
(RegularFile, 5c8db4991ab8c51
c6a8a67aca5f3870a)
                     - 
SmartExceptionTracer.h 
(RegularFile, 4f6e552d666f3ff
a75a553f3780801a4)
                     - SmartE
xceptionTracerSingleton.h 
(RegularFile, 3aef172fbcf3136
67ff6254d918a937b)
                     - 
StackTrace.h (RegularFile, c9
e98255446c8872926f10c2d3a6cbb
9)
                   - 
flat_combining (Directory, 93
e6a8e9f29ff7dea352e893ac76a49
5)
                     - 
FlatCombining.h 
(RegularFile, 14039dd7ac949af
f3589ab4832af38e4)
                     - test 
(Directory, 9b57ef3024546baf7
66b39c2434b8417)
                       - 
FlatCombiningExamples.h 
(RegularFile, f6840a4c379b50b
1eba029369ec8b071)
                       - 
FlatCombiningTestHelpers.h 
(RegularFile, b9a605f586877ee
9c5afdaa5ca253f49)
                   - 
FlatCombiningPriorityQueue.h 
(RegularFile, c9a10ad6e17c464
7ea44d6ae258447f1)
                   - 
FunctionScheduler.h 
(RegularFile, 91a4eddc30c53e3
8c253e1395853ffe2)
                   - io 
(Directory, a7a55a4d274276019
47d226b5e110726)
                     - 
AsyncBase.h (RegularFile, 8ab
774ed76885c45a9bcbf8fcddc0b57
)
                     - 
AsyncIO.h (RegularFile, 8e035
2a8836f7485b7ee2c6d33e34407)
                     - 
AsyncIoUringSocket.h 
(RegularFile, cba62e929cf2702
1799621627b90a506)
                     - 
AsyncIoUringSocketFactory.h 
(RegularFile, 9fb2215e9679da3
b1b727bcd2d39d804)
                     - 
Epoll.h (RegularFile, dec9ed3
02a3df40c9ede22eb8386845f)
                     - 
EpollBackend.h (RegularFile, 
f0a3ceeb03fab9cedd3f906475ae8
c87)
                     - 
EventBasePoller.h 
(RegularFile, b4141c93ec6097a
3ee2863b4d9788ff1)
                     - 
FsUtil.h (RegularFile, 521c8e
a869a2c4a99345d32129df86ca)
                     - 
HugePages.h (RegularFile, 8e4
4b2a051d6350caa51cdaa8ca22332
)
                     - 
IoUring.h (RegularFile, 588e8
b7eebf98444f0bc7aa75db8c777)
                     - 
IoUringBackend.h 
(RegularFile, ee7d92f54a9ecf8
230af676cff634533)
                     - 
IoUringBase.h (RegularFile, c
65e3017da8ab6d3a7279f1f6718e8
64)
                     - 
IoUringEvent.h (RegularFile, 
c072a46b6f1acc75fc7f9867bdc4b
2ac)
                     - 
IoUringEventBaseLocal.h 
(RegularFile, 232ec10d9789dfd
b8a7e7b1b05bde599)
                     - 
IoUringProvidedBufferRing.h 
(RegularFile, 4cfaa0f4a5cf9c9
3c46dc9fab63156b0)
                     - 
Liburing.h (RegularFile, b850
faf6dfaf395242aded4c7e4807cd)
                     - 
MuxIOThreadPoolExecutor.h 
(RegularFile, d040f054beceb37
d546c875fe53c7cec)
                     - 
SimpleAsyncIO.h 
(RegularFile, 0882dc5bb997f0f
85df3e44b2ab34bb4)
                     - test 
(Directory, 00cc87e79e3b2017b
c8db8a4b7d796a2)
                       - 
AsyncBaseTestLib.h 
(RegularFile, b6417622a4af321
c6d5357786020f89c)
                       - 
IoTestTempFileUtil.h 
(RegularFile, 8828437e983ee43
7f74442d5531ae3c8)
                   - 
observer (Directory, dc427275
f241f2cc14eeb66717880131)
                     - 
CoreCachedObserver.h 
(RegularFile, b00291acf1de20a
eb7e826abf9f38e61)
                     - 
detail (Directory, 2158bc00e5
ed3f5fdc0dfe5720bee56f)
                       - 
Core.h (RegularFile, edab70d3
2b79166ea90917f26e59cf65)
                       - 
GraphCycleDetector.h 
(RegularFile, b1b52d94af22ad1
5b24a4149476ceb11)
                       - 
ObserverManager.h 
(RegularFile, f65c289b35499aa
421ee57c9e2285cd2)
                     - 
HazptrObserver.h 
(RegularFile, 2dd8117b578c63b
d50957ff1d3b14612)
                     - 
Observable-inl.h 
(RegularFile, a227670a9629fab
7306e61dd2b0f50d6)
                     - 
Observable.h (RegularFile, a0
fc97a7a32993ffbbd2b10e9b7c94a
2)
                     - 
Observer-inl.h (RegularFile, 
5d7ea4243473b32e2d85a043b29c7
5e4)
                     - 
Observer-pre.h (RegularFile, 
14f074060ddf9fc2b7bc884b22e22
fe8)
                     - 
Observer.h (RegularFile, 4122
a3248b80326ddcb337ca1e8374e8)
                     - 
ReadMostlyTLObserver.h 
(RegularFile, 0dae415b6be6844
9c8f9b125c1a31059)
                     - 
SimpleObservable-inl.h 
(RegularFile, fc79e21a65ca9c8
65336dda14e6475e3)
                     - 
SimpleObservable.h 
(RegularFile, 90a39e9d0d3d4e7
29fd2341c240f74b6)
                     - 
WithJitter-inl.h 
(RegularFile, ad393f2ca8ffafc
bbc05138714ad2cda)
                     - 
WithJitter.h (RegularFile, 17
c68d1985cae5583a12639caa7f7b7
d)
                   - RelaxedC
oncurrentPriorityQueue.h 
(RegularFile, 37db14d2b047399
af171cde19aafb867)
                   - 
settings (Directory, 1551b889
9c06dd8598f80741c0bde8eb)
                     - 
detail (Directory, bf3fcf11c6
6c20ea804c6b1e81195c5b)
                       - 
SettingsImpl.h (RegularFile, 
0afebe3b888b42016e55ca933f71a
565)
                     - 
Immutables.h (RegularFile, e8
40409a25d1e1730a3cc3d613b0773
5)
                     - 
Settings.h (RegularFile, aecd
c8a3b7f13d45f5c6fdd7a15ff76e)
                     - 
Types.h (RegularFile, ded7370
60875282d2418e88088e40fcf)
                   - 
symbolizer (Directory, bb5797
6e0c15f353509cd01c89ec8f56)
                     - 
detail (Directory, cc42323baa
31e9f0e28fdd5be34983e3)
                       - 
Debug.h (RegularFile, f441991
072c85f0a04b7bcc5cb33ac21)
                     - 
Dwarf.h (RegularFile, 0eb2b8a
2fde14d6e51a4bc4f196fea97)
                     - 
DwarfImpl.h (RegularFile, 708
5aa2e2e011832dd8f6291c0a732fe
)
                     - 
DwarfLineNumberVM.h 
(RegularFile, 9e2d4adf624914e
99530115f26048497)
                     - 
DwarfSection.h (RegularFile, 
aacd9841c84cb3e3ef4afecb2b7d9
36f)
                     - 
DwarfUtil.h (RegularFile, acf
88c1649b049bf4346cd4408476587
)
                     - 
Elf-inl.h (RegularFile, 9e989
1eeb39dcee77013ed9f8d830e3c)
                     - Elf.h 
(RegularFile, 0cc24c101e60937
f85399cc10c12a180)
                     - 
ElfCache.h (RegularFile, ada5
5ee1ea35275da33756b99d8a811e)
                     - 
LineReader.h (RegularFile, fc
ffca1104578c3661e5db0be18d11d
8)
                     - 
SignalHandler.h 
(RegularFile, cb48fa451b13684
82a3de4adf2679e26)
                     - 
StackTrace.h (RegularFile, ff
241fd8300ad6b631c56c28e69131e
0)
                     - 
SymbolizedFrame.h 
(RegularFile, a7ce34154fa1efd
fae9ea2dce592ecef)
                     - 
SymbolizePrinter.h 
(RegularFile, 367718727a4ecef
c63f749df79f11a31)
                     - 
Symbolizer.h (RegularFile, 00
1899218f7d79dce5c614db5a82b11
1)
                   - test 
(Directory, d44ee9d3cf07ae61d
1390c6903c3bafa)
                     - 
CodingTestUtils.h 
(RegularFile, 847d6160405ebf7
5100565c6bcc87721)
                   - 
TestUtil.h (RegularFile, 0fa4
7e93a6244745f4a01c9583593aab)
                   - Threaded
RepeatingFunctionRunner.h 
(RegularFile, d7f6ccb95d0f67a
83eaae1c4addf61eb)
                 - ext 
(Directory, 23cad3859cfd12c64
7a0e154510a6a3f)
                   - 
test_ext.h (RegularFile, 2fc6
4fc97bf1e9bdfb59c06af7066355)
                 - external 
(Directory, e3ae853606014598b
3c8aadc9ef53ae9)
                   - aor 
(Directory, 297ea0088db25cb58
e353220489983b7)
                     - 
asmdefs.h (RegularFile, ce05d
4ccd9081ece2c1d15d37ff39961)
                   - 
farmhash (Directory, d80343aa
717515e738c5dedaf66d5f38)
                     - 
farmhash.h (RegularFile, 45cb
e4ae5c1294a85550319bb6b91921)
                   - 
fast-crc32 (Directory, 9dbda3
1d50ff3224a6731c5ca6001738)
                     - 
avx512_crc32c_v8s3x4.h 
(RegularFile, 3c78b682680cce4
d3998816e60c6fd56)
                     - 
neon_crc32c_v3s4x2e_v2.h 
(RegularFile, 0ea70db8bfa9f61
11549b42dced384a4)
                     - 
neon_eor3_crc32c_v8s2x4_s3.h 
(RegularFile, dd1dc126145e15f
398ad9f3cd0afe2e3)
                     - 
sse_crc32c_v8s3x3.h 
(RegularFile, 8ea4746738a3afa
6757de0cfc3dbcea2)
                   - nvidia 
(Directory, 2e12b4069962c77b4
09e816249d5cd8f)
                     - hash 
(Directory, a6e43fa282e3cf494
419d589b72d73ab)
                       - 
detail (Directory, 2ea19b8673
81e421d7765095a8fb51e8)
                         - 
Crc32cCombineDetail.h 
(RegularFile, 7124e237b83f831
4bf9f7d5b911cb050)
                 - 
FBString.h (RegularFile, d4f7
99f1d35e6b8153efc3d48cfe2c05)
                 - 
FBVector.h (RegularFile, 96da
c0054147215cd53bb4e9f2f83020)
                 - fibers 
(Directory, 6d0aac95c360b66ff
fec035ab5b2112a)
                   - 
AddTasks-inl.h (RegularFile, 
e61c5774bc2223a00b84ea1ecfdc0
df9)
                   - 
AddTasks.h (RegularFile, 3849
83ae697ccfb9794db36a0c977414)
                   - async 
(Directory, 23faf692d8ffd8d75
5088576d6e8ac51)
                     - 
Async.h (RegularFile, 702f97d
e955a5c5495738deb137b5e3b)
                     - 
AsyncStack.h (RegularFile, 49
d5d28eca7d07b3460dfacc8165938
2)
                     - 
Baton.h (RegularFile, fe77aab
2a145098c115587de161c712f)
                     - 
Collect-inl.h (RegularFile, 4
20c99543699432f1618dda4c18a4e
2c)
                     - 
Collect.h (RegularFile, 3aab9
8513c79779d40b273def5699460)
                     - 
FiberManager.h (RegularFile, 
08f467c3a46c71a3f7648a970cb81
ea7)
                     - 
Future.h (RegularFile, ee7c72
b9ac10ef8a66bb9d93d9ae6590)
                     - 
Promise.h (RegularFile, 6d06f
a6a59c9b7a9dd02236ae9124769)
                     - 
Task.h (RegularFile, bece9f28
3115f2644552df6a939a1f05)
                     - 
WaitUtils.h (RegularFile, 0cb
086f6415d7e94ca4415cc2e7b603e
)
                   - 
AtomicBatchDispatcher-inl.h 
(RegularFile, eee6c9164d318de
25570d8c8109c415d)
                   - 
AtomicBatchDispatcher.h 
(RegularFile, ec2bea15417c1f2
efad0c257760b5ae8)
                   - 
BatchDispatcher.h 
(RegularFile, 092494847432783
8135d7d5f9ab8661e)
                   - 
BatchSemaphore.h 
(RegularFile, 2cd13b3cd79fef4
81568c7eba591df8d)
                   - 
Baton-inl.h (RegularFile, 397
1cf4d4076f54d0bc2339fa9744de0
)
                   - Baton.h 
(RegularFile, 9647c91fe649fe2
a24e6a58387e3f02a)
                   - 
BoostContextCompatibility.h 
(RegularFile, 8c5341e33450965
6f650c51db0d95a79)
                   - 
CallOnce.h (RegularFile, c160
d11d1c7172889e02e0a42dc89663)
                   - detail 
(Directory, 073e5816665be6280
8e32b6e1858def9)
                     - 
AtomicBatchDispatcher.h 
(RegularFile, eca16326d3d3780
1c3f94a1f25dba336)
                   - EventBas
eLoopController-inl.h 
(RegularFile, aaf6886f4da42cd
2602c0e916de8efad)
                   - 
EventBaseLoopController.h 
(RegularFile, 0e2deed63caa081
62998ce351aa5fd79)
                   - Executor
BasedLoopController.h 
(RegularFile, 91ebfe0a28b47e1
708c4f5596a2cc6c4)
                   - 
ExecutorLoopController-inl.h 
(RegularFile, 23d8ca077b3ac50
84d66bfead3e0123d)
                   - 
ExecutorLoopController.h 
(RegularFile, 3777bb088d4ae5e
6603559e194be33fc)
                   - 
Fiber-inl.h (RegularFile, d69
7b72baebe714e966da636884d9f1b
)
                   - Fiber.h 
(RegularFile, 76c80097c6e6fa7
a35cd90cda615bd74)
                   - 
FiberManager-inl.h 
(RegularFile, 7b2a35ef58b2acc
191082e4538b7bd26)
                   - 
FiberManager.h (RegularFile, 
e8732a098403533fae68cc02f12e8
f43)
                   - 
FiberManagerInternal-inl.h 
(RegularFile, b3b83fe71c7e85f
c476f8bf2f98c5cbc)
                   - 
FiberManagerInternal.h 
(RegularFile, b82cf39423527ee
9596096b8aaf5234f)
                   - 
FiberManagerMap-inl.h 
(RegularFile, 4bcefbb3f46ee1e
6199abd819e38ba91)
                   - 
FiberManagerMap.h 
(RegularFile, 800391d475964cb
da934bc873b87dff5)
                   - 
ForEach-inl.h (RegularFile, 8
4fef1af9b01899404d3a7965c1819
bf)
                   - 
ForEach.h (RegularFile, a1c3e
b61ec9eedda8c38d4ee70ca18ce)
                   - 
GenericBaton.h (RegularFile, 
8cdac441b8b2e7d127bf75831db7c
38e)
                   - 
GuardPageAllocator.h 
(RegularFile, f0a9b6c2bf7f0fc
26e3c4a64545c6249)
                   - 
LoopController.h 
(RegularFile, 1dc17b3883cbfee
b319eb1331b9a6318)
                   - 
Promise-inl.h (RegularFile, 8
2ed81400aed957646086932942e6d
be)
                   - 
Promise.h (RegularFile, 0e480
62410eeead036c9f45cfa23c462)
                   - 
Semaphore.h (RegularFile, b6b
12791984695140b14c3e99865ed08
)
                   - 
SemaphoreBase.h 
(RegularFile, ad18353c4b980e5
3ca0d57625b4e95fb)
                   - 
SimpleLoopController.h 
(RegularFile, a20f04c92a3542c
709cb73ca53ee81b6)
                   - 
TimedMutex-inl.h 
(RegularFile, 3a83de09dadb6f2
87bab11c1037c6aa6)
                   - 
TimedMutex.h (RegularFile, 41
e08456e709b3bd41e6157f6701b5a
c)
                   - 
traits.h (RegularFile, 54dc2e
91ef9cf3545f4741a04a7f935e)
                   - 
WhenN-inl.h (RegularFile, a30
839862877a4446855f4a07ad0b838
)
                   - WhenN.h 
(RegularFile, f30a1cd79dd7886
f2771fc857aaa2b2d)
                 - File.h 
(RegularFile, 9705df6955db183
f54c90ce4b25aa1d6)
                 - 
FileUtil.h (RegularFile, d191
4cc302be94a1a6349b36d59fc71b)
                 - 
Fingerprint.h (RegularFile, 3
7b203c413164691ff07bbde3ad58c
98)
                 - 
FixedString.h (RegularFile, a
5e487042a8d29aa0c054906dd4555
c4)
                 - 
FollyMemcpy.h (RegularFile, c
867bc0513e382467cdd29d4e00c2e
6e)
                 - 
FollyMemset.h (RegularFile, 6
afb769334c33ebc960a4939d46851
97)
                 - 
Format-inl.h (RegularFile, 75
744593534a7371f3c9e166c8306ae
1)
                 - Format.h 
(RegularFile, e7b99c7f5d3e06b
229030c12524bb15c)
                 - 
FormatArg.h (RegularFile, 24d
bfb8b617532e621962cb250415017
)
                 - 
FormatTraits.h (RegularFile, 
13d4a2ee6053aecac9d8a55c1c2f7
ee4)
                 - 
Function.h (RegularFile, 66fe
7c7912e9d89b79b3f85f24f1c639)
                 - 
functional (Directory, f4707f
f8d0c51e0723c765bfcf948d58)
                   - 
ApplyTuple.h (RegularFile, fc
3add12e516218d7bdeb87b30cee48
e)
                   - 
Invoke.h (RegularFile, e66ec6
0ef16d5a7d6e308cde36fb741d)
                   - 
Partial.h (RegularFile, 86225
7830058dca95e1fae1a1d342370)
                   - 
protocol.h (RegularFile, 6b9d
1cf5d34301abe888c81fe3613d58)
                   - 
traits.h (RegularFile, dcf81d
b3b73da7aa2ac8b674ca69e4d8)
                 - futures 
(Directory, 0e34752f82947cc61
b3c56d7cf79509f)
                   - 
Barrier.h (RegularFile, cfb0c
fb8a1220c864d2025e1940a57cb)
                   - 
Cleanup.h (RegularFile, e4473
1a2e648866cafbe3c898a3e3f68)
                   - detail 
(Directory, 79731902159a6445b
2b79baecfd274b2)
                     - 
Core.h (RegularFile, b196e414
b68750f600ff912f3a9658cc)
                     - 
Types.h (RegularFile, 9ec1ba1
36b4744c85d5aa180208748d0)
                   - 
Future-inl.h (RegularFile, 5f
3bb0a57af233fd147cff7a7638da1
3)
                   - 
Future-pre.h (RegularFile, 8e
0e3a67ed32c7b3a20439bcd0f90d9
c)
                   - 
Future.h (RegularFile, cc4606
613b3ebbbce569992ce189a88b)
                   - 
FutureSplitter.h 
(RegularFile, b7454f76f56da41
5c548f8972b87e0c8)
                   - 
HeapTimekeeper.h 
(RegularFile, f5812cdbd4e4073
8a1935c69f4ec616a)
                   - 
ManualTimekeeper.h 
(RegularFile, 7394523c9f284fa
8fe92435ff0457faa)
                   - 
Portability.h (RegularFile, 3
6dbdc251ee7b777f761a6a2b71e3a
12)
                   - 
Promise-inl.h (RegularFile, f
86fd5544884903af7115298b63353
c8)
                   - 
Promise.h (RegularFile, 4898c
b3a1041b32daceddd48c286b99f)
                   - 
Retrying.h (RegularFile, c149
8943bd8c6f537afc3f043266f030)
                   - 
SharedPromise-inl.h 
(RegularFile, ef0d3cf43ae1e0d
6c780d5483bf58a2c)
                   - 
SharedPromise.h 
(RegularFile, ad798db21b191a1
cd14f2cea5dd75782)
                   - test 
(Directory, 71f1443b53fe99708
65ddb2be3c016c2)
                     - 
TestExecutor.h (RegularFile, 
5c8fee0809b1a1cd8779ab156ef9d
56c)
                     - 
ThenCompileTest.h 
(RegularFile, b83715cb8027c50
e5757edeae3c7dcfc)
                     - 
TimekeeperTestLib.h 
(RegularFile, 448219da81fccaf
11d3804f6da520018)
                   - 
ThreadWheelTimekeeper.h 
(RegularFile, 07723a74cd3255b
66711b9815fdada48)
                   - 
WTCallback.h (RegularFile, 2d
847e194464cf4fd8175a55f5bea6b
1)
                 - gen 
(Directory, b5cbaadcf2624206e
06d8b9ee6786120)
                   - 
Base-inl.h (RegularFile, bc29
96a90240ed58973b1735737b09c6)
                   - Base.h 
(RegularFile, f94b55253cf8cf4
99a4df9e4e29f23b8)
                   - 
Combine-inl.h (RegularFile, 5
70b1e051eb08a374002adf7da353b
55)
                   - 
Combine.h (RegularFile, 3acda
b977b3999750851ce0beb48bbb4)
                   - 
Core-inl.h (RegularFile, 28f8
e7e2a19ebcfd3719def63abb2174)
                   - Core.h 
(RegularFile, 1a1e9b774ed1b3b
d1af7590ae4f494cf)
                   - 
File-inl.h (RegularFile, 1e42
3fd0bb9bf17adfa75a66aa99ea5b)
                   - File.h 
(RegularFile, 0729c1a3896d1b0
c4f5cd0b561f63dae)
                   - 
IStream.h (RegularFile, 8b82a
cdb5d69812b09d04eefd4e7bf67)
                   - 
Parallel-inl.h (RegularFile, 
32c3af5fae8128f7afafb533106ec
b7a)
                   - 
Parallel.h (RegularFile, a5e7
c45d73ba4de051c574ee571cd1bd)
                   - 
ParallelMap-inl.h 
(RegularFile, 68f43381c674514
a46ccd8c092366c57)
                   - 
ParallelMap.h (RegularFile, 1
1f150d2660dd1f93f53b80babb477
83)
                   - 
String-inl.h (RegularFile, e3
d125d44edc249234369637ec08772
8)
                   - 
String.h (RegularFile, 4e0f8d
a420e1784efce89d05e7166771)
                   - test 
(Directory, e450f852b9a434e0c
894390a30265870)
                     - 
Bench.h (RegularFile, e33da54
380e2c22897c9086b8331fa65)
                 - GLog.h 
(RegularFile, 465044206385ccd
773e73cd9ab7b6874)
                 - 
GroupVarint.h (RegularFile, 0
8817875583b8c64f49364f8091385
ee)
                 - hash 
(Directory, f590f43dd7cb9f277
c3ddfbfb03661d0)
                   - 
Checksum.h (RegularFile, 4ae0
787254ac5225a2128391249554b7)
                   - detail 
(Directory, 33f3f986b673a941f
8ccc9504bb0bb23)
                     - 
ChecksumDetail.h 
(RegularFile, 3ba4e68af330bf3
5481e7b96217b1e36)
                   - 
FarmHash.h (RegularFile, f43e
eca9a3f6b68dbf59cd686314d236)
                   - Hash.h 
(RegularFile, 6b92473e870b9c2
ae336982e437d0138)
                   - 
MurmurHash.h (RegularFile, b4
fac1c22949a6535aa3b5a4ceda532
8)
                   - 
SpookyHashV1.h (RegularFile, 
c727748a9504861b8ee593615933b
6fa)
                   - 
SpookyHashV2.h (RegularFile, 
3ad465e4c63d553cc90e23a94edba
5d3)
                   - 
traits.h (RegularFile, 848958
039f61b2e9612746d3420381a0)
                 - Hash.h 
(RegularFile, a9116bdc755c64e
9c023499b59a2cd48)
                 - 
Indestructible.h 
(RegularFile, bad39ac939702ef
02310d116810ab9d8)
                 - 
IndexedMemPool.h 
(RegularFile, 589b45c3f50fd3a
601999ab07b00a68f)
                 - init 
(Directory, da5746da71d993ba9
f805f47111dfc30)
                   - Init.h 
(RegularFile, 2435f8f689a9f73
105c0deeb0eef941f)
                   - Phase.h 
(RegularFile, 3aa4f84df439ee6
7a1ed234291aed3f2)
                 - 
IntrusiveList.h 
(RegularFile, 4e969a6264d1d1a
84fe667ba66a7ccf9)
                 - io 
(Directory, b0275b79dc2328b71
0caa0e7f9427bf0)
                   - async 
(Directory, 6aaae4255db673863
14b8048fe757b5d)
                     - 
AsyncBase.h (RegularFile, 5ee
269404ee9f4d0195d222a84b15944
)
                     - 
AsyncIO.h (RegularFile, 98a1c
1a43540bc93df9df2421e5362c2)
                     - 
AsyncIoUringSocket.h 
(RegularFile, cec7440b43a96eb
1ef9b86223506f8fb)
                     - 
AsyncIoUringSocketFactory.h 
(RegularFile, bed5b4dedd9bb83
9beefef071cb0a16f)
                     - 
AsyncPipe.h (RegularFile, dc9
5928d28b24fe67a6c18d74f988d74
)
                     - 
AsyncServerSocket.h 
(RegularFile, 40786161c9f405f
7d47122b764c78065)
                     - 
AsyncSignalHandler.h 
(RegularFile, 6abab65fddc6c23
8bb6bfbf7f86a1bbb)
                     - 
AsyncSocket.h (RegularFile, f
5d7282fcf969d9a2f1c7d31268275
bc)
                     - 
AsyncSocketBase.h 
(RegularFile, 90608bf141542f4
71db202fbcadee690)
                     - 
AsyncSocketException.h 
(RegularFile, 58c3c274da0e0b7
316cdfde530e86750)
                     - 
AsyncSocketTransport.h 
(RegularFile, 15cddddf3864749
ade48c320630b45ed)
                     - 
AsyncSSLSocket.h 
(RegularFile, 4b0ea6440850c61
88e72e1d2b4fcb930)
                     - 
AsyncTimeout.h (RegularFile, 
1b28f3cba136bafd3705d52de32f9
7f7)
                     - 
AsyncTransport.h 
(RegularFile, e8bc62f71d06c4c
5b067d94948ef6c53)
                     - 
AsyncTransportCertificate.h 
(RegularFile, ad958e2bc474196
4aa9848d9dc1afd06)
                     - 
AsyncUDPServerSocket.h 
(RegularFile, 37af52be2bb7017
9e069e20b275b5608)
                     - 
AsyncUDPSocket.h 
(RegularFile, 4c75bdea8194b3e
3c48a0b14a58ae191)
                     - Atomic
NotificationQueue-inl.h 
(RegularFile, 6a3768dd2239964
0ce8e53074e32772e)
                     - 
AtomicNotificationQueue.h 
(RegularFile, 4c74ca8a49c6a7c
0b727bd960cec774c)
                     - Certif
icateIdentityVerifier.h 
(RegularFile, 8ffcb6d80d59621
2b97218430d203ace)
                     - Decora
tedAsyncTransportWrapper.h 
(RegularFile, 161a9148916eae6
c4f5f1bf660901351)
                     - 
DelayedDestruction.h 
(RegularFile, 79636b27c7418d7
2d800fbb6b96071ce)
                     - 
DelayedDestructionBase.h 
(RegularFile, ca0b2a619ea0ace
97af221708f4020d9)
                     - 
DestructorCheck.h 
(RegularFile, 06703099712534c
6994946980e5c76f6)
                     - 
Epoll.h (RegularFile, 82c94c7
83de0468a78788034680a91fc)
                     - 
EpollBackend.h (RegularFile, 
e3823013dd63b949324e12010a8be
20f)
                     - 
EventBase.h (RegularFile, f52
0ca82c66fa48b4d8407015d96dcfd
)
                     - EventB
aseAtomicNotificationQueue-in
l.h (RegularFile, ff1e780001c
fa89d79b9d49757e791a7)
                     - EventB
aseAtomicNotificationQueue.h 
(RegularFile, 3d94b717034e3d5
92b6a8714ae61f698)
                     - 
EventBaseBackendBase.h 
(RegularFile, d549e91efcdc05b
838c65b78cfd8f2bf)
                     - 
EventBaseLocal.h 
(RegularFile, 810a0927ead19d3
ce5bc63e4d6991708)
                     - 
EventBaseManager.h 
(RegularFile, 0128fb3ae1250eb
c1e964a05adbfb5d7)
                     - 
EventBasePoller.h 
(RegularFile, ceda619c30f9aff
22d767d51b60b891b)
                     - 
EventBaseThread.h 
(RegularFile, b3ce3fb3490a0cf
3556b22d09bea8b78)
                     - 
EventHandler.h (RegularFile, 
9272b9002bb4a71732ff44bec854d
cca)
                     - 
EventUtil.h (RegularFile, deb
a29a1628e31461bdf2af5553a66d0
)
                     - 
fdsock (Directory, c01547770b
ffec382e4f8b3c589923ff)
                       - 
AsyncFdSocket.h 
(RegularFile, 87cea93af88890c
b157e5db8689993b2)
                       - 
SocketFds.h (RegularFile, 08b
d1cbf2ec52cd80c117a9d68b7b916
)
                     - 
HHWheelTimer-fwd.h 
(RegularFile, e7ea46327def327
fea63e07563d519dc)
                     - 
HHWheelTimer.h (RegularFile, 
57380a56b2292bb33ebae2b1ffd15
6b0)
                     - 
IoUring.h (RegularFile, 18f57
5df26889df0a4803931d0e35219)
                     - 
IoUringBackend.h 
(RegularFile, 92b770f0e46ba4c
c17c2f4ab7d21bd48)
                     - 
IoUringBase.h (RegularFile, 3
750c93ffc1e7b11d6ab7f0972c726
0f)
                     - 
IoUringEvent.h (RegularFile, 
4555eb3791861c11b0bb776d7112a
f35)
                     - 
IoUringEventBaseLocal.h 
(RegularFile, 560f83f27618d11
851f21ce507c9d888)
                     - 
IoUringProvidedBufferRing.h 
(RegularFile, eebe3695876c980
9bdc759eb2b7093a8)
                     - 
Liburing.h (RegularFile, caee
52eb28bccdb15d41dc3d45a78073)
                     - 
MuxIOThreadPoolExecutor.h 
(RegularFile, 630c12ea220f8bb
c315f9ce4cba7a73a)
                     - 
NotificationQueue.h 
(RegularFile, fbfeb2d58a577c4
73a31e8e5c3f23e9e)
                     - 
observer (Directory, f39127e7
588ac694180311ea1474d5f4)
                       - Asyn
cSocketObserverContainer.h 
(RegularFile, 9e4188866924587
33ec92ce0be7a74b4)
                       - Asyn
cSocketObserverInterface.h 
(RegularFile, 8ce387534f46f71
5fa040ea47a762c81)
                     - 
PasswordInFile.h 
(RegularFile, d3dbd3f9d413781
baab3e295b9ea3ea7)
                     - 
Request.h (RegularFile, 4ed8e
71d050951d35443e063097f65a4)
                     - 
ScopedEventBaseThread.h 
(RegularFile, dedf213dba17eb8
15d8074cc232b2b9e)
                     - 
SimpleAsyncIO.h 
(RegularFile, d003172c3df005c
13c32039f08a281d9)
                     - ssl 
(Directory, 4d2bc4cfd7749c976
aa1a853ba9bd550)
                       - 
BasicTransportCertificate.h 
(RegularFile, bbee4a07a17efaa
96b5520522e60fbc1)
                       - Open
SSLTransportCertificate.h 
(RegularFile, d52187a395f6b95
fad39ea4e95b0e62c)
                       - 
OpenSSLUtils.h (RegularFile, 
e2c0b8a2dbeb675d8b87b412a0a52
6b3)
                       - 
SSLErrors.h (RegularFile, e6d
7a95c51a608cefb1a779180ccb626
)
                       - 
TLSDefinitions.h 
(RegularFile, 9390e2d9f6f8428
82b5b751cf22fce7b)
                     - 
SSLContext.h (RegularFile, 36
a22c62da79a03e268be0ca08464bf
8)
                     - 
SSLOptions.h (RegularFile, 2c
5f1deb9ed676f5098a61bc8291087
7)
                     - 
STTimerFDTimeoutManager.h 
(RegularFile, d270a4bfa88dd0e
8e485006e8a5b99f6)
                     - 
TerminateCancellationToken.h 
(RegularFile, 253d8291dc3c1c4
28d353b451f896134)
                     - test 
(Directory, 0dab077c0fa43811c
66020eeec9abe41)
                       - 
AsyncBaseTestLib.h 
(RegularFile, f239c47fe933959
49257815ab5fa5a74)
                       - 
AsyncSignalHandlerTestLib.h 
(RegularFile, 2d80c604e826d39
8913a394c60d9bc69)
                       - 
AsyncSocketTest.h 
(RegularFile, 58e113842bd65f2
15c486c6d88ecdff1)
                       - 
AsyncSocketTest2.h 
(RegularFile, 9360ef4737957ef
c6de2282be696ce1b)
                       - 
AsyncSSLSocketTest.h 
(RegularFile, 0f5642a230dd281
a51181198ec8e609b)
                       - 
BlockingSocket.h 
(RegularFile, 2e9ac088bb1b56e
237560e990e3e42df)
                       - 
CallbackStateEnum.h 
(RegularFile, 19dd2818bbca639
7ec831e65926fdb7f)
                       - 
ConnCallback.h (RegularFile, 
b16d2cc5b998d0e99f0f571260839
fc9)
                       - 
EventBaseTestLib.h 
(RegularFile, d37b26e365be817
db1909e1c7e9b3551)
                       - 
IoTestTempFileUtil.h 
(RegularFile, f96b69615829444
0a5116598a2a34f82)
                       - 
MockAsyncServerSocket.h 
(RegularFile, a3bb7ff4ec491ab
216bb58254a2ac297)
                       - 
MockAsyncSocket.h 
(RegularFile, 1770adf24381efa
fc0cec6ffa7cd4c11)
                       - Mock
AsyncSocketLegacyObserver.h 
(RegularFile, 7e1c8ba27e5c644
8c0dc079b49645179)
                       - 
MockAsyncSocketObserver.h 
(RegularFile, d68a884cc425f64
c58e97d507b2f52ee)
                       - 
MockAsyncSSLSocket.h 
(RegularFile, 1db2b2224f599f2
0947bb37be1ec58de)
                       - 
MockAsyncTransport.h 
(RegularFile, d870c73fb688960
3c2a869e328a42d7a)
                       - 
MockAsyncUDPSocket.h 
(RegularFile, eaa9547d8860940
6f869727118aa5748)
                       - 
MockTimeoutManager.h 
(RegularFile, e390ba7b92ad727
9e0b1da309f99367c)
                       - 
RequestContextHelper.h 
(RegularFile, 28ed0ced3223c1d
5401294737854e4aa)
                       - 
ScopedBoundPort.h 
(RegularFile, 9bd624f4aa9fd33
0389872661820a01e)
                       - 
SocketPair.h (RegularFile, 77
1a0b1c9766a2ad7cb87a17582654d
a)
                       - 
SSLUtil.h (RegularFile, 5a910
e129365a36a688ca69d1a5a5928)
                       - 
TestSSLServer.h 
(RegularFile, ebf73a363f766aa
3d5177664fe7fc222)
                       - 
TFOUtil.h (RegularFile, 1946f
882bfc44898d33bb192cb1f1b76)
                       - 
TimeUtil.h (RegularFile, 60e0
73f868c42d03a1591247d32466e8)
                       - 
UndelayedDestruction.h 
(RegularFile, 08d8557d944089f
55cd32974a72b5e10)
                       - 
Util.h (RegularFile, ce9b080f
4e9c691acf19958c5811cd82)
                       - 
ZeroCopy.h (RegularFile, 3ab5
dd4bb326172f20723ebba4bfcd74)
                     - 
TimeoutManager.h 
(RegularFile, aa9e97ad585bbaa
a07ca121fa720ac15)
                     - 
TimerFD.h (RegularFile, a1e28
256cf7998d4a830742bafa6b367)
                     - 
TimerFDTimeoutManager.h 
(RegularFile, a9b6a53b271bcf3
8b7866d9fec71126b)
                     - 
VirtualEventBase.h 
(RegularFile, 28225c3a5dfe651
0be39410108a63b40)
                     - WriteC
hainAsyncTransportWrapper.h 
(RegularFile, 34a49722ad4b3a4
36369fa4e88369519)
                     - 
WriteFlags.h (RegularFile, 87
b5b15164253b98789f01026da4b5e
c)
                   - coro 
(Directory, 40dfc576a81511009
d58c5d3bf6895cb)
                     - 
ServerSocket.h (RegularFile, 
120b0de45f607a49317ce20de2d9b
39b)
                     - 
Transport.h (RegularFile, 644
4e120f7be485f87b5560d75cab8a2
)
                     - 
TransportCallbackBase.h 
(RegularFile, 9fbc6c5a7ed8c45
15cc7e4a8de70270f)
                     - 
TransportCallbacks.h 
(RegularFile, cfbe072c317c942
064a7f016a7e4d294)
                   - 
Cursor-inl.h (RegularFile, 26
a013d6cbc59e50ad585644b4735c9
c)
                   - 
Cursor.h (RegularFile, 044280
a3070d947147f74e522d4f1d66)
                   - 
FsUtil.h (RegularFile, 8e1698
f686e5422733d5e6af8860e781)
                   - 
GlobalShutdownSocketSet.h 
(RegularFile, c7418965b85122d
00db7bad214d5f379)
                   - 
HugePages.h (RegularFile, d3b
6b7f6553d198ad947a612a532f633
)
                   - IOBuf.h 
(RegularFile, da7ad96a137d3b9
2fceb8f877ffc3750)
                   - 
IOBufIovecBuilder.h 
(RegularFile, 1165a30d0ded3d2
32e4840cf70a4cfb5)
                   - 
IOBufQueue.h (RegularFile, d9
5c06f20a2b40e031e95d8ccc1483b
b)
                   - 
RecordIO-inl.h (RegularFile, 
2cda223e048f3c7d661291a8b2a7f
cb3)
                   - 
RecordIO.h (RegularFile, fb3f
9923082a420de427f0d955e1e061)
                   - 
ShutdownSocketSet.h 
(RegularFile, d08b5adbf5a99ef
a0ade87f030b4c0c6)
                   - 
SocketOptionMap.h 
(RegularFile, 14a806d18324906
769e62d1c674999a4)
                   - 
SocketOptionValue.h 
(RegularFile, 1d063522ca44434
8195c04b467fa8e3e)
                   - 
TypedIOBuf.h (RegularFile, 7c
1fb5d03eea82e2037c757f2b23edb
1)
                 - 
IPAddress.h (RegularFile, 5e4
e70a7dca768d6a7b1593d52db674e
)
                 - 
IPAddressException.h 
(RegularFile, daeb4b90abcf635
4118b5c3dc55d2ed3)
                 - 
IPAddressV4.h (RegularFile, e
7d7a6f12129678f545824accbe676
12)
                 - 
IPAddressV6.h (RegularFile, c
18504436d9aea1a0f3722e4f26125
e3)
                 - json 
(Directory, b010c77ca74498d7b
a24341b52cad4e3)
                   - bser 
(Directory, bb7d099b73ab5e706
369473d5ad28a10)
                     - 
Bser.h (RegularFile, 08fe5206
cce2173d871bd59b92f17638)
                   - 
dynamic-inl.h (RegularFile, e
c51c67f9be537c9beb7783ca8b284
0c)
                   - 
dynamic.h (RegularFile, 2db1c
0b4901eb550a85a0f706653a4d2)
                   - 
DynamicConverter.h 
(RegularFile, c58eb0006c80155
43b66552433aae0e6)
                   - 
DynamicParser-inl.h 
(RegularFile, 990f457008adce3
6c239882ded6c7c9e)
                   - 
DynamicParser.h 
(RegularFile, fb497d4a8252e15
5f3542a9a2f4f4411)
                   - json.h 
(RegularFile, f66f609463793ae
251aae3c1fe134fc4)
                   - 
json_patch.h (RegularFile, 6f
9ad517e46b8e77939cdfbb3e7721d
0)
                   - 
json_pointer.h (RegularFile, 
737eeb0208f8d0d32e1b457468aa2
4fc)
                   - 
JsonMockUtil.h (RegularFile, 
b1ef5be57920e1ae95403c0b42e4b
bc4)
                   - 
JSONSchema.h (RegularFile, ad
5f4532c09f5067ba80053271f391e
4)
                   - 
JsonTestUtil.h (RegularFile, 
fee517586bd8062c21c24b7c36666
281)
                 - json.h 
(RegularFile, 0f34d433c079e80
bc89012d0b6882a71)
                 - 
json_patch.h (RegularFile, 75
61ed27d949cd52213915ea78cbb5e
f)
                 - 
json_pointer.h (RegularFile, 
12861f4e346c6c836d42f98d2c1e4
6a3)
                 - lang 
(Directory, 61967892a7813a441
9c63c5a512a40ce)
                   - 
Access.h (RegularFile, b783d1
75a95837877ce71bcbd9884ef3)
                   - Align.h 
(RegularFile, 1de2529ec6069fb
80f45e214ba471cd1)
                   - 
Aligned.h (RegularFile, 4ed93
11a290c2096e1c12036ccea8f30)
                   - 
Assume.h (RegularFile, 7116ba
8ba2f244ae52e36019971a8ed8)
                   - Badge.h 
(RegularFile, c806daf5d0ddddf
c8040902937a8ee97)
                   - Bits.h 
(RegularFile, 25236295b8a727f
2ec6d59330d88b173)
                   - 
BitsClass.h (RegularFile, 642
e7ef3104224853286ca6545e2434e
)
                   - 
Builtin.h (RegularFile, a8062
31b5aed74b8e5f99e367a9a917d)
                   - 
CArray.h (RegularFile, 76047b
e11e5079016ef11b8d4892227f)
                   - Cast.h 
(RegularFile, cca3ee2d4cea041
003bb9903a142f3ea)
                   - 
CheckedMath.h (RegularFile, 8
d427514d2f9b0d90bfe576e69cc1d
ea)
                   - 
CString.h (RegularFile, 86c1a
1fa9aef32b8f23ca3f3ad22620f)
                   - 
CustomizationPoint.h 
(RegularFile, cf2930ea55fc6a3
1dfe875f24b1dc37a)
                   - 
Exception.h (RegularFile, 6ef
80bcac5a7181e76a61e6f9a5aa0a5
)
                   - 
Extern.h (RegularFile, 120d1f
f5661d234ca75d6b0af2b4e588)
                   - 
Hint-inl.h (RegularFile, 72b6
ec18aad3a09d8c553682b61dbfb3)
                   - Hint.h 
(RegularFile, b19d64f076d5bef
6640bf88c044c3d8c)
                   - Keep.h 
(RegularFile, 1e1e517f3e3af5a
4419aa42a93cb5350)
                   - New.h 
(RegularFile, 76ca9b0c83c7734
a13948f85801dd1d8)
                   - 
Ordering.h (RegularFile, 24e1
ed4894cecde07ad398ba42147350)
                   - 
Pretty.h (RegularFile, b3daa6
597ebd1859956219673263dcd8)
                   - 
PropagateConst.h 
(RegularFile, f2463bbecb4ad7c
a567c4f83878fe486)
                   - 
RValueReferenceWrapper.h 
(RegularFile, 9044f92466a294b
7d4a7ac1f63f2b707)
                   - 
SafeAssert.h (RegularFile, 3f
bf354fd59e072d443c75283f041c5
8)
                   - 
StaticConst.h (RegularFile, e
cf19c04181a9a8dd68aab2ecd9846
f9)
                   - Thunk.h 
(RegularFile, 6bf10140ee5d05d
f913de537c233865c)
                   - 
ToAscii.h (RegularFile, 4b382
759be07e609a4bcb1100bd99213)
                   - 
TypeInfo.h (RegularFile, 65ce
bfebbf04832311cc3943f7faf657)
                   - 
UncaughtExceptions.h 
(RegularFile, baf7b1a3de6724f
32ccccdfee48624aa)
                 - Lazy.h 
(RegularFile, 7c8994706e63bd7
75bc8a0f830a97772)
                 - Likely.h 
(RegularFile, 5487cce84e46b12
ecd35f55c15754962)
                 - logging 
(Directory, b52f4ccee226f9799
515c7ed3672a568)
                   - 
AsyncFileWriter.h 
(RegularFile, 9cb700bc0e6805a
6c45e101836085522)
                   - 
AsyncLogWriter.h 
(RegularFile, cbc2057c56836bd
0c3f3443887ffa586)
                   - 
AutoTimer.h (RegularFile, b35
cdf97817bfc7bde1e9fd3453f50ac
)
                   - 
BridgeFromGoogleLogging.h 
(RegularFile, 20075b504745a49
caed16a80f309ba3b)
                   - 
CustomLogFormatter.h 
(RegularFile, 7d9f8dec60fc12e
4351f42b7ce633384)
                   - example 
(Directory, 1a46dffb1d7ecb226
b3ad4d56d2c9ef6)
                     - lib.h 
(RegularFile, b2c7e788081a34f
d8aa46a3d2c0c3fe5)
                   - 
FileHandlerFactory.h 
(RegularFile, 6981092654ec07b
4f454e3df3861fed7)
                   - 
FileWriterFactory.h 
(RegularFile, 097508690e4ce2e
74b7056309da8291a)
                   - 
GlogStyleFormatter.h 
(RegularFile, c05356d8719f818
cce2384b971a27500)
                   - 
ImmediateFileWriter.h 
(RegularFile, 714cabe5a3b9cea
97ebcd88c6b1cbac0)
                   - Init.h 
(RegularFile, 63e0e1ac8421109
a6028c28f7ba67e37)
                   - 
LogCategory.h (RegularFile, b
9d4106f30cae599d07b352c490d6d
27)
                   - 
LogCategoryConfig.h 
(RegularFile, 95f44d3cb6293ec
7662e9cc5efef5098)
                   - 
LogConfig.h (RegularFile, cc1
24ec7db84d9139ad5c1e521b3139a
)
                   - 
LogConfigParser.h 
(RegularFile, 2555afd8649c60d
c24802f97fd675ba1)
                   - 
LogFormatter.h (RegularFile, 
ca9516ecea3de5f786eececdf401b
cc0)
                   - 
Logger.h (RegularFile, c8e557
78b129eb8f3601574fe8cc2ec6)
                   - 
LoggerDB.h (RegularFile, 3d9a
6d0e89fa09db12cf4ce5c95bf686)
                   - 
LogHandler.h (RegularFile, 36
b681940c390bfc80dc9a0b709bd47
e)
                   - 
LogHandlerConfig.h 
(RegularFile, a49376a7934eaec
01f28f7ec1d078b11)
                   - 
LogHandlerFactory.h 
(RegularFile, 879e82b89f757e4
25fe89c50131a9c7e)
                   - 
LogLevel.h (RegularFile, 6de4
37e96065496ebc91483fcad39342)
                   - 
LogMessage.h (RegularFile, 14
664eb22058ca3f8e797b27744710a
c)
                   - 
LogName.h (RegularFile, c0003
32e8aeaa9e975e6773fed927c33)
                   - 
LogStream.h (RegularFile, 656
253ce37de00300536a717220239af
)
                   - 
LogStreamProcessor.h 
(RegularFile, cb011a74ccbca01
83d4d253e119412b1)
                   - 
LogWriter.h (RegularFile, 3c4
43ac86274dfb991bb0872e3f54279
)
                   - 
ObjectToString.h 
(RegularFile, 9c5cd79b594ccfc
70c5b54818e6c5be4)
                   - 
RateLimiter.h (RegularFile, c
f3b1486c636fce69718b4304bac49
04)
                   - 
StandardLogHandler.h 
(RegularFile, a1a1d3728380fe2
8e2e492ed7650e552)
                   - 
StandardLogHandlerFactory.h 
(RegularFile, 27211d35247bfa5
d5d6612fd18b5cb94)
                   - 
StreamHandlerFactory.h 
(RegularFile, 305d8cd4985a788
83ef25e33eddd4ea1)
                   - test 
(Directory, 8538986e1d0b38aa2
d67a32f352850c5)
                     - 
ConfigHelpers.h 
(RegularFile, fb3aaf1cacefc34
d48546f12a3f40c33)
                     - 
helpers (Directory, d4745b441
8999b1e6b017a4410759e42)
                       - 
helpers.h (RegularFile, 40f44
f512451229b5e10c2860bb72577)
                       - 
LogOnShutdownLib.h 
(RegularFile, 0d6ac96fae36820
d733739a381a724e7)
                     - 
TestLogHandler.h 
(RegularFile, 4c2066a39277496
22daca34f7f90fb25)
                     - 
XlogHeader1.h (RegularFile, 7
91a98310c18aba387ecfdf00fceed
2e)
                     - 
XlogHeader2.h (RegularFile, 1
5996cfa2f7e1a6df0e5323f7a078b
bc)
                   - xlog.h 
(RegularFile, d60b0d3b5bed853
a8292b68c6b678cb6)
                 - 
MacAddress.h (RegularFile, 7a
fd06f73a8a7e8f5e258d5f80d5b4e
f)
                 - MapUtil.h 
(RegularFile, e182a91ec93af1a
929fc424124f9d15e)
                 - Math.h 
(RegularFile, 44430366ba7651a
5cb69cf23af757b98)
                 - 
MaybeManagedPtr.h 
(RegularFile, e08ea4a0231fc7c
572861c00ea90e920)
                 - memory 
(Directory, ac14df1d9c47d7a23
55e32ae9241974f)
                   - 
Arena-inl.h (RegularFile, ad1
bcfe589b2805797c8b6f99bbc1e52
)
                   - Arena.h 
(RegularFile, 943eedb657e26f8
a2e9ea0159f2d5eea)
                   - detail 
(Directory, 1b0d7675786718c2f
7ef66df97707d21)
                     - 
MallocImpl.h (RegularFile, eb
bff6e9e3332749c009b4aa89a34ae
c)
                   - 
JemallocHugePageAllocator.h 
(RegularFile, 3669c889c4a830e
c165562d46ffa15a6)
                   - 
JemallocNodumpAllocator.h 
(RegularFile, d3a3a38b83cc2ee
8e34758d91331e7bf)
                   - 
MallctlHelper.h 
(RegularFile, 60a7c1db23bd248
98de7bd13aab72a0e)
                   - 
Malloc.h (RegularFile, 70544a
a355c0dbe05c2f57df9b683699)
                   - 
MemoryResource.h 
(RegularFile, 2abeba69f26e743
c692c77c5662d45e7)
                   - 
not_null-inl.h (RegularFile, 
f895a1b0663ec31cc5059a1cc209c
251)
                   - 
not_null.h (RegularFile, 7247
6fbe77e7154c92080998a3dc2753)
                   - 
ReentrantAllocator.h 
(RegularFile, e5a8e4520e7ae98
4de39a9f2852f6afa)
                   - 
SanitizeAddress.h 
(RegularFile, 4a27a0281914057
33857d018d6222428)
                   - 
SanitizeLeak.h (RegularFile, 
31c71d0a058ee646ace226c5cf18d
1bc)
                   - 
ThreadCachedArena.h 
(RegularFile, 264b7cc7bd96eea
dd3702c7fcc02c69b)
                   - 
UninitializedMemoryHacks.h 
(RegularFile, 18e1e26a93899af
01395d115303bd69a)
                 - Memory.h 
(RegularFile, ceedaff7a3c09aa
a826fe220bfea202f)
                 - 
MicroLock.h (RegularFile, a3b
c628885c1b38a0a31c6fde8f34d28
)
                 - 
MicroSpinLock.h 
(RegularFile, fd4ce446ac298e1
d7e4a0f4b11635e12)
                 - 
MoveWrapper.h (RegularFile, 6
da558d6585f6510be37f0979fc8c5
03)
                 - 
MPMCPipeline.h (RegularFile, 
a174e719a36319604e3952a50673e
a36)
                 - 
MPMCQueue.h (RegularFile, e1a
5a3253ce99e031c381db565e996b4
)
                 - net 
(Directory, 5a481f18da2959e53
c52da3cc4e9879c)
                   - detail 
(Directory, b212ff1ce52372a11
1437d7bb6092346)
                     - 
SocketFileDescriptorMap.h 
(RegularFile, 8f2a025574714c4
f86552a79c9a6e35e)
                   - 
NetOps.h (RegularFile, 7185bc
fdfdd52b288df390a16d72acac)
                   - 
NetOpsDispatcher.h 
(RegularFile, bae363944ef0b27
d5ccdf1e7da776c0a)
                   - 
NetworkSocket.h 
(RegularFile, cb36a57baf6f036
ad45abc7d03204e78)
                   - 
TcpInfo.h (RegularFile, 8c032
17078b07e6b65627425a40b12bd)
                   - 
TcpInfoDispatcher.h 
(RegularFile, 3977af56e0bb947
da534d6ebd7ba916a)
                   - 
TcpInfoTypes.h (RegularFile, 
39d8b2f296c877f154102e0249f4f
504)
                   - test 
(Directory, 9f0d61d29e97af6a7
5ad897758de060a)
                     - 
MockNetOpsDispatcher.h 
(RegularFile, 65e74ec2da4ab0d
13815fa4d225d94cc)
                     - 
MockTcpInfoDispatcher.h 
(RegularFile, 652d0d208b6609f
c9838d7f32c9fa1a8)
                     - 
TcpInfoTestUtil.h 
(RegularFile, 0386c4e80796eff
8bf4f8b7797c76763)
                 - observer 
(Directory, 3f385c033f84e4660
d4837862b170e06)
                   - 
CoreCachedObserver.h 
(RegularFile, 62b0e322fd5a398
924bf016ed21fa4a2)
                   - detail 
(Directory, 8abe918267eb6cc1b
6b8c6f116a8bd60)
                     - 
Core.h (RegularFile, 37c1ca20
38463e3d8aedf749ed40a8f7)
                     - 
GraphCycleDetector.h 
(RegularFile, 72799c4a78df17e
2d74dd229843ffeb4)
                     - 
ObserverManager.h 
(RegularFile, 22d1d64bd797e39
5d332f569de4057fb)
                   - 
HazptrObserver.h 
(RegularFile, 76d8403b2bc6982
acc5fa4cee9172b96)
                   - 
Observable-inl.h 
(RegularFile, e60cf0d51e0fd58
91543aae6b56875a9)
                   - 
Observable.h (RegularFile, 13
648138ded3663bccfb94207c0afb4
f)
                   - 
Observer-inl.h (RegularFile, 
29f167db852e71a70a0af65208ec7
20e)
                   - 
Observer-pre.h (RegularFile, 
3c9c455d66fbbf6f06d6466a1af5c
048)
                   - 
Observer.h (RegularFile, 9f2f
6fccc3490e8362e52b63de7bbcae)
                   - 
ReadMostlyTLObserver.h 
(RegularFile, 5eaafc4bdf3e301
8797efa98c48c61b4)
                   - 
SimpleObservable-inl.h 
(RegularFile, 9148c003c148d5c
20751ac130fdbf3c8)
                   - 
SimpleObservable.h 
(RegularFile, 53c23c54711a6d8
15ef6816118838156)
                   - 
WithJitter-inl.h 
(RegularFile, bdcd582c1f7477e
5b7c853dda598f355)
                   - 
WithJitter.h (RegularFile, c9
e67c3648421d20c1aa3bc07a04a88
c)
                 - 
ObserverContainer.h 
(RegularFile, 6da346d3126e4fe
79afa39fafc491d96)
                 - 
Optional.h (RegularFile, 8142
a3cd30b06cffc52b0a32a3a761e8)
                 - 
Overload.h (RegularFile, 36ef
8aee16dd9a55b0522e06da16f788)
                 - 
PackedSyncPtr.h 
(RegularFile, f4c2a1386fcf3eb
460d2656614182e74)
                 - Padded.h 
(RegularFile, 18147dc9982f5a0
eb1a72e8e299c1717)
                 - poly 
(Directory, 6a26b07f1fdb81587
0412f0db9f3273a)
                   - 
Nullable.h (RegularFile, 9cdf
ea09a1c1399fe93af63391ef2807)
                   - 
Regular.h (RegularFile, eb258
350bcb131ac1ee72826fca81652)
                 - 
Poly-inl.h (RegularFile, 24a1
21b6fe6039bbbe3df1f4437c268a)
                 - Poly.h 
(RegularFile, 40e04731be833e6
313f4c6bd3710e02b)
                 - 
PolyException.h 
(RegularFile, d91c1ee8c4ccc5b
30e0dc5e02d7bb68d)
                 - 
portability (Directory, 6c222
03499dd0266db1f67de18748736)
                   - Asm.h 
(RegularFile, 33d88fa3291614b
ee720a91a64415ffd)
                   - 
Atomic.h (RegularFile, 2365d3
e41b74a35b59decaa8ddc70a42)
                   - 
Builtins.h (RegularFile, ef4d
0c980a0b8f9a65bc307339ef73b3)
                   - 
Config.h (RegularFile, e2d8ee
b25e98abaafee0002458c0af12)
                   - 
Constexpr.h (RegularFile, 25b
8606fc17935e80df156c500d1f3fb
)
                   - 
Dirent.h (RegularFile, d67395
819cf638d0c9236b7b67cddf92)
                   - Event.h 
(RegularFile, 4ea139e2bcf14cc
8b7fe9ea6b52f43b1)
                   - Fcntl.h 
(RegularFile, 57176a638ecb99c
740624b40d169153d)
                   - 
Filesystem.h (RegularFile, 21
94be8f8f79dd8d72f34b1b34b58a8
0)
                   - 
FmtCompile.h (RegularFile, bb
2ff257ff58d704286ad3ee50357df
b)
                   - 
GFlags.h (RegularFile, d326ba
a9fb598defb939f309f7f56f4b)
                   - GMock.h 
(RegularFile, 20ab3b1445261bc
796b9e2427bfa90fe)
                   - GTest.h 
(RegularFile, 2c85ff88c9369b7
e66784b185b2a359b)
                   - IOVec.h 
(RegularFile, bad0060e4e13206
ef454a3b8be36359f)
                   - 
Libgen.h (RegularFile, cf2d28
cac0726c6a592a7254573e3a51)
                   - 
Libunwind.h (RegularFile, 531
1686a872f1e6a219840b2a53c3625
)
                   - 
Malloc.h (RegularFile, 3341df
e9e5ad898bd471fb3588091289)
                   - Math.h 
(RegularFile, c62f23ee096d05e
adc2ba34c37cd778c)
                   - 
Memory.h (RegularFile, 01d04f
f21b567616cd719f067c0c6373)
                   - 
openat2.h (RegularFile, b65d4
a94db19f82904ec63e30c952546)
                   - 
OpenSSL.h (RegularFile, 97b63
6845df5ae4ac16cd8416de06056)
                   - 
PThread.h (RegularFile, f52ab
3ff24cbaea97d35561920fcd5f2)
                   - Sched.h 
(RegularFile, e60fd81acf34d53
9d3bf73e3e7e4b2c3)
                   - 
Sockets.h (RegularFile, 729bc
3b308978c8d9f73100e33a384c1)
                   - 
SourceLocation.h 
(RegularFile, 050b6dd730c3392
688c46afe1b39266e)
                   - Stdio.h 
(RegularFile, 41a5653d63748bb
bc8faaea606535106)
                   - 
Stdlib.h (RegularFile, 832466
924c240dab9f85e5dceedb7de2)
                   - 
String.h (RegularFile, d86f95
77fedb8882a0c024fe2972667e)
                   - 
SysFile.h (RegularFile, 08f7b
3e98d6108d197198ffbbc59baf6)
                   - 
Syslog.h (RegularFile, 4f0ad8
83fcd020b9085a3c0fa10c8651)
                   - 
SysMembarrier.h 
(RegularFile, b8c2b6b1bbe1928
dcca4e875b18d561a)
                   - 
SysMman.h (RegularFile, a2a85
e4d28d992ceb3a5649d8892abe0)
                   - 
SysResource.h (RegularFile, b
86c6dba3514fb6f7954d95b372bd6
f4)
                   - 
SysStat.h (RegularFile, 723e9
dc090ffe9c4acea432c654edaee)
                   - 
SysSyscall.h (RegularFile, ed
6c8fbcaffbc2e49af005e3031ba24
0)
                   - 
SysTime.h (RegularFile, c7aad
79d1704ddf4dc322a613a4872c0)
                   - 
SysTypes.h (RegularFile, 85bf
02ff0570eca83fba974b5d6005bb)
                   - 
SysUio.h (RegularFile, 8aa933
38a50d056d778f756e3067c713)
                   - Time.h 
(RegularFile, 8a9e1bc8fc91fb8
c571c6d33bdd75a35)
                   - 
Unistd.h (RegularFile, f9aaf0
1ec0ca1ca23b0503f0880ff819)
                   - 
Windows.h (RegularFile, d9d03
7edb9185e23be09789eceaa078e)
                 - 
Portability.h (RegularFile, 7
7da0d80f8bba2bdd97bb70e96b025
91)
                 - 
Preprocessor.h (RegularFile, 
836bb34560ec986f5060fed51678e
5c4)
                 - 
ProducerConsumerQueue.h 
(RegularFile, ea255fce3f84c7d
fe7740c390369fc4b)
                 - python 
(Directory, 1a1a04afcdab2626c
e91aefe3d86bb14)
                   - 
async_generator.h 
(RegularFile, f55e838bd2c4cce
5fdcb6315b7df780c)
                   - 
AsyncioExecutor.h 
(RegularFile, 96c11c8083130e6
3367fb66970f42926)
                   - coro.h 
(RegularFile, 9fbb63a24b77a5a
97a299aeb9ad411e9)
                   - error.h 
(RegularFile, d89b664df0774a4
08ecd69b6c223c69a)
                   - 
executor.h (RegularFile, d76a
1164c43973e0f544e5e9c2d765f7)
                   - 
fibers.h (RegularFile, 3d5fb8
6f0d114d2d6d4ead358d8f9960)
                   - 
futures.h (RegularFile, 0e3da
6c78989b76cbb2be0996a1fa8f5)
                   - 
GILAwareManualExecutor.h 
(RegularFile, 02e16037f092de0
6d916300d47dec635)
                   - 
import.h (RegularFile, 5a2889
9752443b40a08f0fbb44972fb6)
                   - iobuf.h 
(RegularFile, 8c098306f696133
93fac36a186937c66)
                   - 
iobuf_ext.h (RegularFile, 0aa
cdece85923e3953fb32352ac6c7ab
)
                   - 
ProactorExecutor.h 
(RegularFile, ecb0f6277a70fc4
95fa0234afa77c24e)
                   - test 
(Directory, 60091233133ee8826
e92d28c45faa434)
                     - 
IOBufTestUtils.h 
(RegularFile, aabde6d782b11ba
f9fb5076e85b59752)
                     - 
simple.h (RegularFile, f54ab6
d639af3bd4c0dec4ec4c00bac3)
                     - 
simplecoro.h (RegularFile, 6e
3a04d2d10cc8062a6fd99fac09d1f
0)
                     - 
simplegenerator.h 
(RegularFile, 2629a332a1ad950
5cc93bff1480b18f0)
                     - 
test_set_executor.h 
(RegularFile, 33789111e8d4c12
029faca278b66961f)
                 - 
Random-inl.h (RegularFile, 3d
6029f6b8e6c5ff73b08e12a952d7a
2)
                 - Random.h 
(RegularFile, c2779f3d12454b3
a73dcc0bf776f71af)
                 - Range.h 
(RegularFile, 063792335d5fbd0
63aad38a1d5482d5b)
                 - 
Replaceable.h (RegularFile, d
4b51a56d5112f329150aaf7af304d
6e)
                 - 
RWSpinLock.h (RegularFile, 08
2995684dc58e4e0365824b24c3470
5)
                 - 
ScopeGuard.h (RegularFile, 70
260a9c3cdde2cad889c3ab53d7a1c
7)
                 - settings 
(Directory, 1206f174c484e58a8
f3e0bf7c3c306ea)
                   - detail 
(Directory, 270f340bcda49b4d6
daef28f604264b3)
                     - 
SettingsImpl.h (RegularFile, 
926b5ddfa3ada67e90e1534206988
169)
                   - 
Immutables.h (RegularFile, ce
4bcf9ae4369a87752c431413eeca4
b)
                   - 
Settings.h (RegularFile, 5044
7c78b504d455e4786619d223f9c4)
                   - test 
(Directory, 09661c57ffda66c28
f59f39d0985508a)
                     - a.h 
(RegularFile, e8619a2f0c11924
cdc397461bdda6b20)
                     - b.h 
(RegularFile, e557ed2e2bdfb5d
760b45d22e45da16e)
                   - Types.h 
(RegularFile, fd829377e9885b0
893902c5123730ffe)
                 - 
SharedMutex.h (RegularFile, b
130cbcc1bc8276608da939144af23
6e)
                 - 
Singleton-inl.h 
(RegularFile, cdb8dd4eb66a831
cfeb658e86eadff93)
                 - 
Singleton.h (RegularFile, 0e9
ddf82bbec07ae7f83b8efaf507255
)
                 - 
SingletonThreadLocal.h 
(RegularFile, 2fa8a3af457a9f0
680c12fa1484eb904)
                 - 
small_vector.h (RegularFile, 
b0b94d83ed9da53dd7da45d064248
d6b)
                 - 
SocketAddress.h 
(RegularFile, 768d0e0f44a3bc2
59e9536c705a4c205)
                 - 
sorted_vector_types.h 
(RegularFile, f20bff4eb3f04ab
8082caa888c386906)
                 - 
SpinLock.h (RegularFile, 01a4
45185f2122d13db77b6d740384ba)
                 - ssl 
(Directory, 8291b8a9513c76e9f
1fbab629242ab4b)
                   - detail 
(Directory, 07eefc6a2466af8f4
90e763c0d2b9f32)
                     - 
OpenSSLSession.h 
(RegularFile, 86230be56814792
e9dcdc1fa91544756)
                   - 
OpenSSLCertUtils.h 
(RegularFile, 756973814db9bd6
72a34e4dd96fc2f11)
                   - 
OpenSSLHash.h (RegularFile, e
c59768c9c1007d0f887a417b345a6
aa)
                   - 
OpenSSLKeyUtils.h 
(RegularFile, aa3bb4decabc927
c3878853238660d38)
                   - 
OpenSSLPtrTypes.h 
(RegularFile, c6ef6b2d5a15a3c
7d8ab2a8ee3caee2a)
                   - 
OpenSSLTicketHandler.h 
(RegularFile, 87bd8db34422a28
d33b4586568de9f68)
                   - 
OpenSSLVersionFinder.h 
(RegularFile, 072bdf7fd5e67aa
115bb5463e58a5a01)
                   - 
PasswordCollector.h 
(RegularFile, dd611e5320d790d
dcabffdf24bcceedc)
                   - 
SSLSession.h (RegularFile, 29
463f66a8f6c6354966a097172378b
8)
                   - 
SSLSessionManager.h 
(RegularFile, 184494c472cf213
23ec3784bc64ba48d)
                 - stats 
(Directory, 018cf9929b88cd955
1952dbdc130eb42)
                   - 
BucketedTimeSeries-inl.h 
(RegularFile, ce2e926572b82cd
b020d8cfdf9c1d9ec)
                   - 
BucketedTimeSeries.h 
(RegularFile, 7a8808b97df3b20
47cfb50c06ccb53e7)
                   - detail 
(Directory, 9bd439a1b8dadcbad
ed19b3676a1f8a9)
                     - 
Bucket.h (RegularFile, 7b921a
9457a083ad4a5c5cd9d7fe06c6)
                     - 
BufferedStat-inl.h 
(RegularFile, 79eec16e7a1084a
8cf717c6d3a1068ef)
                     - 
BufferedStat.h (RegularFile, 
83771d6c2bf551cf1167e18a67ccd
f19)
                     - 
DoubleRadixSort.h 
(RegularFile, cc8c93d6e1b0ca4
b17951bec9a183095)
                     - 
SlidingWindow-inl.h 
(RegularFile, 9e84195dd2ffd48
63190db9ca4853131)
                     - 
SlidingWindow.h 
(RegularFile, 855075db95c5859
e263ec04dfc38a372)
                   - 
DigestBuilder-inl.h 
(RegularFile, c4279703e4ca551
4ea82857c0bae7119)
                   - 
DigestBuilder.h 
(RegularFile, 4769e9b7817705e
11fb112aaca9830ec)
                   - 
Histogram-inl.h 
(RegularFile, c09b5609fc904ca
aac9abe9c9ea902fa)
                   - 
Histogram.h (RegularFile, e4c
0b55f761c2443c7675d320e94f696
)
                   - 
MultiLevelTimeSeries-inl.h 
(RegularFile, 1fed774691497ec
b7eeb14c7faee0236)
                   - 
MultiLevelTimeSeries.h 
(RegularFile, 5fa6dd5d9d4801e
dc3cc0c057af52fa9)
                   - 
QuantileEstimator-inl.h 
(RegularFile, 2badcbb5aab832f
b635e0db0ae29b71d)
                   - 
QuantileEstimator.h 
(RegularFile, 976e9e8797ad432
d3501f922f3a7124a)
                   - 
QuantileHistogram-inl.h 
(RegularFile, 3a4c19344778d3b
7bc62c104da1bf15a)
                   - 
QuantileHistogram.h 
(RegularFile, 962a34c3be6be95
04e5ea98d381efcec)
                   - 
StreamingStats.h 
(RegularFile, f55a166d044aaf5
e7ed337df5734839a)
                   - 
TDigest.h (RegularFile, cfd92
d1c90e191f6f6b0397b23c7895e)
                   - 
TimeseriesHistogram-inl.h 
(RegularFile, 92222bf27cec526
b98ac24b2c7e4fcd1)
                   - 
TimeseriesHistogram.h 
(RegularFile, d3bb4e717827543
616a29792ad7308bd)
                 - 
stop_watch.h (RegularFile, df
1f8849a5a9752fa5443eda68f0fde
5)
                 - 
String-inl.h (RegularFile, ac
8c8a382203e0fa7fd6a6a2c5cd2fa
6)
                 - String.h 
(RegularFile, 1c631e733f6cedb
a29fc4f0d7ee72428)
                 - 
Subprocess.h (RegularFile, 62
789ec2fa9b5f868970db42e7e54f0
3)
                 - support 
(Directory, 672b82ff464c6062e
a338ceaaed52d0b)
                   - test 
(Directory, b450b3b3fb29ee952
1071dec55a1304e)
                     - 
GdbUtil.h (RegularFile, fff98
9a36d33fcf95581a5afd2ce9630)
                 - 
synchronization (Directory, 5
3a5af7aa714cbdd60e57220e17f13
06)
                   - 
AsymmetricThreadFence.h 
(RegularFile, 0247fbb855bba10
cd41e61453350509b)
                   - 
AtomicNotification-inl.h 
(RegularFile, ca61bfeff94998a
c02000f631ef58e4a)
                   - 
AtomicNotification.h 
(RegularFile, f2d562e9fc56efb
e55d7bd424d1074e7)
                   - 
AtomicRef.h (RegularFile, 02e
95b0e9f2d3b5d12825a5c94e3ce7e
)
                   - 
AtomicStruct.h (RegularFile, 
878627929b7969cdbf144b130ba88
2d8)
                   - 
AtomicUtil-inl.h 
(RegularFile, 1c6780266098ee7
1ce889cbade3c43a1)
                   - 
AtomicUtil.h (RegularFile, 0c
b0adf79623f67861af47c6b3673e6
6)
                   - Baton.h 
(RegularFile, ef4181d4d138347
67d7e4c2c2885ab19)
                   - 
CallOnce.h (RegularFile, 56a7
9b77fffe1ae693b5807f1fa873c7)
                   - 
DelayedInit.h (RegularFile, 4
18dc17ed92c7b5ca3e7c45b4635fe
04)
                   - detail 
(Directory, ad1efbc6e556d1aa0
ea0b28b16be422a)
                     - 
AtomicUtils.h (RegularFile, 1
6e19df540c5dcc94cf55c426c9904
9e)
                     - 
Hardware.h (RegularFile, 00e9
3c9095019c3769918db2dc17694d)
                     - 
HazptrUtils.h (RegularFile, 5
bc9feb685cf95aad6ddc01a2afdf7
06)
                     - 
InlineFunctionRef.h 
(RegularFile, b632fdbc2218149
1cc3226aa721df66c)
                     - 
Sleeper.h (RegularFile, 2294d
be55c9205f4693b82e73010483d)
                     - 
Spin.h (RegularFile, 647be6f1
655d835777c59cb38ce0c684)
                     - 
ThreadCachedLists.h 
(RegularFile, 6417a184a21a29d
baff565527db0c6a8)
                     - 
ThreadCachedReaders.h 
(RegularFile, 11622e2b9b4511c
1e512c46f75cc8e5d)
                     - 
ThreadCachedTag.h 
(RegularFile, 7af0fd040abf53c
0218bd9d7d3bce9af)
                   - 
DistributedMutex-inl.h 
(RegularFile, 9df565de421f178
fb80ce854f9649d2f)
                   - 
DistributedMutex.h 
(RegularFile, 2522dad2dfc573e
d6fca92b6c48f03f1)
                   - 
EventCount.h (RegularFile, bb
7bab088560aaf13cbb19544219910
7)
                   - example 
(Directory, 40df64a429197c39c
96610f72d410cd7)
                     - 
HazptrLockFreeLIFO.h 
(RegularFile, 7076a453ae69319
1749a036614af0eec)
                     - 
HazptrSWMRSet.h 
(RegularFile, da72a75961962a6
d117a7857887ad3f6)
                     - 
HazptrWideCAS.h 
(RegularFile, 9bb5198e282c220
0807554637a985a7d)
                   - 
FlatCombining.h 
(RegularFile, 6f5b77b3d0aa782
08bdddf95d3c64d72)
                   - 
Hazptr-fwd.h (RegularFile, e1
8d24640c04bc25fadd4c233c81af3
f)
                   - 
Hazptr.h (RegularFile, e84542
2073fa394b44dbf98e8ed1103b)
                   - 
HazptrDomain.h (RegularFile, 
feee59b90ebf57f2b20a455462a99
ce6)
                   - 
HazptrHolder.h (RegularFile, 
ea81b806605726dec8e6f83ff7132
6f1)
                   - 
HazptrObj.h (RegularFile, ff2
a933ac4d1289c00d66d4edccb0ba9
)
                   - 
HazptrObjLinked.h 
(RegularFile, 5181b611a02588c
fe46bbb6499842370)
                   - 
HazptrRec.h (RegularFile, 7b4
0e4042b749933f4d00774ee165215
)
                   - 
HazptrThreadPoolExecutor.h 
(RegularFile, ae205e03e65e7ad
d321d5ecc2aab7de1)
                   - 
HazptrThrLocal.h 
(RegularFile, d7993b5476e8807
31409679541aea492)
                   - Latch.h 
(RegularFile, 8fd75b47e9743a5
52e9100bb8a8cf276)
                   - 
LifoSem.h (RegularFile, 60e31
97c6331f6c6e5f8d9a779014fbd)
                   - Lock.h 
(RegularFile, 41147ad246edf1d
04f3f62c4a73d8e25)
                   - 
MicroSpinLock.h 
(RegularFile, b770c2ae4d582b1
4dfb84eb98c2271fe)
                   - 
NativeSemaphore.h 
(RegularFile, 2ea9ab04c439d13
bbd731c49bc5fde3c)
                   - 
ParkingLot.h (RegularFile, fa
887bdf068d8cb890a2104e2b508d4
5)
                   - 
PicoSpinLock.h (RegularFile, 
4dcbc66fad9fb582628ea19a41ec9
069)
                   - Rcu.h 
(RegularFile, bb2476a4bf5393e
167f67e03543f6a9e)
                   - 
RelaxedAtomic.h 
(RegularFile, bd8177705285508
bb2a567908c0001b4)
                   - 
RWSpinLock.h (RegularFile, 05
83bd7ebf56751f31c1f9b582ef66b
f)
                   - 
SanitizeThread.h 
(RegularFile, c78065fe1aa7604
1845d5ca7c661d78b)
                   - 
SaturatingSemaphore.h 
(RegularFile, d31c50f5f6a3dcf
c7c82b86b24b0bb73)
                   - 
SmallLocks.h (RegularFile, 09
0080abf9ed08d65ee11c41f1ef822
e)
                   - test 
(Directory, 78c0be8f77b808e26
d903ce4d4583035)
                     - 
Barrier.h (RegularFile, 5f2b8
b322c38b95eb0fcb27254c8dcfe)
                     - 
BatonTestHelpers.h 
(RegularFile, 344950cd9740614
8d5e50445c7081971)
                     - 
FlatCombiningExamples.h 
(RegularFile, 06dbad997d26378
645194e4916ff4462)
                     - 
FlatCombiningTestHelpers.h 
(RegularFile, 62f958597b30c75
3ad05dfee87c99aeb)
                     - 
Semaphore.h (RegularFile, c53
591726a17965f74a89b2e8d1f51d1
)
                     - 
ThreadCachedEpochBench.h 
(RegularFile, 17e288e66388b1f
5bcabce10136f6ad2)
                   - 
ThrottledLifoSem.h 
(RegularFile, bb135c2394ec909
ff2a39f63cd96f595)
                   - 
WaitOptions.h (RegularFile, a
a4a058b0fbf4c6c8e8b2bcb89f681
5f)
                 - 
Synchronized.h (RegularFile, 
c538d385b2f1f46832c20cf48ba7f
d8d)
                 - 
SynchronizedPtr.h 
(RegularFile, 40b7a34546a34c0
ff3fda5deac104f6b)
                 - system 
(Directory, 4ee47e78f714d0371
35ba22aef48762a)
                   - 
AtFork.h (RegularFile, dcdc92
7c79acc5ed5d50cf6174292fe9)
                   - 
AuxVector.h (RegularFile, 30f
30994c9b8cb36bb0f2090769fdaa3
)
                   - 
EnvUtil.h (RegularFile, d08ce
da26f63ab2291541050ecb9252e)
                   - 
HardwareConcurrency.h 
(RegularFile, 7c9d9424fa67dec
2ee4aa48549c058f3)
                   - 
MemoryMapping.h 
(RegularFile, 606f7190b1f9c6a
638e9ea77b65ec2ce)
                   - Pid.h 
(RegularFile, d59d169b75e3ede
6586472b4e0c5753f)
                   - Shell.h 
(RegularFile, c5e1845f8eb062f
1394052ee96e7549b)
                   - 
ThreadId.h (RegularFile, f6f1
e37e729192e9b1b5305bedd8fd03)
                   - 
ThreadName.h (RegularFile, b4
bf1f25853ba4d102c83c445576168
2)
                 - test 
(Directory, 5a8e32f22d002f6f1
acd0a776c11f3cb)
                   - 
BufferedAtomic.h 
(RegularFile, 5c98443110c6653
82954705e3f649baf)
                   - 
ComparisonOperatorTestUtil.h 
(RegularFile, f5908490f22ef49
8aef12b4dcb9f5f65)
                   - 
DeterministicSchedule.h 
(RegularFile, 21aa2a20c85d648
a35ec5112a92d97f9)
                   - 
FBStringTestBenchmarks.cpp.h 
(RegularFile, 78063280371271d
59adba0b10d3f754f)
                   - 
FBVectorTestUtil.h 
(RegularFile, 53979cc243a216c
04f87137f84644c35)
                   - 
function_benchmark 
(Directory, 40ae74c9da19444f8
c4e3b61e24122b4)
                     - 
benchmark_impl.h 
(RegularFile, ed62dfc08364402
c9dfbce06cb3cf45b)
                     - 
test_functions.h 
(RegularFile, ce594ff9ac43231
81f54dd6c4e37f316)
                   - 
JsonMockUtil.h (RegularFile, 
8d57eca5444f9cf685e4979b3dd26
571)
                   - 
JsonTestUtil.h (RegularFile, 
004b95c6f6d2eac27742910d81599
e3b)
                   - 
ObserverContainerTestUtil.h 
(RegularFile, 3d2b95ae025e78c
180cc0fdc9cf4f144)
                   - 
SingletonTestStructs.h 
(RegularFile, e442c8099fc4540
b1884a7ae65784d17)
                   - 
SocketAddressTestHelper.h 
(RegularFile, b40022b4a23a8e5
346e3f158551fd252)
                   - 
SynchronizedTestLib-inl.h 
(RegularFile, 61eb03e5da1a338
754283478721a9f68)
                   - 
SynchronizedTestLib.h 
(RegularFile, 8ac3d4783cbd90a
cab2b56fe2636253f)
                   - 
TestUtils.h (RegularFile, 406
6b2936f152fc6164249445b8ad9fc
)
                   - 
TokenBucketTest.h 
(RegularFile, 6af5ea45ad002a8
a7f9a503ebe5af174)
                 - testing 
(Directory, f9ad0eb5035102827
ab899f5ff342b47)
                   - 
TestUtil.h (RegularFile, ebdb
569949c647dc59d232a7740172ef)
                 - 
ThreadCachedInt.h 
(RegularFile, 294d7f23241c4da
b8754095b1b428edc)
                 - 
ThreadLocal.h (RegularFile, f
6e0171ac0be15d4267f66c7b37b3e
7e)
                 - 
TimeoutQueue.h (RegularFile, 
cabacf9160c3e3b14ac8e1ca09f1f
41a)
                 - 
TokenBucket.h (RegularFile, e
646a78607f851e988675f9de21340
7f)
                 - tracing 
(Directory, b318b17a29d95da73
28b435edae23d3e)
                   - 
AsyncStack-inl.h 
(RegularFile, bcfaf19ff321505
2590e0ed405701d66)
                   - 
AsyncStack.h (RegularFile, f6
c6e6fb3c46bb934df53474ca29809
6)
                   - 
ScopedTraceSection.h 
(RegularFile, cea4d428c7b3440
3abf9c07e9d3f0245)
                   - 
StaticTracepoint-ELF.h 
(RegularFile, 19a7642f9fc72d1
be15bde3a95792ee3)
                   - 
StaticTracepoint.h 
(RegularFile, 68c99e28712d18d
7b034f43cab25458a)
                   - test 
(Directory, 9bae8d7a074607d54
fd3ee9b67ef00bc)
                     - 
StaticTracepointTestModule.h 
(RegularFile, f017ff284551a45
ebb864fa7aaa2391f)
                 - Traits.h 
(RegularFile, 122b8360da8d9bc
b3429a7226e417c90)
                 - Try-inl.h 
(RegularFile, 9dbba390fa36202
8aa3c70b030c4f317)
                 - Try.h 
(RegularFile, bd7791d02b3f096
6889daf5d359b5ae9)
                 - Unicode.h 
(RegularFile, 03c1f684bc1d620
0aefdddee49e17d41)
                 - Unit.h 
(RegularFile, 2c4bbc72a7702e4
45ce60534de887abc)
                 - Uri-inl.h 
(RegularFile, b5bc85a4fdcf49f
91ae6866289c1cc43)
                 - Uri.h 
(RegularFile, 32fdecd66e0de98
e15d7b9ccba7ba94c)
                 - 
UTF8String.h (RegularFile, dd
b7857dbaeffd89b1d1b9a474181ee
9)
                 - Utility.h 
(RegularFile, afc4c5df9dd5528
1ca5ed0155dacd249)
                 - Varint.h 
(RegularFile, 2e7bcb93a364cd4
66fc020c27dfe4248)
                 - 
VirtualExecutor.h 
(RegularFile, 3ace03af05ba2a7
d50ee978c253b922f)
               - glog 
(Directory, 7fa5c5f7887e22569
ec13f36b068fd58)
                 - 
log_severity.h (RegularFile, 
4506c61ed53ce1311add48ab7d512
f5d)
                 - logging.h 
(RegularFile, 4f925d2b5d30d32
0773b50a9c7aacd5a)
                 - 
raw_logging.h (RegularFile, 2
e2824edec67bd642cae63e5e8ddda
6a)
                 - 
stl_logging.h (RegularFile, 0
5a0c9a4e454037eb24c0a9ab66c83
36)
                 - 
vlog_is_on.h (RegularFile, ca
54cd9bbf57cd82687b8a613f2b027
c)
               - hermes 
(Directory, 79ad0f219b2a30c93
c57dbc0d8f3dc82)
                 - 
inspector-modern (Directory, 
de8ba482d111c756be19926bc35d4
cfd)
                   - chrome 
(Directory, cec57c6539eb3e814
ffc2e8a494a44e8)
                     - 
ConnectionDemux.h 
(RegularFile, 10c87e1fdae9a18
e1600bda11796fb29)
                     - 
HermesRuntimeAgentDelegate.h 
(RegularFile, 205f74991bfca6b
89e6a2f6e0bab5945)
                     - Hermes
RuntimeSamplingProfileSeriali
zer.h (RegularFile, 050d9158c
82dbf3eeea368ef2bdd322a)
                     - Hermes
RuntimeTargetDelegate.h 
(RegularFile, 70059e786255bd5
bb8b308a9a62c537c)
                     - 
Registration.h (RegularFile, 
f32c6ebda58a958dec0e667251a23
6f4)
               - 
jsinspector-modern 
(Directory, e74e46bc5abc16145
74dd0aef15bf718)
                 - cdp 
(Directory, 0a066f22e7b1b7fb0
efacadf9c9ea8c8)
                   - 
CdpJson.h (RegularFile, d3259
7bc4969b53a424e945a8b234b4e)
                 - 
ConsoleMessage.h 
(RegularFile, 91b05aba4d4902c
8e19b8b1cd5dcb7ab)
                 - 
ConsoleTask.h (RegularFile, 5
0814a5c2be8b5b353513eb7b71eae
02)
                 - 
ConsoleTaskContext.h 
(RegularFile, 63f7e2a912e41a4
c5dcc49aa06dc3721)
                 - 
ConsoleTaskOrchestrator.h 
(RegularFile, 413c2f6e3bb053a
8a2fbf9c1baebf7f6)
                 - 
EmulationAgent.h 
(RegularFile, 9966a00bf46380f
d1d0dc7acdcaf1117)
                 - 
EnumArray.h (RegularFile, bfa
cbf8a4eed375b236636ca40d6cec1
)
                 - 
ExecutionContext.h 
(RegularFile, fdb7792b3a907be
14f81ae409b7d27ed)
                 - 
ExecutionContextManager.h 
(RegularFile, 5c3b5f61f94786f
40ae46b12ec9d6e45)
                 - FallbackRu
ntimeAgentDelegate.h 
(RegularFile, 2d5549166075afd
5563a643aa4e0a6a4)
                 - FallbackRu
ntimeTargetDelegate.h 
(RegularFile, b94770dbf612420
a156813f457d1bcc5)
                 - 
HostAgent.h (RegularFile, 395
19d803b44dd6a8828a29c5c380bef
)
                 - 
HostCommand.h (RegularFile, 1
a8fa2cc613c4d1b3ab8b397dbf53d
c3)
                 - 
HostTarget.h (RegularFile, fa
456f96c481c8fce7ec3f6aae88a98
8)
                 - 
HostTargetTraceRecording.h 
(RegularFile, fe1062527206093
a7050086676103012)
                 - 
HostTargetTracing.h 
(RegularFile, 2a5b31c851e024f
2939eaa9566b2529e)
                 - 
InspectorFlags.h 
(RegularFile, 6671ca26d0af0cc
6fae0df87c0720fc1)
                 - 
InspectorInterfaces.h 
(RegularFile, 23709e1914ea94b
05bebf7913f5adb18)
                 - InspectorP
ackagerConnection.h 
(RegularFile, e77b85cf9d118cd
f3c59ece10b624f15)
                 - InspectorP
ackagerConnectionImpl.h 
(RegularFile, acc0e7a7a857781
ba26e61b078932b4e)
                 - 
InspectorUtilities.h 
(RegularFile, 046fecad6bddb93
5ce79028e688c5685)
                 - 
InstanceAgent.h 
(RegularFile, 72045ffeae9a4e1
be44b3a596cf9f1e2)
                 - 
InstanceTarget.h 
(RegularFile, 87f79b24cd49f6f
dbca275bb195aff7e)
                 - network 
(Directory, 9651854fdbedff820
969c0b904e8002f)
                   - 
BoundedRequestBuffer.h 
(RegularFile, 9340d74fd8a1d0a
8211cad8abeee4675)
                   - 
CdpNetwork.h (RegularFile, 6f
af34d3be2534bee287a575c916b2a
8)
                   - 
HttpUtils.h (RegularFile, 21e
b0a749a416d64bde93e3d72398364
)
                   - 
NetworkHandler.h 
(RegularFile, 9a74c76e511bd06
48087ce4fe1f1afee)
                 - 
NetworkIOAgent.h 
(RegularFile, e4293416584385f
d77a2f439f7b61cb2)
                 - 
PerfMonitorV2.h 
(RegularFile, b04848104ef257d
6c89409e05b5d550e)
                 - 
ReactCdp.h (RegularFile, ce1e
4ba361cf710c87b34128d8ffd655)
                 - 
RuntimeAgent.h (RegularFile, 
d5b17029cff604d392d586377f8cc
360)
                 - 
RuntimeAgentDelegate.h 
(RegularFile, 78910078b57c65b
328769c848889d0f4)
                 - 
RuntimeTarget.h 
(RegularFile, 2e53cc6255b6366
b591f35f20d9c4f91)
                 - RuntimeTar
getGlobalStateObserver.h 
(RegularFile, c42017f74110685
6ae9ec7ad4373ed33)
                 - RuntimeTar
getTracingStateObserver.h 
(RegularFile, 8459db015a665fd
9c2a932240e51fa36)
                 - 
ScopedExecutor.h 
(RegularFile, 37106b8812e7dd2
2d4f8262719299f62)
                 - 
SessionState.h (RegularFile, 
e1e5f014c7d17ef1c252779a44c3c
806)
                 - 
StackTrace.h (RegularFile, 37
c6f6faf10d5b1bdf3be35fabd879d
c)
                 - tests 
(Directory, df52d810b6dbfc7ad
1df7dcb93012751)
                   - engines 
(Directory, f337e115c29d1400c
2e3bab3fe5e6ea6)
                     - JsiInt
egrationTestGenericEngineAdap
ter.h (RegularFile, 37b34814a
2ea8f2140aa3d6d8da675eb)
                     - JsiInt
egrationTestHermesEngineAdapt
er.h (RegularFile, 85a9c6a6b5
f57ed46ff0de941fffab4e)
                   - 
FollyDynamicMatchers.h 
(RegularFile, f40c006b9808983
4b91142ebfe30ba20)
                   - 
GmockHelpers.h (RegularFile, 
034c0ea33a82892a9b3df983239a8
7c6)
                   - 
InspectorMocks.h 
(RegularFile, 935f358465ae450
90769c23d5b474c64)
                   - Inspecto
rPackagerConnectionTest.h 
(RegularFile, 39ab43819ef8e79
75718c237bef93acd)
                   - 
JsiIntegrationTest.h 
(RegularFile, 3892da6244bdb17
c63e7a117ee2b004f)
                   - 
prelude.js.h (RegularFile, 1b
90fd72f0d1320321d1dca8e616876
2)
                   - ReactIns
tanceIntegrationTest.h 
(RegularFile, dacaa0983642f61
b7ef675a52c4441f7)
                   - 
ReactNativeMocks.h 
(RegularFile, cc7edc5885393c6
ee5992c6fd305a187)
                   - 
TracingTest.h (RegularFile, 5
e2c10918885c81fdf98b62aa2aa99
6d)
                   - 
UniquePtrFactory.h 
(RegularFile, 4ca564009c0b310
fdecd4cecfc906efd)
                   - utils 
(Directory, 47dcbac8084291c16
4870b0b915eb4ff)
                     - Inspec
torFlagOverridesGuard.h 
(RegularFile, 15c6d18db40b619
17c8db5291c9cf890)
                 - tracing 
(Directory, 036be7db7ba37a089
e6e45e877d39628)
                   - 
ConsoleTimeStamp.h 
(RegularFile, 0537522cfe110d3
5ca68ab7a2beb6ef9)
                   - 
EventLoopReporter.h 
(RegularFile, a53154eed76c474
cae21d2ad49ee1d13)
                   - 
FrameTimingSequence.h 
(RegularFile, df40191da5f9867
92594c1d9c8a4f384)
                   - 
HostTracingProfile.h 
(RegularFile, fd5363d324d13f5
ce5173b1a2a5ffde8)
                   - HostTrac
ingProfileSerializer.h 
(RegularFile, 33aadf035534dd7
0711c063d56d758b3)
                   - 
InstanceTracingProfile.h 
(RegularFile, 60ba3392e0fb966
ba5793256e59bc619)
                   - 
PerformanceTracer.h 
(RegularFile, 714961a91e157eb
1eb13155edca580b5)
                   - 
PerformanceTracerSection.h 
(RegularFile, fd9f5872e86551c
aa2b8d9832540c635)
                   - 
ProfileTreeNode.h 
(RegularFile, d94f9a16baf480c
53f142b2a0162fed8)
                   - 
RuntimeSamplingProfile.h 
(RegularFile, 230066136b1e656
b9cede78cc10eb5af)
                   - RuntimeS
amplingProfileTraceEventSeria
lizer.h (RegularFile, 639b076
313a1a4edb65080fb7c94466a)
                   - 
TargetTracingAgent.h 
(RegularFile, b0d70dd084c7cee
0307847e7f7bc6808)
                   - 
TimeWindowedBuffer.h 
(RegularFile, 0465ca11d97ee41
318d3ecd736e4dc7d)
                   - 
Timing.h (RegularFile, 094745
4505a0535ae6af179e50cb888c)
                   - 
TraceEvent.h (RegularFile, 61
4a84f18167b5aaa63510b58465b1f
3)
                   - 
TraceEventGenerator.h 
(RegularFile, 67049464eb44f20
d12d7167a6583eab9)
                   - 
TraceEventProfile.h 
(RegularFile, af8fa2c0226f21a
3f2379f0ba5ff7700)
                   - 
TraceEventSerializer.h 
(RegularFile, 7fe344576cb9219
c2418c27e98428cd6)
                   - 
TraceRecordingState.h 
(RegularFile, 85321434f9e8705
2d7889c15ab3c8d9e)
                   - 
TracingCategory.h 
(RegularFile, ca63b4b9cbfa935
dd8f261ed8d99badb)
                   - 
TracingMode.h (RegularFile, 5
5a49f12b8c0f95f0138e7454b77af
7e)
                 - 
TracingAgent.h (RegularFile, 
aa27d317b25663b9ddb183a60e7d0
8e2)
                 - 
UniqueMonostate.h 
(RegularFile, f7c5e0cf2d91c08
2552895515dffe85e)
                 - Utf8.h 
(RegularFile, 5f2a66182e05516
2bba7a5a405f7e512)
                 - 
WeakList.h (RegularFile, dcf1
bbcb7615dd4b375858b8f2e8d754)
                 - 
WebSocketInterfaces.h 
(RegularFile, 633c6aba0988c26
952e964f41bb694e7)
               - 
LayoutContext.h 
(RegularFile, 5c16b892b055bdf
14a1268ed0395d379)
               - macros.h 
(RegularFile, eb32c57b482dd6b
c4732d0e85973a6dd)
               - oscompat 
(Directory, 3b5115ddce833e1a1
0b4f0cd3d166ef3)
                 - 
OSCompat.h (RegularFile, e327
0861f336a1c559ee8a05dc7de649)
               - platform 
(Directory, 6be9c8d031bb7348a
3d3432da67d9111)
                 - android 
(Directory, 5f8b3e0504852161e
866557415a50190)
                   - 
ReactCommon (Directory, 730cb
5ccee28951d97e0553adcce34cd)
                     - 
JavaInteropTurboModule.h 
(RegularFile, 4ffd968cc8cc996
c2fb306421be153d9)
                     - 
JavaTurboModule.h 
(RegularFile, 0692a6ddd86bb37
e7debc0edff6a06c0)
                 - cxx 
(Directory, 767e68790c25291e1
c116ccd877de290)
                   - 
ReactCommon (Directory, 2a3aa
2a48224719335ecdc27e9adc7f7)
                     - Runtim
eExecutorSyncUIThreadUtils.h 
(RegularFile, 99a2fb0bbecd372
3a0ed1a5d587ce84a)
                 - ios 
(Directory, 793b6e15647ef2ab2
3b1316b22bf96d1)
                   - 
ReactCommon (Directory, 055b6
a05288ae5bb4e9f54e69bfaef81)
                     - 
RCTInteropTurboModule.h 
(RegularFile, ab173040e91ab5a
7c00e4a3600cbb606)
                     - 
RCTTurboModule.h 
(RegularFile, 80f2f68e605e9b7
1d0927efa286a7042)
                     - 
RCTTurboModuleManager.h 
(RegularFile, b11ee568caf6b7e
286fbc61a0af0b80d)
                     - RCTTur
boModuleWithJSIBindings.h 
(RegularFile, 90488bc94c6119c
b1e5be2e923de08f7)
                     - Runtim
eExecutorSyncUIThreadUtils.h 
(RegularFile, 7b818cc8e90db78
5f310bdbba2f3c962)
               - react 
(Directory, 2e9117096fb66abeb
c08ec96445070ce)
                 - bridging 
(Directory, 5174d8d7d9e8bfc10
dcb6e9896ad38a9)
                   - Array.h 
(RegularFile, 71bb9bff68d3047
a66af7741a1195f4c)
                   - 
AString.h (RegularFile, 447a0
6a31560f64b15a54adaf9473e67)
                   - Base.h 
(RegularFile, 4e48fea23aae5b5
1f914d50c69caa9e1)
                   - Bool.h 
(RegularFile, 0ef01a7100aab8c
f20ef3e9900a245df)
                   - 
Bridging.h (RegularFile, 4f61
25c4d0494cff3022eb45b04ab899)
                   - 
CallbackWrapper.h 
(RegularFile, 21d68fc915c39ea
eabf74d462b3f6a0b)
                   - Class.h 
(RegularFile, 62de60567b1acd9
2752ba9aa99fb007a)
                   - 
Convert.h (RegularFile, bef93
fda746c06f000f40618f8a4a814)
                   - 
Dynamic.h (RegularFile, 85833
f24a9dc1b2f9bef286cf48e3541)
                   - Error.h 
(RegularFile, 71b969575bf0574
80a504de82c4dd523)
                   - 
EventEmitter.h (RegularFile, 
8b6d14957ba2814bc5b2eb7350d4d
3c5)
                   - 
Function.h (RegularFile, c719
0d625d168a4e66bc71cbe7cbfe45)
                   - 
HighResTimeStamp.h 
(RegularFile, 0eb1c9ea0a420bc
e5f468e0f56595e0c)
                   - 
LongLivedObject.h 
(RegularFile, 557f200c09b5b62
a06a300e70b338ee7)
                   - 
Number.h (RegularFile, 51e6cb
865bd407bb0ead2ab48c66b939)
                   - 
Object.h (RegularFile, d52955
ecf5c3872fcdf26be1584cb2b8)
                   - 
Promise.h (RegularFile, 87964
49b8d6bdd95a629743d758774df)
                   - tests 
(Directory, 74bd27170037b00da
9432f0f6bbbaf62)
                     - 
BridgingTest.h (RegularFile, 
4d277e529481e4e1c6f604ea79f4f
a40)
                   - Value.h 
(RegularFile, d561edc8b475e0f
d16d9fffa51328057)
                 - common 
(Directory, 99942a4f91e51315e
0d61eb545381f87)
                   - 
mapbuffer (Directory, daffdf5
13049d45c8a9eb2e1329c21b5)
                     - 
JReadableMapBuffer.h 
(RegularFile, 281c02bfe8fccd4
d10433c7d9f61d549)
                     - 
JWritableMapBuffer.h 
(RegularFile, cc7ac6a2f57d6d9
a90781f54438c2b24)
                 - debug 
(Directory, d62367ffe4fd47baf
437decda3b838ef)
                   - flags.h 
(RegularFile, e562c2fe84f6a78
c2c150f9ead981937)
                   - 
react_native_assert.h 
(RegularFile, 869467d62e4af08
dad060d184e201652)
                   - 
react_native_expect.h 
(RegularFile, e9dc7bf9e26d78e
021870debbf0f124f)
                   - redbox 
(Directory, 2ae62fd3d71ce00ff
731b80a26f40039)
                     - 
AnsiParser.h (RegularFile, 7d
4473e458fc640d5d9133dee448113
f)
                     - 
JscSafeUrl.h (RegularFile, 09
c7cd867e03ba479593458a66be170
3)
                     - 
RedBoxErrorParser.h 
(RegularFile, 938ebf1d3aee07c
6d126b6c56d0f9628)
                 - fabric 
(Directory, 1c58f9f903d91ba6f
221756b1ecc2a33)
                   - AndroidA
nimationChoreographer.h 
(RegularFile, 7c9d7b90e92e335
5cd9e6451a1b75824)
                   - 
AndroidEventBeat.h 
(RegularFile, 1ce11e09bf3442e
d315773f8c5e54788)
                   - 
Binding.h (RegularFile, 67d14
d9ad088fc04f1a93c8b99c68a47)
                   - 
ComponentFactory.h 
(RegularFile, 833f23d16b0caef
ca143f2d4e63deec2)
                   - 
CoreComponentsRegistry.h 
(RegularFile, 0fb46295a9eaa0c
656d8718386d738d3)
                   - 
EventBeatManager.h 
(RegularFile, abdbb32a51eff5a
d75c3ed94b1db5039)
                   - 
EventEmitterWrapper.h 
(RegularFile, ed025b217d31b1a
7062146450e22a6b7)
                   - 
FabricMountingManager.h 
(RegularFile, a57fc2aedb9a6cc
dcba3844809bec87a)
                   - 
FabricUIManagerBinding.h 
(RegularFile, cbd7bd7011c25be
d0ab019c7d509a46f)
                   - 
FocusOrderingHelper.h 
(RegularFile, 795b5f4517a6de1
33d1b4c52170a1612)
                   - JAnimati
onBackendChoreographer.h 
(RegularFile, 95ade3ce4432050
020f480b524c6567b)
                   - 
JFabricUIManager.h 
(RegularFile, 187b86c24106353
aa33aa21ea17477d6)
                   - 
MountItem.h (RegularFile, 2c2
aa584493fbf125caebbdc7ee785ee
)
                   - 
StateWrapperImpl.h 
(RegularFile, ad6b98b627e066f
04d1d7ff58d538810)
                   - 
SurfaceHandlerBinding.h 
(RegularFile, fa5b8237c2b2a63
9281225a672d4e776)
                   - 
test_helper (Directory, 88787
c0685a4d1e72978d45f0dadcd33)
                     - Fabric
MountingManagerTestHelper.h 
(RegularFile, 04b48578046c8b9
269e016362e0ac8fd)
                 - 
featureflags (Directory, f24f
8a881e1ebca64d7ded8b6f2dcc60)
                   - 
ReactNativeFeatureFlags.h 
(RegularFile, afc8713c452c1c0
27f461f00fc975f50)
                   - ReactNat
iveFeatureFlagsAccessor.h 
(RegularFile, 54d9a261577c518
5f13f9bccdecad971)
                   - ReactNat
iveFeatureFlagsDefaults.h 
(RegularFile, 256770b6a8b57ba
47bbb236baab238f1)
                   - ReactNat
iveFeatureFlagsDynamicProvide
r.h (RegularFile, 5227e7bf6b7
56b16b73b9105b2b75a58)
                   - ReactNat
iveFeatureFlagsOverridesOSSCa
nary.h (RegularFile, 28a7ea2c
4aa67729a3a562442d62e6ee)
                   - ReactNat
iveFeatureFlagsOverridesOSSEx
perimental.h (RegularFile, be
130cabb52700e04822b79f2af5b32
f)
                   - ReactNat
iveFeatureFlagsOverridesOSSSt
able.h (RegularFile, c1bebb13
5281c1aa45c530024f359192)
                   - ReactNat
iveFeatureFlagsProvider.h 
(RegularFile, a285a73dcef26d9
1c48b37716c643cd9)
                 - jni 
(Directory, 47eaac5488de78e9d
4b4f088d0d98760)
                   - 
CxxModuleWrapperBase.h 
(RegularFile, 6e636dab32cb38d
2f530bc72cec2f14e)
                   - Inspecto
rNetworkRequestListener.h 
(RegularFile, b8cb302b3c79520
800233ca48622d640)
                   - 
JavaModuleWrapper.h 
(RegularFile, 127039cda071428
f2d2c169a27b15091)
                   - 
JavaScriptExecutorHolder.h 
(RegularFile, 2fb804b6b72119b
c9c83ada6ce60d85b)
                   - 
JCallback.h (RegularFile, 45e
71acc26fb164d0e2a8aaa09f114f0
)
                   - 
JDynamicNative.h 
(RegularFile, a2853edbcfd18b1
a7543552b413f5a97)
                   - 
JExecutor.h (RegularFile, 034
e82b89289cf105d84ba0dd4bc61bc
)
                   - 
JMessageQueueThread.h 
(RegularFile, 6a195bd0619b2b4
82fbfea2cb248a4b8)
                   - 
JniJSModulesUnbundle.h 
(RegularFile, a4a963211437f2d
135e0fa2e0dc481a1)
                   - 
JReactMarker.h (RegularFile, 
209ac52a4c3d5044eb157559a6476
7db)
                   - 
JReactSoftExceptionLogger.h 
(RegularFile, b311cc50f6e3e9f
5e7e5125c2e8294ba)
                   - 
JRuntimeExecutor.h 
(RegularFile, d245d433c2b610c
2567e4eebbdab3264)
                   - 
JRuntimeScheduler.h 
(RegularFile, dfea510e929d7c8
6476e433a83a7eb30)
                   - 
JSLoader.h (RegularFile, dc70
409ae1aeeaca5209a1abcb8a442c)
                   - 
JSLogging.h (RegularFile, b25
f06973de0491baec52d4900d2c757
)
                   - 
JWeakRefUtils.h 
(RegularFile, cdc38debf3ea880
10607db0a7539614a)
                   - 
MethodInvoker.h 
(RegularFile, e0c69720a410c31
511532feb0304483b)
                   - 
ModuleRegistryBuilder.h 
(RegularFile, eaf0b549682d4d0
e9dd0ddf1618aaa09)
                   - 
NativeArray.h (RegularFile, 7
d2162bd02409ab0066ffb0746c9e4
e0)
                   - 
NativeCommon.h (RegularFile, 
31b849c32fd857466eed1f5b1f5f4
4a3)
                   - 
NativeMap.h (RegularFile, 555
ef7761d1da1efbc764cc3615186ac
)
                   - 
ReadableNativeArray.h 
(RegularFile, b965375c9b8323c
48bc34f36becd3979)
                   - 
ReadableNativeMap.h 
(RegularFile, 0d7f9011bb4eca5
8654f549178df0392)
                   - 
SafeReleaseJniRef.h 
(RegularFile, f5c4c339adbf18f
0ca4216ba071cfb68)
                   - 
TransformHelper.h 
(RegularFile, 9b7dcc17237a7d3
f8c04f2d99255bd73)
                   - 
WritableNativeArray.h 
(RegularFile, e26b1ec7b6437a0
bfadf37420bf3d9c4)
                   - 
WritableNativeMap.h 
(RegularFile, a4839a3a366e228
983061ae42ab5bdc9)
                 - 
performance (Directory, 394ff
87d78bdc63ee1d73b3a45bcf56c)
                   - 
cdpmetrics (Directory, 387e53
8cc9de7879bf88a090896e014f)
                     - 
CdpInteractionTypes.h 
(RegularFile, 88175abd09bbc84
78939242d44f07f88)
                     - 
CdpMetricsReporter.h 
(RegularFile, 4bc12c21fed7485
859d25cf814f5019e)
                     - 
CdpPerfIssuesReporter.h 
(RegularFile, 921bc80a362332a
06dfad102a91dffd3)
                   - 
timeline (Directory, 67c48b1d
0032d2372229ec69355d4465)
                     - 
CircularBuffer.h 
(RegularFile, 826e5a84841a41b
ca888db6955f447b1)
                     - 
PerformanceEntry.h 
(RegularFile, 39b8d8e0b7936df
7ca947d2c7f345425)
                     - 
PerformanceEntryBuffer.h 
(RegularFile, 2aadb4c49c37b4e
64bea8bac3d2ac3a3)
                     - Perfor
manceEntryCircularBuffer.h 
(RegularFile, 9ac3aff961fab15
90add8975f86b7d59)
                     - Perfor
manceEntryKeyedBuffer.h 
(RegularFile, 33225d3522d3c5b
1f86ce8efbabcd745)
                     - 
PerformanceEntryReporter.h 
(RegularFile, 24bed6e0263ac75
d4adf7e690f210347)
                     - Perfor
manceEntryReporterListeners.h
 (RegularFile, 71b9514216114c
5493aa4ff9a6c1c688)
                     - 
PerformanceObserver.h 
(RegularFile, ffb4950608862e1
ea9efd5e6233d5817)
                     - Perfor
manceObserverRegistry.h 
(RegularFile, 5dbfd46f09966df
56d7926203bb38377)
                 - renderer 
(Directory, 9e72753ac858e572d
68bc708eda89417)
                   - 
animationbackend (Directory, 
ac79808bb51de0ea0e1a574e54618
124)
                     - 
AnimatedProps.h 
(RegularFile, 9dc8c3724ed6570
6450d2d18ccaefb7f)
                     - 
AnimatedPropsBuilder.h 
(RegularFile, 29c7c346fd16450
05ca75d80e6be01c8)
                     - 
AnimatedPropsRegistry.h 
(RegularFile, 8265e5da2b2ff7b
effbf407ae77bc859)
                     - 
AnimatedPropsSerializer.h 
(RegularFile, b68fa0880922f50
be12dbd17078ac08b)
                     - 
AnimationBackend.h 
(RegularFile, 482b2d6df76224f
bb779993a5def43b4)
                     - 
AnimationBackendCommitHook.h 
(RegularFile, 507a87724b6d491
3b90be8e5a676a44b)
                     - 
AnimationChoreographer.h 
(RegularFile, 02fd9aabc57fd75
958d5fc9d85cf64f7)
                   - 
animations (Directory, aa5a05
50e2710d320c88c877aa6f5025)
                     - 
conversions.h (RegularFile, 2
f2fed942542d990018d21c4139b0c
b0)
                     - Layout
AnimationCallbackWrapper.h 
(RegularFile, 6caeabf363436ca
694e2411e24c64ce1)
                     - 
LayoutAnimationDriver.h 
(RegularFile, 0a1ba9436c2afd3
701cc333a310a481c)
                     - Layout
AnimationKeyFrameManager.h 
(RegularFile, cb2e7f3a9fdc899
cc95f89ec2200e759)
                     - 
primitives.h (RegularFile, c5
d4fe667c50cb645ac795fe0468ace
9)
                     - 
utils.h (RegularFile, e2eb9ad
49b4eadfd77d258f9c1801ec0)
                   - 
attributedstring (Directory, 
ec5870e8bd15a9b1f2d6f0224bdf2
2a1)
                     - 
AttributedString.h 
(RegularFile, ce5b4ba4bd5ba75
c6fb359ead06f0725)
                     - 
AttributedStringBox.h 
(RegularFile, 2f2270e9746484b
620c50e2b312134f6)
                     - 
conversions.h (RegularFile, 3
e46ba12164fd0506cd0b3868efbdf
94)
                     - 
ParagraphAttributes.h 
(RegularFile, b4bfa20259223e2
6c8a488fe1ea7d3d2)
                     - Placeh
olderAttributedString.h 
(RegularFile, 942ebac43be0647
44c71d417c1128fdf)
                     - 
primitives.h (RegularFile, 3a
55ca0bc4f269163c3d82879232a04
b)
                     - 
TextAttributes.h 
(RegularFile, 772e1d1014f544c
4d4f99892e5ff101c)
                   - 
bridging (Directory, aacd6323
e6ec14b361dab38424e9d2c2)
                     - 
bridging.h (RegularFile, 02f9
181e5b64f73efdb7b05f8bd7a15b)
                   - 
componentregistry 
(Directory, ea2c2689af4147432
e9c998606933e64)
                     - 
ComponentDescriptorFactory.h 
(RegularFile, 754b9c2b4605e0b
bb9084252a74d989c)
                     - Compon
entDescriptorProvider.h 
(RegularFile, de1f154183b6545
76ed7b2ed007905cc)
                     - Compon
entDescriptorProviderRegistry
.h (RegularFile, 9e4b567ba66e
c71a21ac3ca50989e768)
                     - Compon
entDescriptorRegistry.h 
(RegularFile, 6586597b9cb8d6f
8b3c6a3ba90dcbb57)
                     - compon
entNameByReactViewName.h 
(RegularFile, 27e7ce53b020f54
114f55424e45d26d8)
                     - 
native (Directory, ba065a0017
568fb39eb7706a4f0b4060)
                       - Nati
veComponentRegistryBinding.h 
(RegularFile, 495a013f97cdd33
5e0ef755b0b1ab0a8)
                   - 
components (Directory, c16e65
b7bfc91fecad21934b58be8d5a)
                     - 
androidtextinput (Directory, 
bbc10bbca0b0c5eec9b03b678394b
5ff)
                       - Andr
oidTextInputComponentDescript
or.h (RegularFile, c9a08bbf56
30dfbf7ec4dbd4a5ed2910)
                       - Andr
oidTextInputEventEmitter.h 
(RegularFile, 329712a4783bdb2
fc6ae43f50ae38a35)
                       - 
AndroidTextInputProps.h 
(RegularFile, dc5db753fc8f6a2
af6d66f90f17c5d3c)
                       - 
AndroidTextInputShadowNode.h 
(RegularFile, f9bf202afc16592
79cf18bc1051292d8)
                       - 
AndroidTextInputState.h 
(RegularFile, bef04b1187c9645
e42223ec55eb385cb)
                     - 
FBReactNativeSpec 
(Directory, 073da22c7869d6c50
e8a3afc42979ef3)
                       - 
ComponentDescriptors.h 
(RegularFile, a84a9651ba575be
f42f181d00e755359)
                       - 
EventEmitters.h 
(RegularFile, 19b26fabb16a995
719122aa5bcd7c0a9)
                       - 
FBReactNativeSpecJSI.h 
(RegularFile, 0e271d20b9b63d2
774fb4585432a74ae)
                       - 
Props.h (RegularFile, 09b7e93
4969d169f8ab038e5caf4cea4)
                       - 
ShadowNodes.h (RegularFile, e
81bc0b1017b02f941930c2bc4471f
d5)
                       - 
States.h (RegularFile, 34cc9b
7657aa294013bf260a6012f35d)
                     - image 
(Directory, 46021a10229add929
544269f83b293fb)
                       - 
conversions.h (RegularFile, 3
41579fb9a29eb396ce46e132cde11
f5)
                       - 
ImageComponentDescriptor.h 
(RegularFile, 8c17f48596f0d8a
28bb296af51b02605)
                       - 
ImageEventEmitter.h 
(RegularFile, 0d69e7dddd6693d
454cce13bb7048f5a)
                       - 
ImageProps.h (RegularFile, 3e
c9808b0e10c604d9dc273c09fef39
a)
                       - 
ImageShadowNode.h 
(RegularFile, 940e236c4218727
24b7f0437fb14f0ed)
                       - 
ImageState.h (RegularFile, 88
1bb519024589a732aacab86db8b35
a)
                     - root 
(Directory, 267c4521306db03ed
0b8b920dc787966)
                       - 
RootComponentDescriptor.h 
(RegularFile, fe62f8176a96748
e8999a9487d083175)
                       - 
RootProps.h (RegularFile, 38e
4c1fdfc078d2f3f494ab902fb9d81
)
                       - 
RootShadowNode.h 
(RegularFile, fe75dfb4407ccb5
15b70338715f76544)
                     - text 
(Directory, 1cfe582115aaf0518
2444a2346de71fa)
                       - Base
ParagraphComponentDescriptor.
h (RegularFile, c0b91644d0ed9
1e263730481c2e9236d)
                       - 
BaseParagraphProps.h 
(RegularFile, 465a7e2928af45e
02d2c9a7bc6179695)
                       - 
BaseTextProps.h 
(RegularFile, 8b62178a2feb659
045fe0212644eba0a)
                       - 
BaseTextShadowNode.h 
(RegularFile, aa10bdee0d23726
6aa61969b5d45aa79)
                       - Para
graphComponentDescriptor.h 
(RegularFile, 3e3267cbec8f6c2
ff0aea42b19f4b2c3)
                       - 
ParagraphEventEmitter.h 
(RegularFile, 0e3ea91a7629949
5b33e2365dfc558e9)
                       - 
ParagraphProps.h 
(RegularFile, b3e6cf3bbee97d3
4738ebb91e510e4d5)
                       - 
ParagraphShadowNode.h 
(RegularFile, d946f9e7a79e05e
4ab1afb1dc9d9df6e)
                       - 
platform (Directory, 62f8b5ba
c59a226906f574d0a187c81e)
                         - 
android (Directory, 60f318260
1ed6778004104e22f93adfc)
                           - 
react (Directory, bc06b0648af
6ae9810682635c3256997)
                             
- renderer (Directory, 959472
6e08e833a5ae1ab63071637831)
                             
  - components (Directory, 5a
b194a7c91819c87ba55216a70120b
1)
                             
    - text (Directory, 509ac3
01783a778228213789d4d398d9)
                             
      - conversions.h 
(RegularFile, fc6d051e672d824
0ded6503464b8b634)
                             
      - 
HostPlatformParagraphProps.h 
(RegularFile, 7f420c899d4d311
33d2f31ca6829c17a)
                             
      - ParagraphState.h 
(RegularFile, abb3e4c4e78f85e
470ae6d3381c01670)
                             
      - primitives.h 
(RegularFile, c9bcce60b6318dc
63e991fe280a82094)
                         - 
cxx (Directory, 88ab2d7aee776
4f30383efa60fdcf01e)
                           - 
react (Directory, 91dbe8f55d7
88c815ae7edf4939f294c)
                             
- renderer (Directory, 2df64c
81bff8e5c215b7045ba3fc770f)
                             
  - components (Directory, 3a
88cb38e8851b9e8c961fe791cd8ca
3)
                             
    - text (Directory, c59865
f4be69ff5c25da9ecba2345767)
                             
      - 
HostPlatformParagraphProps.h 
(RegularFile, 2c8c272e19f493f
4e51b3397ef16c7f0)
                             
      - ParagraphState.h 
(RegularFile, c45e8aa54b4615b
9bc584cef07d18fb4)
                       - 
RawTextComponentDescriptor.h 
(RegularFile, c512b54839c41eb
31472ed0a0f7a5e92)
                       - 
RawTextProps.h (RegularFile, 
4f220930a90c1ec21a7f29d5548b0
be8)
                       - 
RawTextShadowNode.h 
(RegularFile, 74a3ffb0bec0145
1bfad3e21d23169ed)
                       - Sele
ctableParagraphComponentDescr
iptor.h (RegularFile, 79e614a
3c22521ff98d3006c485dad44)
                       - Sele
ctableParagraphShadowNode.h 
(RegularFile, a9ed0f262f12519
4bc689da78d940c5c)
                       - 
stateConversions.h 
(RegularFile, b7ddae050849c31
2a21b45b44f205129)
                       - 
TextComponentDescriptor.h 
(RegularFile, b5d526e40b6bc43
b9b2ad5c0e473c0ec)
                       - 
TextProps.h (RegularFile, c0a
34c6a1a63ce2b9645e741a44659b6
)
                       - 
TextShadowNode.h 
(RegularFile, 94b9953cb7bc05c
f7c3b74962ef071b3)
                     - 
textinput (Directory, 39a07d9
de0ccbdf719b3ae45f4f933a2)
                       - 
baseConversions.h 
(RegularFile, 20e14f1c78428e3
31a5fb695a48214ac)
                       - 
basePrimitives.h 
(RegularFile, 1ce9c532545c9a1
1ae25673b05bcf550)
                       - 
BaseTextInputProps.h 
(RegularFile, f3df96c698a7a56
55be16237694a93ff)
                       - 
BaseTextInputShadowNode.h 
(RegularFile, 6ffd91e94542b73
ffa6134ea32501edc)
                       - 
platform (Directory, 14189c77
98b812bef1238e25a3d45ad7)
                         - 
android (Directory, 61d433ea6
84283bd610a5c4148fecfb5)
                           - 
react (Directory, 9d2a4ab1082
5271fb799393dbe08b37c)
                             
- renderer (Directory, 0ea2af
5be672494a864570dea39160fb)
                             
  - components (Directory, da
2c8343dfce8cac7fa2651c5c3bab3
7)
                             
    - androidtextinput 
(Directory, bbc10bbca0b0c5eec
9b03b678394b5ff)
                             
      - AndroidTextInputCompo
nentDescriptor.h 
(RegularFile, c9a08bbf5630dfb
f7ec4dbd4a5ed2910)
                             
      - AndroidTextInputEvent
Emitter.h (RegularFile, 32971
2a4783bdb2fc6ae43f50ae38a35)
                             
      - 
AndroidTextInputProps.h 
(RegularFile, dc5db753fc8f6a2
af6d66f90f17c5d3c)
                             
      - 
AndroidTextInputShadowNode.h 
(RegularFile, f9bf202afc16592
79cf18bc1051292d8)
                             
      - 
AndroidTextInputState.h 
(RegularFile, bef04b1187c9645
e42223ec55eb385cb)
                         - 
ios (Directory, 1d885e3ba86de
eab4282caba14e3f4b6)
                           - 
react (Directory, b65fd983acc
f4bbe1067c8c82a855390)
                             
- renderer (Directory, c3f523
7f575ecf56320e6067745408ce)
                             
  - components (Directory, f6
1fbc4e12fe193906f549b0d010583
4)
                             
    - iostextinput 
(Directory, 94842456577f63679
d0026d1c73af01b)
                             
      - conversions.h 
(RegularFile, 2fed7b91e8b1830
509f659474c2f140a)
                             
      - primitives.h 
(RegularFile, bbdc011000e484c
172591707702c6728)
                             
      - propsConversions.h 
(RegularFile, a0049752cf916f4
8702ab618a6b47b86)
                             
      - TextInputComponentDes
criptor.h (RegularFile, 94a75
497c5d40953aa2fe670d4c1a322)
                             
      - TextInputProps.h 
(RegularFile, 64788aecfe21006
ff9f93f6d170c02ae)
                             
      - 
TextInputShadowNode.h 
(RegularFile, 5ae123b2db28838
fa8fee41363d9064c)
                       - 
TextInputEventEmitter.h 
(RegularFile, 7c4928f80f95d74
be4a2c7bea6f6145b)
                       - 
TextInputState.h 
(RegularFile, 6e10cabc3f3af65
2c547b848ad2177fd)
                     - view 
(Directory, 146f32367e6047f29
6db769593bf4cac)
                       - 
AccessibilityPrimitives.h 
(RegularFile, aff620857f095d8
794b9efcfbd6e9d79)
                       - 
AccessibilityProps.h 
(RegularFile, 28d6b16a9cad58f
6c68ee8813ea7dc9e)
                       - acce
ssibilityPropsConversions.h 
(RegularFile, 5b90a4826df4db4
38ec7365ea08bed1a)
                       - Back
groundImagePropsConversions.h
 (RegularFile, 9d248eea2259dc
53eeb6cec6844adbb4)
                       - 
BaseTouch.h (RegularFile, ef6
e01852cdad7e7e1a9b44f01032cca
)
                       - 
BaseViewEventEmitter.h 
(RegularFile, 3074ed9693643b1
5e4f3ebe88c55f29a)
                       - 
BaseViewProps.h 
(RegularFile, 6e5f16d16f33ab7
7d5745d065f6112bc)
                       - 
BoxShadowPropsConversions.h 
(RegularFile, 9d163929b24b404
6feb619c5d7ccedbb)
                       - 
ConcreteViewShadowNode.h 
(RegularFile, 9b8551c75261fb3
d85a27765c1b4964c)
                       - 
conversions.h (RegularFile, d
5c621c5a293d397b5b1cd5ac2dd0a
13)
                       - 
CSSConversions.h 
(RegularFile, 838dca5a4e09775
142da089d4186b100)
                       - 
FilterPropsConversions.h 
(RegularFile, ff9d89ee927dda6
346919eeeee7e057f)
                       - 
HostPlatformTouch.h 
(RegularFile, 6e0747ed425ed52
24b245f4b357ad362)
                       - Host
PlatformViewEventEmitter.h 
(RegularFile, 60a104ab5b91829
797b30d9c283a7b50)
                       - 
HostPlatformViewProps.h 
(RegularFile, f28cc5aa979adc2
20d3db3ef031d576d)
                       - Host
PlatformViewTraitsInitializer
.h (RegularFile, dc3c42d6dfe9
70763a26d11d02827da9)
                       - Layo
utConformanceComponentDescrip
tor.h (RegularFile, 8a7e260ee
29c957bf79cbe208bf93b95)
                       - 
LayoutConformanceProps.h 
(RegularFile, 0295be80046b606
27805d45efac16e78)
                       - Layo
utConformanceShadowNode.h 
(RegularFile, 358a208b1cb9d06
76ebe6bff700b88a9)
                       - 
NativeDrawable.h 
(RegularFile, 761c6e0e2a6fb4e
5d00d3a134d02b5d6)
                       - 
platform (Directory, 24d53fac
081f006755401d392c2149e2)
                         - 
android (Directory, 25eae3e3f
454cd9ea34d7b2698c8f6bf)
                           - 
react (Directory, ea78704b667
4e0e6ef25780c1166d267)
                             
- renderer (Directory, 73c00c
e399bdd75c026c0aaae3304e78)
                             
  - components (Directory, 34
8a8f3626ccbff0c40fad4be16e067
7)
                             
    - view (Directory, 548615
c2634efc0e25a1bc4589c85dd2)
                             
      - HostPlatformTouch.h 
(RegularFile, 6e0747ed425ed52
24b245f4b357ad362)
                             
      - HostPlatformViewEvent
Emitter.h (RegularFile, 60a10
4ab5b91829797b30d9c283a7b50)
                             
      - 
HostPlatformViewProps.h 
(RegularFile, f28cc5aa979adc2
20d3db3ef031d576d)
                             
      - HostPlatformViewTrait
sInitializer.h (RegularFile, 
dc3c42d6dfe970763a26d11d02827
da9)
                             
      - NativeDrawable.h 
(RegularFile, 761c6e0e2a6fb4e
5d00d3a134d02b5d6)
                         - 
cxx (Directory, ac81151b5770b
36fd4f1c49bebeb9bf3)
                           - 
react (Directory, d585fa500c8
57b1f511d684b25288211)
                             
- renderer (Directory, b731fc
3e8e515291759ed6d618d4eb36)
                             
  - components (Directory, aa
4aaff5d72a14e118d8de2f58e1a8d
f)
                             
    - view (Directory, c00bb7
1d0a0bb7179d99ecdbfbff8608)
                             
      - HostPlatformTouch.h 
(RegularFile, 6e0747ed425ed52
24b245f4b357ad362)
                             
      - HostPlatformViewEvent
Emitter.h (RegularFile, 60a10
4ab5b91829797b30d9c283a7b50)
                             
      - 
HostPlatformViewProps.h 
(RegularFile, 29fd9038add20ad
bb4dca6b5f8db733b)
                             
      - HostPlatformViewTrait
sInitializer.h (RegularFile, 
f50d8bc8edf24a4cbdec1a2e31f98
072)
                         - 
tvos (Directory, 0b3b039f5919
58ff5568dfe98cf345fe)
                           - 
react (Directory, 8a36196723d
dc407e7d9d3c123fffebd)
                             
- renderer (Directory, 7b15d1
3022af619f0de1c615e8663830)
                             
  - components (Directory, f2
6fbfe188f84e0419b17dbd1a3b99f
1)
                             
    - view (Directory, bf0996
0e2fb24e02c445692be81c3e05)
                             
      - HostPlatformTouch.h 
(RegularFile, 6e0747ed425ed52
24b245f4b357ad362)
                             
      - HostPlatformViewEvent
Emitter.h (RegularFile, 60a10
4ab5b91829797b30d9c283a7b50)
                             
      - 
HostPlatformViewProps.h 
(RegularFile, 05acba299a51bf9
aa5f990b1acc3977b)
                             
      - HostPlatformViewTrait
sInitializer.h (RegularFile, 
724d15638b7e916181aba23df0838
fc7)
                       - 
PointerEvent.h (RegularFile, 
16ccbbc33a52de13cecafc81de0bf
587)
                       - 
primitives.h (RegularFile, 3c
bd6fbe9f479b8f1c75f994fea196b
d)
                       - 
propsConversions.h 
(RegularFile, b6651a434d9e660
c43cd898b73f810bf)
                       - 
Touch.h (RegularFile, 7a4ee70
56b1d9f6964abed21de7cd5bb)
                       - 
TouchEvent.h (RegularFile, 09
5500f485817eb67f8cf558f113081
1)
                       - 
TouchEventEmitter.h 
(RegularFile, e642e81568835a7
883f17127ade7d60a)
                       - 
ViewComponentDescriptor.h 
(RegularFile, 4e80b733f2f989f
aad971ad5ec6a517f)
                       - 
ViewEventEmitter.h 
(RegularFile, 24e7f6a54298a38
c585d03f5ff9d2372)
                       - 
ViewProps.h (RegularFile, 735
1eea39bd0d21e0f4e50d97424ea96
)
                       - 
ViewPropsInterpolation.h 
(RegularFile, 3819c4d4cb37a8c
45423bb1311d9e0c6)
                       - 
ViewShadowNode.h 
(RegularFile, 52f9f2c5b0aace3
e7499f210c312fd48)
                       - 
YogaLayoutableShadowNode.h 
(RegularFile, 41b717aa8a9b5e0
2a5796dd967588b46)
                       - 
YogaStylableProps.h 
(RegularFile, 610a43870df1964
8f1e01ccf3f8cba15)
                   - 
consistency (Directory, a021c
ae73bd061d02f1af728b62f7a11)
                     - Scoped
ShadowTreeRevisionLock.h 
(RegularFile, c9001d8e4cb15d4
bce600fc5fc7fe7e0)
                     - Shadow
TreeRevisionConsistencyManage
r.h (RegularFile, 2c849add486
bdbe093d33e2a332fc4df)
                   - core 
(Directory, 1e1fb246376a8887e
9608f14dfa65f02)
                     - 
ComponentDescriptor.h 
(RegularFile, 9f016c0f7db9c4e
fb80d45f2070404fc)
                     - Concre
teComponentDescriptor.h 
(RegularFile, 5452950d46a72bb
c9a6677de2ea878b7)
                     - 
ConcreteShadowNode.h 
(RegularFile, 3cbb80fcd433b6e
4b215f69308e9ae47)
                     - 
ConcreteState.h 
(RegularFile, 26729d374c014f7
066d963a40a163d6d)
                     - 
conversions.h (RegularFile, 0
15fee6cb27c7d22cf09613d531622
a7)
                     - 
DynamicEventPayload.h 
(RegularFile, 87d6820722efd37
4f7639bf00c652c84)
                     - 
DynamicPointerEvent.h 
(RegularFile, 77ac957047629b5
4c5002dfb5855a89f)
                     - 
DynamicPropsUtilities.h 
(RegularFile, 830af49a0f116f6
e5a675f6e1d9ae446)
                     - 
EventBeat.h (RegularFile, 97a
acf0c69523aae83ec5d910204d716
)
                     - 
EventDispatcher.h 
(RegularFile, b378f852396e20f
382ba4ab076bbf2e6)
                     - 
EventEmitter.h (RegularFile, 
73f0119f4f1b16bbaa9a505e46571
53c)
                     - 
EventListener.h 
(RegularFile, d622c9e7b11d6bc
0d9db0e742783bf22)
                     - 
EventLogger.h (RegularFile, e
b4875bbaebb5613b3c40753faacc3
b0)
                     - 
EventPayload.h (RegularFile, 
6120df5f62f85898cbb2c0b6aad07
803)
                     - 
EventPayloadType.h 
(RegularFile, f706470536833da
70ccbb93abb0f5070)
                     - 
EventPipe.h (RegularFile, 710
a5de3933ddb38236a763d6ebc57ba
)
                     - 
EventQueue.h (RegularFile, 80
fa76c05abc8c396d77884060b6c7e
1)
                     - 
EventQueueProcessor.h 
(RegularFile, 0ed9333e6fb68b9
2414ca72d8490cc97)
                     - 
EventTarget.h (RegularFile, 9
e94301ff148e692ad8f9cbb4975f9
2c)
                     - 
graphicsConversions.h 
(RegularFile, 153d95e2c6dd67a
c4b08c69cc636ed6e)
                     - 
InstanceHandle.h 
(RegularFile, 455eaf6f62e3387
0ecefe30aa4d9136e)
                     - 
LayoutableShadowNode.h 
(RegularFile, b63e685fc47c376
0fca251d5ea8a9c13)
                     - 
LayoutConstraints.h 
(RegularFile, ca195e540c4e396
4633325d93a45c284)
                     - 
LayoutContext.h 
(RegularFile, b0af658f2204314
ac45a99987645d70f)
                     - 
LayoutMetrics.h 
(RegularFile, 9e0b6f3557dce59
c8c256aac5edc1ce6)
                     - 
LayoutPrimitives.h 
(RegularFile, e6122ec889de6b6
bb6f77664800895e8)
                     - 
Props.h (RegularFile, c9efbd6
1c9a05c8d0de1d3e29ad06383)
                     - 
propsConversions.h 
(RegularFile, f7bd0d1bebec69c
8f3a84adc48bffaf6)
                     - 
PropsMacros.h (RegularFile, 7
9a33b2c1cda797adb55416dde4dbd
a3)
                     - 
PropsParserContext.h 
(RegularFile, 049b70ab0771d42
4acf3362b028c714f)
                     - 
RawEvent.h (RegularFile, 0c66
e81f22822644f1e08ad5d8c77833)
                     - 
RawProps.h (RegularFile, 6679
da5e25b3c4dd17359f6e2458fd19)
                     - 
RawPropsKey.h (RegularFile, e
f3af3c5d5cceb321de67aa46b2c5b
7b)
                     - 
RawPropsKeyMap.h 
(RegularFile, 413240a03239259
073aa822aa76fc664)
                     - 
RawPropsParser.h 
(RegularFile, 278e0f3f8998970
cd3932e098306c064)
                     - 
RawPropsPrimitives.h 
(RegularFile, 135f5ecd17436d4
c23be2acee12cf921)
                     - 
RawValue.h (RegularFile, f565
795a31b21443bf68b7087c1d3125)
                     - 
ReactEventPriority.h 
(RegularFile, 4e862c43693873b
9be20b89544b235cc)
                     - 
ReactPrimitives.h 
(RegularFile, b23a2013770613e
f19ef7ee0f5922d67)
                     - 
ReactRootViewTagGenerator.h 
(RegularFile, cc64fa5a9b174e3
4b583131d3169b1d2)
                     - 
Sealable.h (RegularFile, becb
0473c757bfe25ee8c8320d3bb71a)
                     - 
ShadowNode.h (RegularFile, 46
04139a58c4f04a47c74c1b8ccd3a5
b)
                     - 
ShadowNodeFamily.h 
(RegularFile, a4a801386b9e251
993d6dc38021bf305)
                     - 
ShadowNodeFragment.h 
(RegularFile, c293718abf8aa7f
f927ccb2f64d1ff66)
                     - 
ShadowNodeTraits.h 
(RegularFile, 4edbca31d7ed5c3
e051a35ce2c803528)
                     - 
State.h (RegularFile, e916fef
55236992662ecbbfedd8b8211)
                     - 
StateData.h (RegularFile, 7c7
bcc17abe1ed7d01d5d70ad36cf307
)
                     - 
StatePipe.h (RegularFile, 4f5
c1fae9cb98a527e2776ba51107433
)
                     - 
StateUpdate.h (RegularFile, 1
23fd06103bdabd49f572beb9a54db
a0)
                     - tests 
(Directory, 93ab6b142d5b153ea
6193f0445fa6991)
                       - 
TestComponent.h 
(RegularFile, 58d12ffefc36493
570c495cb2f77c684)
                     - 
ValueFactory.h (RegularFile, 
51b18cbd4c2714dad300b777e79eb
17b)
                     - 
ValueFactoryEventPayload.h 
(RegularFile, a6984639e4283c3
a8d1bea520274401e)
                   - css 
(Directory, fbd069638f8397e5f
cc93cddc3a75f6d)
                     - 
CSSAngle.h (RegularFile, 114c
5e995fbcb30b274f8cfd17d9bed0)
                     - 
CSSAngleUnit.h (RegularFile, 
6ba4edb7765f86251ba7b57a5adbc
0b8)
                     - 
CSSBackgroundImage.h 
(RegularFile, 5fa222b11651a0e
9238702e4cace0011)
                     - 
CSSColor.h (RegularFile, eb68
5bbb6a100081835ee54267a38344)
                     - 
CSSColorFunction.h 
(RegularFile, d54fcb99f690896
c896c490a919e967e)
                     - 
CSSCompoundDataType.h 
(RegularFile, 68ff0a82d44ac61
a40f446e2cb702e9d)
                     - 
CSSDataType.h (RegularFile, 6
c5a3bccb232975dd40db5f6d93b67
50)
                     - 
CSSFilter.h (RegularFile, f58
802b64d542726daa9bc6810e73c01
)
                     - 
CSSFontVariant.h 
(RegularFile, 18b22681560f264
ddcb5968ef6f925c9)
                     - 
CSSHexColor.h (RegularFile, 5
2a0ea0e641f2d240e476d53198645
5a)
                     - 
CSSKeyword.h (RegularFile, 8f
44a3208dbbd52934acc09b5886ba5
0)
                     - 
CSSLength.h (RegularFile, 3b0
8627e3eb86a2f12107b7834e10075
)
                     - 
CSSLengthPercentage.h 
(RegularFile, 053ff32aed563d2
b5a1f4a74913d4ee3)
                     - 
CSSLengthUnit.h 
(RegularFile, 1ce819971ede76c
4363f5546510be3ef)
                     - 
CSSList.h (RegularFile, 30456
856eddbd163d5a6abe36faabe9b)
                     - 
CSSNamedColor.h 
(RegularFile, 403214a6decb2c2
55c3fdb7cb121f1f8)
                     - 
CSSNumber.h (RegularFile, ab2
2b31f0f36f2fa41a86ef7d1e7086b
)
                     - 
CSSPercentage.h 
(RegularFile, 2ab70e138a453ce
70d3b7de380dc5161)
                     - 
CSSRatio.h (RegularFile, 3de1
582bbe53203ff656137f960e81fe)
                     - 
CSSShadow.h (RegularFile, 34b
a8e8fbee499fa4b84b410352a3ed0
)
                     - 
CSSSyntaxParser.h 
(RegularFile, e7a7ff37c6f72d7
d3a7904a844964475)
                     - 
CSSToken.h (RegularFile, 8653
110b0a5f8fb6f10d59fb54f5fac2)
                     - 
CSSTokenizer.h (RegularFile, 
64555996bceb4ee5e530000758c7c
9c5)
                     - 
CSSTransform.h (RegularFile, 
5966b7f50be8f7209a1cec9e30641
2d4)
                     - 
CSSTransformOrigin.h 
(RegularFile, 0f1d7e6dee7370c
faddda5caf97b100d)
                     - 
CSSValueParser.h 
(RegularFile, b43bea6fd8daaf6
579945a23727fcccb)
                     - 
CSSZero.h (RegularFile, 5ed40
2999379acab1834cc7434d0ad88)
                   - debug 
(Directory, 530bfdfb311028da9
d35ffbada847ee3)
                     - 
DebugStringConvertible.h 
(RegularFile, c60e2fef37304a4
fae6ebc17e8c41cbf)
                     - 
DebugStringConvertibleItem.h 
(RegularFile, d131a76e9a0cb21
1020878eb9821285e)
                     - debugS
tringConvertibleUtils.h 
(RegularFile, 5ac6e7f0133071c
34aee5767dc30e530)
                     - 
flags.h (RegularFile, d3a9f19
3d55c7180bbd66032eb246e8d)
                   - 
graphics (Directory, d0d23de2
e6e6d11634fbad4eddf8aaeb)
                     - 
BackgroundImage.h 
(RegularFile, fb0c12130655f2a
22e0b17c0c7947e72)
                     - 
BackgroundPosition.h 
(RegularFile, fc9e4c9b9413bc6
00b9752b1fc1243c7)
                     - 
BackgroundRepeat.h 
(RegularFile, 8ab8a4100e033d7
341fe7873f4325555)
                     - 
BackgroundSize.h 
(RegularFile, 081e3f2be4f7961
74bf1b09d2ee2b06c)
                     - 
BlendMode.h (RegularFile, ca9
0a6490fcc19fffcdef8a32fdbf159
)
                     - 
BoxShadow.h (RegularFile, 6ae
7a36e37bd57824505295844aca58a
)
                     - 
Color.h (RegularFile, 7899eed
51d356ec87d9fc00b3a82dd37)
                     - 
ColorComponents.h 
(RegularFile, ec0c1cf0d9f44c7
4c3fe8a3a5a25795c)
                     - 
ColorStop.h (RegularFile, 70b
4199c8f33c46e95e63b83cb19d553
)
                     - config
urePlatformColorCacheInvalida
tionHook.h (RegularFile, bded
aeff6dbb8c600708e72485f49069)
                     - 
conversions.h (RegularFile, e
2a2ae6726092f5add41a2da54f608
d2)
                     - 
Filter.h (RegularFile, 1aa319
629edc6b1363c840fe1b63e8db)
                     - 
Float.h (RegularFile, e5a0e51
805629e8424828938a105d86e)
                     - 
fromRawValueShared.h 
(RegularFile, 8037da24b77080a
03396dd94e174cfa0)
                     - 
Geometry.h (RegularFile, cb3d
eb2da873ff051c149f12f983cb85)
                     - 
HostPlatformColor.h 
(RegularFile, 33e91aebb1ec14a
76bcbd0d46ded4306)
                     - 
Isolation.h (RegularFile, f1d
d3233f3cf2756a133747f443dc245
)
                     - 
LinearGradient.h 
(RegularFile, 28c98ee22913c3b
2ab461c064eba2f04)
                     - 
platform (Directory, 8456abcf
d2be1019e93185c887b786d7)
                       - 
android (Directory, a179f113b
1e2e006d718d028c36d8282)
                         - 
react (Directory, 16ed3456578
623e78e42e4667336322a)
                           - 
renderer (Directory, 18bf91d0
ca2f240883508c119a7bb8dc)
                             
- graphics (Directory, 9eb4c0
861a288bfe34d3d4332ff97206)
                             
  - configurePlatformColorCac
heInvalidationHook.h 
(RegularFile, bdedaeff6dbb8c6
00708e72485f49069)
                             
  - Float.h (RegularFile, e5a
0e51805629e8424828938a105d86e
)
                             
  - HostPlatformColor.h 
(RegularFile, 33e91aebb1ec14a
76bcbd0d46ded4306)
                             
  - PlatformColorParser.h 
(RegularFile, 2778f4ed54709dc
36800d09a97ac4830)
                       - cxx 
(Directory, 5a90f9852eb3d6841
43475de60a40a83)
                         - 
react (Directory, 2e71d86a0f8
0cbce7b7c030e9a7f3a6b)
                           - 
renderer (Directory, 09421226
fea76dddbd8a7847e5e4d8df)
                             
- graphics (Directory, db670a
702e9d99f2144be1792d7409cf)
                             
  - Float.h (RegularFile, e5a
0e51805629e8424828938a105d86e
)
                             
  - HostPlatformColor.h 
(RegularFile, 7aeb0f6e17af180
6e62586475825f821)
                             
  - PlatformColorParser.h 
(RegularFile, 6bf9ba563f5d75c
b91e68c6fe9037a6a)
                       - ios 
(Directory, fb37a3c446b840417
b5318b3998b95ce)
                         - 
react (Directory, 05d5f58e103
fbc2bcf8cd832aade5413)
                           - 
renderer (Directory, 83620472
74c77a8adbe75c46513fdc8c)
                             
- graphics (Directory, b8bfac
912f5e9589f39e1cdec97586e6)
                             
  - Float.h (RegularFile, 499
e059f199356da0dea8ddc16f44a16
)
                             
  - HostPlatformColor.h 
(RegularFile, e3eebd4598eb7b4
e3902970a08aa7c0d)
                             
  - PlatformColorParser.h 
(RegularFile, dbca61c4ddaf93e
bfea7ef66dd1323a3)
                             
  - RCTPlatformColorUtils.h 
(RegularFile, f1525f2601a290a
7bc9fe20a56857ca5)
                     - 
PlatformColorParser.h 
(RegularFile, 2778f4ed54709dc
36800d09a97ac4830)
                     - 
Point.h (RegularFile, b5c996f
be5c68d9c1e57a25276bc6d98)
                     - 
RadialGradient.h 
(RegularFile, a06c0b96debb0e6
f53e0e026432ce654)
                     - 
Rect.h (RegularFile, db79c153
bd808880db8b556c9767e575)
                     - 
RectangleCorners.h 
(RegularFile, f151179955bc487
3ea09261906a0c6fc)
                     - 
RectangleEdges.h 
(RegularFile, ab38bff67ec0523
f17f737f15617e8c7)
                     - 
rounding.h (RegularFile, 6443
56f8cb37fb4a3f8b14b2f35018a0)
                     - 
Size.h (RegularFile, ceb9e8a0
915ec23708996e657f15bd78)
                     - 
Transform.h (RegularFile, 402
700c8879d16ce03d8ce47148e8997
)
                     - 
TransformUtils.h 
(RegularFile, 9f838b0d21b59f5
e5e2ae15bff71774a)
                     - 
ValueUnit.h (RegularFile, 75d
ce40820b26d2b2737ac88cf5061ab
)
                     - 
Vector.h (RegularFile, 0e112f
a74424d5314f1b25b1ac3f94a8)
                   - 
imagemanager (Directory, bf8c
d325385b502b15cc24fa0eb1b1c7)
                     - 
ImageManager.h (RegularFile, 
d1bfb9fa88668fdd8d655d034e670
0b7)
                     - 
ImageRequest.h (RegularFile, 
07d14303f70171c7f92284e2d8ec4
8be)
                     - 
ImageRequestParams.h 
(RegularFile, fc6d5d909d0d0f4
37e751c952187f238)
                     - 
ImageResponse.h 
(RegularFile, 11e9fc1014fb6ed
2f1e32ff9fd4a25ab)
                     - 
ImageResponseObserver.h 
(RegularFile, f2439d883c47a70
bd66f6995bc222e8c)
                     - ImageR
esponseObserverCoordinator.h 
(RegularFile, abf34012140e093
558184b6b6ca35e6e)
                     - 
ImageTelemetry.h 
(RegularFile, 6d7863dcb582bd8
acd720909d9387966)
                     - 
platform (Directory, d95852f1
57c6e2ed40b9378a5669d4c8)
                       - 
android (Directory, a13f22af0
aa74ab2b3dab38cc6ec59de)
                         - 
react (Directory, d851ae41c5c
a19d208323da2623fb253)
                           - 
renderer (Directory, fc88a3f5
c78174fad5ccaa69d1e51d9e)
                             
- imagemanager (Directory, 6e
30abbe8952d479ffc775dd3513113
e)
                             
  - conversions.h 
(RegularFile, b2f59eba0065c2f
cb6594259fe5ed3dd)
                             
  - ImageFetcher.h 
(RegularFile, 28ce7fcf8d31571
359b1f9169121ac9a)
                             
  - ImageRequestParams.h 
(RegularFile, 87aa6f943f31627
f5610c9cb9c5a5284)
                       - cxx 
(Directory, e4282ecf8c26a8e92
f9e36a317f233fe)
                         - 
react (Directory, 8fc383d1381
1898e1fd6509a52ec75fa)
                           - 
renderer (Directory, e0d9463c
8bcef9fdccde5a2d9274f83e)
                             
- imagemanager (Directory, 7d
c874453db4218d1c63396068097f6
b)
                             
  - ImageRequestParams.h 
(RegularFile, fc6d5d909d0d0f4
37e751c952187f238)
                       - ios 
(Directory, 2a1e4c2fb63600b60
67479fc542cae82)
                         - 
react (Directory, bcf97e593a7
1707d6c5d821e42420d40)
                           - 
renderer (Directory, 7b9ff120
2c52576d1f475849cc1e5c30)
                             
- imagemanager (Directory, 59
809202d7f7d53ae156dd178b62b2f
8)
                             
  - ImageRequestParams.h 
(RegularFile, 048f1aab192c928
5a291a4985079c07f)
                             
  - RCTImageManager.h 
(RegularFile, 37a4c18439671a8
a7f142e38ff418ee7)
                             
  - 
RCTImageManagerProtocol.h 
(RegularFile, 001680d0c4b5dc2
38e73c21fdbc71acd)
                             
  - RCTImagePrimitivesConvers
ions.h (RegularFile, 6d03d48f
84fc9bc1609381f4d6d4fba5)
                             
  - RCTSyncImageManager.h 
(RegularFile, afee1dce0f7b110
8a71bc6b732651b7d)
                     - 
primitives.h (RegularFile, d2
50df7c78f5b6a907904e6940ffb43
7)
                   - 
leakchecker (Directory, 7bae6
9ae38d9a4d55961567265017d64)
                     - 
LeakChecker.h (RegularFile, a
1526c23cd0af286f409494eba9c9e
e3)
                     - 
WeakFamilyRegistry.h 
(RegularFile, 57a51f7de1db699
6c648991d001e34f0)
                   - 
mapbuffer (Directory, f3a671a
b9b9fa3d36dbc82e50bb756ba)
                     - 
MapBuffer.h (RegularFile, 17c
e925735bc303d0cc0f77dad6262b5
)
                     - 
MapBufferBuilder.h 
(RegularFile, 36a4eb29ded8dd6
56dab142887b6d835)
                   - 
mounting (Directory, 0438809a
0282c62e76cd2edce2c95ec0)
                     - 
Differentiator.h 
(RegularFile, 0feea792fd94493
20619655c050f861d)
                     - 
internal (Directory, 6c24a1eb
7fdb2806f4d99c996a74edb6)
                       - 
CullingContext.h 
(RegularFile, 9153db113ebacbf
b9e28777938083248)
                       - 
DiffMap.h (RegularFile, cb308
d0e57714a260a0193f882d74fad)
                       - Long
estIncreasingSubsequence.h 
(RegularFile, fa5415a683c6a7a
25e4efa10e4e2d440)
                       - 
ShadowViewNodePair.h 
(RegularFile, 43df538067ac80f
b7631a870eeaebddf)
                       - slic
eChildShadowNodeViewPairs.h 
(RegularFile, a846d7ea5935c76
f42b50c2017e910a6)
                       - 
TinyMap.h (RegularFile, f5d41
dc2cc16dfa27491a1af92fbac0b)
                     - 
MountingCoordinator.h 
(RegularFile, fbb0b191cc93bd5
0de1a0685026edc85)
                     - 
MountingOverrideDelegate.h 
(RegularFile, c266e517be2ed49
4ee16308bea2acc57)
                     - 
MountingTransaction.h 
(RegularFile, ed2a0012b1d9143
a18b0058eeaabfdb4)
                     - 
ShadowTree.h (RegularFile, 3f
73371c96b4dd235bf414ef542a0b7
c)
                     - 
ShadowTreeDelegate.h 
(RegularFile, 6925d2b51c5cb86
bc00dbf0075dcfd0c)
                     - 
ShadowTreeRegistry.h 
(RegularFile, 53d7ec73b668d82
772573e187615e3a7)
                     - 
ShadowTreeRevision.h 
(RegularFile, 0084b960ea81512
da311ebf7ad40cec1)
                     - 
ShadowView.h (RegularFile, 26
b78b5ce36efde0899557b919f5008
d)
                     - 
ShadowViewMutation.h 
(RegularFile, 79ce87e14e5bce5
7b82d65ed38fc5e0c)
                     - stubs 
(Directory, 13c0f43f0b3291bdf
90f15a3ae152217)
                       - 
stubs.h (RegularFile, 2bec458
bfcd64b392416608f12b8fa35)
                       - 
StubView.h (RegularFile, 8f07
f621bfa008900bf39a1f02c39708)
                       - 
StubViewTree.h (RegularFile, 
7626cb5033e592042e028d028f7d6
0ce)
                     - 
TelemetryController.h 
(RegularFile, e02b47b672471ab
9bda4cb5a91647902)
                     - 
updateMountedFlag.h 
(RegularFile, 257e782bd0520b7
b4c5ee721e721e1e8)
                   - 
observers (Directory, 608186f
e29e1bf2a72b0fc058479fe72)
                     - 
events (Directory, e4393af092
e020dddbd12c618d7301b8)
                       - 
EventPerformanceLogger.h 
(RegularFile, e2121604186ca03
dac89c63f45b57fa7)
                   - 
runtimescheduler (Directory, 
50dad6e6bb9216c2c4eda0fc1af7b
65f)
                     - 
primitives.h (RegularFile, fe
e1b98028bfefd4fa5679a0d87f5fa
0)
                     - 
RuntimeScheduler.h 
(RegularFile, 18731fd06c66bcd
32a843dfa30aff602)
                     - 
RuntimeScheduler_Legacy.h 
(RegularFile, 3a53a07a7540ebc
e4c98fbfae496824b)
                     - 
RuntimeScheduler_Modern.h 
(RegularFile, 18427efba89726d
5d41d87f573497208)
                     - 
RuntimeSchedulerBinding.h 
(RegularFile, 8cbe56f0c94dbd7
4ab59df85e04a71b4)
                     - Runtim
eSchedulerCallInvoker.h 
(RegularFile, d8e70fb77d5df8e
719bd7b45a633a8bc)
                     - Runtim
eSchedulerEventTimingDelegate
.h (RegularFile, d7e2db75d7e8
9795025a1d3b9d8fc5bf)
                     - Runtim
eSchedulerIntersectionObserve
rDelegate.h (RegularFile, dd0
e52592baa6b95430d3c485d565e1f
)
                     - 
SchedulerPriorityUtils.h 
(RegularFile, 3fa3ffd601c1cd0
261fb93fae19fcb5c)
                     - 
Task.h (RegularFile, 4c1f4583
c4e8e023eba5ce73307cbd0e)
                     - tests 
(Directory, c51edb077741ae7b3
97942807d8b3322)
                       - 
StubClock.h (RegularFile, c6f
812d793892e194743b4c3d43cb3a5
)
                       - 
StubErrorUtils.h 
(RegularFile, c42af1be4970482
80b2d8516fd2441cc)
                       - 
StubQueue.h (RegularFile, 078
5e1f651163fd9e7d2fd3bc06c866c
)
                   - 
scheduler (Directory, 41bf74a
0223ce0c9a05e83ecc6b387a8)
                     - 
InspectorData.h 
(RegularFile, 873bfb521d063b5
96e05d11fe11bdabf)
                     - 
Scheduler.h (RegularFile, d29
89d0481ad43610786cc98fc74c4ce
)
                     - 
SchedulerDelegate.h 
(RegularFile, 1d3b608315e9245
f7c03880499fd1daa)
                     - 
SchedulerToolbox.h 
(RegularFile, b35e74b18c7b10e
bf784ebe409ddef5d)
                     - 
SurfaceHandler.h 
(RegularFile, 780cdcbf272b257
35c3d5de0bf21dc27)
                     - 
SurfaceManager.h 
(RegularFile, 1aff62020ac26bb
abfe5ded1a82be75f)
                   - 
telemetry (Directory, 2ff4dbd
244456d6e8fcbd7d4f1fd6373)
                     - 
SurfaceTelemetry.h 
(RegularFile, db11a3f974dff7c
06340148d17bde651)
                     - 
TransactionTelemetry.h 
(RegularFile, 97d0a0606f78968
88ef3f6fdbd3e3921)
                   - 
textlayoutmanager 
(Directory, 5a9cee3da926fecd4
2e5052867a4cb3a)
                     - 
JPreparedLayout.h 
(RegularFile, 02992f1b89be3a0
e0b1316f354d834e8)
                     - 
platform (Directory, f78a4ff5
934b939cbedb13dd63ccb8e4)
                       - 
android (Directory, adc17d8d2
4cbe00e76b905435b987196)
                         - 
react (Directory, bfbe6b9fdf4
327539bd278129e40f243)
                           - 
renderer (Directory, 2addc6cd
19f2035ff0315b1ede772e72)
                             
- textlayoutmanager 
(Directory, 97e955eeb4fa2a95b
ff4151da264b22a)
                             
  - JPreparedLayout.h 
(RegularFile, 02992f1b89be3a0
e0b1316f354d834e8)
                             
  - TextLayoutManager.h 
(RegularFile, 4581f5fec313969
71f67540e46af34ec)
                       - cxx 
(Directory, 8239fb049b9d14fe4
2b2b1eda85a860c)
                         - 
react (Directory, 23446d0d7fb
7976d7026fb7665c7316a)
                           - 
renderer (Directory, df537112
66b9cdec443b1b505fd1ed31)
                             
- textlayoutmanager 
(Directory, 617755d8cf8221d3e
b1c51bce6a2f7c2)
                             
  - TextLayoutManager.h 
(RegularFile, b5351bd58be953a
625f415221e9b8cd4)
                       - ios 
(Directory, c91154ead11f0bc65
5afeab3bd0bbf36)
                         - 
react (Directory, e999a274616
6a22a8e1e761edb8d4cd7)
                           - 
renderer (Directory, 28a6de30
d2e032ef84e9bc66120bd125)
                             
- textlayoutmanager 
(Directory, ebdda3b8306c65782
d70efcba0673fdb)
                             
  - RCTAttributedTextUtils.h 
(RegularFile, 8e7b57073dd788b
e042f8a7eaa860745)
                             
  - RCTFontProperties.h 
(RegularFile, 069cfd10fe2cec9
a9bcfc4513425616b)
                             
  - RCTFontUtils.h 
(RegularFile, 61b14743026b89e
74858b79d2491c4c8)
                             
  - RCTTextLayoutManager.h 
(RegularFile, 76aaeabde159508
c18b2029172afc5a5)
                             
  - RCTTextPrimitivesConversi
ons.h (RegularFile, 58b648417
bb83d0e00f3970c91d61a91)
                             
  - TextLayoutManager.h 
(RegularFile, 7576e7d547cf232
1db1b6e1ecf790ea8)
                     - 
TextLayoutContext.h 
(RegularFile, d8835abed0bf51c
7aa4e0e82c5d843cd)
                     - 
TextLayoutManager.h 
(RegularFile, 4581f5fec313969
71f67540e46af34ec)
                     - 
TextLayoutManagerExtended.h 
(RegularFile, b99648c71b79960
c002a220d040f127f)
                     - 
TextMeasureCache.h 
(RegularFile, 196a431707f9f69
6913fbf0be249bcd0)
                   - 
uimanager (Directory, 3c3421a
5b2bee5f2110488b63975ea45)
                     - 
AppRegistryBinding.h 
(RegularFile, 1613bc2c37a741a
17c811459a9aa50b9)
                     - 
consistency (Directory, 20e29
c6e2551e286bfd3623e47e99c61)
                       - Lazy
ShadowTreeRevisionConsistency
Manager.h (RegularFile, 54e8e
3f1decc9d11e00a9c7a331057e6)
                       - 
ShadowTreeRevisionProvider.h 
(RegularFile, 6a51f91ce053774
f81334d0d9698af6c)
                     - Layout
AnimationStatusDelegate.h 
(RegularFile, f6933fa15be9f01
ddb13c8210b13e3bf)
                     - 
PointerEventsProcessor.h 
(RegularFile, 73810a22c717a52
f0c299639f2e06a91)
                     - 
PointerHoverTracker.h 
(RegularFile, 950b32ab6f351d3
188d5081f8bef1c90)
                     - 
primitives.h (RegularFile, 17
a3a9923fff4500819a5205f8c3a44
4)
                     - 
SurfaceRegistryBinding.h 
(RegularFile, e5ea67d137b28c1
ea96aaace5890949d)
                     - 
UIManager.h (RegularFile, fd0
91eed823dd035d4127a1548ef57a1
)
                     - 
UIManagerAnimationBackend.h 
(RegularFile, d376becb37ded6f
c5420be5726d1600a)
                     - 
UIManagerAnimationDelegate.h 
(RegularFile, 770cccd723266ca
746ff6233dc6ca053)
                     - 
UIManagerBinding.h 
(RegularFile, 4aff2f93e148de8
6cf252c33fc44fcab)
                     - 
UIManagerCommitHook.h 
(RegularFile, 689e9acd42e0a3c
fefe0b122a316b633)
                     - 
UIManagerDelegate.h 
(RegularFile, 494794874dfc030
43f61e25b6507aed1)
                     - 
UIManagerMountHook.h 
(RegularFile, 2ff6829b328cab9
80afef888317136d6)
                     - UIMana
gerNativeAnimatedDelegate.h 
(RegularFile, 67fb6594cd9de9c
ab839bed626bf855f)
                     - UIMana
gerViewTransitionDelegate.h 
(RegularFile, 693d3b928539a1c
aa9ed8d329b3f0f52)
                   - 
viewtransition (Directory, bd
56ae47a6256c2350b38da9e5f4a31
6)
                     - 
ViewTransitionModule.h 
(RegularFile, bf3e5b274147e66
d244f283d955dce30)
                 - runtime 
(Directory, 2e0ae2b7710189aa8
065102407dd75e6)
                   - 
JSRuntimeBindings.h 
(RegularFile, 5eb35c6411d18a5
35f33858e69194913)
                   - 
JSRuntimeFactory.h 
(RegularFile, 1944543889f6850
c528c9d9382e732c1)
                   - 
JSRuntimeFactoryCAPI.h 
(RegularFile, 6c12041952be61d
7787de754c0ba478f)
                 - timing 
(Directory, 16eaaa45cfc331cd5
6721faa70e84a1b)
                   - 
primitives.h (RegularFile, f8
9d23bec802a79d7f8addebcd35ecb
0)
                 - uimanager 
(Directory, d42b125c6dee730e1
34feda9973a7e43)
                   - Componen
tNameResolverBinding.h 
(RegularFile, a612242c9a7ae73
a5c8cf73437f871af)
                   - 
StateWrapper.h (RegularFile, 
a9c809563d0ee048253b02d9e7993
c92)
                   - 
UIConstantsProviderBinding.h 
(RegularFile, 83fe80689661a36
1a14569eedc52bbc9)
                 - utils 
(Directory, bd9078cec9b4779a8
ed3e3c022773f03)
                   - 
Base64.h (RegularFile, 0ab7ca
6c8568b9dadfd74bcfc9c4eb92)
                   - 
ContextContainer.h 
(RegularFile, 53aa4f10ee5edf9
b43f6f9ba178eddf1)
                   - 
FloatComparison.h 
(RegularFile, d88c6c98d0e4301
bcb5cb7480194e080)
                   - fnv1a.h 
(RegularFile, dbb940f5a791a19
dbde5e0800a4a792c)
                   - 
hash_combine.h (RegularFile, 
f16ed2a902e0c7c11fd7cbd83eba8
7d7)
                   - 
iequals.h (RegularFile, 58263
195135b9945724806fa1a122fd7)
                   - 
jsi-utils.h (RegularFile, c72
9e2a833d0f2c447990233331fa21d
)
                   - 
ManagedObjectWrapper.h 
(RegularFile, f6a3d7f0cd25548
4d04ed10bb274901d)
                   - 
OnScopeExit.h (RegularFile, 3
8a6314ebd15dfcb8837af3ec2b174
cb)
                   - 
PackTraits.h (RegularFile, ad
089ed08fa40988529590dbbd3a158
8)
                   - 
platform (Directory, cd549c71
62538bc0657db8cda1a48a69)
                     - 
android (Directory, 22b3840aa
ff0e7848c71bb87895d4596)
                       - 
react (Directory, a58b2c6ccf2
456dafeb8be75e49f3155)
                         - 
utils (Directory, 532c14b6463
23d0c3203b56f9975b033)
                           - 
LowPriorityExecutor.h 
(RegularFile, eb3988953a44558
23f36f9e5e241e1d5)
                     - cxx 
(Directory, e2fba6a2bfa37683f
1a8576c83a7e1c6)
                       - 
react (Directory, 47e88d6b72f
abd5056b81f57cb28dbc0)
                         - 
utils (Directory, 4d29c12e266
d14ee1458baa26ed32542)
                           - 
LowPriorityExecutor.h 
(RegularFile, f3071f3d2516eb6
9eebcac1a9540d45c)
                     - ios 
(Directory, ba1c1bcb9aa300701
2ecb352a10f9a9d)
                       - 
react (Directory, b431eebb558
1dae47a76da4bb4b47b9f)
                         - 
utils (Directory, 1c7e1c76fa2
09591eb77b798722c46a5)
                           - 
FollyConvert.h (RegularFile, 
cb15e905b91bed493f6f6642e4446
9bb)
                           - 
LowPriorityExecutor.h 
(RegularFile, 22e06fca85f8e12
ad8d243c11292670d)
                   - 
RunLoopObserver.h 
(RegularFile, 083f385d5491320
87cf527202794b604)
                   - 
SharedFunction.h 
(RegularFile, 29190f6b166351d
e098645a5520ebaad)
                   - 
SimpleThreadSafeCache.h 
(RegularFile, 258fd452e68cf55
c39b5cfad7cfc0ef1)
                   - 
Telemetry.h (RegularFile, 4b2
c93fa880380f960d0dccef31e22b4
)
                   - 
TemplateStringLiteral.h 
(RegularFile, e7d7ce9beafa1ea
8f4b2e8df74af1cc3)
                   - 
to_underlying.h 
(RegularFile, d00f519bb9c0533
fecd9f97814e084b4)
                   - 
toLower.h (RegularFile, ec765
177e828db9697c49508d771fa17)
                   - Uuid.h 
(RegularFile, ca258fe1db815ee
3291d696dc2172a51)
               - ReactCommon 
(Directory, 4540744af6b3e17b0
7d471d88a4566cd)
                 - 
BindingsInstallerHolder.h 
(RegularFile, f38903ac31de6a4
0a84a385d89f3a5d8)
                 - 
CallInvoker.h (RegularFile, 5
72ea9812e3e3d9d63e72a3975b289
c3)
                 - 
CallInvokerHolder.h 
(RegularFile, 33336bd252fba67
83f2a717df0be270f)
                 - 
CxxReactPackage.h 
(RegularFile, 40c2ce51deab0a2
7ee412e298a767168)
                 - 
CxxTurboModuleUtils.h 
(RegularFile, 4012cf208610a22
c8f7f4299072ba755)
                 - 
JavaInteropTurboModule.h 
(RegularFile, 4ffd968cc8cc996
c2fb306421be153d9)
                 - 
JavaTurboModule.h 
(RegularFile, 0692a6ddd86bb37
e7debc0edff6a06c0)
                 - NativeMeth
odCallInvokerHolder.h 
(RegularFile, 453758c400c2983
3a194ff004e9bdec1)
                 - 
RuntimeExecutor.h 
(RegularFile, 8c12d8be4962d42
a48b60d3e60e4b849)
                 - 
SchedulerPriority.h 
(RegularFile, d6c50648507eaba
a7752575c3e50e99a)
                 - tests 
(Directory, 039b8eed86d39bdb9
2cc0de8b67a52db)
                   - 
TestCallInvoker.h 
(RegularFile, f52815f11404fc1
a355dfd95ce34b49c)
                 - 
TurboModule.h (RegularFile, 9
d1a00a1b119f7317a7d9ed3d58cbe
b9)
                 - 
TurboModuleBinding.h 
(RegularFile, 5dfeb2bb3af5ad8
e1082b5a0dd7f83ee)
                 - 
TurboModuleManager.h 
(RegularFile, c6a61f2b9b42c33
ab1e4255262828964)
                 - 
TurboModuleManagerDelegate.h 
(RegularFile, c65436f7c71edaa
3efc2b5f1a9d4a738)
                 - 
TurboModulePerfLogger.h 
(RegularFile, d587802c9fcdb79
1865e7cae9194e08d)
                 - 
TurboModuleUtils.h 
(RegularFile, 8e60ecfaae448a3
4af0852377a55fce9)
                 - 
TurboModuleWithJSIBindings.h 
(RegularFile, 4094ab30c789124
7e606e8692ea00739)
               - rncore.h 
(RegularFile, 843c419d1d2b935
a7cb14c7745494aa4)
               - 
ScopedGlobalRef.h 
(RegularFile, e4b73a94f2401cf
8eddbe066fb740e37)
               - 
ScopedLocalRef.h 
(RegularFile, 3d5ae2f1e66d773
20b8bde4eb44e0c60)
               - tests 
(Directory, d12f74af5abfe2b11
c3533f633c1caf2)
                 - 
TurboModuleTestFixture.h 
(RegularFile, 63b65225d4343d9
74d039387999e6a78)
               - YGJNI.h 
(RegularFile, 51f6546f507cc86
0287c4b69c6e1f490)
               - 
YGJNIVanilla.h (RegularFile, 
8ad3ad204ee5dad807e2b7f32c401
6be)
               - 
YGJTypesVanilla.h 
(RegularFile, f8b536e55d12960
d1c401a6abfa4abdf)
               - yoga 
(Directory, 7bcd8fac5b68911fc
4f75577b64f682c)
                 - algorithm 
(Directory, d4bc2836aeb265008
e476a1b5e8c3875)
                   - 
AbsoluteLayout.h 
(RegularFile, c70285bfc70c80e
1224599257511d76a)
                   - Align.h 
(RegularFile, 2c2524803196abd
9328ba8939f9c0806)
                   - 
Baseline.h (RegularFile, f57a
122171798c03d7cd100a226b682b)
                   - 
BoundAxis.h (RegularFile, 7a7
be37537b32d241179dd0cc18a288e
)
                   - Cache.h 
(RegularFile, b3fe4cf73f340df
8e9e2b4d4a0272dc5)
                   - 
CalculateLayout.h 
(RegularFile, e350a09de21af81
883439e6d454d14d4)
                   - 
FlexDirection.h 
(RegularFile, 9cdb1f81083126b
b40f8b80a1862d0b1)
                   - 
FlexLine.h (RegularFile, 70ca
616f64e4a91e6ff0d366f49d082a)
                   - 
PixelGrid.h (RegularFile, d3b
673f0e3eb0dee89036c730351c8da
)
                   - 
SizingMode.h (RegularFile, 6b
e842a7ab01a99b0dcfdf953648962
4)
                   - 
TrailingPosition.h 
(RegularFile, d5454d03381252d
d31dbdfc1e32cfa24)
                 - config 
(Directory, b48e24385ce28bde5
359c877ed00157f)
                   - 
Config.h (RegularFile, aba80e
5a9503f0be4d3ec1fa6cb0b66d)
                 - debug 
(Directory, 3035f632ff17ee742
af9fa61a5359e20)
                   - 
AssertFatal.h (RegularFile, 0
58372053e0c6f1d2623f0419c3e1c
3a)
                   - Log.h 
(RegularFile, fa7c31b45559a8a
f4f8938a9b0b7d99f)
                 - enums 
(Directory, 5b377e4a7441b97c8
cb84a7170f59c04)
                   - Align.h 
(RegularFile, 7a8bcbd26f3cc50
e11a2492966623913)
                   - 
BoxSizing.h (RegularFile, d5b
5e46c2e060ba47d3f82b9af3e2abd
)
                   - 
Dimension.h (RegularFile, bdf
66a19d043c4d88441f13a57ed673d
)
                   - 
Direction.h (RegularFile, fff
54af3f9ece7a2f34702ac595b8618
)
                   - 
Display.h (RegularFile, 09873
c84afbbc7ba0eded46273b4fa7f)
                   - Edge.h 
(RegularFile, 79565c287a1b02c
462f815c81cdf3994)
                   - 
Errata.h (RegularFile, 9dce91
0c066bdabe513586e53a4596b5)
                   - 
ExperimentalFeature.h 
(RegularFile, c1977e407c369f2
66977251695a27f96)
                   - 
FlexDirection.h 
(RegularFile, 594cc1c0395f2a1
a96dc5cf930147431)
                   - 
GridTrackType.h 
(RegularFile, 94f6e9e3d0830a8
15881f50dfb28d951)
                   - 
Gutter.h (RegularFile, 38a269
843ed744af02f0449ae6d27b3a)
                   - 
Justify.h (RegularFile, 11307
265e776c9e81f9afc0d81ed990b)
                   - 
LogLevel.h (RegularFile, 0a6a
9ffbdb141b1585da902d996c6205)
                   - 
MeasureMode.h (RegularFile, a
841de0b92dfdb0436dd674399ee1f
18)
                   - 
NodeType.h (RegularFile, 4c06
79dbab6f262a275b2923c61e9e08)
                   - 
Overflow.h (RegularFile, 26b3
7a27e186b73a21964ccdaaafbaca)
                   - 
PhysicalEdge.h (RegularFile, 
c722339705f9e8a18eb20795b9233
e22)
                   - 
PositionType.h (RegularFile, 
ef4646489a5151fa6ef92d8375b41
3bd)
                   - Unit.h 
(RegularFile, 8f0c8c7c6b20581
45a1f8a80e488710d)
                   - Wrap.h 
(RegularFile, e64c0fe3c8c6ee3
ab1a60faf15e79332)
                   - 
YogaEnums.h (RegularFile, 4cd
5515e964eeb206eb7a3662d2981da
)
                 - event 
(Directory, 46b00922404e1dfcf
7dba6f5f9221ce1)
                   - event.h 
(RegularFile, c279062a392b937
65955f50693f0ddd8)
                 - node 
(Directory, 0dbd7b648e2714281
3140def008d8406)
                   - 
CachedMeasurement.h 
(RegularFile, 3f967449563f395
8864882b15d76a326)
                   - 
LayoutableChildren.h 
(RegularFile, a0528d084dd7deb
5f1394fcf25089e52)
                   - 
LayoutResults.h 
(RegularFile, 2e0856046274b0c
d8a61f1e6286b1e22)
                   - Node.h 
(RegularFile, 07974bcd9525e70
eb6e8b3da781060e6)
                 - numeric 
(Directory, d2f68f7d89873c4ee
6b24aee8af91330)
                   - 
Comparison.h (RegularFile, bc
009730c2fca02b0967fbef9f659ca
2)
                   - 
FloatOptional.h 
(RegularFile, 31f4119815cc8f1
d9e874561ca5c7d66)
                 - style 
(Directory, a09bf3ac266f22455
e59e17cde18ba9c)
                   - 
GridLine.h (RegularFile, 7787
4c2fa3d30b07da04d89da5f010fb)
                   - 
GridTrack.h (RegularFile, 702
285ce45246c8f2b348bb42561fb3d
)
                   - 
SmallValueBuffer.h 
(RegularFile, 2e94a0aa18af6aa
3b81dcd99c75cacd5)
                   - Style.h 
(RegularFile, 6e21660ae4f142c
22190d6a14c368ffb)
                   - 
StyleLength.h (RegularFile, d
bad195b8537419d443327b269f4f7
e0)
                   - 
StyleSizeLength.h 
(RegularFile, 4a177b1c77acc22
d38a412ead1cfc6f5)
                   - 
StyleValueHandle.h 
(RegularFile, 3a47cd16ef003d3
a980f8779dd18a94a)
                   - 
StyleValuePool.h 
(RegularFile, 440d241eb9484c3
0ffac529a9ec2a482)
                 - 
YGConfig.h (RegularFile, 6d64
d39d769763feab572ecbd0822472)
                 - YGEnums.h 
(RegularFile, 389a9f72d86ee90
bac0d08a8683d69e6)
                 - 
YGMacros.h (RegularFile, cc9f
f9ad0e5c23dadbefdcb66c6d302c)
                 - YGNode.h 
(RegularFile, c34ccfd35ef37a8
8cd56bfb089447063)
                 - 
YGNodeLayout.h (RegularFile, 
9c8601c284aae9bac9072e97ed68b
ce8)
                 - 
YGNodeStyle.h (RegularFile, f
d3655334a743fbb393ffa26bf98cc
ab)
                 - 
YGPixelGrid.h (RegularFile, 0
583670452e25fd9a7be9f755fe3eb
f7)
                 - YGValue.h 
(RegularFile, 5ebe1ff1d3e563a
d58dc226c52e38b03)
                 - Yoga.h 
(RegularFile, c78914ab683feb0
94c774cd45de4880d)
               - 
YogaJniException.h 
(RegularFile, a076a185cc4ff00
fa15f3917c8a6e7af)
             - libs 
(Directory, 4ca34fdc3a75f3465
9c70f56920b5471)
               - 
android.arm64-v8a 
(Directory, 72d105f2e3a5332ed
bcc9a9f0a2121c9)
                 - abi.json 
(RegularFile, 7d6cbc9c9c339dc
c2b4d809c1468b60b)
                 - 
libreactnative.so 
(RegularFile, 3b935ef6e4d9ffa
3e9546b5a7a0c6e0f)
               - 
android.armeabi-v7a 
(Directory, beeb397a40b3a3662
8ad73e1e110c834)
                 - abi.json 
(RegularFile, ada5feb912d85bf
24a5b18185cdddbe0)
                 - 
libreactnative.so 
(RegularFile, bdbb77126e2045b
11b47e9807f2af466)
               - android.x86 
(Directory, bd47edff67efa68b0
1202c4c222b0f25)
                 - abi.json 
(RegularFile, 3708b5a00bd7d0d
7ee0c7e0f858e6b61)
                 - 
libreactnative.so 
(RegularFile, 91f5d6100f539c3
279c09e4b2cc8594b)
               - 
android.x86_64 (Directory, 58
15ee45f76f6bbfb7b797d35e790fc
6)
                 - abi.json 
(RegularFile, 3dcf04e20ecaf83
12cf7ec366ca2f16e)
                 - 
libreactnative.so 
(RegularFile, 731674f2c502955
8754b9af6edb6f09c)
             - module.json 
(RegularFile, 671bdf9ad4e8e70
686464d3f36b98c9d)
         - prefab.json 
(RegularFile, 690cf8084736072
db3920dffb5b46be8)
       - proguard.txt 
(RegularFile, 49d603b48fce184
a96e29ed2ca985933)
       - R.txt (RegularFile, 
16b9988448669d0dc70469a305bf0
867)
       - res (Directory, a2c3
b6396e171e0186336e8bafb4cc5f)
         - anim (Directory, 1
043ca6cf2d6568106bcc7c67023f1
7c)
           - 
catalyst_fade_in.xml 
(RegularFile, 049913168e4f5b3
4d13d85457e832600)
           - 
catalyst_fade_out.xml 
(RegularFile, 499563030b5651f
9e76f945bd0a04fed)
           - 
catalyst_push_up_in.xml 
(RegularFile, de662ef8676ae18
13a5baa16e2fc12c1)
           - 
catalyst_push_up_out.xml 
(RegularFile, c5ea59d394760ca
bd8845d88bf8928a8)
           - 
catalyst_slide_down.xml 
(RegularFile, 3560ac7fb051ac0
27d1a4d54e1f6e5d9)
           - 
catalyst_slide_up.xml 
(RegularFile, b5ec737aa2597fd
cf203ef2c6a1463b1)
         - drawable 
(Directory, eea710e0f8a198068
db4fbb57e53d013)
           - 
ic_perf_issue.xml 
(RegularFile, 1f241d656dd9259
2d1736bfe153930f9)
           - paused_in_debugg
er_background.xml 
(RegularFile, a32f8ef21e913ea
dacd50a4d2a46e5ce)
           - paused_in_debugg
er_dialog_background.xml 
(RegularFile, db7f2ef0451366d
58b9a5783aa31bcb8)
           - redbox_top_borde
r_background.xml 
(RegularFile, e1c8b4f7e3a4c1d
fee29e1d5563b59c3)
           - 
ripple_effect.xml 
(RegularFile, e52a16900ae5a78
6030b68b2cbac215f)
         - drawable-hdpi-v4 
(Directory, d44a0ba1ba1132a5d
ed74b31617e2f80)
           - ic_resume.png 
(RegularFile, 2d06836a2acf45d
3ed80f260f42ffed2)
         - drawable-mdpi-v4 
(Directory, 94faf80e854acf173
b583771794a3d5f)
           - ic_resume.png 
(RegularFile, a7f1fef4c8ee50f
ef70f44d67e97c07f)
         - drawable-xhdpi-v4 
(Directory, a6a1b2db9638282ed
66c3e1c64018b89)
           - ic_resume.png 
(RegularFile, d6ff2ae8cf3fa49
48adb85e7104e6cff)
         - 
drawable-xxhdpi-v4 
(Directory, b5a8557d16a24ea72
63f1330499bbfa0)
           - ic_resume.png 
(RegularFile, f20518475749dfa
8f77f21eec30d8a85)
         - 
drawable-xxxhdpi-v4 
(Directory, 30a32845e6b6a72b5
558dfd3a1d6359d)
           - ic_resume.png 
(RegularFile, a7ec2a58494fafa
7086a6bd82c32c607)
         - layout 
(Directory, ce8b9afa8e265811f
b8dbc40ac565e49)
           - 
alert_title_layout.xml 
(RegularFile, d7d930aa1c1ac79
1afde5ac0e9348470)
           - 
dev_loading_view.xml 
(RegularFile, 97e1c30f1b2c82f
95780fef1dde1ed36)
           - fps_view.xml 
(RegularFile, a3ce8ea279c5912
a74e8d64c7575f71a)
           - 
paused_in_debugger_view.xml 
(RegularFile, e266c90335f8668
0b2827d292a3b5f7d)
           - 
redbox_item_frame.xml 
(RegularFile, 9416bfc935f1497
0c15b8aa5f9333f59)
           - 
redbox_item_title.xml 
(RegularFile, 1fca3d6775c0a17
708909cef490865fa)
           - redbox_view.xml 
(RegularFile, ad5ded68991f0cc
e1887ffc7ad8e9d30)
         - values 
(Directory, d069e6cdb3c1f389e
dc1a08c5e4e59db)
           - values.xml 
(RegularFile, 229cd341fabdf9f
35d32fe1b7bb63731)
         - values-af 
(Directory, 05c204734415a15d1
ddbe5d055fd2ad5)
           - values-af.xml 
(RegularFile, 51a6868eb3eb69a
04bb84fd5e54e60a7)
         - values-am 
(Directory, ae3cc6ff12dc9d6fb
b79e8c65908f65f)
           - values-am.xml 
(RegularFile, ea6a7833cb3e846
3fc3f1fe98cf1c2a1)
         - values-ar 
(Directory, ceafcfafd5c05a231
456a13ff7c220e3)
           - values-ar.xml 
(RegularFile, dcd141f768b486e
b8f8e0cee8b1c4d31)
         - values-az 
(Directory, 2a438d26bc97fd9ce
04ee924ef2d3c7c)
           - values-az.xml 
(RegularFile, 761c011de35d049
76a20b2ccd36f4ae9)
         - values-be 
(Directory, 17f940c4fd87abeda
ea26c2f621dc6fc)
           - values-be.xml 
(RegularFile, 35b54b31ab01f8b
f04a3fc831fe5f44a)
         - values-bg 
(Directory, efbaf4457d300050b
1b727c2d52443a9)
           - values-bg.xml 
(RegularFile, af71988d09a1d02
59915bdd122fe364f)
         - values-bn 
(Directory, 8bd8599593d6e4671
248ba6aff384515)
           - values-bn.xml 
(RegularFile, 0075a2ffc8defa9
9bbc4d23d3d21b5e9)
         - values-cs 
(Directory, 61e48152bb1460548
da97380293a220c)
           - values-cs.xml 
(RegularFile, 97807538d2fd808
9187b2a21f9b5731d)
         - values-da 
(Directory, 9bf4f7d03e0c1d54f
f2731238c20d4b0)
           - values-da.xml 
(RegularFile, b24710ffaca6a78
a6bc71d74b55cfe35)
         - values-de 
(Directory, e614effdfa888a231
d557424e2cf5cd9)
           - values-de.xml 
(RegularFile, 0426282e683e692
2b24ed62204ec21e3)
         - values-el 
(Directory, cdf28ae895b6bbc2b
6c0134cf5d41b33)
           - values-el.xml 
(RegularFile, 05cd9986c82ee21
10ba26f8cef9a0d75)
         - values-en-rGB 
(Directory, 8112b45f956e85f90
1cdd7eac5e0dd47)
           - 
values-en-rGB.xml 
(RegularFile, dfc876d90bbe141
7ef81979b87eb8a3d)
         - values-es 
(Directory, 14d4d39d71aeaecfa
267cc278be1cd8d)
           - values-es.xml 
(RegularFile, 1ded6c1739bbd3c
23183afe3f47211e7)
         - values-es-rES 
(Directory, a0df0d4559167731f
a9d88ae8cbf4341)
           - 
values-es-rES.xml 
(RegularFile, b6655cda7599a5c
c1ae3ee6a11390cbf)
         - values-et 
(Directory, 4176646c8fe9a1c79
f8d87b37e3c4dfb)
           - values-et.xml 
(RegularFile, 5ff07572c428214
84cf12619ef66dc9a)
         - values-fa 
(Directory, 4dc392fb074ffb344
4c31854db1d0d75)
           - values-fa.xml 
(RegularFile, d19bf4a8adcd91c
eba23792a9535ed8e)
         - values-fi 
(Directory, a067232eb8d62932d
2e9c549b7afe7c8)
           - values-fi.xml 
(RegularFile, 2c8d76efcc25c89
50fdfa64d691f347f)
         - values-fr 
(Directory, 4801f133b96338db1
a15b030c63957d1)
           - values-fr.xml 
(RegularFile, 43ef552492d32e6
55e05674ab7e6d868)
         - values-fr-rCA 
(Directory, bbf8b961d9503311e
5707caee2664c73)
           - 
values-fr-rCA.xml 
(RegularFile, 23a19fa1d02ba52
ab4a371e996f99b15)
         - values-gu 
(Directory, e25450f8c3ed27edb
95ed6994f7f41ac)
           - values-gu.xml 
(RegularFile, cb0ed3aa9435d6e
ec92a96df46a9c4c3)
         - values-hi 
(Directory, 72ef1e6319c458d33
9d13fc5e5b92ac0)
           - values-hi.xml 
(RegularFile, c87cc860d1b8709
d44fc4972cbef2dd2)
         - values-hr 
(Directory, ee4450df92d70b0ba
bcf3bb2bf69a02a)
           - values-hr.xml 
(RegularFile, b1f0648f142a7f4
d04a62371817696c2)
         - values-hu 
(Directory, 95a3cbeb64de518c3
cb81f9ae43f87c1)
           - values-hu.xml 
(RegularFile, 2e6d5563224adc7
6021c08266b78a05a)
         - values-hy 
(Directory, b839fa3e1d716471b
3dbbae128f2579e)
           - values-hy.xml 
(RegularFile, e31d2d070497f71
7f149bbe56a014daa)
         - values-it 
(Directory, f4804758eb7d3a3c4
916593cd7e0b06b)
           - values-it.xml 
(RegularFile, a625b9603ce0f06
e5fb71c42aa261b1e)
         - values-iw 
(Directory, 2597db342695388ad
237c6e72e3e2e55)
           - values-iw.xml 
(RegularFile, b1be948e78f5cbd
41759cec9adc0993b)
         - values-ja 
(Directory, dad48bd51a9e67446
6c2224fed0bc6b9)
           - values-ja.xml 
(RegularFile, 51452966c3abc61
f06ec9056590f2f00)
         - values-ka 
(Directory, a84e8ca581289ae55
5ee26d0e217e5bd)
           - values-ka.xml 
(RegularFile, 27181bf712bc9ca
d3d5e1528f9616553)
         - values-kk 
(Directory, 06cc5c0387d26dcaf
eed3ec2a3e1cd8a)
           - values-kk.xml 
(RegularFile, 207a0507268861d
4d94c4ee700d5dc11)
         - values-km 
(Directory, f04e97dee12e13eed
78f801249c48314)
           - values-km.xml 
(RegularFile, 770bea8ffcd168c
75c9a5f057250ffe0)
         - values-kn 
(Directory, 14bc73c994a820f70
7fa533faf389955)
           - values-kn.xml 
(RegularFile, 1d019c4011139d1
19bbe0efedf88f6b1)
         - values-ko 
(Directory, a1f9a747226349103
3a9705a0568ebfb)
           - values-ko.xml 
(RegularFile, 5cbfd4c80373369
11c7a48c98aee3e62)
         - values-ky 
(Directory, 465e0d07a0080924a
723be4574ac918e)
           - values-ky.xml 
(RegularFile, beb3b8164e71e15
9bdcd2c8b10f553ad)
         - values-lo 
(Directory, 620c265d1e7972e6e
076893402db30d6)
           - values-lo.xml 
(RegularFile, 8ca0f0e51846e8d
743599373fe2a7b42)
         - values-lt 
(Directory, 9aa5e0a56711f7def
efebe5673be229a)
           - values-lt.xml 
(RegularFile, c7ea62be97f926d
c96b75e36b8790822)
         - values-lv 
(Directory, ed551b5f5e09c546b
a4c4b422c6f3d26)
           - values-lv.xml 
(RegularFile, d3cdfdda16c5891
0d6c803de59bc484a)
         - values-mk 
(Directory, e4d8aacc28f9b917b
0cdec22ceebb3ac)
           - values-mk.xml 
(RegularFile, 200b20ba5607fd9
426d113a954c5285c)
         - values-ml 
(Directory, e93ebef23ed618bf9
6533cbe7091be98)
           - values-ml.xml 
(RegularFile, 7588a13f36706b2
a0c6315987d7d6d39)
         - values-mn 
(Directory, ab92a003e4ab06b4d
0661cf6512fd5d8)
           - values-mn.xml 
(RegularFile, 0b795c746171485
462b332990ac50cbf)
         - values-mr 
(Directory, 338db57be15b1d873
a1dc28c3cbe242a)
           - values-mr.xml 
(RegularFile, caee53f5b4418a4
8aa5e99ea8500d5b4)
         - values-ms 
(Directory, 9317c1c64edbf16b6
b14366c54947a56)
           - values-ms.xml 
(RegularFile, 83a766f980889e9
3799c4627937f3c65)
         - values-my 
(Directory, 20de636f92dec5c0f
3d3c0d0297b48f7)
           - values-my.xml 
(RegularFile, 64b2d158ba03152
e37d9037a9e136ae8)
         - values-ne 
(Directory, e98026cb140620e04
007981172c205ea)
           - values-ne.xml 
(RegularFile, a3c59d4400864e0
be8236af4c6d5f6c9)
         - values-nl 
(Directory, 1ae521ba073c3acdc
8897743595add37)
           - values-nl.xml 
(RegularFile, ada668248218b04
0f1c1327666ef11fa)
         - values-pa 
(Directory, 94574798b629ab96a
541c0cfc5dea89d)
           - values-pa.xml 
(RegularFile, e41dd012b30a26d
7879f8131ca6f7e70)
         - values-pl 
(Directory, 9774ddca828b3f34e
4b698e7fe1ab6e0)
           - values-pl.xml 
(RegularFile, e86cd8d13948d52
7ffe672f2b6871c92)
         - values-pt 
(Directory, 7f19cfce2e0ce4bd2
666beae44937a74)
           - values-pt.xml 
(RegularFile, f0b2524a812cbff
a5ec6f23179086e9d)
         - values-pt-rPT 
(Directory, 451cb1bc2e93b85a3
bf59d43fabcbef7)
           - 
values-pt-rPT.xml 
(RegularFile, efc2037bcedf998
9ecf3a6d37873eff3)
         - values-ro 
(Directory, 0b83e57b52450de96
be3faad963a9132)
           - values-ro.xml 
(RegularFile, d561212768c80f9
9cfc5ead831aedf91)
         - values-ru 
(Directory, c0e6c73ce25615036
f0ad5d3584f9a0d)
           - values-ru.xml 
(RegularFile, 4fa908f56cdea16
55f070feb85d3b6ba)
         - values-si 
(Directory, 4cab8e87eb54b3dec
4a0e50ebfa1dcca)
           - values-si.xml 
(RegularFile, 1a4a803a2378b90
d4db68b4c62e4c272)
         - values-sk 
(Directory, 67904a91f6daf1e04
062cefbb4e7c898)
           - values-sk.xml 
(RegularFile, f09a2b0364ca38a
c0d0fda84540ac759)
         - values-sl 
(Directory, 8f60d7d7b2d9902d4
7f49e64aefbdd9b)
           - values-sl.xml 
(RegularFile, 7d73e885f2c6fee
dcc952f0fb9e21e58)
         - values-sq 
(Directory, da20cd32f1a0dc827
51566a44edace07)
           - values-sq.xml 
(RegularFile, f2812089df59b97
d5a0af90dae03d888)
         - values-sr 
(Directory, 2455a07c5978dec76
e7e38fc1c89c62d)
           - values-sr.xml 
(RegularFile, a9e32b162193383
d9d2a66015c46f37c)
         - values-sv 
(Directory, 1f97bf7819b4475d8
e36885158704ef8)
           - values-sv.xml 
(RegularFile, bec733efff7d3f5
e029d4f736c4290c5)
         - values-sw 
(Directory, 71b0e4815beece446
8dd7fad9b778ffa)
           - values-sw.xml 
(RegularFile, 871a7d338296739
39de1c286bf970104)
         - values-ta 
(Directory, f417c9bf1ab6dd8e9
96bcd75f2d7d301)
           - values-ta.xml 
(RegularFile, 73ad10b9a5f23f6
7455002d200610bf0)
         - values-te 
(Directory, 1a3f210308593dd55
26208b05ac47ca3)
           - values-te.xml 
(RegularFile, 1c8e958963d5fa8
89559cc8804cf3abd)
         - values-th 
(Directory, fc8b7f96f4b7bd681
51a3bcf91a4cf4e)
           - values-th.xml 
(RegularFile, 6c65288a61565c7
3b6c6edf4cc5a4c90)
         - values-tr 
(Directory, 8f9bccb16f889cb70
f9c81fd115d5ad5)
           - values-tr.xml 
(RegularFile, 90c269a5cbe9a86
eec335ef74d1eed62)
         - values-uk 
(Directory, 7d398f1cda7239dc0
69e92563f519ada)
           - values-uk.xml 
(RegularFile, c207fc9f49af52f
8686325f47d05aca5)
         - values-ur 
(Directory, e4f6f0545d74a064e
69cc84ae607da90)
           - values-ur.xml 
(RegularFile, c2c2bbf89529c08
13809989065649c92)
         - values-vi 
(Directory, 17f30669941c3131c
0de15b81b09dc01)
           - values-vi.xml 
(RegularFile, 604abadf740694a
2bacdfa65f0bc7bea)
         - values-zh-rCN 
(Directory, 03cde88afa1d15572
bd81d6bed2c044c)
           - 
values-zh-rCN.xml 
(RegularFile, 4654c6d8aa65ac2
0a5efb0452950d197)
         - values-zh-rHK 
(Directory, 250e9e4e70f308c50
5139ed89217130d)
           - 
values-zh-rHK.xml 
(RegularFile, 43d172ef3a2f73c
981d8dc43b8cda7ea)
         - values-zh-rTW 
(Directory, 3fe92881aeb255d4e
518269c85e586ff)
           - 
values-zh-rTW.xml 
(RegularFile, 5f0b864e8d98eea
d9384aed1f09a9f6f)
         - xml (Directory, 2f
c2816dcea6fb0d2fcdd60c7b30ef8
e)
           - 
rn_dev_preferences.xml 
(RegularFile, 4616fffa9300399
4051a3177de04d88f)
  
  resultsFile:
   - results.bin 
(RegularFile, ba0325e0b7a2a8f
3b0a83ae2a9fc1a52)

   > The contents of the 
immutable workspace 
'C:\Users\MANCHEM HIMESH\.gra
dle\caches\9.3.1\transforms\2
36808c8bf210c3c94b02761828185
0c\workspace' have been 
modified. These workspace 
directories are not supposed 
to be modified once they are 
created. The modification 
might have been caused by an 
external process, or could 
be the result of disk 
corruption.
     outputDirectory:
      - transformed 
(Directory, 0d992cb2fcda7161e
7d4dc4772a16399)
        - 
react-android-0.86.2-debug 
(Directory, 2758cf226a68e2836
09e6f8a849aaa8b)
          - 
AndroidManifest.xml 
(RegularFile, bc52758a1ed35cb
cdf532886220d7473)
          - jars (Directory, 
0fb8799d1d1d622e59563fd5434f0
ce7)
            - classes.jar 
(RegularFile, 0fd380c1969912a
e5a418d98bbbe3c3b)
          - jni (Directory, f
d18cb3f753892b17fa08a8eeb41dc
fc)
            - arm64-v8a 
(Directory, c4c8c617a318332cf
eeb3392da8711fd)
              - 
libc++_shared.so 
(RegularFile, 83459cbc4d9c53c
52a0687579a0792f7)
              - libfbjni.so 
(RegularFile, 208f51ec29967ae
846f51db28d7683ec)
              - 
libhermestooling.so 
(RegularFile, 5ecde48aec5d21c
548f42dbd91ccb4a5)
              - libjsi.so 
(RegularFile, d80cfe76775f04d
55b9ea4eaa99b4a71)
              - 
libreactnative.so 
(RegularFile, fd4b5070cb920b2
36d480803d5cb5969)
            - armeabi-v7a 
(Directory, b064270591db5c79e
7e96c76000b1150)
              - 
libc++_shared.so 
(RegularFile, 6a619229cbdffd1
0a6932cd7ba53531f)
              - libfbjni.so 
(RegularFile, ef797d0f8561540
2190dde8c6dbc693c)
              - 
libhermestooling.so 
(RegularFile, 4830618096a2a25
3c2985967ed7887ea)
              - libjsi.so 
(RegularFile, 5a68ab1bc08873d
87599f5c2c51ba636)
              - 
libreactnative.so 
(RegularFile, bb1f4a795747157
52f0648a3a932470c)
            - x86 
(Directory, 46e169ebd0d723bc8
0c9801867cb822b)
              - 
libc++_shared.so 
(RegularFile, 2df4bae07cdca08
11ccf6bc1bd4d6273)
              - libfbjni.so 
(RegularFile, 03341f791dfcf73
05f8492090560c3e3)
              - 
libhermestooling.so 
(RegularFile, e83198d5db1cc46
446ce678c18c94ada)
              - libjsi.so 
(RegularFile, 949bd7adfaf342a
62afb9651a3ee4ae2)
              - 
libreactnative.so 
(RegularFile, 704e78ea72f61b0
8bcba61fa90bb259a)
            - x86_64 
(Directory, 02dcc4a9bae7b0ccc
77de805991f4c66)
              - 
libc++_shared.so 
(RegularFile, 42231dbd7e04cb2
0ceaa701caacbdced)
              - libfbjni.so 
(RegularFile, 6ddd563b2b5e106
96a4c1c113bb3cc42)
              - 
libhermestooling.so 
(RegularFile, f2b0ffc9f92a884
6768f5e30d62b04de)
              - libjsi.so 
(RegularFile, a131f0a58fe4b39
be30671c12f8352f0)
              - 
libreactnative.so 
(RegularFile, 80ec23cb022e32c
ec27f4d66ef109f00)
          - META-INF 
(Directory, 1802e81e38f5d3f7c
3df5675a9ce736a)
            - com 
(Directory, 4ef7245a55e0eae4d
ee166dc22d9d7e1)
              - android 
(Directory, 9a64a076490d79a5f
66942fbe5baff06)
                - build 
(Directory, d222f3ec41dbbd4d5
9ba014aa360740a)
                  - gradle 
(Directory, 32d0965c48cf7a49f
c788d451a791b37)
                    - 
aar-metadata.properties 
(RegularFile, 66ddefda749f8da
011be28a6f95799e4)
          - prefab 
(Directory, 0cdd951ca39a9eb6d
c6c9b4f13357150)
            - modules 
(Directory, 2bfa86d6fd98e7ac8
19719220c7c02f4)
              - 
hermestooling (Directory, 877
9e2c43b05180c4bc46c9dfd9f03e7
)
                - include 
(Directory, 29d50151a2da0f492
3120ee3f4ced0f8)
                  - hermes 
(Directory, 79ad0f219b2a30c93
c57dbc0d8f3dc82)
                    - 
inspector-modern (Directory, 
de8ba482d111c756be19926bc35d4
cfd)
                      - 
chrome (Directory, cec57c6539
eb3e814ffc2e8a494a44e8)
                        - 
ConnectionDemux.h 
(RegularFile, 10c87e1fdae9a18
e1600bda11796fb29)
                        - 
HermesRuntimeAgentDelegate.h 
(RegularFile, 205f74991bfca6b
89e6a2f6e0bab5945)
                        - Her
mesRuntimeSamplingProfileSeri
alizer.h (RegularFile, 050d91
58c82dbf3eeea368ef2bdd322a)
                        - Her
mesRuntimeTargetDelegate.h 
(RegularFile, 70059e786255bd5
bb8b308a9a62c537c)
                        - 
Registration.h (RegularFile, 
f32c6ebda58a958dec0e667251a23
6f4)
                - libs 
(Directory, 72e0c9b5377ac9892
79ee0f1c1294954)
                  - 
android.arm64-v8a 
(Directory, a06960e3760daaf2f
2dcaaed5ae2bfd4)
                    - 
abi.json (RegularFile, 7d6cbc
9c9c339dcc2b4d809c1468b60b)
                    - 
libhermestooling.so 
(RegularFile, def83d5552e8c1e
a580f7734ca24ccb0)
                  - 
android.armeabi-v7a 
(Directory, 078dccd214344b838
7e4cf3082a02eb7)
                    - 
abi.json (RegularFile, ada5fe
b912d85bf24a5b18185cdddbe0)
                    - 
libhermestooling.so 
(RegularFile, f8e8c36d849e21c
f087f932e555b055e)
                  - 
android.x86 (Directory, 88636
b69c3e7a80de669eaeffb4bd297)
                    - 
abi.json (RegularFile, 3708b5
a00bd7d0d7ee0c7e0f858e6b61)
                    - 
libhermestooling.so 
(RegularFile, a67e4414009266b
7131598024907c215)
                  - 
android.x86_64 (Directory, 57
b156d925faa684905553a3d8a79db
3)
                    - 
abi.json (RegularFile, 3dcf04
e20ecaf8312cf7ec366ca2f16e)
                    - 
libhermestooling.so 
(RegularFile, 97629db0949418b
a7e9e7f84814fe35d)
                - 
module.json (RegularFile, 671
bdf9ad4e8e70686464d3f36b98c9d
)
              - jsi 
(Directory, 4bc7f593feadd1693
01034cc396777c8)
                - include 
(Directory, 44c09feb09dd68070
fdb0b3086e73ff7)
                  - jsi 
(Directory, 02291c9f37dac9fee
98fe3d04cff82d9)
                    - 
decorator.h (RegularFile, e1d
899dec2e566582fa4d04a8e422c5a
)
                    - 
hermes-interfaces.h 
(RegularFile, ad95dc4faaa654c
f0c3c7c0582c329aa)
                    - 
instrumentation.h 
(RegularFile, 14c16bfff0a678d
26d4e8fa1df1e8788)
                    - 
jsi-inl.h (RegularFile, eae50
2e5efbcb457c44ff19f32d1c1f1)
                    - jsi.h 
(RegularFile, cf2882b1e3edc78
28f7cb37817f218f5)
                    - 
JSIDynamic.h (RegularFile, f0
13ce5573a00c2c6f6b6eea5fd42da
b)
                    - 
jsilib.h (RegularFile, b02f40
10e055c27cd882388319a067fb)
                    - test 
(Directory, b3b238fb5f9a5f427
4583262fee950e1)
                      - 
testlib.h (RegularFile, 70ca9
2eb6936e834e8f3b1d6e9430813)
                    - 
threadsafe.h (RegularFile, 52
83e91c7f4153c1fd14ce0b0b1f64b
4)
                - libs 
(Directory, 8df74efa801b7b33e
d702c550fffa442)
                  - 
android.arm64-v8a 
(Directory, b380bb77d43d19e00
837ef67e760899c)
                    - 
abi.json (RegularFile, 7d6cbc
9c9c339dcc2b4d809c1468b60b)
                    - 
libjsi.so (RegularFile, b395b
7f01b929fcc94d276409bb8e8ae)
                  - 
android.armeabi-v7a 
(Directory, cf16a3fb750cac524
b1789303b3f9da6)
                    - 
abi.json (RegularFile, ada5fe
b912d85bf24a5b18185cdddbe0)
                    - 
libjsi.so (RegularFile, f81fb
26536a57d4233826d56f1ae949f)
                  - 
android.x86 (Directory, a9774
76c5c1ea1764c4b81c56db92efb)
                    - 
abi.json (RegularFile, 3708b5
a00bd7d0d7ee0c7e0f858e6b61)
                    - 
libjsi.so (RegularFile, 7754e
5a06133b904f2f902f2bc3022e4)
                  - 
android.x86_64 (Directory, f9
36f160eb5c865f75e4afbd6277374
0)
                    - 
abi.json (RegularFile, 3dcf04
e20ecaf8312cf7ec366ca2f16e)
                    - 
libjsi.so (RegularFile, fc3e7
0fdf8b8aa1b53da6e7626539e2f)
                - 
module.json (RegularFile, 671
bdf9ad4e8e70686464d3f36b98c9d
)
              - reactnative 
(Directory, 7646c029d03baaa6b
312d7d022f52561)
                - include 
(Directory, 37258b6d32e93f419
cf3901b95db8d29)
                  - boost 
(Directory, b388c88bc8acb2b65
cb9bb1aa4c2de66)
                    - 
assert.hpp (RegularFile, 315b
321736d91ce76acef54ab3786077)
                    - config 
(Directory, 97326d28992c616e3
2c1a427293b9ffd)
                      - abi 
(Directory, 20707b307072ddcda
51dab7a96c0f2ec)
                        - 
borland_prefix.hpp 
(RegularFile, 09f61750bf53497
6b1bd429eb3fac50b)
                        - 
borland_suffix.hpp 
(RegularFile, 6ae82a267117036
5f93955ef53ed0939)
                        - 
msvc_prefix.hpp 
(RegularFile, aa2fcd37bacbdb7
98a559eec1d4ba703)
                        - 
msvc_suffix.hpp 
(RegularFile, 314b6715906c4b4
89bf37584d366fb7d)
                      - 
abi_prefix.hpp (RegularFile, 
400c1202d5027d7a47979e431330e
3e3)
                      - 
abi_suffix.hpp (RegularFile, 
049720d1196b96e51068b24ada68e
af8)
                      - 
assert_cxx03.hpp 
(RegularFile, 89a5256b3e61da1
bdf1d9ff71101ae78)
                      - 
assert_cxx11.hpp 
(RegularFile, da72050c39688b7
7b122afc1dab95b6a)
                      - 
assert_cxx14.hpp 
(RegularFile, e7fc6a0efc81b99
a80bf3be59b40450c)
                      - 
assert_cxx17.hpp 
(RegularFile, b6c26511d1ea206
d3a1b35e77731cd27)
                      - 
assert_cxx20.hpp 
(RegularFile, deaa8fc421babbf
da5d15d861fda09d4)
                      - 
assert_cxx98.hpp 
(RegularFile, d0250117c092ff1
fc5723ca6c9cdbe58)
                      - 
auto_link.hpp (RegularFile, 3
5011c62656d7df43e452ce784d9e5
38)
                      - 
compiler (Directory, 9206f514
a14626aa24efc55e26a27d7c)
                        - 
borland.hpp (RegularFile, 114
8996979f967f69f92cb356f6a6fab
)
                        - 
clang.hpp (RegularFile, e4eef
86666ccd2906a317dfac2e5bd34)
                        - 
clang_version.hpp 
(RegularFile, f513dfcdb4ef961
7af679135a1ac2253)
                        - 
codegear.hpp (RegularFile, 32
664e1584bb5a32ed55205b26cf9d3
1)
                        - 
comeau.hpp (RegularFile, b9ac
8b3285a1d2607028de8a32d603dd)
                        - 
common_edg.hpp (RegularFile, 
5c2560d2899b9fa4e48b132edca5e
7b3)
                        - 
compaq_cxx.hpp (RegularFile, 
bd3304b11c2e108b83c9ee00f58b3
1a5)
                        - 
cray.hpp (RegularFile, 703985
5fefb7e82400c33f82f3b5713a)
                        - 
diab.hpp (RegularFile, da3640
8bfc1dd30a3dce16f6e158e0b6)
                        - 
digitalmars.hpp 
(RegularFile, fb45b2e58e6aed7
4e26922be4c290699)
                        - 
gcc.hpp (RegularFile, 56a71fc
9eee637ae806f533104ef63a3)
                        - 
gcc_xml.hpp (RegularFile, 880
1405702f415103fdbaf6634fa3bea
)
                        - 
greenhills.hpp (RegularFile, 
ae45d9b0bc3ffc9acf0bf1ee23069
c13)
                        - 
hp_acc.hpp (RegularFile, 399b
014487e37384a90808a4c269f7f6)
                        - 
intel.hpp (RegularFile, 6959a
bc11c998a6a67f287930566959d)
                        - 
kai.hpp (RegularFile, 3d9c1ed
b72c82aaac6d1263e4253f3ac)
                        - 
metrowerks.hpp (RegularFile, 
723d658885f2817c31a01422340db
07a)
                        - 
mpw.hpp (RegularFile, 3cece58
4cfb51024546649f35fbd6480)
                        - 
nvcc.hpp (RegularFile, be6b5d
2fc851ba78cdaf579331c4b6c7)
                        - 
pathscale.hpp (RegularFile, 0
c75b0fa71ab44af711164fcc72915
b8)
                        - 
pgi.hpp (RegularFile, 147df31
a03a255bd29f38abab5189a7f)
                        - 
sgi_mipspro.hpp 
(RegularFile, a4175806092845d
4a3302c3e7bc7529b)
                        - 
sunpro_cc.hpp (RegularFile, b
e0b44a32f0f83d46cb54ae6cb2443
96)
                        - 
vacpp.hpp (RegularFile, 2793f
2052ed38ae77b9953077068c1f0)
                        - 
visualc.hpp (RegularFile, efe
9c953efc5bc7f86018a1ffcdc9516
)
                        - 
xlcpp.hpp (RegularFile, 7721a
38a386fb98f573960e1f4e11ec5)
                        - 
xlcpp_zos.hpp (RegularFile, 2
fee1e3f8d04719e5572e3a61ffd0d
29)
                      - 
detail (Directory, edccd672f0
cbc45bc7150d42f123108d)
                        - 
cxx_composite.hpp 
(RegularFile, ca491950979d216
0ce5e37dcc82250cb)
                        - 
posix_features.hpp 
(RegularFile, a28d43feaf30592
4e46daa9a2c29fe25)
                        - 
select_compiler_config.hpp 
(RegularFile, 33ad65568af7a5b
dbe9f2b799985de97)
                        - 
select_platform_config.hpp 
(RegularFile, 55f72da950c5d4e
099c49cf25ecb7440)
                        - 
select_stdlib_config.hpp 
(RegularFile, 05a566eca58afe8
60cd4efef4d374cd8)
                        - 
suffix.hpp (RegularFile, 43a1
f5761894f53657cf8d97f92b19b6)
                      - 
header_deprecated.hpp 
(RegularFile, 0cd8e8a8db8ae35
0b2fc895500a36c76)
                      - 
helper_macros.hpp 
(RegularFile, 58f56b01690486f
f906a05e48e249871)
                      - 
no_tr1 (Directory, d417118bca
99aeced1ebce15710c356f)
                        - 
cmath.hpp (RegularFile, eccad
eba333e4ab42a7819627247fe89)
                        - 
complex.hpp (RegularFile, 787
4eb0b2716fac8e49a56681dbbd55e
)
                        - 
functional.hpp (RegularFile, 
bf9f7ba60d5a4ffaeb8e863c1c6dc
e72)
                        - 
memory.hpp (RegularFile, 52f3
6fd227d6993ee9f31613fa69296a)
                        - 
utility.hpp (RegularFile, 5b1
2c420a2544ce01bb3314263f0d881
)
                      - 
platform (Directory, 74974e86
8c7d7c76fb366b058caabb3b)
                        - 
aix.hpp (RegularFile, cb809e9
8c2f8dbb9a4213b1a98783b4c)
                        - 
amigaos.hpp (RegularFile, 78a
032af809a18547de354d6ff3f60b6
)
                        - 
beos.hpp (RegularFile, a97892
590f51c6fdd8764f3bd88abba0)
                        - 
bsd.hpp (RegularFile, 91cce73
1989e4b8dd315673ce7ae75a9)
                        - 
cloudabi.hpp (RegularFile, 61
bc6baa468921894285e1a91c0667f
5)
                        - 
cray.hpp (RegularFile, 17a735
ccdab42302e34387c944cad8d9)
                        - 
cygwin.hpp (RegularFile, e036
008b57149041896af93872942732)
                        - 
haiku.hpp (RegularFile, d8368
6459f74bcc2477b7d57848d9f1d)
                        - 
hpux.hpp (RegularFile, 171975
8029941213752f20a15ccd29a1)
                        - 
irix.hpp (RegularFile, 8abc20
9a6c1c3fa44543abcc104838d5)
                        - 
linux.hpp (RegularFile, 35c69
ed064d219d387f4141b3bec728e)
                        - 
macos.hpp (RegularFile, 50004
f144fcab02006210db54b6efe09)
                        - 
qnxnto.hpp (RegularFile, bb32
ea361c00ab39cf503f00f94bb554)
                        - 
solaris.hpp (RegularFile, 9e0
27d3d890353b393726295d752a4e3
)
                        - 
symbian.hpp (RegularFile, ed1
c0447992467471a402a3f086ac3c1
)
                        - 
vms.hpp (RegularFile, cab89cf
18db65b187d77345efcfd6ead)
                        - 
vxworks.hpp (RegularFile, 422
9bea9083f050bce89ff2216dc36a1
)
                        - 
wasm.hpp (RegularFile, ac7b4f
25de4c56eddeb1c50654a4e4b7)
                        - 
win32.hpp (RegularFile, 6bdd6
22ae1e53733bf8bbeb4b0bfd937)
                        - 
zos.hpp (RegularFile, e1edee8
bcfb9d18ba985b482073589cb)
                      - 
pragma_message.hpp 
(RegularFile, c974715147babbf
1368edac681605536)
                      - 
requires_threads.hpp 
(RegularFile, 650e951282cee83
6aa7f885935a44bc8)
                      - 
stdlib (Directory, 2a86b208e1
6c026b0c209125aff79bdb)
                        - 
dinkumware.hpp (RegularFile, 
ae0c5fb5310499232cf064b879422
568)
                        - 
libcomo.hpp (RegularFile, 334
55f522f587154caa16f8dac272bbb
)
                        - 
libcpp.hpp (RegularFile, fb02
2441de19f676d59add09e048a4d9)
                        - 
libstdcpp3.hpp (RegularFile, 
ea04f4b9d8508abd073ecb11c6559
b5f)
                        - 
modena.hpp (RegularFile, eb33
078105ea542a3db5a8b60a2ce599)
                        - 
msl.hpp (RegularFile, 26982de
17071a672fc4b9e4bfaba6037)
                        - 
roguewave.hpp (RegularFile, 5
b3fae43888044d6dc9929cf28e19c
2a)
                        - 
sgi.hpp (RegularFile, afa17d3
96d10aeefc32644f7708675ae)
                        - 
stlport.hpp (RegularFile, 1ac
1223398ef652443c2ab2b5c162603
)
                        - 
vacpp.hpp (RegularFile, 53cc9
7513483e44dde6657b8d7bb6fef)
                        - 
xlcpp_zos.hpp (RegularFile, 4
861ee6ecd974c69372b41654c948a
d5)
                      - 
user.hpp (RegularFile, fad8ce
9c0b7a80063597c1df61c62afe)
                      - 
warning_disable.hpp 
(RegularFile, 0233134eea32de1
7575416a7a97c8b1e)
                      - 
workaround.hpp (RegularFile, 
1ed89e6175504ac4391e5e0a6da05
d3c)
                    - 
config.hpp (RegularFile, 0742
ce79807b97928237346f761f1bf7)
                    - 
container_hash (Directory, 0a
7e3e731d96e0121140eb7479011c6
6)
                      - 
detail (Directory, afb5724223
5f0f7f59db99ee4a100dfb)
                        - 
hash_mix.hpp (RegularFile, 57
0cb433e39a33def88618d77ba2b9b
4)
                        - 
hash_range.hpp (RegularFile, 
b3271df294772704082988d80039a
4a7)
                        - 
hash_tuple_like.hpp 
(RegularFile, 0a56a628e7865b0
205caa5e61b2c1c84)
                        - 
limits.hpp (RegularFile, 6c8d
9bf2b8ff3e1cd96e34a342877acf)
                        - 
mulx.hpp (RegularFile, 119cc8
823ab156c32aaf6cc4f0d221ce)
                        - 
requires_cxx11.hpp 
(RegularFile, 60063b8ebc61a72
4496be71d551410eb)
                      - 
extensions.hpp (RegularFile, 
9e43b4101d900ce76a33ce55b520b
ec1)
                      - 
hash.hpp (RegularFile, 4ec260
eb4a0ceb0fd22b9ba3f6170b5a)
                      - 
hash_fwd.hpp (RegularFile, 12
eaa10d0c484640ea3418ec6cfdbb6
9)
                      - 
is_contiguous_range.hpp 
(RegularFile, 830dc7b9b3ea0f1
9c19ca081925671ff)
                      - 
is_described_class.hpp 
(RegularFile, a12d223fde5b051
9fd01efea1d660c72)
                      - 
is_range.hpp (RegularFile, d1
24e01e48a57ea67e8e7b8ffc95ce3
7)
                      - 
is_tuple_like.hpp 
(RegularFile, 2a29acb92d7af8e
76e8c4e1a2de561f6)
                      - 
is_unordered_range.hpp 
(RegularFile, fd4f3e8006a73fd
f8ce3294e3e966d6d)
                    - core 
(Directory, 301f0c44c18a78852
c390f2ac95f5c96)
                      - 
addressof.hpp (RegularFile, c
6b9552138e1df61316387f058eec3
d8)
                      - 
alignof.hpp (RegularFile, b81
896e60dcc85bfeb8211d0e4b03128
)
                      - 
alloc_construct.hpp 
(RegularFile, c501f925a3b066d
83972d97ce32836b6)
                      - 
allocator_access.hpp 
(RegularFile, ed16722f708414c
3a871f7e490b9686e)
                      - 
allocator_traits.hpp 
(RegularFile, 380e288b1928f13
b9b15932eea81ac88)
                      - 
bit.hpp (RegularFile, c7b99d0
4ea63797890da42a139a51315)
                      - 
checked_delete.hpp 
(RegularFile, 3f237cd3db78189
edf2cf06aa512b8a7)
                      - 
cmath.hpp (RegularFile, 164b3
3a852ecea9ab21b1649aabc3363)
                      - 
data.hpp (RegularFile, 0739a8
1fb6b92a7b4116ed1b4e780477)
                      - 
default_allocator.hpp 
(RegularFile, 6201ea1fd68a155
00995d9b55b62d5a7)
                      - 
demangle.hpp (RegularFile, 18
460997f3528037d5487f3113ccad6
f)
                      - 
empty_value.hpp 
(RegularFile, dd2f81210d8519e
0f98e5987776354fb)
                      - 
enable_if.hpp (RegularFile, d
09a57293854fbbfc970d0aa897bca
ae)
                      - 
exchange.hpp (RegularFile, 3f
b33ca6ff8188a089771760f59e916
e)
                      - 
explicit_operator_bool.hpp 
(RegularFile, e9ec4b9aae7c9ee
28f3111e2c4c8c30e)
                      - 
fclose_deleter.hpp 
(RegularFile, c9d0a6bd69d6ec1
98e6909fd23fb03fa)
                      - 
first_scalar.hpp 
(RegularFile, 68ca35cecdde922
d09cddf1ac1dbeced)
                      - 
identity.hpp (RegularFile, 0f
483f2e1155eeff40cf6bf5662c23c
3)
                      - 
ignore_unused.hpp 
(RegularFile, 19fe8ffe5be6363
c8ba98735513fe75e)
                      - 
is_same.hpp (RegularFile, a67
66ea203bb699b415f2b298f98e469
)
                      - 
launder.hpp (RegularFile, 648
fffb7df79b6762be98ec3a67059d9
)
                      - 
lightweight_test.hpp 
(RegularFile, 7eb09e2e5e15aa5
06eb12e05b38fa332)
                      - 
lightweight_test_trait.hpp 
(RegularFile, fa87baee9e9bc0f
a658cc556e8bc5da0)
                      - 
make_span.hpp (RegularFile, 2
1b6f95adf70eac1437e92011ba662
2b)
                      - 
max_align.hpp (RegularFile, 9
28e93837f54224be9d4cb8144d15f
db)
                      - 
memory_resource.hpp 
(RegularFile, cf2673fe175cc32
63d98956d205eaac1)
                      - 
no_exceptions_support.hpp 
(RegularFile, 8d024a6b25cc594
9546377e079c582fc)
                      - 
noinit_adaptor.hpp 
(RegularFile, c39bee65ce2076a
28884ad7138b2f7ac)
                      - 
noncopyable.hpp 
(RegularFile, 3a51e32beb49c40
5527a5f4a249c6e3f)
                      - 
null_deleter.hpp 
(RegularFile, 26353968dce3eca
bf48747138e6c92bc)
                      - 
nvp.hpp (RegularFile, 9660a34
80da60ebd61dbee2e79dff8f6)
                      - 
pointer_traits.hpp 
(RegularFile, 9adb7ee66bfde1f
19b89c6c59b01a8a5)
                      - 
quick_exit.hpp (RegularFile, 
a9a2be781e2550386ca63c4009145
5e1)
                      - 
ref.hpp (RegularFile, cb5fd1e
e0f27d9bc5aaf7c22d8c985ed)
                      - 
scoped_enum.hpp 
(RegularFile, 757fb43b6622cd9
3710f5cf036d11a41)
                      - 
serialization.hpp 
(RegularFile, ed173d94e5ae04e
13e4081b5b137d8f7)
                      - 
size.hpp (RegularFile, dd2e0f
02a3cd415bc0646f02c9a3141e)
                      - 
snprintf.hpp (RegularFile, 81
f0aa9f1c658ec30f0ab0eb96ee9fb
1)
                      - 
span.hpp (RegularFile, be36da
9472afa6094392cf3801b55722)
                      - 
swap.hpp (RegularFile, b871fc
0a6d69c0b4787b9f968974613a)
                      - 
type_name.hpp (RegularFile, b
f5be5400ca66178247e1a2b440606
60)
                      - 
typeinfo.hpp (RegularFile, 2c
9dc7b5f1772efc4d70c7591357960
6)
                      - 
uncaught_exceptions.hpp 
(RegularFile, 790a3deb609008b
f8ae10b637844fba1)
                      - 
underlying_type.hpp 
(RegularFile, 8e320955cdb2bfc
336f82ec2b6a5989a)
                      - 
use_default.hpp 
(RegularFile, b62d1401d163fc7
2312a3b0d41e6bcd3)
                      - verbo
se_terminate_handler.hpp 
(RegularFile, 1cab6ab3895a51f
db15a244e62e14255)
                      - 
yield_primitives.hpp 
(RegularFile, d6a857a4d5f8a3d
053c6bac82b424102)
                    - 
cstdint.hpp (RegularFile, 974
231dd29053a7c1e62f398547a1337
)
                    - 
describe (Directory, 6b7fe2fc
c15c28a1ef02d3ac24800cb3)
                      - 
bases.hpp (RegularFile, 4b3f1
3c171042dea2de397b734dc0c82)
                      - 
class.hpp (RegularFile, 9209d
917e538e9932003069dcd97e7f9)
                      - 
descriptor_by_name.hpp 
(RegularFile, ee1dd4be1a605bf
7bdcc6c18d583c76c)
                      - 
descriptor_by_pointer.hpp 
(RegularFile, a10bbd2089d8eb0
5f715421c9525239f)
                      - 
detail (Directory, dfbbef8da7
7761d3ca2f6932faec7542)
                        - 
bases.hpp (RegularFile, b435c
57cf94de64db2bcaae669a3b20b)
                        - 
compute_base_modifiers.hpp 
(RegularFile, 8636e9a90c9c165
ed5060fbb2ba24761)
                        - 
config.hpp (RegularFile, 894f
99e2aa75993cc3a884017da898aa)
                        - 
cx_streq.hpp (RegularFile, eb
1e11911ab556e69b8976ff262ef64
0)
                        - 
list.hpp (RegularFile, 653974
d1c3658a12160f56401f8482d0)
                        - 
members.hpp (RegularFile, e01
9ef29d7f3a10aa8a33d4e7dc79cfb
)
                        - 
pp_for_each.hpp 
(RegularFile, 7fb424dddf617c2
aa833e69308359664)
                        - 
pp_utilities.hpp 
(RegularFile, d9b1e813a3b439c
9180027cf3798fee9)
                        - 
void_t.hpp (RegularFile, db15
8c9abd69d39a92a28c0b0d63e8a6)
                      - 
enum.hpp (RegularFile, 9da177
716c8da3c87aad719685e1ddc1)
                      - 
enum_from_string.hpp 
(RegularFile, 895b20799bd70f5
d83ee27880dda0655)
                      - 
enum_to_string.hpp 
(RegularFile, f6b4077853a9434
41da8a0156ca6e9c7)
                      - 
enumerators.hpp 
(RegularFile, e55d6d1ac301598
8b48797530783a1e3)
                      - 
members.hpp (RegularFile, b3a
837666b56eac13bc8bc63a33ade87
)
                      - 
modifier_description.hpp 
(RegularFile, 52d7a714109b07a
dcd668d206abe2ced)
                      - 
modifiers.hpp (RegularFile, 7
96eb93afa4e96c2de68042448a2fc
65)
                      - 
operators.hpp (RegularFile, c
16faf491dec4612366cba243f5038
1c)
                    - detail 
(Directory, bcb910231a8b011d5
05bcad641ae5ff8)
                      - 
algorithm.hpp (RegularFile, 5
affac5efbb0bea5bbe67e152b6e8f
ac)
                      - 
allocator_utilities.hpp 
(RegularFile, 532f1ef5b85a358
5a2aa72b8dab71fe6)
                      - 
atomic_count.hpp 
(RegularFile, 1ea4c24980dbe22
b07deaebda0e39c2a)
                      - 
basic_pointerbuf.hpp 
(RegularFile, 620f4b374fced56
c5e873b1497d09817)
                      - 
binary_search.hpp 
(RegularFile, 085082be5ec177d
bbdaa1a2986553151)
                      - 
bitmask.hpp (RegularFile, 595
06074804bdbe8549cd784e072b3e1
)
                      - 
call_traits.hpp 
(RegularFile, b409dde022ecb6f
3178a8b4febc409cf)
                      - 
catch_exceptions.hpp 
(RegularFile, d98e79164af3718
958397325cb5a58fb)
                      - 
compressed_pair.hpp 
(RegularFile, 5672ee5eae3909f
dc0d65960aadeccfa)
                      - 
container_fwd.hpp 
(RegularFile, 4c50707a6bb1135
3d7da67cb835a1851)
                      - 
fenv.hpp (RegularFile, 4f1b35
594b531c072fb5f9c51d1d93df)
                      - 
has_default_constructor.hpp 
(RegularFile, 6fe93d8f880a5b1
16bcf07f17a204d44)
                      - 
identifier.hpp (RegularFile, 
173280837106b3a69f0c578a546a5
667)
                      - 
indirect_traits.hpp 
(RegularFile, 63fdfcced3deca1
c8fc9c47c0b74112c)
                      - 
interlocked.hpp 
(RegularFile, 03a04013df9fcd2
ba932ad926e31e833)
                      - 
is_incrementable.hpp 
(RegularFile, b6b808539d9da6f
9177fbb111416f44c)
                      - 
is_sorted.hpp (RegularFile, a
8b687427ba170a71f55fc77dfecd9
e2)
                      - 
is_xxx.hpp (RegularFile, 225d
83f70465d727c69b3bc62910f34b)
                      - 
iterator.hpp (RegularFile, 5b
683b27724cb3270e62ad0ddfbaa61
d)
                      - 
lcast_precision.hpp 
(RegularFile, cd3ec7b9be2a665
01cbdccce7a7a7fe3)
                      - 
lightweight_main.hpp 
(RegularFile, d17bd965391dbd9
725e64fdc1d3d7e37)
                      - 
lightweight_mutex.hpp 
(RegularFile, 97a9e5f66779ca8
75d811f5a62043771)
                      - 
lightweight_test.hpp 
(RegularFile, d83a3ebe7ee5201
ff0c35b3ee4f80cd0)
                      - 
lightweight_test_report.hpp 
(RegularFile, ec51309e21bac9b
8560bf779e3a8c646)
                      - 
lightweight_thread.hpp 
(RegularFile, 5c03df2d3cd070f
5eb6b733225e632d3)
                      - 
named_template_params.hpp 
(RegularFile, 259171a9563d40a
e1e02929fbf1b811b)
                      - 
no_exceptions_support.hpp 
(RegularFile, b16d37e462de09e
fc9a2964f74ab85c3)
                      - 
numeric_traits.hpp 
(RegularFile, a099ea70336359d
77f9b7efa54f2a24a)
                      - 
ob_compressed_pair.hpp 
(RegularFile, b8956d9ee72b131
03cfc670250f6beff)
                      - 
quick_allocator.hpp 
(RegularFile, ec2b94369375b50
edb78be63ee54a13c)
                      - 
reference_content.hpp 
(RegularFile, b1fd766bf84bb71
babf22771043ad4bf)
                      - 
scoped_enum_emulation.hpp 
(RegularFile, c41ae4b6c5a646c
70e87fc95f28b93b8)
                      - 
select_type.hpp 
(RegularFile, 61c06e96ed3fc84
51b4145b435f8b25d)
                      - 
sp_typeinfo.hpp 
(RegularFile, 8f723bccec02013
d50ba08cc0db92ec8)
                      - 
templated_streams.hpp 
(RegularFile, 1bb901d204ccd54
145befd117218c6cd)
                      - 
utf8_codecvt_facet.hpp 
(RegularFile, 430f8015d5eabe1
8ca779053917d9031)
                      - 
winapi (Directory, fdb368ec19
79c5dc664160b43dc8a8cc)
                        - 
access_rights.hpp 
(RegularFile, 72d743755b187a9
2c69dbd45ebcd3381)
                        - 
apc.hpp (RegularFile, dbc8399
3f21ed8723d29a1885ab8ec01)
                        - 
basic_types.hpp 
(RegularFile, c8c91d9c180fcb6
71018f7c77f50948a)
                        - 
bcrypt.hpp (RegularFile, 6ac3
0dda987c2c2ab4ea025adf179c07)
                        - cha
racter_code_conversion.hpp 
(RegularFile, 61ea5ffec850a5f
140dafcd4ee6977eb)
                        - 
condition_variable.hpp 
(RegularFile, e5480fed98729ba
e15c26b36b3132eaa)
                        - 
config.hpp (RegularFile, b391
22fd7178a54bff08e9f252b4181b)
                        - 
critical_section.hpp 
(RegularFile, 32c1e4cb2d59ef0
ea13d4de0caffa198)
                        - 
crypt.hpp (RegularFile, e90a4
2d5a0d84149471a51a512fff264)
                        - 
dbghelp.hpp (RegularFile, 5f5
4972cb71e57129f1436dc2e2d3e3e
)
                        - 
debugapi.hpp (RegularFile, 44
a391b0fe3073f88a19bd93d732ea7
e)
                        - 
detail (Directory, f1a89cf5ac
c4ccbffbe18e947180cd02)
                          - 
deprecated_namespace.hpp 
(RegularFile, 459e1192339ff15
f2e5255e92b904ab2)
                        - 
directory_management.hpp 
(RegularFile, 483725bf1da87b5
ff6b9ff3cb1852eb6)
                        - 
dll.hpp (RegularFile, c8174a9
b7aa95d6393cd70bbc372ce40)
                        - 
environment.hpp 
(RegularFile, 936f271d9ac985d
d989a749eb23de73c)
                        - 
error_codes.hpp 
(RegularFile, ad0036cd920ae0f
0a803403f187a790a)
                        - 
error_handling.hpp 
(RegularFile, daf4027204edaf2
f944c56e2dba6f187)
                        - 
event.hpp (RegularFile, 532f3
96373f16f72b9e4624ea6b1f552)
                        - 
file_management.hpp 
(RegularFile, 04f94f095c00448
3c8f65eed5e4c7b86)
                        - 
file_mapping.hpp 
(RegularFile, 769277d70f32a2b
7be9c71a2e5bfdd41)
                        - 
get_current_process.hpp 
(RegularFile, 35e34dd8fb72184
ea3a293c34b1422f5)
                        - 
get_current_process_id.hpp 
(RegularFile, c15461672825c34
2815b797214a2c12f)
                        - 
get_current_thread.hpp 
(RegularFile, b4eeb4d603a27cc
d1155840740d62fbe)
                        - 
get_current_thread_id.hpp 
(RegularFile, cd796e944fcddc4
10d8a15acf9142e76)
                        - 
get_last_error.hpp 
(RegularFile, aeb334b6a14ad12
4bba8d1c4be5e2262)
                        - 
get_process_times.hpp 
(RegularFile, 2f7257c1b075175
d2060b0f369067a0a)
                        - 
get_system_directory.hpp 
(RegularFile, 0c3b5f09d524a25
799828effefb0f9fe)
                        - 
get_thread_times.hpp 
(RegularFile, 5ae749af4f58bcd
9a91c8f013a7e185b)
                        - 
handle_info.hpp 
(RegularFile, 3fd119ac804d44e
8c3ca4c9aacb39756)
                        - 
handles.hpp (RegularFile, c53
b98a1338da58a03d0cdc59e37c352
)
                        - 
heap_memory.hpp 
(RegularFile, d848aa065e2ce3d
e65191ee6f768bc72)
                        - 
init_once.hpp (RegularFile, 2
c615e7ac6a22693d7ce8fb43b879c
8a)
                        - 
jobs.hpp (RegularFile, 20ec9d
e18cc4c767a0ccc64a3c67365c)
                        - 
limits.hpp (RegularFile, a48d
cfabe5d0672eb88b854ad57fa554)
                        - 
local_memory.hpp 
(RegularFile, 03a11fbaaef061f
1da6664dc9bce2074)
                        - 
memory.hpp (RegularFile, 1110
b13d75da3799973d4dc1c927f11f)
                        - 
mutex.hpp (RegularFile, 62950
98fb776185adf848dd195822a79)
                        - 
overlapped.hpp (RegularFile, 
2ffaad0d07b35ceec39af2d072265
1bf)
                        - 
page_protection_flags.hpp 
(RegularFile, cf2cf7fef5f00bf
bca247d948e426461)
                        - 
pipes.hpp (RegularFile, 85232
04abf3e14a9f9f59dad77c9dc48)
                        - 
priority_class.hpp 
(RegularFile, 13a34054b2e45fe
a3020dd51d73fa21d)
                        - 
process.hpp (RegularFile, 0d2
21bae00258162149c55148e6a3d3c
)
                        - 
security.hpp (RegularFile, 07
75d167c7aad64b3f7220d77066cf0
a)
                        - 
semaphore.hpp (RegularFile, 9
cf8c73323295b89a1edff24fedbde
28)
                        - 
shell.hpp (RegularFile, 36af6
405aa332782de5dbdfea1ffac3a)
                        - 
show_window.hpp 
(RegularFile, 399c58a1ab40a09
d34aeb85601d72b9c)
                        - 
srw_lock.hpp (RegularFile, f9
1bc038e2f8b287726426f65779df5
a)
                        - 
stack_backtrace.hpp 
(RegularFile, 326c9dfdc67cd5d
11e68f3d26830cbc8)
                        - 
synchronization.hpp 
(RegularFile, 3eebd1a6b780b5a
5cd17b245b59634b3)
                        - 
system.hpp (RegularFile, 8d85
9961340667a2e020a1f1b0b32109)
                        - 
thread.hpp (RegularFile, effa
a6bfeca4e6281c80b1c57f1038ef)
                        - 
thread_pool.hpp 
(RegularFile, b907c9d878cb4c7
6fc16e852a9e8788a)
                        - 
time.hpp (RegularFile, 09f1d9
9d93e41de33e913b8b05d2f6de)
                        - 
timers.hpp (RegularFile, d9d5
94ec56182e608d8b9e1859577ce2)
                        - 
tls.hpp (RegularFile, 9bf4a00
43d66eb4cfe61b63539d4ceda)
                        - 
wait.hpp (RegularFile, f34189
c31355a2b4f754a4362e6ba798)
                        - 
waitable_timer.hpp 
(RegularFile, 6e289a75a53058c
d97e87127719c5908)
                      - 
workaround.hpp (RegularFile, 
aafa7097507fc1a2f2a268eecf780
82c)
                    - 
intrusive (Directory, 4654256
dfb2287dff5ea17b16ff7a01b)
                      - 
any_hook.hpp (RegularFile, 99
f8b96680cc1c67e715939da39a151
a)
                      - 
avl_set.hpp (RegularFile, 41a
d523842acb69e9da0f257d9bc8fc8
)
                      - 
avl_set_hook.hpp 
(RegularFile, 4a35d68e3f4c433
48fb345d87a90a3da)
                      - 
avltree.hpp (RegularFile, f21
ff20b9d0b0288bb1777cc66fb6439
)
                      - 
avltree_algorithms.hpp 
(RegularFile, bbab52bef57b043
8511c634e895a4ca4)
                      - 
bs_set.hpp (RegularFile, 802d
907758af3e188f49ede1df9331fc)
                      - 
bs_set_hook.hpp 
(RegularFile, 59af65943ffd36b
d30782db5e0d0a85e)
                      - 
bstree.hpp (RegularFile, b5bf
a902f9d4a0ff8b41f1b46207f249)
                      - 
bstree_algorithms.hpp 
(RegularFile, e6696214a1b5721
b00e2fac4b3dddd9f)
                      - 
circular_list_algorithms.hpp 
(RegularFile, fbaea5a0b30afc5
79a7afefd1fbfb1b7)
                      - circu
lar_slist_algorithms.hpp 
(RegularFile, 80a720e58256c5e
6a64dc9bbadf19df9)
                      - 
derivation_value_traits.hpp 
(RegularFile, 16de9464dadb16c
47ed29f3d666249da)
                      - 
detail (Directory, 32f9e107e8
177d1d438b15ddce964bf1)
                        - 
algo_type.hpp (RegularFile, 1
8c444c4f96f4c40a9dc65851c8a70
f4)
                        - 
algorithm.hpp (RegularFile, c
33c05601eb2910f61675432113087
6a)
                        - 
any_node_and_algorithms.hpp 
(RegularFile, 5c6ab2ef82177d4
b6a8a54e4a32ff96c)
                        - 
array_initializer.hpp 
(RegularFile, 9244bc6409b5bf2
aa09382ed50b7272b)
                        - 
assert.hpp (RegularFile, bd6a
7b6380d2035c8bb46733b252ecc7)
                        - 
avltree_node.hpp 
(RegularFile, 92f594ea56067d5
61ed28baf59bf76d5)
                        - 
bstree_algorithms_base.hpp 
(RegularFile, dbef7385f49cf36
b717d33f5c9ccba29)
                        - 
common_slist_algorithms.hpp 
(RegularFile, 5785b326287858c
bff381937c5409651)
                        - 
config_begin.hpp 
(RegularFile, eaa230465b9b25f
b377e6911bda703a5)
                        - 
config_end.hpp (RegularFile, 
82de513289197dfc873fc62d9d2cc
722)
                        - 
default_header_holder.hpp 
(RegularFile, d21682398ddedc7
50e4dae911558ac75)
                        - 
ebo_functor_holder.hpp 
(RegularFile, 0f2d820b83137b0
989885676d1a93460)
                        - 
empty_node_checker.hpp 
(RegularFile, 869420bbd95d95e
0883733eccd97e510)
                        - 
equal_to_value.hpp 
(RegularFile, 542917b7bb9f994
bdf4841493a401479)
                        - 
exception_disposer.hpp 
(RegularFile, 96da2968f1ae30d
29a57d88612d01401)
                        - 
function_detector.hpp 
(RegularFile, c1371535cd9f7b5
d2d2c1feb58b06249)
                        - 
generic_hook.hpp 
(RegularFile, f3ca9fa46c2e7ab
126f0ffd2fa71ce2b)
                        - 
get_value_traits.hpp 
(RegularFile, a0b6edf1baaca94
4b25d897e7de72d8f)
                        - has
_member_function_callable_wit
h.hpp (RegularFile, 131c70e69
635ae58f0798cdf1c888e23)
                        - 
hash_combine.hpp 
(RegularFile, f72af1999530aa0
db6f4d222678f3371)
                        - 
hashtable_node.hpp 
(RegularFile, 2805bcbbb7f2085
dba5da1df85c3ff60)
                        - 
hook_traits.hpp 
(RegularFile, 79ab6c9dbd19a2b
5e857e724867db6ed)
                        - 
iiterator.hpp (RegularFile, e
97fa741aed49707eb4dccc0874ecb
2c)
                        - 
is_stateful_value_traits.hpp 
(RegularFile, c65337783c26167
abd244296be22b22d)
                        - 
iterator.hpp (RegularFile, 14
fdad197956c7d598650991c77b3c1
1)
                        - 
key_nodeptr_comp.hpp 
(RegularFile, ba98505f4a4cbe7
8a62fde9498f3bece)
                        - 
list_iterator.hpp 
(RegularFile, b1faf8992a88637
f3f1ebc46252901ce)
                        - 
list_node.hpp (RegularFile, 8
7a8198972536b25673e7e0d3b479f
8c)
                        - 
math.hpp (RegularFile, 8806cc
b6ea1a5a994746c9fd82236ea1)
                        - min
imal_less_equal_header.hpp 
(RegularFile, 557e3c40b6bdba9
f2b19e2b0d8ed4e36)
                        - 
minimal_pair_header.hpp 
(RegularFile, be565c9955433e9
1b264ce9bb604b38a)
                        - 
mpl.hpp (RegularFile, 3fe3f1b
a21fbc4ea42f26f43927435f4)
                        - 
node_cloner_disposer.hpp 
(RegularFile, 2c18eeb708e5ea8
1f796731efa4e1cf7)
                        - 
node_holder.hpp 
(RegularFile, 82d1bc815a1a630
100d2c593269d4922)
                        - 
node_to_value.hpp 
(RegularFile, 194bb515cc255d2
96d16a52bf45e17e8)
                        - 
parent_from_member.hpp 
(RegularFile, f4ea235a9c55520
fd927c8b61bae0741)
                        - 
rbtree_node.hpp 
(RegularFile, 8454b96f4597ecb
e0ab52005a31d3f45)
                        - 
reverse_iterator.hpp 
(RegularFile, 7c167fe8b948644
d9e59f1c2606986d9)
                        - 
simple_disposers.hpp 
(RegularFile, 79cec45d0e36b02
4b50aebd2c9ad6c68)
                        - 
size_holder.hpp 
(RegularFile, caac67c5e7a6c16
02a1096ea08036f5a)
                        - 
slist_iterator.hpp 
(RegularFile, 144478e1c4c05d5
6d5189650699878fb)
                        - 
slist_node.hpp (RegularFile, 
c16625afafe50705f16a71b54cd8c
7a4)
                        - 
std_fwd.hpp (RegularFile, 774
420138af93eed40e64d86354b49a8
)
                        - 
transform_iterator.hpp 
(RegularFile, aa227fe16b727d2
9aa921d16b90a76a4)
                        - 
tree_iterator.hpp 
(RegularFile, df332c3608dcecd
8f544ce25d442e1ba)
                        - 
tree_node.hpp (RegularFile, b
35cf817a6ea93671c053738511cf2
5d)
                        - 
tree_value_compare.hpp 
(RegularFile, 2b70aa584218b5c
3d765f03b474952c1)
                        - 
twin.hpp (RegularFile, acc2cd
afa7dd2a43e0285bf45ebf8aa5)
                        - 
uncast.hpp (RegularFile, 4a3b
0103fd6f82ee51f7675db6cc31cc)
                        - 
value_functors.hpp 
(RegularFile, 69aad59ed59a379
6f8c85359c653d689)
                        - 
workaround.hpp (RegularFile, 
0cf3cd58167de4e47638d27ebd246
013)
                      - 
hashtable.hpp (RegularFile, 9
b482d1f79448ec2518cf41c2c345a
c8)
                      - 
intrusive_fwd.hpp 
(RegularFile, 02659086ce46094
b6632758829c2a1c2)
                      - 
linear_slist_algorithms.hpp 
(RegularFile, 1f0e00a970e9a83
2ebd08d0a02748103)
                      - 
link_mode.hpp (RegularFile, 6
fce1b129a46c5e2b92f4335e92375
13)
                      - 
list.hpp (RegularFile, fb73a2
a5440972d3b21d6f162853fe35)
                      - 
list_hook.hpp (RegularFile, d
9703dfb9b8d48b3458130ec33405b
64)
                      - 
member_value_traits.hpp 
(RegularFile, e1dd6edcd2fedfe
1f8e5b994437c337f)
                      - 
options.hpp (RegularFile, 12a
64cebea4f182fd21facec51ffdec4
)
                      - 
pack_options.hpp 
(RegularFile, 60f374cf53e7cac
4e7609e1e56ed6586)
                      - 
parent_from_member.hpp 
(RegularFile, 76b798df8d0e512
c8c40ff6a9a19a4e7)
                      - 
pointer_plus_bits.hpp 
(RegularFile, caee57a3cfd8d95
c5db199daa5108c03)
                      - 
pointer_rebind.hpp 
(RegularFile, b8b2781ba8aeefe
e4912b0cbad174ab2)
                      - 
pointer_traits.hpp 
(RegularFile, 9546463d255494f
a4e8be410c5171ab1)
                      - 
priority_compare.hpp 
(RegularFile, 2f597252a8894e2
732f62f58edbc1702)
                      - 
rbtree.hpp (RegularFile, 40d0
a2c6b734e501bdc5d012feef1573)
                      - 
rbtree_algorithms.hpp 
(RegularFile, a5404d376936e80
fadafe64c42cf1516)
                      - 
set.hpp (RegularFile, e62e72b
dbf03bacf7807608ff14caf7d)
                      - 
set_hook.hpp (RegularFile, 1b
5f4835db63fa70117b8f3bc418329
f)
                      - 
sg_set.hpp (RegularFile, 5367
c2ede2a1fd7372dd8f71b2765d0f)
                      - 
sgtree.hpp (RegularFile, dbd3
f095daee38c60de765ef4916b718)
                      - 
sgtree_algorithms.hpp 
(RegularFile, e451a44afe7b578
cab09a9cccb17d92c)
                      - 
slist.hpp (RegularFile, ffe4b
361fd1473bf9bc6de25222dfdec)
                      - 
slist_hook.hpp (RegularFile, 
3ef38f081bfa4cd33e9a09b7c311e
946)
                      - 
splay_set.hpp (RegularFile, 3
5a63c99003f3be039648f0d724b34
01)
                      - 
splaytree.hpp (RegularFile, 7
123654e85533d9819af345821572e
31)
                      - 
splaytree_algorithms.hpp 
(RegularFile, f97a04af810d632
cd7bbc4cf3dbb2598)
                      - 
treap.hpp (RegularFile, 65cf8
b28a20b12f6e5b48b45995ba5b1)
                      - 
treap_algorithms.hpp 
(RegularFile, bcaa293a76d73d0
499ad932961ccedf0)
                      - 
treap_set.hpp (RegularFile, 6
43ad03d570285a8aeb30196afc26c
0d)
                      - 
trivial_value_traits.hpp 
(RegularFile, 64ab3d9f7c6cacb
5a019a8c93cb59568)
                      - 
unordered_set.hpp 
(RegularFile, 79ee551f5a3f417
805881c1f1dcb760c)
                      - 
unordered_set_hook.hpp 
(RegularFile, 43955d2127a1d82
59b5e2f9f81d31c78)
                    - 
iterator (Directory, 454e7bd3
893b59140a759fa0bd6dece0)
                      - 
advance.hpp (RegularFile, dee
94625aeb79cb067da2665218ad0e3
)
                      - 
counting_iterator.hpp 
(RegularFile, 1b1fd01d33ef82c
a5ed0c4354cad786a)
                      - 
detail (Directory, 94ac720318
d03928168d429afcd9de29)
                        - 
any_conversion_eater.hpp 
(RegularFile, 61d2c902a709be3
1b25ae0e2ea98c2fa)
                        - 
config_def.hpp (RegularFile, 
978dc96d27835c1baf82aaa1fc26a
631)
                        - 
config_undef.hpp 
(RegularFile, a8b389f6e423ba3
87810d1f449786834)
                        - 
enable_if.hpp (RegularFile, 6
82c9f8be1e81f52a7cf7a265b2043
08)
                        - 
facade_iterator_category.hpp 
(RegularFile, bca05b44c9f7029
ba6715761f8cae54a)
                        - 
minimum_category.hpp 
(RegularFile, 61b459a4302ecc6
91c73dd1119e771c9)
                      - 
distance.hpp (RegularFile, a2
42eb48308d3467959737be8460d2c
8)
                      - 
filter_iterator.hpp 
(RegularFile, 1e2c8d6411c743b
4b422335eb9eddc2c)
                      - 
function_input_iterator.hpp 
(RegularFile, b232d42032d0ace
296b63508755bf117)
                      - 
function_output_iterator.hpp 
(RegularFile, 42e51d2d3381d88
3898e9a6be775c1bd)
                      - 
indirect_iterator.hpp 
(RegularFile, 8a52392397360bd
a396dd5cb9995340e)
                      - 
interoperable.hpp 
(RegularFile, c48d832532c765e
af56d58e7fbf9794d)
                      - 
is_iterator.hpp 
(RegularFile, 1476b06a141f1c9
13ffc2411ba671727)
                      - 
is_lvalue_iterator.hpp 
(RegularFile, 39f26f022717682
69216ec875f32a0f2)
                      - 
is_readable_iterator.hpp 
(RegularFile, a72d21edd4b0643
b0816bf3331028679)
                      - 
iterator_adaptor.hpp 
(RegularFile, 8c5d046d9429c2f
3fe2be69a90088c4c)
                      - 
iterator_archetypes.hpp 
(RegularFile, b6eb1a09a3bc4a3
9e193152c4c65ea66)
                      - 
iterator_categories.hpp 
(RegularFile, 4d89e2394420fb1
024a4f60d50251d23)
                      - 
iterator_concepts.hpp 
(RegularFile, 6e664dfe611461d
65272a520ae41869c)
                      - 
iterator_facade.hpp 
(RegularFile, 948a8ebe86d004b
9ac1071043b98c907)
                      - 
iterator_traits.hpp 
(RegularFile, 084281a403a5547
dcb303c931b2e1430)
                      - 
minimum_category.hpp 
(RegularFile, 0fe4686616a50b3
fd3e4da6e46254216)
                      - 
new_iterator_tests.hpp 
(RegularFile, 43cd059874a544f
861b5b73b90131880)
                      - 
permutation_iterator.hpp 
(RegularFile, 8bd5ae4c427f728
596774df97dac9eb7)
                      - 
reverse_iterator.hpp 
(RegularFile, 1c01b7527b3c1f9
657e370a17a4b818c)
                      - 
transform_iterator.hpp 
(RegularFile, bad057aa8f7487b
52c887d742531a922)
                      - 
zip_iterator.hpp 
(RegularFile, e41db799a3d155e
8b1dd79037498cdcb)
                    - move 
(Directory, c1b6b370c7f50a201
3442acefd2f341e)
                      - 
adl_move_swap.hpp 
(RegularFile, 5b30a8d71f21794
d6c9ef18d27b6014b)
                      - algo 
(Directory, e1e24e8734ff02ac4
71fb1ee2182b6f1)
                        - 
adaptive_merge.hpp 
(RegularFile, 8890069e69b2530
e5469440a3d6263eb)
                        - 
adaptive_sort.hpp 
(RegularFile, dffac66852b5b60
da0fac55c1b3a8d12)
                        - 
detail (Directory, 9211b2f09f
e12cba0ab462aa5b50ca51)
                          - 
adaptive_sort_merge.hpp 
(RegularFile, 2262ba08427151f
43f3765c5724b7e66)
                          - 
basic_op.hpp (RegularFile, 76
3ca901bfca4c595647616771ec62d
0)
                          - 
heap_sort.hpp (RegularFile, a
0d08ecbe938bdb21bcb6e8f508253
13)
                          - 
insertion_sort.hpp 
(RegularFile, 8dc7b9a738f1f60
1dd4da3d89cd141a5)
                          - 
is_sorted.hpp (RegularFile, 1
c0288a3fa55068cbf063233bbf9bc
e3)
                          - 
merge.hpp (RegularFile, 11e4c
bec1f7df4a4f4181f679ffc965a)
                          - 
merge_sort.hpp (RegularFile, 
88a1a91e1ce702529b8e553b16755
42c)
                          - 
pdqsort.hpp (RegularFile, 851
2841479e7cd40d3cbab1f41437f90
)
                          - 
search.hpp (RegularFile, ba71
5dcfaf61937241468a0b02100cfd)
                          - 
set_difference.hpp 
(RegularFile, 4aa809c6be899a3
2cb86acba255240c8)
                        - 
move.hpp (RegularFile, ee4994
3361814ab241a610cff6a3e713)
                        - 
predicate.hpp (RegularFile, 9
22034643093ee10ba009b8ca861f6
8c)
                        - 
unique.hpp (RegularFile, a521
534bc2edb73f9d3a583c0b77ee1a)
                      - 
algorithm.hpp (RegularFile, 2
336ca6d96c6aab03de505803d7b43
5c)
                      - 
core.hpp (RegularFile, e22cba
2c8e6fcd2fb641addf1af78621)
                      - 
default_delete.hpp 
(RegularFile, fc76a3419eeb429
05ec6e008ee7dfd28)
                      - 
detail (Directory, a95ff28aba
dcf543235c940606496b3f)
                        - 
addressof.hpp (RegularFile, 2
cc93ab41be5da9edfa4ba551a8466
4c)
                        - 
config_begin.hpp 
(RegularFile, c27d39d53b72e8e
9efbbf85cfdd8559e)
                        - 
config_end.hpp (RegularFile, 
02abe685523682114f7c531c40a4e
5fa)
                        - 
destruct_n.hpp (RegularFile, 
62e1a6e95a51a74deb150ddeb34bf
488)
                        - 
force_ptr.hpp (RegularFile, 4
eecd87f23abc1137eb2514e73b0b1
5c)
                        - 
fwd_macros.hpp (RegularFile, 
96cb754e8e9f56277ecfbf592c30a
5b7)
                        - 
iterator_to_raw_pointer.hpp 
(RegularFile, 16d2f62076525e5
c821ffef23f675ff5)
                        - 
iterator_traits.hpp 
(RegularFile, b789677c5d4bda5
a7c0ef810ef418804)
                        - 
meta_utils.hpp (RegularFile, 
4b3373c3bc36540779e8eb188f2ee
dd1)
                        - 
meta_utils_core.hpp 
(RegularFile, 42afa7ff60ff086
cc7f4213d888db5bf)
                        - 
move_helpers.hpp 
(RegularFile, 3df64e0ca64689a
890ec74754fafde28)
                        - 
nsec_clock.hpp (RegularFile, 
5bd7dc69d718fe805d994cd75d6d9
c02)
                        - 
placement_new.hpp 
(RegularFile, 3df789e49ed592a
281e5d9460ee44b9e)
                        - 
pointer_element.hpp 
(RegularFile, 6e27f22bd9e2333
44be4ace9d28361db)
                        - 
reverse_iterator.hpp 
(RegularFile, 2a24440ec139e0e
2177c42b96fc031da)
                        - 
std_ns_begin.hpp 
(RegularFile, 40aeaf207fb93d7
ff06db13de16c589a)
                        - 
std_ns_end.hpp (RegularFile, 
bc73c1c783f2c48218d754c80baf0
c5d)
                        - 
to_raw_pointer.hpp 
(RegularFile, 52e956280e65acf
6e58e335f986478e0)
                        - 
type_traits.hpp 
(RegularFile, d8fa0b4db06ddcf
e4be2a1dfe1280e38)
                        - 
unique_ptr_meta_utils.hpp 
(RegularFile, 60064e0b92f60e4
7d330189fa41b1339)
                        - 
workaround.hpp (RegularFile, 
f3d554a7460f03b2bff0230e6f331
ff6)
                      - 
iterator.hpp (RegularFile, 41
7330dfbe583dbb7385740a75dbe00
a)
                      - 
make_unique.hpp 
(RegularFile, d2d76b91f730ed8
a9961456b97c1dcdc)
                      - 
move.hpp (RegularFile, 1f8842
d07cea429f5228da33064ff813)
                      - 
traits.hpp (RegularFile, 12f0
323ce160ccc955d86df65b94b475)
                      - 
unique_ptr.hpp (RegularFile, 
0b2087cc11cd2ac02fe63fc75a5c0
15b)
                      - 
utility.hpp (RegularFile, 102
c4e8cd47c7f0c9373e8a1c7b7406f
)
                      - 
utility_core.hpp 
(RegularFile, cbd697d84e02adc
4680c061bdfca8b68)
                    - mp11 
(Directory, 10b68fe53c62aa09f
1a8f0ac82b6ce6c)
                      - 
algorithm.hpp (RegularFile, 4
ff8f3efc3dd57ea50fdba26ef6892
03)
                      - 
bind.hpp (RegularFile, e272ac
82527eb379efa798a913935dcf)
                      - 
detail (Directory, 9d3595b341
70fb62d702b01a1184ed60)
                        - 
config.hpp (RegularFile, 2435
77a90fe4f608f08cb31c4ef12503)
                        - 
mp_append.hpp (RegularFile, a
d3e0a162a6943a52e3f1bc9e77670
13)
                        - 
mp_copy_if.hpp (RegularFile, 
9cae1c8e00bc1be7332472b81d393
825)
                        - 
mp_count.hpp (RegularFile, 48
eb4e9f9a11cc13b263eaa17d37178
d)
                        - 
mp_defer.hpp (RegularFile, 2f
89372d147c321583eb871930b59fd
4)
                        - 
mp_fold.hpp (RegularFile, dc4
3fe199d569df222c424cb1c8d546d
)
                        - 
mp_front.hpp (RegularFile, 0a
05faf64c8f43c815bb98683d56c79
e)
                        - 
mp_is_list.hpp (RegularFile, 
865366d8038169d881635f49ea4f5
366)
                        - 
mp_is_value_list.hpp 
(RegularFile, 24bdcdd7df57ede
361f8c42c8e7adad4)
                        - 
mp_list.hpp (RegularFile, 4ab
49fbba6302de0320c3a3cb5cc5f01
)
                        - 
mp_list_v.hpp (RegularFile, c
5ff5daed9ac767cb9c1d607d806af
3f)
                        - 
mp_map_find.hpp 
(RegularFile, 53dae03412bb633
8443796eaaf5b38a5)
                        - 
mp_min_element.hpp 
(RegularFile, 7798de16fbbdf16
50d08fdd4723e4636)
                        - 
mp_plus.hpp (RegularFile, 831
822b4bd02e91973f4998dfb68c16d
)
                        - 
mp_remove_if.hpp 
(RegularFile, a7cd2189f9fee6d
4e338e177de721041)
                        - 
mp_rename.hpp (RegularFile, f
cfc21af3a803b9fe7fe8c0a51e4ef
72)
                        - 
mp_value.hpp (RegularFile, 93
87edb33548afa4f366d0f5411e61f
4)
                        - 
mp_void.hpp (RegularFile, a44
c0f7b056cb2658061ed696abd8e3e
)
                        - 
mp_with_index.hpp 
(RegularFile, 53fe8865c9ca133
a1b1c0f93e5986f15)
                        - 
mpl_common.hpp (RegularFile, 
d08a81b46e484fdd234aa0e59148c
6d3)
                      - 
function.hpp (RegularFile, 74
ca05788beae0c7a28eb513426a644
8)
                      - 
integer_sequence.hpp 
(RegularFile, fbdf79a5f78a92b
5b21a91d2455120bc)
                      - 
integral.hpp (RegularFile, f6
a867c388c47bad9b518ae370aed5d
c)
                      - 
list.hpp (RegularFile, cb21e1
f75a610373f2efa7c9dee94cdd)
                      - 
map.hpp (RegularFile, 30ad9ec
c0cee00bb615800e4bfaf52fb)
                      - 
mpl.hpp (RegularFile, 3ead11f
1411d514c50a102c0892c261a)
                      - 
mpl_list.hpp (RegularFile, 4d
f17bf9bcb03793ed728384d693e2e
0)
                      - 
mpl_tuple.hpp (RegularFile, 1
56b4291a5fddd86dff7054caad713
b0)
                      - 
set.hpp (RegularFile, cb00dbe
e3ba0ec668e4ed9527b6aef06)
                      - 
tuple.hpp (RegularFile, 29397
664994a733b249455f5ae57ae8d)
                      - 
utility.hpp (RegularFile, 18a
77b3ce0fad3f882000228d18648b1
)
                      - 
version.hpp (RegularFile, 87b
a15ccc0e684b202bee66daa8326d2
)
                    - mpl 
(Directory, c3e1db90f71634cfe
774fe913459455f)
                      - 
accumulate.hpp (RegularFile, 
1ae34d6492ab91db6d5b8bbbae8a8
2fb)
                      - 
advance.hpp (RegularFile, ac0
c86dec7a67c8e6c1b4e5c38da58ee
)
                      - 
advance_fwd.hpp 
(RegularFile, 69090dff5e3fe4f
1d84dd0f31a862d86)
                      - 
alias.hpp (RegularFile, b7f8a
b321a5a1b586626ed134c13757f)
                      - 
always.hpp (RegularFile, 9590
180a58f6b1fe56472c1be85b27f7)
                      - 
and.hpp (RegularFile, cbbb1f4
d0324851e659bd8393716966e)
                      - 
apply.hpp (RegularFile, fad4d
ce600d44342f89b7348e9db5110)
                      - 
apply_fwd.hpp (RegularFile, d
c960e84da73f5614a744fcf685752
13)
                      - 
apply_wrap.hpp (RegularFile, 
61d6d2698c969ec6c21097685d06f
a41)
                      - 
arg.hpp (RegularFile, 9bc9069
0d11261ca557bc79d65c0fc91)
                      - 
arg_fwd.hpp (RegularFile, eed
2b3bec95a6e6ebbd9c72dfd970181
)
                      - 
arithmetic.hpp (RegularFile, 
6c1e2337cad33c2e8f0c34732ae01
a77)
                      - 
as_sequence.hpp 
(RegularFile, 9f41830021431c9
339ddbde686050e29)
                      - 
assert.hpp (RegularFile, 1c57
83712fdc6939465e7aa7e5339e77)
                      - 
at.hpp (RegularFile, cbbd55e3
2e67594f8d7dc8ca871b709c)
                      - 
at_fwd.hpp (RegularFile, ff0d
b0ca96b16f64574dca12f560346e)
                      - aux_ 
(Directory, f8432c73721ee28f6
fde8224bee2976d)
                        - 
adl_barrier.hpp 
(RegularFile, 2ef95f796f6cb85
0688c0d789aa8cbc9)
                        - 
advance_backward.hpp 
(RegularFile, 642758c9b935eda
f5b546bd4888ad108)
                        - 
advance_forward.hpp 
(RegularFile, c199e04b65818c9
c41d6903af13c5496)
                        - 
apply_1st.hpp (RegularFile, a
35b0d5384b9129ff575420ccfdabe
e0)
                        - 
arg_typedef.hpp 
(RegularFile, 28771804ddda68e
a6cc8311c1a7d25f4)
                        - 
arithmetic_op.hpp 
(RegularFile, 4e81095ede500e3
61845d1eb299fd387)
                        - 
arity.hpp (RegularFile, 94177
eac22c7ad557fa224ea43a46102)
                        - 
arity_spec.hpp (RegularFile, 
88a28a643b88a21e7fef592cc4683
dc0)
                        - 
at_impl.hpp (RegularFile, 6bd
27bf0138394d9eaf782349901a52e
)
                        - 
back_impl.hpp (RegularFile, 7
8fa8802b5227485ff6372aa171f65
0a)
                        - 
basic_bind.hpp (RegularFile, 
3caa1d09cbdf4d89b76bae6dfbfba
c1f)
                        - 
begin_end_impl.hpp 
(RegularFile, 63c9452d8de1ba3
6a4d5b001ed76605a)
                        - 
clear_impl.hpp (RegularFile, 
566df7d59738aecce7cda01f3a341
27d)
                        - 
common_name_wknd.hpp 
(RegularFile, 0e0fff122abd680
f2ebc16514165ebf5)
                        - 
comparison_op.hpp 
(RegularFile, ab197c6b64e1a86
4676cada664b0e927)
                        - 
config (Directory, e9db84fb8c
c8e87bd8440a9879624620)
                          - 
adl.hpp (RegularFile, 7a4eeeb
4324cf54a7357875e87ba3798)
                          - 
arrays.hpp (RegularFile, 03db
defa702ea7f17318c7c531233ddc)
                          - 
bcc.hpp (RegularFile, bd2c99a
a7d1c187e113e70f22db6dfc7)
                          - 
bind.hpp (RegularFile, 3763f3
c4c14aff66864f7dfaa197621f)
                          - 
compiler.hpp (RegularFile, 0b
8f61a27c1d53e0da1e6a5e38b656a
c)
                          - 
ctps.hpp (RegularFile, 8a4b2b
c4276ca451949bf47bcac2b5e9)
                          - 
dependent_nttp.hpp 
(RegularFile, 7189f7420938d28
f48d6ee9ae780f07e)
                          - 
dmc_ambiguous_ctps.hpp 
(RegularFile, 4d68751965ef80b
8d775e7a9ec0788e2)
                          - 
dtp.hpp (RegularFile, b9e7b04
933f8f4062d4cefa53f3c9e73)
                          - 
eti.hpp (RegularFile, 04be4a2
a9b8cedeb69e373d2ad7f33ea)
                          - 
forwarding.hpp (RegularFile, 
61acef75ca8a21f5470a42ad21376
116)
                          - 
gcc.hpp (RegularFile, 3099641
574f38f144f43f9e293131e63)
                          - 
gpu.hpp (RegularFile, 6e269d4
39a2173ba220cd5051bf47296)
                          - 
has_apply.hpp (RegularFile, 4
1139f3d731a5e2c8baa50db2c09ac
5c)
                          - 
has_xxx.hpp (RegularFile, 25e
aebfd33c8b822df168df420a55896
)
                          - 
integral.hpp (RegularFile, 9f
c6e1f6dd9ec041d92efd306089f8a
8)
                          - 
intel.hpp (RegularFile, 7fc89
3f3b271de15491eade9f132d606)
                          - 
lambda.hpp (RegularFile, 8662
7d84d945b8aa9794e005d89bcd7f)
                          - 
msvc.hpp (RegularFile, c39e06
1e1ceffff56da50b29e316f85a)
                          - 
msvc_typename.hpp 
(RegularFile, 03b6bf3a601c801
4f5bb7da15ea20282)
                          - 
nttp.hpp (RegularFile, 619fe6
0dbbd03a7b19cd18c3a6d7d707)
                          - 
operators.hpp (RegularFile, a
43671f5262c71dbe898cb201ab73a
ea)
                          - 
overload_resolution.hpp 
(RegularFile, 69f9090ba216d15
88b4cc25dfacf3c4b)
                          - 
pp_counter.hpp (RegularFile, 
78fb8027a98a73bbe6695858cbe97
99c)
                          - 
preprocessor.hpp 
(RegularFile, add79619d13560d
97d6d7c215f7d67c1)
                          - 
static_constant.hpp 
(RegularFile, 7f0012cbe4a2979
ea7268c798a68b52b)
                          - 
ttp.hpp (RegularFile, d97904c
a39f51f33398f23907dd5123c)
                          - 
typeof.hpp (RegularFile, de88
32403ac4f412cdf6c59fcf890fae)
                          - 
use_preprocessed.hpp 
(RegularFile, ce298768fdbc64c
11f69368dda992917)
                          - 
workaround.hpp (RegularFile, 
e8c3a5b5a54910f0e875c496f8212
216)
                        - 
contains_impl.hpp 
(RegularFile, 85894aff032dfd0
241f1aa205b518abe)
                        - 
count_args.hpp (RegularFile, 
80bace849871aec2e95ce5154da50
b9e)
                        - 
count_impl.hpp (RegularFile, 
82806a580655fb662c23642b35fa8
938)
                        - 
empty_impl.hpp (RegularFile, 
1dcb6ae4d1f97d8f5d1af965c5625
aa8)
                        - 
erase_impl.hpp (RegularFile, 
a4c15683ce40964a2c5704aa1b560
1f3)
                        - 
erase_key_impl.hpp 
(RegularFile, 34e03c76eaa5ff1
b75e4fa3e79eb3b63)
                        - 
filter_iter.hpp 
(RegularFile, b6d6f30bed3d6cc
a66d383c342bb949b)
                        - 
find_if_pred.hpp 
(RegularFile, bba28fdd61d18d4
9a3e34e277f96f2cf)
                        - 
fold_impl.hpp (RegularFile, f
5872a640e753b725d1bc2a98dd6d2
fc)
                        - 
fold_impl_body.hpp 
(RegularFile, d18527d8e7c2f90
4ff5079ffa32f43b9)
                        - 
fold_op.hpp (RegularFile, 2db
e5d294ab269a9b7e0062e68c8b48a
)
                        - 
fold_pred.hpp (RegularFile, 2
5147550ae663f3d677d33082eed7c
62)
                        - 
front_impl.hpp (RegularFile, 
1e768d7a465a69233c0eecc6f3331
9db)
                        - 
full_lambda.hpp 
(RegularFile, a66c5411bf33189
8ec88597bb9c2781a)
                        - 
has_apply.hpp (RegularFile, 8
74dfcdd2c56ea7c2baaafc12ca5f8
cd)
                        - 
has_begin.hpp (RegularFile, d
d9bc04e4f6ba717ef4a37c91786af
84)
                        - 
has_key_impl.hpp 
(RegularFile, cc6446bf665a738
61082893c6d96d3b2)
                        - 
has_rebind.hpp (RegularFile, 
864332e8c036ea3d99615d611eeb9
ac4)
                        - 
has_size.hpp (RegularFile, 57
4ab4de41a9bd68bfa9ffd28c6cb8a
6)
                        - 
has_tag.hpp (RegularFile, 8fc
6fd0f143dc0fa9c4a6106c18e162f
)
                        - 
has_type.hpp (RegularFile, e1
c644d1ff545e21a2b1417f807410a
8)
                        - 
include_preprocessed.hpp 
(RegularFile, 29bc4777380fc79
01213ea2bb40ffa27)
                        - 
insert_impl.hpp 
(RegularFile, 31677b89a9090c7
d35ceb64813c1a3c0)
                        - 
insert_range_impl.hpp 
(RegularFile, dca38377509b33d
dd23193bb5ffe5fd2)
                        - 
inserter_algorithm.hpp 
(RegularFile, 21e7510e4f9fc7c
e740b00a7587f3c47)
                        - 
integral_wrapper.hpp 
(RegularFile, 0729c171eed507b
1b7cf132b245ad934)
                        - 
is_msvc_eti_arg.hpp 
(RegularFile, 42b8ea0909d09a5
39a128ef559b1dbd8)
                        - 
iter_apply.hpp (RegularFile, 
151388657cbad9d30c1381011de96
1c6)
                        - 
iter_fold_if_impl.hpp 
(RegularFile, 44e9944c9683cd7
443d4092c19b64586)
                        - 
iter_fold_impl.hpp 
(RegularFile, c1b1c0914e30d5a
aa62e4d98bd81a4c3)
                        - 
iter_push_front.hpp 
(RegularFile, be2ece98ffc007d
125aac31526f50467)
                        - 
joint_iter.hpp (RegularFile, 
c6b80d5fa5b04caf09c75cf5d60c0
840)
                        - 
lambda_arity_param.hpp 
(RegularFile, 64a09edc98447ea
bc5b976f7204cd852)
                        - 
lambda_no_ctps.hpp 
(RegularFile, af18900a14f4d43
befd70e5272b31131)
                        - 
lambda_spec.hpp 
(RegularFile, 11fad1f635f1df5
4514e3b202b0cf60c)
                        - 
lambda_support.hpp 
(RegularFile, be89c94b5de71b8
d18fdfa57495509d5)
                        - 
largest_int.hpp 
(RegularFile, 0932d2d76247117
a08544ef738cff52a)
                        - 
logical_op.hpp (RegularFile, 
28c474e1abf636d801b9ffa10bf6c
689)
                        - 
msvc_dtw.hpp (RegularFile, 30
0d840a965318e7ea28ee7e36a3774
1)
                        - 
msvc_eti_base.hpp 
(RegularFile, e4775237a9d3cea
96b5f3d21684c4fce)
                        - 
msvc_is_class.hpp 
(RegularFile, 3b8cd900074f517
f5d96f7e77de1539d)
                        - 
msvc_never_true.hpp 
(RegularFile, 56202390da70255
74a41ad642aafd98c)
                        - 
msvc_type.hpp (RegularFile, 0
729df4be3d686b4894fe0dcc7da84
f6)
                        - 
na.hpp (RegularFile, 2d443695
f010a968c4c2accb540347ea)
                        - 
na_assert.hpp (RegularFile, 6
0eecb00e2a893091b5626d9a476ae
92)
                        - 
na_fwd.hpp (RegularFile, 52a1
a3b38f1e20a40971cca90fd1c3e2)
                        - 
na_spec.hpp (RegularFile, a2b
59d43442a6e1a34f42b778938631f
)
                        - 
nested_type_wknd.hpp 
(RegularFile, ebbebc325e5d446
928b9caea9da5d452)
                        - 
nttp_decl.hpp (RegularFile, 3
8b097279b75d28a648a81896b7eb2
d4)
                        - 
numeric_cast_utils.hpp 
(RegularFile, 3cf7eea16dadc59
c13c3434c913d5805)
                        - 
numeric_op.hpp (RegularFile, 
faef4c436cc8368f73d5585f14338
c5a)
                        - 
O1_size_impl.hpp 
(RegularFile, 18b6a5d96d5bc5c
93c95dca0daf474e0)
                        - 
order_impl.hpp (RegularFile, 
a71776e70491d37d7fc43839cac6d
f7d)
                        - 
overload_names.hpp 
(RegularFile, 5ccd6ef888a923c
998b9912244ca45c7)
                        - 
partition_op.hpp 
(RegularFile, ecf6905af3e6401
44a972b09afab06a0)
                        - 
pop_back_impl.hpp 
(RegularFile, 66ecc73bffed87c
ba3492c23aa7687b3)
                        - 
pop_front_impl.hpp 
(RegularFile, a5c2080602620bb
00c3b7ba137d5e8dc)
                        - 
preprocessed (Directory, 6960
9c02821bb16021349c2d805b8c89)
                          - 
bcc (Directory, d9eb4d1057d8a
8f3207b19db47228e3a)
                            
- advance_backward.hpp 
(RegularFile, 1aafca4b4d53191
8a2d89a6fd9d78ffa)
                            
- advance_forward.hpp 
(RegularFile, f16aa1ce062fbd0
086eef94fe6f49233)
                            
- and.hpp (RegularFile, a106a
1791f466107902751ab74ce9b31)
                            
- apply.hpp (RegularFile, c50
0a5a7375e610759ccd3a6eb3ceed0
)
                            
- apply_fwd.hpp 
(RegularFile, 210fd4e9cd8c9bb
23db624da810243bc)
                            
- apply_wrap.hpp 
(RegularFile, 0c6489ab7b4f69b
f2c2d7bf48794861c)
                            
- arg.hpp (RegularFile, 35315
efc86fd7b1cc1f99729bdf5a800)
                            
- basic_bind.hpp 
(RegularFile, 11a3656201334bf
ae35dca54008faf16)
                            
- bind.hpp (RegularFile, 6ddf
73c0d9908a05b74af971f8734eb2)
                            
- bind_fwd.hpp (RegularFile, 
8a24623df467ae65beadbe0e0a440
216)
                            
- bitand.hpp (RegularFile, 93
e599221b87bc25d2ca2955e2d48cc
a)
                            
- bitor.hpp (RegularFile, 384
2bede92e445a679674084e7dd885b
)
                            
- bitxor.hpp (RegularFile, 24
aecc3f3b05c175247d04763d497fd
f)
                            
- deque.hpp (RegularFile, cfb
e0512738b2ed707b209ff1cac9fe6
)
                            
- divides.hpp (RegularFile, f
e16511bd14c304d338668ee1f1b33
5c)
                            
- equal_to.hpp (RegularFile, 
3d75fe99cd5b15670d3f86395aec7
0f9)
                            
- fold_impl.hpp 
(RegularFile, 03a8151d17fb439
0b2ec527bbec51371)
                            
- full_lambda.hpp 
(RegularFile, e2a2ec04b208421
9c01764f310f10d7c)
                            
- greater.hpp (RegularFile, 7
cfa5f355cf7ec3ce1f68dbdba9743
ba)
                            
- greater_equal.hpp 
(RegularFile, 2be398172fb9df0
755ed75e80d131693)
                            
- inherit.hpp (RegularFile, b
a91f341a6002265c200d728164521
73)
                            
- iter_fold_if_impl.hpp 
(RegularFile, 2a1844aafa0c15a
e742f482794274d70)
                            
- iter_fold_impl.hpp 
(RegularFile, 3a3fe1aaefba7ea
18972e0d897c4adbd)
                            
- lambda_no_ctps.hpp 
(RegularFile, 147fc3fb6fc91e6
3e1a15c5db75a630d)
                            
- less.hpp (RegularFile, ea54
ba58114d1dae030345175df7f817)
                            
- less_equal.hpp 
(RegularFile, b8a2742c36b9bbb
0b505708b025c860d)
                            
- list.hpp (RegularFile, 5b28
7bdf3a237c759979e18f6e02bd8f)
                            
- list_c.hpp (RegularFile, 8e
9ccdc2f5648f2cd2a416b7bf61939
3)
                            
- map.hpp (RegularFile, 654b4
05e2042d27ff4fb004834c4e29a)
                            
- minus.hpp (RegularFile, 4d6
d9189039c3bdccb1795c29046c031
)
                            
- modulus.hpp (RegularFile, a
7fe708b345c3face523142c48f68c
7e)
                            
- not_equal_to.hpp 
(RegularFile, 23f6433a94ad08e
686e3a980ca6a4a88)
                            
- or.hpp (RegularFile, 938125
20bdc5e145aeddccfcc9bbbaae)
                            
- placeholders.hpp 
(RegularFile, 8690f50c57a805c
8bc1223a0dfcbf1d0)
                            
- plus.hpp (RegularFile, 3b7a
15bdf2f112c13553461aa35db2d4)
                            
- quote.hpp (RegularFile, 89b
3a62d9750eb3a6a249b9d47a8a3e9
)
                            
- reverse_fold_impl.hpp 
(RegularFile, 9ccbe86aebb03c4
0133463fa07d8cd96)
                            
- reverse_iter_fold_impl.hpp 
(RegularFile, 321d9eabe57716b
8e9e9244f4b4ea159)
                            
- set.hpp (RegularFile, 7c610
73b6d398ff058516e083f777bde)
                            
- set_c.hpp (RegularFile, a55
6f8698f52089450bc84b2f31c86f6
)
                            
- shift_left.hpp 
(RegularFile, b83667b1db76776
2e80da250eb212856)
                            
- shift_right.hpp 
(RegularFile, 663086d8a15d1b1
058b9b9c2002e76ac)
                            
- template_arity.hpp 
(RegularFile, c2b229b3c651a73
f899841ce97f3839b)
                            
- times.hpp (RegularFile, 619
5f4a114f4f0ff18b416a1ade96b23
)
                            
- unpack_args.hpp 
(RegularFile, 831c771245a2b0a
e0f39dc635fdca8b6)
                            
- vector.hpp (RegularFile, bd
261b0e8b332890bfdd4420880492f
c)
                            
- vector_c.hpp (RegularFile, 
7818c6c592c5f879625a849711982
0d6)
                          - 
bcc551 (Directory, 7a94f341a6
82af14b893d8b61ea6300f)
                            
- advance_backward.hpp 
(RegularFile, bed68770ac61e0f
9d4255faba822df6c)
                            
- advance_forward.hpp 
(RegularFile, af0036e6b32150c
e4b2b3300245c607d)
                            
- and.hpp (RegularFile, 85ab6
54cb6f8c346ad32e8f1a8a41e6e)
                            
- apply.hpp (RegularFile, 3b7
1b8c2eb03db0daa324efeec178d99
)
                            
- apply_fwd.hpp 
(RegularFile, f3937176602ab86
d89da47396d845c39)
                            
- apply_wrap.hpp 
(RegularFile, 2d21383d262d81a
3c783f14e77f4ead9)
                            
- arg.hpp (RegularFile, 7f732
a4c11a0b645c17faee547e6a0f9)
                            
- basic_bind.hpp 
(RegularFile, c3adbad9e99d062
6a010e3b72173079f)
                            
- bind.hpp (RegularFile, 0e45
db7ea68a4550e58cae031037637a)
                            
- bind_fwd.hpp (RegularFile, 
ea704fdef019c25771ccf4176d0e1
e8c)
                            
- bitand.hpp (RegularFile, b2
d763c61367ae6ffb6a713127e3823
e)
                            
- bitor.hpp (RegularFile, 3f0
7f884316cf55a7c764bb1d0095baf
)
                            
- bitxor.hpp (RegularFile, 5a
db44614b6cd60e54ff3198f3c218a
f)
                            
- deque.hpp (RegularFile, 356
c09f84a75a34a95d3c427e18eb150
)
                            
- divides.hpp (RegularFile, 0
e1c79959cf6470a544f34a703aaca
01)
                            
- equal_to.hpp (RegularFile, 
6fe1059da0716c81937df1c038323
cff)
                            
- fold_impl.hpp 
(RegularFile, 14d603d92746fdc
a20f85ee786021840)
                            
- full_lambda.hpp 
(RegularFile, 057cd540f7da1fd
6ba5337575f427b53)
                            
- greater.hpp (RegularFile, 8
1e11faf152a82fefed5d28b0ff1c9
5d)
                            
- greater_equal.hpp 
(RegularFile, 408caaf080b7a9b
8c9a7470225e73b92)
                            
- inherit.hpp (RegularFile, 3
bfeb96f66cd5e1e38538d19c5fd6d
26)
                            
- iter_fold_if_impl.hpp 
(RegularFile, 6622dca9b0496ce
3a7ea79e1792cfe3e)
                            
- iter_fold_impl.hpp 
(RegularFile, 31723432b50d806
4775feda3923ff247)
                            
- lambda_no_ctps.hpp 
(RegularFile, 5c60b40ecd13dcc
4d4ccf6553248ebcc)
                            
- less.hpp (RegularFile, e139
ac9038bb6c458824cb1b9c5594e6)
                            
- less_equal.hpp 
(RegularFile, 32b91566b80110f
155b0d2b70094befb)
                            
- list.hpp (RegularFile, 6132
9a0bc8aaf0f7ed1e2ea81d9e508c)
                            
- list_c.hpp (RegularFile, 32
7c29a271eabb49d2a3b79fee52759
3)
                            
- map.hpp (RegularFile, 43294
1a54172b7bdec4175892bfafeeb)
                            
- minus.hpp (RegularFile, 87b
a9cbf79c1eb44a1b3fe4b89553dfa
)
                            
- modulus.hpp (RegularFile, 5
0479db390c73c6b425c187143857f
c1)
                            
- not_equal_to.hpp 
(RegularFile, 51ac8c90429d69b
a040f635fbd118a63)
                            
- or.hpp (RegularFile, 2bb9f6
bc886735bde3d9d8821faa35b6)
                            
- placeholders.hpp 
(RegularFile, 5997da4d1bf9d2a
4f4ae06be06079fed)
                            
- plus.hpp (RegularFile, b9a3
e550d4770912d955fe309499ccb1)
                            
- quote.hpp (RegularFile, 41e
5646c76826cc0ef766ef8f0aeb614
)
                            
- reverse_fold_impl.hpp 
(RegularFile, 596b13de310e95d
e5b0ba1d0504365ea)
                            
- reverse_iter_fold_impl.hpp 
(RegularFile, 7cea1d276157dde
3b4e7f5e0c321505e)
                            
- set.hpp (RegularFile, 30f52
ddcb069d9febdfa917b2a45e61b)
                            
- set_c.hpp (RegularFile, fe1
aa18a3a5aaef1880180bb91629307
)
                            
- shift_left.hpp 
(RegularFile, bf35b2db983e727
a9bcc7277c3bacf8d)
                            
- shift_right.hpp 
(RegularFile, e6d26c78b46397b
607cfd6e975c39552)
                            
- template_arity.hpp 
(RegularFile, 32c8be53a40f1de
688488ebae6c180b3)
                            
- times.hpp (RegularFile, eed
e52a37642f7298f71f84b09ce3e90
)
                            
- unpack_args.hpp 
(RegularFile, 4a4f314d3a241c3
01585c6653a4294a7)
                            
- vector.hpp (RegularFile, 1b
3cf6fc8769422eed9a1551bcaae06
e)
                            
- vector_c.hpp (RegularFile, 
4bacffe67dcde03fb813d573db2ee
06c)
                          - 
bcc_pre590 (Directory, eab5d4
3cc7d1a4786372c32f89a97734)
                            
- advance_backward.hpp 
(RegularFile, 1aafca4b4d53191
8a2d89a6fd9d78ffa)
                            
- advance_forward.hpp 
(RegularFile, f16aa1ce062fbd0
086eef94fe6f49233)
                            
- and.hpp (RegularFile, a106a
1791f466107902751ab74ce9b31)
                            
- apply.hpp (RegularFile, c50
0a5a7375e610759ccd3a6eb3ceed0
)
                            
- apply_fwd.hpp 
(RegularFile, 210fd4e9cd8c9bb
23db624da810243bc)
                            
- apply_wrap.hpp 
(RegularFile, 2bcfb00d9aaab89
3d2ad01106431cda0)
                            
- arg.hpp (RegularFile, 35315
efc86fd7b1cc1f99729bdf5a800)
                            
- basic_bind.hpp 
(RegularFile, 11a3656201334bf
ae35dca54008faf16)
                            
- bind.hpp (RegularFile, 6ddf
73c0d9908a05b74af971f8734eb2)
                            
- bind_fwd.hpp (RegularFile, 
8a24623df467ae65beadbe0e0a440
216)
                            
- bitand.hpp (RegularFile, 93
e599221b87bc25d2ca2955e2d48cc
a)
                            
- bitor.hpp (RegularFile, 384
2bede92e445a679674084e7dd885b
)
                            
- bitxor.hpp (RegularFile, 24
aecc3f3b05c175247d04763d497fd
f)
                            
- deque.hpp (RegularFile, cfb
e0512738b2ed707b209ff1cac9fe6
)
                            
- divides.hpp (RegularFile, f
e16511bd14c304d338668ee1f1b33
5c)
                            
- equal_to.hpp (RegularFile, 
3d75fe99cd5b15670d3f86395aec7
0f9)
                            
- fold_impl.hpp 
(RegularFile, 03a8151d17fb439
0b2ec527bbec51371)
                            
- full_lambda.hpp 
(RegularFile, e2a2ec04b208421
9c01764f310f10d7c)
                            
- greater.hpp (RegularFile, 7
cfa5f355cf7ec3ce1f68dbdba9743
ba)
                            
- greater_equal.hpp 
(RegularFile, 2be398172fb9df0
755ed75e80d131693)
                            
- inherit.hpp (RegularFile, b
a91f341a6002265c200d728164521
73)
                            
- iter_fold_if_impl.hpp 
(RegularFile, 2a1844aafa0c15a
e742f482794274d70)
                            
- iter_fold_impl.hpp 
(RegularFile, 3a3fe1aaefba7ea
18972e0d897c4adbd)
                            
- lambda_no_ctps.hpp 
(RegularFile, 147fc3fb6fc91e6
3e1a15c5db75a630d)
                            
- less.hpp (RegularFile, ea54
ba58114d1dae030345175df7f817)
                            
- less_equal.hpp 
(RegularFile, b8a2742c36b9bbb
0b505708b025c860d)
                            
- list.hpp (RegularFile, 5b28
7bdf3a237c759979e18f6e02bd8f)
                            
- list_c.hpp (RegularFile, 8e
9ccdc2f5648f2cd2a416b7bf61939
3)
                            
- map.hpp (RegularFile, 654b4
05e2042d27ff4fb004834c4e29a)
                            
- minus.hpp (RegularFile, 4d6
d9189039c3bdccb1795c29046c031
)
                            
- modulus.hpp (RegularFile, a
7fe708b345c3face523142c48f68c
7e)
                            
- not_equal_to.hpp 
(RegularFile, 23f6433a94ad08e
686e3a980ca6a4a88)
                            
- or.hpp (RegularFile, 938125
20bdc5e145aeddccfcc9bbbaae)
                            
- placeholders.hpp 
(RegularFile, 8690f50c57a805c
8bc1223a0dfcbf1d0)
                            
- plus.hpp (RegularFile, 3b7a
15bdf2f112c13553461aa35db2d4)
                            
- quote.hpp (RegularFile, 6a5
c25e2d58ebd1a1a4875290bf76634
)
                            
- reverse_fold_impl.hpp 
(RegularFile, 9ccbe86aebb03c4
0133463fa07d8cd96)
                            
- reverse_iter_fold_impl.hpp 
(RegularFile, 321d9eabe57716b
8e9e9244f4b4ea159)
                            
- set.hpp (RegularFile, 7c610
73b6d398ff058516e083f777bde)
                            
- set_c.hpp (RegularFile, a55
6f8698f52089450bc84b2f31c86f6
)
                            
- shift_left.hpp 
(RegularFile, b83667b1db76776
2e80da250eb212856)
                            
- shift_right.hpp 
(RegularFile, 663086d8a15d1b1
058b9b9c2002e76ac)
                            
- template_arity.hpp 
(RegularFile, c2b229b3c651a73
f899841ce97f3839b)
                            
- times.hpp (RegularFile, 619
5f4a114f4f0ff18b416a1ade96b23
)
                            
- unpack_args.hpp 
(RegularFile, 831c771245a2b0a
e0f39dc635fdca8b6)
                            
- vector.hpp (RegularFile, bd
261b0e8b332890bfdd4420880492f
c)
                            
- vector_c.hpp (RegularFile, 
7818c6c592c5f879625a849711982
0d6)
                          - 
dmc (Directory, 71e31d0c3781d
b62f843070f64b206a7)
                            
- advance_backward.hpp 
(RegularFile, bed68770ac61e0f
9d4255faba822df6c)
                            
- advance_forward.hpp 
(RegularFile, af0036e6b32150c
e4b2b3300245c607d)
                            
- and.hpp (RegularFile, 85ab6
54cb6f8c346ad32e8f1a8a41e6e)
                            
- apply.hpp (RegularFile, 3b7
1b8c2eb03db0daa324efeec178d99
)
                            
- apply_fwd.hpp 
(RegularFile, f3937176602ab86
d89da47396d845c39)
                            
- apply_wrap.hpp 
(RegularFile, 612ea65f7f42809
9aca0d044e30f0757)
                            
- arg.hpp (RegularFile, 7f732
a4c11a0b645c17faee547e6a0f9)
                            
- basic_bind.hpp 
(RegularFile, 00d1a2fd3bb30f1
c975be8b916500a45)
                            
- bind.hpp (RegularFile, 8366
0ac87a44b649bd8116ee2d2cfaa0)
                            
- bind_fwd.hpp (RegularFile, 
d81ba70876605910c3293522d38ba
187)
                            
- bitand.hpp (RegularFile, b2
d763c61367ae6ffb6a713127e3823
e)
                            
- bitor.hpp (RegularFile, 3f0
7f884316cf55a7c764bb1d0095baf
)
                            
- bitxor.hpp (RegularFile, 5a
db44614b6cd60e54ff3198f3c218a
f)
                            
- deque.hpp (RegularFile, 356
c09f84a75a34a95d3c427e18eb150
)
                            
- divides.hpp (RegularFile, 0
e1c79959cf6470a544f34a703aaca
01)
                            
- equal_to.hpp (RegularFile, 
6fe1059da0716c81937df1c038323
cff)
                            
- fold_impl.hpp 
(RegularFile, 14d603d92746fdc
a20f85ee786021840)
                            
- full_lambda.hpp 
(RegularFile, b00248bd6f2ccfe
ee47282c1fb7a11da)
                            
- greater.hpp (RegularFile, 8
1e11faf152a82fefed5d28b0ff1c9
5d)
                            
- greater_equal.hpp 
(RegularFile, 408caaf080b7a9b
8c9a7470225e73b92)
                            
- inherit.hpp (RegularFile, 3
bfeb96f66cd5e1e38538d19c5fd6d
26)
                            
- iter_fold_if_impl.hpp 
(RegularFile, 6622dca9b0496ce
3a7ea79e1792cfe3e)
                            
- iter_fold_impl.hpp 
(RegularFile, 31723432b50d806
4775feda3923ff247)
                            
- lambda_no_ctps.hpp 
(RegularFile, 5c60b40ecd13dcc
4d4ccf6553248ebcc)
                            
- less.hpp (RegularFile, e139
ac9038bb6c458824cb1b9c5594e6)
                            
- less_equal.hpp 
(RegularFile, 32b91566b80110f
155b0d2b70094befb)
                            
- list.hpp (RegularFile, 6132
9a0bc8aaf0f7ed1e2ea81d9e508c)
                            
- list_c.hpp (RegularFile, 32
7c29a271eabb49d2a3b79fee52759
3)
                            
- map.hpp (RegularFile, 43294
1a54172b7bdec4175892bfafeeb)
                            
- minus.hpp (RegularFile, 87b
a9cbf79c1eb44a1b3fe4b89553dfa
)
                            
- modulus.hpp (RegularFile, 5
0479db390c73c6b425c187143857f
c1)
                            
- not_equal_to.hpp 
(RegularFile, 51ac8c90429d69b
a040f635fbd118a63)
                            
- or.hpp (RegularFile, 2bb9f6
bc886735bde3d9d8821faa35b6)
                            
- placeholders.hpp 
(RegularFile, 5997da4d1bf9d2a
4f4ae06be06079fed)
                            
- plus.hpp (RegularFile, b9a3
e550d4770912d955fe309499ccb1)
                            
- quote.hpp (RegularFile, 722
8b46a46cc40f607aa651fb5885d90
)
                            
- reverse_fold_impl.hpp 
(RegularFile, 88d9e6618bf442f
bf200bc75a7b0750e)
                            
- reverse_iter_fold_impl.hpp 
(RegularFile, ef701bfc1bea567
c86bf57b1cfff42c5)
                            
- set.hpp (RegularFile, 30f52
ddcb069d9febdfa917b2a45e61b)
                            
- set_c.hpp (RegularFile, fe1
aa18a3a5aaef1880180bb91629307
)
                            
- shift_left.hpp 
(RegularFile, bf35b2db983e727
a9bcc7277c3bacf8d)
                            
- shift_right.hpp 
(RegularFile, e6d26c78b46397b
607cfd6e975c39552)
                            
- template_arity.hpp 
(RegularFile, 986d05143c95d64
43839b5251a1ba51c)
                            
- times.hpp (RegularFile, eed
e52a37642f7298f71f84b09ce3e90
)
                            
- unpack_args.hpp 
(RegularFile, 7b8ccf1d485dbc6
b2b7a4ba218d30a34)
                            
- vector.hpp (RegularFile, 1b
3cf6fc8769422eed9a1551bcaae06
e)
                            
- vector_c.hpp (RegularFile, 
4bacffe67dcde03fb813d573db2ee
06c)
                          - 
gcc (Directory, 1fff6458b3144
01899138d28c76ee1c6)
                            
- advance_backward.hpp 
(RegularFile, bed68770ac61e0f
9d4255faba822df6c)
                            
- advance_forward.hpp 
(RegularFile, af0036e6b32150c
e4b2b3300245c607d)
                            
- and.hpp (RegularFile, 85ab6
54cb6f8c346ad32e8f1a8a41e6e)
                            
- apply.hpp (RegularFile, 3b7
1b8c2eb03db0daa324efeec178d99
)
                            
- apply_fwd.hpp 
(RegularFile, f3937176602ab86
d89da47396d845c39)
                            
- apply_wrap.hpp 
(RegularFile, 612ea65f7f42809
9aca0d044e30f0757)
                            
- arg.hpp (RegularFile, 7f732
a4c11a0b645c17faee547e6a0f9)
                            
- basic_bind.hpp 
(RegularFile, 612885f37610c8d
8f9da4967e85c0cb8)
                            
- bind.hpp (RegularFile, bac6
5502674d2fdecbec878c45c4c357)
                            
- bind_fwd.hpp (RegularFile, 
794498474427b94ab9e41d138c655
42c)
                            
- bitand.hpp (RegularFile, b2
d763c61367ae6ffb6a713127e3823
e)
                            
- bitor.hpp (RegularFile, 3f0
7f884316cf55a7c764bb1d0095baf
)
                            
- bitxor.hpp (RegularFile, 5a
db44614b6cd60e54ff3198f3c218a
f)
                            
- deque.hpp (RegularFile, 356
c09f84a75a34a95d3c427e18eb150
)
                            
- divides.hpp (RegularFile, 0
e1c79959cf6470a544f34a703aaca
01)
                            
- equal_to.hpp (RegularFile, 
6fe1059da0716c81937df1c038323
cff)
                            
- fold_impl.hpp 
(RegularFile, 14d603d92746fdc
a20f85ee786021840)
                            
- full_lambda.hpp 
(RegularFile, 057cd540f7da1fd
6ba5337575f427b53)
                            
- greater.hpp (RegularFile, 8
1e11faf152a82fefed5d28b0ff1c9
5d)
                            
- greater_equal.hpp 
(RegularFile, 408caaf080b7a9b
8c9a7470225e73b92)
                            
- inherit.hpp (RegularFile, 3
bfeb96f66cd5e1e38538d19c5fd6d
26)
                            
- iter_fold_if_impl.hpp 
(RegularFile, 6622dca9b0496ce
3a7ea79e1792cfe3e)
                            
- iter_fold_impl.hpp 
(RegularFile, 31723432b50d806
4775feda3923ff247)
                            
- lambda_no_ctps.hpp 
(RegularFile, 5c60b40ecd13dcc
4d4ccf6553248ebcc)
                            
- less.hpp (RegularFile, e139
ac9038bb6c458824cb1b9c5594e6)
                            
- less_equal.hpp 
(RegularFile, 32b91566b80110f
155b0d2b70094befb)
                            
- list.hpp (RegularFile, 6132
9a0bc8aaf0f7ed1e2ea81d9e508c)
                            
- list_c.hpp (RegularFile, 32
7c29a271eabb49d2a3b79fee52759
3)
                            
- map.hpp (RegularFile, 43294
1a54172b7bdec4175892bfafeeb)
                            
- minus.hpp (RegularFile, 87b
a9cbf79c1eb44a1b3fe4b89553dfa
)
                            
- modulus.hpp (RegularFile, 5
0479db390c73c6b425c187143857f
c1)
                            
- not_equal_to.hpp 
(RegularFile, 51ac8c90429d69b
a040f635fbd118a63)
                            
- or.hpp (RegularFile, 2bb9f6
bc886735bde3d9d8821faa35b6)
                            
- placeholders.hpp 
(RegularFile, 5997da4d1bf9d2a
4f4ae06be06079fed)
                            
- plus.hpp (RegularFile, b9a3
e550d4770912d955fe309499ccb1)
                            
- quote.hpp (RegularFile, 392
72432045f8a57f28ab9f9c07ce8eb
)
                            
- reverse_fold_impl.hpp 
(RegularFile, 88d9e6618bf442f
bf200bc75a7b0750e)
                            
- reverse_iter_fold_impl.hpp 
(RegularFile, ef701bfc1bea567
c86bf57b1cfff42c5)
                            
- set.hpp (RegularFile, 30f52
ddcb069d9febdfa917b2a45e61b)
                            
- set_c.hpp (RegularFile, fe1
aa18a3a5aaef1880180bb91629307
)
                            
- shift_left.hpp 
(RegularFile, bf35b2db983e727
a9bcc7277c3bacf8d)
                            
- shift_right.hpp 
(RegularFile, e6d26c78b46397b
607cfd6e975c39552)
                            
- template_arity.hpp 
(RegularFile, 13dd5fd6d650f46
273be15e774289f9e)
                            
- times.hpp (RegularFile, eed
e52a37642f7298f71f84b09ce3e90
)
                            
- unpack_args.hpp 
(RegularFile, 7b8ccf1d485dbc6
b2b7a4ba218d30a34)
                            
- vector.hpp (RegularFile, 1b
3cf6fc8769422eed9a1551bcaae06
e)
                            
- vector_c.hpp (RegularFile, 
4bacffe67dcde03fb813d573db2ee
06c)
                          - 
msvc60 (Directory, bdcc8d9db7
3c62b5eb8e05eff8b9afb1)
                            
- advance_backward.hpp 
(RegularFile, 18fbc5e225bb8f9
a2c64f8d58789a505)
                            
- advance_forward.hpp 
(RegularFile, b77f050f7df93fd
feacac467924fc2f3)
                            
- and.hpp (RegularFile, b7a9b
c3d4652de149c50c5e94861769e)
                            
- apply.hpp (RegularFile, 273
f509a9e50600c9b895fa2b93d045a
)
                            
- apply_fwd.hpp 
(RegularFile, a33809362e0222f
08ad3183e6398ac34)
                            
- apply_wrap.hpp 
(RegularFile, ee013526acd530b
dd0284f0fe5b5da93)
                            
- arg.hpp (RegularFile, 7f732
a4c11a0b645c17faee547e6a0f9)
                            
- basic_bind.hpp 
(RegularFile, e763d28116b3e28
8598b2fee64ff5df8)
                            
- bind.hpp (RegularFile, c1ab
a359e25b2dca5f4cfb0d88b09f1e)
                            
- bind_fwd.hpp (RegularFile, 
ea704fdef019c25771ccf4176d0e1
e8c)
                            
- bitand.hpp (RegularFile, e6
b33e55a67638da6b56b02f9e60daa
d)
                            
- bitor.hpp (RegularFile, 7dc
c6ce0139048dbfdee49ea14c62f99
)
                            
- bitxor.hpp (RegularFile, 49
79e63be6037f44cccec17a1e3849d
0)
                            
- deque.hpp (RegularFile, ff7
b493925960265987d4fc3e3977cdd
)
                            
- divides.hpp (RegularFile, 1
9f4f67520f10dcb9ef97e9aca0950
8f)
                            
- equal_to.hpp (RegularFile, 
27edb468532ade5d2e09e9f87abe1
806)
                            
- fold_impl.hpp 
(RegularFile, 8aa40cd201e3261
5a4c7d6d1176b4bd2)
                            
- full_lambda.hpp 
(RegularFile, 71d8fb3fe596d61
4b152706f92036562)
                            
- greater.hpp (RegularFile, 0
c0ceffac0b3aa7bf01ea17568d52e
1e)
                            
- greater_equal.hpp 
(RegularFile, acfd1a463f66020
0a74040f349a4c476)
                            
- inherit.hpp (RegularFile, c
1274bd7684573e3c2590cf8c4a96f
f5)
                            
- iter_fold_if_impl.hpp 
(RegularFile, 6622dca9b0496ce
3a7ea79e1792cfe3e)
                            
- iter_fold_impl.hpp 
(RegularFile, de2fec6a0a3c229
ee97d986d569f9c05)
                            
- lambda_no_ctps.hpp 
(RegularFile, 5c60b40ecd13dcc
4d4ccf6553248ebcc)
                            
- less.hpp (RegularFile, cfdd
156a59a264071beacfb99333cdf8)
                            
- less_equal.hpp 
(RegularFile, 4d9a7d904de4c43
b1e63335cfe5de4e7)
                            
- list.hpp (RegularFile, 1871
fbb14b2969fa86a3d2a3fbb935e2)
                            
- list_c.hpp (RegularFile, 84
ca31ae542c18ad4f0602091cd9ceb
6)
                            
- map.hpp (RegularFile, 5a327
591a80674349e30b6223ecb2a45)
                            
- minus.hpp (RegularFile, 09b
64f4da38de9bd2ec2f6d6066020a3
)
                            
- modulus.hpp (RegularFile, a
95b74574e76a0f52f6f5b41c42bf2
93)
                            
- not_equal_to.hpp 
(RegularFile, 692f394fd5ffaa1
6f1d5556ffc48facd)
                            
- or.hpp (RegularFile, c6e6f5
f48fc6efb7f60620162e53ed0f)
                            
- placeholders.hpp 
(RegularFile, 5997da4d1bf9d2a
4f4ae06be06079fed)
                            
- plus.hpp (RegularFile, 7a4f
6887ed2afb59454bed563751b96d)
                            
- quote.hpp (RegularFile, 41e
5646c76826cc0ef766ef8f0aeb614
)
                            
- reverse_fold_impl.hpp 
(RegularFile, e700b9d8f117e1c
fa48f46b53f275cf5)
                            
- reverse_iter_fold_impl.hpp 
(RegularFile, 381e44f7fdb64ce
8db4f086d1a3a4a8f)
                            
- set.hpp (RegularFile, e2b42
8e45dd5c90d7104112225d7b937)
                            
- set_c.hpp (RegularFile, ffd
b0671adc9abd769e14ed82954ebb4
)
                            
- shift_left.hpp 
(RegularFile, 104b7ceac386ca9
f11be379ed1eb51f5)
                            
- shift_right.hpp 
(RegularFile, f8e1ac6355c4c11
2df92767bd888fecc)
                            
- template_arity.hpp 
(RegularFile, ee8bc9d61281f95
945023b0d2bce09e9)
                            
- times.hpp (RegularFile, 767
a8b76ec44fbf13795f24c0ed1fa28
)
                            
- unpack_args.hpp 
(RegularFile, 33dbe5ec374187d
fede914fb6cb17211)
                            
- vector.hpp (RegularFile, 0b
637207de872b54d2a9c22082b024f
d)
                            
- vector_c.hpp (RegularFile, 
53c2d427c092532b21ec657099bbb
e3b)
                          - 
msvc70 (Directory, f90305c7b6
b8abd9eaea504d324afa9b)
                            
- advance_backward.hpp 
(RegularFile, bed68770ac61e0f
9d4255faba822df6c)
                            
- advance_forward.hpp 
(RegularFile, af0036e6b32150c
e4b2b3300245c607d)
                            
- and.hpp (RegularFile, fbba5
a64178c9fb943a10b1dda631ea8)
                            
- apply.hpp (RegularFile, 067
a7bd4622ce08a587dea772abf0dc2
)
                            
- apply_fwd.hpp 
(RegularFile, a33809362e0222f
08ad3183e6398ac34)
                            
- apply_wrap.hpp 
(RegularFile, 2596def219fa132
797f22ee586ee8271)
                            
- arg.hpp (RegularFile, 7f732
a4c11a0b645c17faee547e6a0f9)
                            
- basic_bind.hpp 
(RegularFile, e763d28116b3e28
8598b2fee64ff5df8)
                            
- bind.hpp (RegularFile, c1ab
a359e25b2dca5f4cfb0d88b09f1e)
                            
- bind_fwd.hpp (RegularFile, 
ea704fdef019c25771ccf4176d0e1
e8c)
                            
- bitand.hpp (RegularFile, d0
35d4532f25f1556d52e251e95e42e
5)
                            
- bitor.hpp (RegularFile, 83c
df34c7396f9351eef85987a1d0f6d
)
                            
- bitxor.hpp (RegularFile, 40
2291c6a8066aeb85725728e49d834
2)
                            
- deque.hpp (RegularFile, ff7
b493925960265987d4fc3e3977cdd
)
                            
- divides.hpp (RegularFile, e
40e30be945d9601359515f6681489
51)
                            
- equal_to.hpp (RegularFile, 
d1cf8673294ea0ac287ec6812ab5e
687)
                            
- fold_impl.hpp 
(RegularFile, 2f848405ae1303e
b2e3bfc9a63b8dfd9)
                            
- full_lambda.hpp 
(RegularFile, 71d8fb3fe596d61
4b152706f92036562)
                            
- greater.hpp (RegularFile, 2
b120b302a171f5f326b774d7fdb68
e2)
                            
- greater_equal.hpp 
(RegularFile, 8b0ef3dd3650129
4c0064daded39bd3f)
                            
- inherit.hpp (RegularFile, c
1274bd7684573e3c2590cf8c4a96f
f5)
                            
- iter_fold_if_impl.hpp 
(RegularFile, 6622dca9b0496ce
3a7ea79e1792cfe3e)
                            
- iter_fold_impl.hpp 
(RegularFile, 08e3faac3976732
1944e893916ca3b10)
                            
- lambda_no_ctps.hpp 
(RegularFile, 5c60b40ecd13dcc
4d4ccf6553248ebcc)
                            
- less.hpp (RegularFile, e086
28fa80e0a524b0f9a957df082689)
                            
- less_equal.hpp 
(RegularFile, 76c7f5a1ebffa26
a8643eeae37c39685)
                            
- list.hpp (RegularFile, 1871
fbb14b2969fa86a3d2a3fbb935e2)
                            
- list_c.hpp (RegularFile, 84
ca31ae542c18ad4f0602091cd9ceb
6)
                            
- map.hpp (RegularFile, 5a327
591a80674349e30b6223ecb2a45)
                            
- minus.hpp (RegularFile, c1a
a9d989ba89dce41cdd806f90446c8
)
                            
- modulus.hpp (RegularFile, 8
d49e34c22f1ea94d1dd76065bce68
e9)
                            
- not_equal_to.hpp 
(RegularFile, 7db7db21094a86a
aa7e6e1d3f0eabc82)
                            
- or.hpp (RegularFile, bde141
a144a59368b2f92fb4ab186bfd)
                            
- placeholders.hpp 
(RegularFile, 5997da4d1bf9d2a
4f4ae06be06079fed)
                            
- plus.hpp (RegularFile, 680f
a983abda643d0e10d07d726586ba)
                            
- quote.hpp (RegularFile, fdf
22a6fd7c68035ddfd05255728645e
)
                            
- reverse_fold_impl.hpp 
(RegularFile, 596b13de310e95d
e5b0ba1d0504365ea)
                            
- reverse_iter_fold_impl.hpp 
(RegularFile, 7cea1d276157dde
3b4e7f5e0c321505e)
                            
- set.hpp (RegularFile, e2b42
8e45dd5c90d7104112225d7b937)
                            
- set_c.hpp (RegularFile, ffd
b0671adc9abd769e14ed82954ebb4
)
                            
- shift_left.hpp 
(RegularFile, e9093e9a8a6ef41
88818c197168622af)
                            
- shift_right.hpp 
(RegularFile, 9788f094977792b
dec190270109e8da2)
                            
- template_arity.hpp 
(RegularFile, ee8bc9d61281f95
945023b0d2bce09e9)
                            
- times.hpp (RegularFile, 20e
e98d3713de705eed402c4df1ef2e0
)
                            
- unpack_args.hpp 
(RegularFile, 33dbe5ec374187d
fede914fb6cb17211)
                            
- vector.hpp (RegularFile, 0b
637207de872b54d2a9c22082b024f
d)
                            
- vector_c.hpp (RegularFile, 
53c2d427c092532b21ec657099bbb
e3b)
                          - 
mwcw (Directory, a65b9decb120
8d782e056fa3244208aa)
                            
- advance_backward.hpp 
(RegularFile, bed68770ac61e0f
9d4255faba822df6c)
                            
- advance_forward.hpp 
(RegularFile, af0036e6b32150c
e4b2b3300245c607d)
                            
- and.hpp (RegularFile, 85ab6
54cb6f8c346ad32e8f1a8a41e6e)
                            
- apply.hpp (RegularFile, 3b7
1b8c2eb03db0daa324efeec178d99
)
                            
- apply_fwd.hpp 
(RegularFile, f3937176602ab86
d89da47396d845c39)
                            
- apply_wrap.hpp 
(RegularFile, 2d21383d262d81a
3c783f14e77f4ead9)
                            
- arg.hpp (RegularFile, 7f732
a4c11a0b645c17faee547e6a0f9)
                            
- basic_bind.hpp 
(RegularFile, 612885f37610c8d
8f9da4967e85c0cb8)
                            
- bind.hpp (RegularFile, bac6
5502674d2fdecbec878c45c4c357)
                            
- bind_fwd.hpp (RegularFile, 
794498474427b94ab9e41d138c655
42c)
                            
- bitand.hpp (RegularFile, b2
d763c61367ae6ffb6a713127e3823
e)
                            
- bitor.hpp (RegularFile, 3f0
7f884316cf55a7c764bb1d0095baf
)
                            
- bitxor.hpp (RegularFile, 5a
db44614b6cd60e54ff3198f3c218a
f)
                            
- deque.hpp (RegularFile, 356
c09f84a75a34a95d3c427e18eb150
)
                            
- divides.hpp (RegularFile, 0
e1c79959cf6470a544f34a703aaca
01)
                            
- equal_to.hpp (RegularFile, 
6fe1059da0716c81937df1c038323
cff)
                            
- fold_impl.hpp 
(RegularFile, 14d603d92746fdc
a20f85ee786021840)
                            
- full_lambda.hpp 
(RegularFile, 71d8fb3fe596d61
4b152706f92036562)
                            
- greater.hpp (RegularFile, 8
1e11faf152a82fefed5d28b0ff1c9
5d)
                            
- greater_equal.hpp 
(RegularFile, 408caaf080b7a9b
8c9a7470225e73b92)
                            
- inherit.hpp (RegularFile, 3
bfeb96f66cd5e1e38538d19c5fd6d
26)
                            
- iter_fold_if_impl.hpp 
(RegularFile, 6622dca9b0496ce
3a7ea79e1792cfe3e)
                            
- iter_fold_impl.hpp 
(RegularFile, 31723432b50d806
4775feda3923ff247)
                            
- lambda_no_ctps.hpp 
(RegularFile, 5c60b40ecd13dcc
4d4ccf6553248ebcc)
                            
- less.hpp (RegularFile, e139
ac9038bb6c458824cb1b9c5594e6)
                            
- less_equal.hpp 
(RegularFile, 32b91566b80110f
155b0d2b70094befb)
                            
- list.hpp (RegularFile, 6132
9a0bc8aaf0f7ed1e2ea81d9e508c)
                            
- list_c.hpp (RegularFile, 32
7c29a271eabb49d2a3b79fee52759
3)
                            
- map.hpp (RegularFile, 43294
1a54172b7bdec4175892bfafeeb)
                            
- minus.hpp (RegularFile, 87b
a9cbf79c1eb44a1b3fe4b89553dfa
)
                            
- modulus.hpp (RegularFile, 5
0479db390c73c6b425c187143857f
c1)
                            
- not_equal_to.hpp 
(RegularFile, 51ac8c90429d69b
a040f635fbd118a63)
                            
- or.hpp (RegularFile, 2bb9f6
bc886735bde3d9d8821faa35b6)
                            
- placeholders.hpp 
(RegularFile, 5997da4d1bf9d2a
4f4ae06be06079fed)
                            
- plus.hpp (RegularFile, b9a3
e550d4770912d955fe309499ccb1)
                            
- quote.hpp (RegularFile, 722
8b46a46cc40f607aa651fb5885d90
)
                            
- reverse_fold_impl.hpp 
(RegularFile, 88d9e6618bf442f
bf200bc75a7b0750e)
                            
- reverse_iter_fold_impl.hpp 
(RegularFile, ef701bfc1bea567
c86bf57b1cfff42c5)
                            
- set.hpp (RegularFile, 30f52
ddcb069d9febdfa917b2a45e61b)
                            
- set_c.hpp (RegularFile, fe1
aa18a3a5aaef1880180bb91629307
)
                            
- shift_left.hpp 
(RegularFile, bf35b2db983e727
a9bcc7277c3bacf8d)
                            
- shift_right.hpp 
(RegularFile, e6d26c78b46397b
607cfd6e975c39552)
                            
- template_arity.hpp 
(RegularFile, 986d05143c95d64
43839b5251a1ba51c)
                            
- times.hpp (RegularFile, eed
e52a37642f7298f71f84b09ce3e90
)
                            
- unpack_args.hpp 
(RegularFile, 7b8ccf1d485dbc6
b2b7a4ba218d30a34)
                            
- vector.hpp (RegularFile, 1b
3cf6fc8769422eed9a1551bcaae06
e)
                            
- vector_c.hpp (RegularFile, 
4bacffe67dcde03fb813d573db2ee
06c)
                          - 
no_ctps (Directory, 87c345dee
acf21383610c2f9459f7d35)
                            
- advance_backward.hpp 
(RegularFile, bed68770ac61e0f
9d4255faba822df6c)
                            
- advance_forward.hpp 
(RegularFile, af0036e6b32150c
e4b2b3300245c607d)
                            
- and.hpp (RegularFile, b7a9b
c3d4652de149c50c5e94861769e)
                            
- apply.hpp (RegularFile, ff5
3591e7f6e4fc8efcb1dc15bab1aee
)
                            
- apply_fwd.hpp 
(RegularFile, 0b5f78aeeb48d9d
666e1763919d80e9e)
                            
- apply_wrap.hpp 
(RegularFile, 715de882d8de31b
7d153f9ead8831894)
                            
- arg.hpp (RegularFile, 7f732
a4c11a0b645c17faee547e6a0f9)
                            
- basic_bind.hpp 
(RegularFile, af342dc0037e688
4a7ef45fd380faede)
                            
- bind.hpp (RegularFile, 61f4
b0da220b186656b60405b5b6c6c4)
                            
- bind_fwd.hpp (RegularFile, 
794498474427b94ab9e41d138c655
42c)
                            
- bitand.hpp (RegularFile, ab
b260d2de359b294bb28920bf0ca99
a)
                            
- bitor.hpp (RegularFile, 8ba
4b16256dfd568dd810c05f219160c
)
                            
- bitxor.hpp (RegularFile, dc
9e691edf1cf8a88e0acb50b146c35
4)
                            
- deque.hpp (RegularFile, ff7
b493925960265987d4fc3e3977cdd
)
                            
- divides.hpp (RegularFile, e
c4c6476028e411250554e31b7bb39
73)
                            
- equal_to.hpp (RegularFile, 
98ee5ecbf4d37cf45d1a2e1330b5c
8aa)
                            
- fold_impl.hpp 
(RegularFile, 2f848405ae1303e
b2e3bfc9a63b8dfd9)
                            
- full_lambda.hpp 
(RegularFile, 71d8fb3fe596d61
4b152706f92036562)
                            
- greater.hpp (RegularFile, 2
461203c9c0d8edd6f87be787ae03c
e6)
                            
- greater_equal.hpp 
(RegularFile, 8326b9eab079c82
a27747e18efa8feee)
                            
- inherit.hpp (RegularFile, c
1274bd7684573e3c2590cf8c4a96f
f5)
                            
- iter_fold_if_impl.hpp 
(RegularFile, 6622dca9b0496ce
3a7ea79e1792cfe3e)
                            
- iter_fold_impl.hpp 
(RegularFile, 08e3faac3976732
1944e893916ca3b10)
                            
- lambda_no_ctps.hpp 
(RegularFile, 5c60b40ecd13dcc
4d4ccf6553248ebcc)
                            
- less.hpp (RegularFile, 1133
072a983818193535deff574dc753)
                            
- less_equal.hpp 
(RegularFile, 569d904abbd22b8
4b536aa57bf6744a5)
                            
- list.hpp (RegularFile, 1871
fbb14b2969fa86a3d2a3fbb935e2)
                            
- list_c.hpp (RegularFile, 84
ca31ae542c18ad4f0602091cd9ceb
6)
                            
- map.hpp (RegularFile, 5a327
591a80674349e30b6223ecb2a45)
                            
- minus.hpp (RegularFile, 697
01617f098ef992e2eff4df9591079
)
                            
- modulus.hpp (RegularFile, 6
02682187f7b0686cbacde4a051c4d
65)
                            
- not_equal_to.hpp 
(RegularFile, 0755b66928711ea
d14467fe2dda6c925)
                            
- or.hpp (RegularFile, c6e6f5
f48fc6efb7f60620162e53ed0f)
                            
- placeholders.hpp 
(RegularFile, 5997da4d1bf9d2a
4f4ae06be06079fed)
                            
- plus.hpp (RegularFile, e39b
eaa66e7d822110738d3e914d81f0)
                            
- quote.hpp (RegularFile, fdf
22a6fd7c68035ddfd05255728645e
)
                            
- reverse_fold_impl.hpp 
(RegularFile, 596b13de310e95d
e5b0ba1d0504365ea)
                            
- reverse_iter_fold_impl.hpp 
(RegularFile, 7cea1d276157dde
3b4e7f5e0c321505e)
                            
- set.hpp (RegularFile, e2b42
8e45dd5c90d7104112225d7b937)
                            
- set_c.hpp (RegularFile, ffd
b0671adc9abd769e14ed82954ebb4
)
                            
- shift_left.hpp 
(RegularFile, 5099ff0b945c07f
75c27ea236cf0d742)
                            
- shift_right.hpp 
(RegularFile, ffeae4989fbfa59
8412a243846f83fd6)
                            
- template_arity.hpp 
(RegularFile, 32c8be53a40f1de
688488ebae6c180b3)
                            
- times.hpp (RegularFile, 7cd
1ba86e8033fb9b2a1289ff97e29d2
)
                            
- unpack_args.hpp 
(RegularFile, 33dbe5ec374187d
fede914fb6cb17211)
                            
- vector.hpp (RegularFile, 0b
637207de872b54d2a9c22082b024f
d)
                            
- vector_c.hpp (RegularFile, 
53c2d427c092532b21ec657099bbb
e3b)
                          - 
no_ttp (Directory, c542c28589
2e24c2846c02dd314a64f1)
                            
- advance_backward.hpp 
(RegularFile, bed68770ac61e0f
9d4255faba822df6c)
                            
- advance_forward.hpp 
(RegularFile, af0036e6b32150c
e4b2b3300245c607d)
                            
- and.hpp (RegularFile, 85ab6
54cb6f8c346ad32e8f1a8a41e6e)
                            
- apply.hpp (RegularFile, 3b7
1b8c2eb03db0daa324efeec178d99
)
                            
- apply_fwd.hpp 
(RegularFile, f3937176602ab86
d89da47396d845c39)
                            
- apply_wrap.hpp 
(RegularFile, 612ea65f7f42809
9aca0d044e30f0757)
                            
- arg.hpp (RegularFile, 7f732
a4c11a0b645c17faee547e6a0f9)
                            
- basic_bind.hpp 
(RegularFile, 4b44ba9b47bcb46
0dcff09e2820a4a68)
                            
- bind.hpp (RegularFile, 8369
fc7aac666c5a9802f79c758ea5e4)
                            
- bind_fwd.hpp (RegularFile, 
794498474427b94ab9e41d138c655
42c)
                            
- bitand.hpp (RegularFile, 48
9b99b358c6565e4df6f7d870bf187
3)
                            
- bitor.hpp (RegularFile, fdb
c8bc0b276922a82f3f437f4127c29
)
                            
- bitxor.hpp (RegularFile, e8
a3e8253cb74010986202c78b87271
e)
                            
- deque.hpp (RegularFile, 356
c09f84a75a34a95d3c427e18eb150
)
                            
- divides.hpp (RegularFile, 3
5e9d2bbea11edba4ff9ab164cb55c
fb)
                            
- equal_to.hpp (RegularFile, 
b9a4bc714a95f4443f247e98fe42b
4f2)
                            
- fold_impl.hpp 
(RegularFile, 14d603d92746fdc
a20f85ee786021840)
                            
- full_lambda.hpp 
(RegularFile, 71d8fb3fe596d61
4b152706f92036562)
                            
- greater.hpp (RegularFile, 0
851959123e77389c10fb7c4399e9c
9b)
                            
- greater_equal.hpp 
(RegularFile, e80f334f825ec02
eb70557e2146491e9)
                            
- inherit.hpp (RegularFile, 3
bfeb96f66cd5e1e38538d19c5fd6d
26)
                            
- iter_fold_if_impl.hpp 
(RegularFile, 6622dca9b0496ce
3a7ea79e1792cfe3e)
                            
- iter_fold_impl.hpp 
(RegularFile, 31723432b50d806
4775feda3923ff247)
                            
- lambda_no_ctps.hpp 
(RegularFile, 5c60b40ecd13dcc
4d4ccf6553248ebcc)
                            
- less.hpp (RegularFile, d437
86d581921c69f6c451f1e10d85cf)
                            
- less_equal.hpp 
(RegularFile, 0c65ad2a3c7f7db
b5565c3cf1f5bcde5)
                            
- list.hpp (RegularFile, 6132
9a0bc8aaf0f7ed1e2ea81d9e508c)
                            
- list_c.hpp (RegularFile, 32
7c29a271eabb49d2a3b79fee52759
3)
                            
- map.hpp (RegularFile, 43294
1a54172b7bdec4175892bfafeeb)
                            
- minus.hpp (RegularFile, a38
af093b9b46ae27e0e29526083c84c
)
                            
- modulus.hpp (RegularFile, 9
c63d2e70333167ff6177e0682d4ea
73)
                            
- not_equal_to.hpp 
(RegularFile, 75a54ab3b7810c2
898303e88b8ab8075)
                            
- or.hpp (RegularFile, 2bb9f6
bc886735bde3d9d8821faa35b6)
                            
- placeholders.hpp 
(RegularFile, 5997da4d1bf9d2a
4f4ae06be06079fed)
                            
- plus.hpp (RegularFile, d326
56049640a1059f5f64df6062509e)
                            
- quote.hpp (RegularFile, 41e
5646c76826cc0ef766ef8f0aeb614
)
                            
- reverse_fold_impl.hpp 
(RegularFile, 88d9e6618bf442f
bf200bc75a7b0750e)
                            
- reverse_iter_fold_impl.hpp 
(RegularFile, ef701bfc1bea567
c86bf57b1cfff42c5)
                            
- set.hpp (RegularFile, 30f52
ddcb069d9febdfa917b2a45e61b)
                            
- set_c.hpp (RegularFile, fe1
aa18a3a5aaef1880180bb91629307
)
                            
- shift_left.hpp 
(RegularFile, fdfc967ca3a9293
77ca4b8a6fdca27e7)
                            
- shift_right.hpp 
(RegularFile, d2644a7ca869ba8
ec7edef619f4d445a)
                            
- template_arity.hpp 
(RegularFile, 32c8be53a40f1de
688488ebae6c180b3)
                            
- times.hpp (RegularFile, db7
29cb122ef50442e483cac3868d664
)
                            
- unpack_args.hpp 
(RegularFile, 7b8ccf1d485dbc6
b2b7a4ba218d30a34)
                            
- vector.hpp (RegularFile, 1b
3cf6fc8769422eed9a1551bcaae06
e)
                            
- vector_c.hpp (RegularFile, 
4bacffe67dcde03fb813d573db2ee
06c)
                          - 
plain (Directory, 6b774baf6f9
3ef4211489a9ab9c37aa2)
                            
- advance_backward.hpp 
(RegularFile, bed68770ac61e0f
9d4255faba822df6c)
                            
- advance_forward.hpp 
(RegularFile, af0036e6b32150c
e4b2b3300245c607d)
                            
- and.hpp (RegularFile, a7ef6
5bd285fe9ee7696734deafed1ab)
                            
- apply.hpp (RegularFile, 35b
abbbb1fabfa8d684a328b5ac7ff65
)
                            
- apply_fwd.hpp 
(RegularFile, f3937176602ab86
d89da47396d845c39)
                            
- apply_wrap.hpp 
(RegularFile, 612ea65f7f42809
9aca0d044e30f0757)
                            
- arg.hpp (RegularFile, 7f732
a4c11a0b645c17faee547e6a0f9)
                            
- basic_bind.hpp 
(RegularFile, 612885f37610c8d
8f9da4967e85c0cb8)
                            
- bind.hpp (RegularFile, bac6
5502674d2fdecbec878c45c4c357)
                            
- bind_fwd.hpp (RegularFile, 
794498474427b94ab9e41d138c655
42c)
                            
- bitand.hpp (RegularFile, 2d
661d175873855e286efe766345e91
8)
                            
- bitor.hpp (RegularFile, 279
6b60d20aa0c2f39675de18616e5d5
)
                            
- bitxor.hpp (RegularFile, a0
a9eb7fb48db04dccf41301f1147e0
7)
                            
- deque.hpp (RegularFile, 356
c09f84a75a34a95d3c427e18eb150
)
                            
- divides.hpp (RegularFile, 9
175d5a7edcc8ddd10c740ab155e17
0c)
                            
- equal_to.hpp (RegularFile, 
e49d86394a289f02001a24c1848ac
cdc)
                            
- fold_impl.hpp 
(RegularFile, 14d603d92746fdc
a20f85ee786021840)
                            
- full_lambda.hpp 
(RegularFile, 71d8fb3fe596d61
4b152706f92036562)
                            
- greater.hpp (RegularFile, e
7bab63926f16aaf5f913cc854c553
05)
                            
- greater_equal.hpp 
(RegularFile, b214df6cd8529f8
3c13a354dde03418d)
                            
- inherit.hpp (RegularFile, a
f4a9cea633452df600d84ed4bfe51
95)
                            
- iter_fold_if_impl.hpp 
(RegularFile, 6622dca9b0496ce
3a7ea79e1792cfe3e)
                            
- iter_fold_impl.hpp 
(RegularFile, 31723432b50d806
4775feda3923ff247)
                            
- lambda_no_ctps.hpp 
(RegularFile, 7c48c26c8848894
bb848408642400bd8)
                            
- less.hpp (RegularFile, 1ba8
fe5265c4612a1cd6b7935c31adc7)
                            
- less_equal.hpp 
(RegularFile, da645c566f20d51
2b83ca00568df6953)
                            
- list.hpp (RegularFile, 6132
9a0bc8aaf0f7ed1e2ea81d9e508c)
                            
- list_c.hpp (RegularFile, 32
7c29a271eabb49d2a3b79fee52759
3)
                            
- map.hpp (RegularFile, 43294
1a54172b7bdec4175892bfafeeb)
                            
- minus.hpp (RegularFile, 3f2
065d014b05ddaa95b63fe552e7300
)
                            
- modulus.hpp (RegularFile, a
8239ffaba7886e08d0a20bdb0a59e
09)
                            
- not_equal_to.hpp 
(RegularFile, 8ef4368e42cf6b6
59b128429d0fa4fbc)
                            
- or.hpp (RegularFile, 5bd8f5
e69212a173c078d87b6a73298a)
                            
- placeholders.hpp 
(RegularFile, 5997da4d1bf9d2a
4f4ae06be06079fed)
                            
- plus.hpp (RegularFile, be66
b156db04b44768c072fe973ffbe5)
                            
- quote.hpp (RegularFile, 722
8b46a46cc40f607aa651fb5885d90
)
                            
- reverse_fold_impl.hpp 
(RegularFile, 88d9e6618bf442f
bf200bc75a7b0750e)
                            
- reverse_iter_fold_impl.hpp 
(RegularFile, ef701bfc1bea567
c86bf57b1cfff42c5)
                            
- set.hpp (RegularFile, 30f52
ddcb069d9febdfa917b2a45e61b)
                            
- set_c.hpp (RegularFile, fe1
aa18a3a5aaef1880180bb91629307
)
                            
- shift_left.hpp 
(RegularFile, f596b8f3a0fd1a9
53549dc477c385594)
                            
- shift_right.hpp 
(RegularFile, 9a6a08ffcc1bcde
34ced2db8b8011b75)
                            
- template_arity.hpp 
(RegularFile, 986d05143c95d64
43839b5251a1ba51c)
                            
- times.hpp (RegularFile, 0d2
5396dfcf085f0d57b88ccb6d7ba39
)
                            
- unpack_args.hpp 
(RegularFile, 7b8ccf1d485dbc6
b2b7a4ba218d30a34)
                            
- vector.hpp (RegularFile, 1b
3cf6fc8769422eed9a1551bcaae06
e)
                            
- vector_c.hpp (RegularFile, 
4bacffe67dcde03fb813d573db2ee
06c)
                        - 
preprocessor (Directory, 4176
f2f531c0c7a010f87075feef9973)
                          - 
add.hpp (RegularFile, 0465c30
0245b32313fbdd304509ace19)
                          - 
def_params_tail.hpp 
(RegularFile, 46e25fa2462d8ab
2f0a3aceeaacc63fb)
                          - 
default_params.hpp 
(RegularFile, 9965211f642bd1c
c4b507d223e65803c)
                          - 
enum.hpp (RegularFile, cf41cd
d3e1068692aa3cd891b886f662)
                          - 
ext_params.hpp (RegularFile, 
e938ba7bfb983e00f8cc2d61379f4
8c7)
                          - 
filter_params.hpp 
(RegularFile, 61931ee08651cab
19d1d3feeccad7921)
                          - 
is_seq.hpp (RegularFile, 488c
bf18e74c50565a36e76df9589fd9)
                          - 
params.hpp (RegularFile, 8743
9697c19137208763399a73993ff6)
                          - 
partial_spec_params.hpp 
(RegularFile, d9b66754bf3cd72
1dc95c9374276f37e)
                          - 
range.hpp (RegularFile, d5b45
58d26facc5ec3049a8d40d21622)
                          - 
repeat.hpp (RegularFile, 898a
cdce5c3cf8df345dc44c1e38c330)
                          - 
sub.hpp (RegularFile, 90dfaaa
3f5c38bfe808e92bfe610b559)
                          - 
token_equal.hpp 
(RegularFile, 350bfcaf4aa99b2
4027284e435c4400e)
                          - 
tuple.hpp (RegularFile, 6e264
f1b99f44710eb5a0a41656836e5)
                        - 
ptr_to_ref.hpp (RegularFile, 
8179ba04d968afc54eb20b91c3507
822)
                        - 
push_back_impl.hpp 
(RegularFile, 6802fd0a59be808
3399a59c210312e0c)
                        - 
push_front_impl.hpp 
(RegularFile, 091ee23dd5cd0fe
3e9a9772393b6dfec)
                        - 
range_c (Directory, 30d2f703e
4fc153056d75de77e2e79cd)
                          - 
back.hpp (RegularFile, f77692
bc72308ed9d09cce4b973b1bd5)
                          - 
empty.hpp (RegularFile, 6f82f
461c7d515a43775fd783f723c00)
                          - 
front.hpp (RegularFile, a0e4b
5eddbea112cb9f8969a3c6b2e6f)
                          - 
iterator.hpp (RegularFile, 2e
f8a6602ddd3a05dd499837ba28400
a)
                          - 
O1_size.hpp (RegularFile, 275
15802fc6233283f7be92403f28f89
)
                          - 
size.hpp (RegularFile, 2048c1
a52bb8397fd1841b99a9b4ffc3)
                          - 
tag.hpp (RegularFile, b80b50d
99b7ff1447659e2a9d80f64ea)
                        - 
reverse_fold_impl.hpp 
(RegularFile, d4a8c1ae966c3a1
eaceab0f68b4d6bf3)
                        - 
reverse_fold_impl_body.hpp 
(RegularFile, e4b8e73eec0e24f
5d480f5942b17f6ad)
                        - 
reverse_iter_fold_impl.hpp 
(RegularFile, 5405b9472d57d26
5d1b3e30e331daf23)
                        - 
sequence_wrapper.hpp 
(RegularFile, 64dfddb2d955313
21ac67ceb6cf0915f)
                        - 
shift_op.hpp (RegularFile, 79
fa3183167f45e5398a78242fb86b3
b)
                        - 
single_element_iter.hpp 
(RegularFile, faef7a4930a50ec
eb9283324c85b3ac1)
                        - 
size_impl.hpp (RegularFile, 4
3d6cd5f0ad5b626f5d1c9368745ee
6b)
                        - 
sort_impl.hpp (RegularFile, 3
cd4f62c3dc18e30d0af90bbd929d4
b0)
                        - 
static_cast.hpp 
(RegularFile, ad1eea39d720f93
34d6448562ad7d359)
                        - 
template_arity.hpp 
(RegularFile, ed722d36a0dae1a
f5aa14b2b9ce25c4f)
                        - 
template_arity_fwd.hpp 
(RegularFile, 0b95318daa81893
67461693e0f34ee8a)
                        - 
test (Directory, 9b5d4172e604
edc424d33a8724717525)
                          - 
assert.hpp (RegularFile, 45b0
7ff2aa684f2b60750c44824a11c4)
                          - 
data.hpp (RegularFile, 120f88
ab95f0863dfdb62be26de6b5b6)
                          - 
test_case.hpp (RegularFile, e
ad02290b6d88b217aaeebefa39c69
bc)
                        - 
test.hpp (RegularFile, 63c5db
f4da2fcff5008937388d6e39fc)
                        - 
traits_lambda_spec.hpp 
(RegularFile, 75be88a27f38921
df0c4d36a3f85bc99)
                        - 
transform_iter.hpp 
(RegularFile, 80cb0b603c20396
55cde015d73b222f8)
                        - 
type_wrapper.hpp 
(RegularFile, 911eda4623e6503
644eae65a1db41782)
                        - 
unwrap.hpp (RegularFile, 7d7d
00afe56415156f3c12818ae5f0cb)
                        - 
value_wknd.hpp (RegularFile, 
82bd179e2326046e1678a7c88cf22
0cf)
                        - 
yes_no.hpp (RegularFile, 9f71
efb2fa99ff125b40e800d001556e)
                      - 
back.hpp (RegularFile, 8dc7d9
5645ac4d243b26063f62684d15)
                      - 
back_fwd.hpp (RegularFile, 7b
05f61156e4cdba8e4a1b5575571ba
f)
                      - 
back_inserter.hpp 
(RegularFile, d90fe6d972cb8ec
f2412f5ef9cfed925)
                      - 
base.hpp (RegularFile, 70bdbb
48e555802f8e8833d22e5c4778)
                      - 
begin.hpp (RegularFile, 10a54
5db629d18571dc7b5fbb5dee793)
                      - 
begin_end.hpp (RegularFile, c
dc8886f8d6bf62e489daceb746eb1
2f)
                      - 
begin_end_fwd.hpp 
(RegularFile, bb6652d681a9d2e
ed5c6b63f28b0d76a)
                      - 
bind.hpp (RegularFile, 613da8
d58271be5c4de979e74cb408de)
                      - 
bind_fwd.hpp (RegularFile, 7b
c414c696bf7abe9abb86f87cc16ab
9)
                      - 
bitand.hpp (RegularFile, 6afa
86f0c673ce1a21a89ac0b6fb8baf)
                      - 
bitor.hpp (RegularFile, 9afff
2972d8ca67e21d6042738c8b168)
                      - 
bitwise.hpp (RegularFile, 57b
bdc517f41a0f63691ded2a79f0485
)
                      - 
bitxor.hpp (RegularFile, 6a98
18b412db891dfd500bbc973ddbf9)
                      - 
bool.hpp (RegularFile, 659257
cf31193e42155a31833a0707e0)
                      - 
bool_fwd.hpp (RegularFile, 4d
d5a8edfe9529e6414f0d3a9ee7fb0
6)
                      - 
char.hpp (RegularFile, 515747
865b9ec48c14cf356f0ac371de)
                      - 
char_fwd.hpp (RegularFile, a2
e7f7842c4bab23a868a9bc64c52f1
3)
                      - 
clear.hpp (RegularFile, 6815c
882e22681ade792229f140543bb)
                      - 
clear_fwd.hpp (RegularFile, 7
e0db7fb7b8429423933400c07e5af
a0)
                      - 
comparison.hpp (RegularFile, 
878a5707076c28db2a5bfbdd1a5be
598)
                      - 
contains.hpp (RegularFile, 47
e4bde578a7cc658b199fd14b55eb2
e)
                      - 
contains_fwd.hpp 
(RegularFile, 7e0ee7e63ea0def
1657a29055665eabc)
                      - 
copy.hpp (RegularFile, 6df8bc
a2dadd809261ab52c1cbd87b87)
                      - 
copy_if.hpp (RegularFile, c75
557480aa29584a5adb03c1d2f4964
)
                      - 
count.hpp (RegularFile, 66ac5
121ac2897ecae134ad53ee90d1d)
                      - 
count_fwd.hpp (RegularFile, 3
4b9613c649d202f72c3c1f85b4cd8
19)
                      - 
count_if.hpp (RegularFile, b6
b539579f1f4a11f74298944616dcc
4)
                      - 
deque.hpp (RegularFile, 617de
bebfe7ff7ae54730e9979fd90e3)
                      - 
deref.hpp (RegularFile, d8675
7487750a9fb8b75bf116bea5aa5)
                      - 
distance.hpp (RegularFile, 10
710adcf1c5378fcb612ca41cd2a47
4)
                      - 
distance_fwd.hpp 
(RegularFile, 581f60710aff5d0
996469e17daf1847a)
                      - 
divides.hpp (RegularFile, 861
27a6cf59f9f7168a7b3925d16ca3d
)
                      - 
empty.hpp (RegularFile, ca298
e842a24d405611fb8492f62acd2)
                      - 
empty_base.hpp (RegularFile, 
410dee4b569614d1daa564d9f562d
ec6)
                      - 
empty_fwd.hpp (RegularFile, f
12e13c330612a41660a5f0dfb535b
7f)
                      - 
empty_sequence.hpp 
(RegularFile, 744edfa34994616
188b712ed3b57f038)
                      - 
end.hpp (RegularFile, d0d3608
0f9d0e04a960b78c096f30dc1)
                      - 
equal.hpp (RegularFile, f9320
82013d87431d788b3321423ccb0)
                      - 
equal_to.hpp (RegularFile, e8
fec076a481d788998f92ba2942dd6
1)
                      - 
erase.hpp (RegularFile, f04bf
52f04f6f854d00768a2bddeacf9)
                      - 
erase_fwd.hpp (RegularFile, 8
f180a39fc6e7963681c14e43717ee
20)
                      - 
erase_key.hpp (RegularFile, f
9a25925d7cec8008f79cd6872a4dc
eb)
                      - 
erase_key_fwd.hpp 
(RegularFile, 7709d1a4c3deb73
84470f1b320983bfd)
                      - 
eval_if.hpp (RegularFile, ad3
3bb5d4d576c79a16f23f94232f603
)
                      - 
filter_view.hpp 
(RegularFile, 15226b297b2a168
dd8e12804f4532e7b)
                      - 
find.hpp (RegularFile, 9c370c
41d334ae787ff3aa878fdef9b8)
                      - 
find_if.hpp (RegularFile, 393
e4068ebc5d19ea1432123504a2e18
)
                      - 
fold.hpp (RegularFile, 4538ce
5845b971f492c3dd3bb2d86acf)
                      - 
for_each.hpp (RegularFile, a4
9531f0a7e7ae8e56db4e8e8fbdb54
5)
                      - 
front.hpp (RegularFile, 1a049
d5f1b11a718687b54c18cf66724)
                      - 
front_fwd.hpp (RegularFile, f
6d8d21687171d0909e2714e7d7b7f
fb)
                      - 
front_inserter.hpp 
(RegularFile, 2e77130ef5a2e7c
88a7e7641d349bef4)
                      - 
get_tag.hpp (RegularFile, 8df
85e2578bb65ac836207e0a5ada9fd
)
                      - 
greater.hpp (RegularFile, 508
bef77e7cf224ec5dadfbf2285fe94
)
                      - 
greater_equal.hpp 
(RegularFile, c9a3693df25fa60
e4435b725e67891fa)
                      - 
has_key.hpp (RegularFile, cd1
14c31ce6129bccfc39e605f3dea2e
)
                      - 
has_key_fwd.hpp 
(RegularFile, beabffeb0b2b98b
f39d7f9acf7e1a1b1)
                      - 
has_xxx.hpp (RegularFile, 4b0
e4736e4f15e3a7f2dc3803b691779
)
                      - 
identity.hpp (RegularFile, 23
f9553b98b2b53c8531dcbd8c5d545
c)
                      - 
if.hpp (RegularFile, 0a88025b
7575153b13a513652a6d6ec8)
                      - 
index_if.hpp (RegularFile, fb
d3acf4817d51ca5a7c0d0b11a9ae0
7)
                      - 
index_of.hpp (RegularFile, b1
e70089f8c26d05a834e2811ba29e0
7)
                      - 
inherit.hpp (RegularFile, b77
0c9b0e79e585d109178a96946f7b2
)
                      - 
inherit_linearly.hpp 
(RegularFile, 0e8761bae47d3aa
6b278c5e4e4ef1f40)
                      - 
insert.hpp (RegularFile, 0536
19acd4b4f7195bf8b97cfe6cfedd)
                      - 
insert_fwd.hpp (RegularFile, 
d339b315a938bc7ea6b160483ce12
01e)
                      - 
insert_range.hpp 
(RegularFile, 3d2b8ac4ed86c19
ac93975d178cbf573)
                      - 
insert_range_fwd.hpp 
(RegularFile, b6036c766a929b8
5e63e856a734e0077)
                      - 
inserter.hpp (RegularFile, 32
1454329a479afd4184e93336635cb
c)
                      - 
int.hpp (RegularFile, eb9d972
eec0d7d15a277ce39585ca63f)
                      - 
int_fwd.hpp (RegularFile, 595
c20ee8fe6490de17c9775f329949c
)
                      - 
integral_c.hpp (RegularFile, 
fc184f3f020609186f6a205190860
e94)
                      - 
integral_c_fwd.hpp 
(RegularFile, 0a2e869bbbeb597
f8c5b083d416c78fa)
                      - 
integral_c_tag.hpp 
(RegularFile, 0981d9e6ea1b534
381d9b4be7e14c741)
                      - 
is_placeholder.hpp 
(RegularFile, 73988bd3abd7d67
37a79d2302f78837c)
                      - 
is_sequence.hpp 
(RegularFile, 01b204e0b524ec5
7925087bd60ab3e98)
                      - 
iter_fold.hpp (RegularFile, c
776eb75a66a6a9d46988aa92a8105
93)
                      - 
iter_fold_if.hpp 
(RegularFile, 99b9093f9450bcf
df5526b757b6b496c)
                      - 
iterator_category.hpp 
(RegularFile, 5bdc8e9ab36d932
e770eb0add9e7d94b)
                      - 
iterator_range.hpp 
(RegularFile, 700a8fee22794c8
46564b3d5d077bfcf)
                      - 
iterator_tags.hpp 
(RegularFile, 81c705f0d952940
c8d37b898ac7d1655)
                      - 
joint_view.hpp (RegularFile, 
bf5f275ae40d4c5ab1043703d1d2a
b1a)
                      - 
key_type.hpp (RegularFile, b7
1d65e5cda30220b98c54aba5ec5d4
c)
                      - 
key_type_fwd.hpp 
(RegularFile, 8352f2ccfc6da7e
6efcae1529426de97)
                      - 
lambda.hpp (RegularFile, 653b
9fd1bb8ba0e4445f763bc0ba34d1)
                      - 
lambda_fwd.hpp (RegularFile, 
cdd0d37a81211903fa3650a055783
662)
                      - 
less.hpp (RegularFile, c51f69
2433a594d29aac5de2e46ef64b)
                      - 
less_equal.hpp (RegularFile, 
117be5df8d94998eb505d3056f29f
c7a)
                      - 
limits (Directory, 5cf625f767
828c5213e5394a36c65655)
                        - 
arity.hpp (RegularFile, 0df8c
6a6965115bf26c6dcaf0c2a9f35)
                        - 
list.hpp (RegularFile, 787561
b87011249f3d32461e4709e95b)
                        - 
map.hpp (RegularFile, 7d53323
41e3c349c38c58116a9e6f5c0)
                        - 
set.hpp (RegularFile, 342ad2f
697d5e2e12b208ec1ae42f778)
                        - 
string.hpp (RegularFile, 6d69
56082f6e9c0bef45d6121d31fa11)
                        - 
unrolling.hpp (RegularFile, 1
8367f20b23560f9e762d7fceb535b
57)
                        - 
vector.hpp (RegularFile, aadf
4e9d226926ec6b754736175327e5)
                      - list 
(Directory, dafd64798b29b38ad
3aa7d2d72902e9a)
                        - 
aux_ (Directory, a21975a8eda2
3c53a0babd804878133d)
                          - 
begin_end.hpp (RegularFile, d
e1bd1bcff161935eed0e7ab0c069b
f3)
                          - 
clear.hpp (RegularFile, ec452
6a11ecc2df6b5abd6de6973c079)
                          - 
empty.hpp (RegularFile, 64dfd
d6d634c411eeba346a0443dcec9)
                          - 
front.hpp (RegularFile, 45ddf
1490b7e516bd9e98566fb4e9749)
                          - 
include_preprocessed.hpp 
(RegularFile, 63827172a3cf0f4
fd59c120ddf9913e7)
                          - 
item.hpp (RegularFile, 83cff8
adc3ab3754135ca57013f05cb2)
                          - 
iterator.hpp (RegularFile, 6a
7c9a4f2b50b281fd6cee9e4fa5955
8)
                          - 
numbered.hpp (RegularFile, f8
5c627577552752aba3399d0ddb439
1)
                          - 
numbered_c.hpp (RegularFile, 
12d5c7d3b2897a05b5745a5b8af61
ee3)
                          - 
O1_size.hpp (RegularFile, 66b
3148d99eabeca78b6dcf87bf3b6cf
)
                          - 
pop_front.hpp (RegularFile, f
3edfd21742f6b0eff928419912eda
35)
                          - 
preprocessed (Directory, 7bc0
22bea0a92047fade96d76f1b7972)
                            
- plain (Directory, 22130d375
27ef5f80cc5106a5aa40366)
                             
 - list10.hpp (RegularFile, 1
1ea22fa3bb8c242de3fb6a4cef9b7
9c)
                             
 - list10_c.hpp 
(RegularFile, 49d89b43767c93f
830ed03488193e75e)
                             
 - list20.hpp (RegularFile, 6
d6d553ad2a827cf6121246de37080
79)
                             
 - list20_c.hpp 
(RegularFile, 51c4f20249e5f3e
3387ca6ecedef3998)
                             
 - list30.hpp (RegularFile, c
cfbb08368697276a19a853c9f30f9
01)
                             
 - list30_c.hpp 
(RegularFile, a94ba151413d5c0
7bc1d145782b4d3d3)
                             
 - list40.hpp (RegularFile, 5
55ef6e00d7c4915176b201c581ab2
9b)
                             
 - list40_c.hpp 
(RegularFile, e9f4e7b83073cc4
041bad00b0720f225)
                             
 - list50.hpp (RegularFile, 3
52d19146fa3ded7320b1b2ad4124f
eb)
                             
 - list50_c.hpp 
(RegularFile, d6c915f63949bd6
bc912b95eeccb9d50)
                          - 
push_back.hpp (RegularFile, a
21f37f9a84fde48745b77215d8cba
30)
                          - 
push_front.hpp (RegularFile, 
f53a6b442f1358402c53cfc412c7b
77c)
                          - 
size.hpp (RegularFile, b4ca8d
b0a4540f6c4d0cedbfc6df9836)
                          - 
tag.hpp (RegularFile, 80b02f8
b5c498d38d766abbab6db8e69)
                        - 
list0.hpp (RegularFile, ebd43
399768f687c05a1d4547a53ef2d)
                        - 
list0_c.hpp (RegularFile, 779
38fcf9013acea9872b418049dc1e8
)
                        - 
list10.hpp (RegularFile, a767
48d57c7a75a3436841e09c80d8cb)
                        - 
list10_c.hpp (RegularFile, 49
85fb9c2befbe13460bf50afb845db
9)
                        - 
list20.hpp (RegularFile, fbf3
e682ca97c87e40e067ed5a3d93de)
                        - 
list20_c.hpp (RegularFile, 0a
d114592879d6ae4ecb7ed3cf23c2a
5)
                        - 
list30.hpp (RegularFile, af90
4fc8c7b5af28aa558d0dc48b80b6)
                        - 
list30_c.hpp (RegularFile, e4
851bd974e3d4f5c808add9e8fc600
2)
                        - 
list40.hpp (RegularFile, 35c1
c5a88fe61a73ce157f6dc8abd166)
                        - 
list40_c.hpp (RegularFile, df
85e54ff9b99b5f15b1a9a0fff85b4
1)
                        - 
list50.hpp (RegularFile, 0457
345d94205f6535ea0a4146f5010b)
                        - 
list50_c.hpp (RegularFile, 42
b83c2dd75569481079b0f4583bd23
d)
                      - 
list.hpp (RegularFile, 641fa6
5b911acadc5943554cbe43d174)
                      - 
list_c.hpp (RegularFile, 1241
9ea77171df016722a47eb21160b0)
                      - 
logical.hpp (RegularFile, 648
fbbf7a266d077f1dad9788cbffefc
)
                      - 
long.hpp (RegularFile, ab0171
f2c099b751ba5adeae5594ea29)
                      - 
long_fwd.hpp (RegularFile, a6
5189bb07e4296bc89e203778b351c
8)
                      - 
lower_bound.hpp 
(RegularFile, 560f78e7f8f7e15
2a8f3327249a0a45e)
                      - map 
(Directory, 873cfa5f1ca2b1e7d
927ad5bdeb775a3)
                        - 
aux_ (Directory, 60855ef21e73
99971964bddb27844ecb)
                          - 
at_impl.hpp (RegularFile, 8ef
96789d739795eb5465425afc140f3
)
                          - 
begin_end_impl.hpp 
(RegularFile, ce67d349bf68bc8
dd00fd45d96c672b8)
                          - 
clear_impl.hpp (RegularFile, 
78df0bde7555b7194e303cb9f3ac1
25b)
                          - 
contains_impl.hpp 
(RegularFile, 9bd7944e07b2dd7
13ca1ae55d00bd224)
                          - 
empty_impl.hpp (RegularFile, 
8b6d59a99c3b4247b2d5901fc45ed
32c)
                          - 
erase_impl.hpp (RegularFile, 
01db123b557ef503a91862fea70fc
418)
                          - 
erase_key_impl.hpp 
(RegularFile, c8ca82a8c339fce
c6baa88e58a226b41)
                          - 
has_key_impl.hpp 
(RegularFile, cb6015ae7b217d6
fd23e625cd2120001)
                          - 
include_preprocessed.hpp 
(RegularFile, 92e23b22be53c25
590908e040dbad873)
                          - 
insert_impl.hpp 
(RegularFile, f7ddba9ae877731
05b22477db74e3c84)
                          - 
insert_range_impl.hpp 
(RegularFile, 1a437d5dedd3515
da4beb7ea7cd91530)
                          - 
item.hpp (RegularFile, f353c0
c2f58ce5b2f9f3d7b349f2477f)
                          - 
iterator.hpp (RegularFile, eb
15a11a414680e9e5baec063d255e9
3)
                          - 
key_type_impl.hpp 
(RegularFile, 24df557fc9e876e
907f9fab27129fa3c)
                          - 
map0.hpp (RegularFile, f8eb7e
cfc1161aabf553266e825217f9)
                          - 
numbered.hpp (RegularFile, 01
9b11b2ed8f8506cc6955c166c4048
4)
                          - 
preprocessed (Directory, 0309
d4029a70d022893d59acdb613bfa)
                            
- no_ctps (Directory, cd73cb8
b175d915542189262d10a8841)
                             
 - map10.hpp (RegularFile, 7d
ef229f1ad7ad9e5ced7e3b163fc46
a)
                             
 - map20.hpp (RegularFile, 49
f7cd555cd3a2119196e58eb7afdf8
8)
                             
 - map30.hpp (RegularFile, 26
bafa1c6551344982df60d240bc0d4
c)
                             
 - map40.hpp (RegularFile, 45
4f9b996d3b83e4d0b2f172c3b8b32
b)
                             
 - map50.hpp (RegularFile, 09
cb0f65ecbc07130458ef723f4631d
c)
                            
- plain (Directory, 8bdfc4f9f
6c77615c50bd1e356b730de)
                             
 - map10.hpp (RegularFile, 9e
a20dd0ea15185d408c8e4a2d03f98
c)
                             
 - map20.hpp (RegularFile, ff
65cf40d559234fa6bbcfab2bf4d8b
2)
                             
 - map30.hpp (RegularFile, 7e
9da2f4d32564edd10cd1d75ff7771
e)
                             
 - map40.hpp (RegularFile, 1c
06000721874e8390a4d50e4f685be
4)
                             
 - map50.hpp (RegularFile, d5
7f4921e223aa288cac54aed9309f5
a)
                            
- typeof_based (Directory, 98
fc40ed2af500717891d99bca0c144
c)
                             
 - map10.hpp (RegularFile, 94
f4306d4e3807137a25472ef923533
1)
                             
 - map20.hpp (RegularFile, 6b
26f49a35aff56ce8a5d92eadf59fc
b)
                             
 - map30.hpp (RegularFile, 66
09700f61bfdada7f76512ad4172cb
5)
                             
 - map40.hpp (RegularFile, 36
e454041b70f33eb1083eabdab2978
e)
                             
 - map50.hpp (RegularFile, 25
681bffb8bf029cfe41f671e890f63
0)
                          - 
size_impl.hpp (RegularFile, b
75cb5d7a51ad13978a275aea3518e
b8)
                          - 
tag.hpp (RegularFile, 074126d
c76d62e85a64173f170d460e2)
                          - 
value_type_impl.hpp 
(RegularFile, eb011e447bc8cec
ae756341cc68b5099)
                        - 
map0.hpp (RegularFile, 4f46aa
937a4c9b8fc6b5ff58ec989205)
                        - 
map10.hpp (RegularFile, 746a8
aab2eb6ec1428315f30f7371544)
                        - 
map20.hpp (RegularFile, 5bd44
798b134fa50b894ae49c09c24a5)
                        - 
map30.hpp (RegularFile, 2e16a
79fd511bde040502d390148eeda)
                        - 
map40.hpp (RegularFile, 69b85
974e461edcb93d4d4f2f0adf868)
                        - 
map50.hpp (RegularFile, 3fe0a
6d6295b07b011ae8352dfc1a35f)
                      - 
map.hpp (RegularFile, 9e2b499
fd662eac8488534f42f55ad6d)
                      - math 
(Directory, 834f4e65ef44a74af
46812e2d6f9c881)
                        - 
fixed_c.hpp (RegularFile, d49
f3b65c36607372bfa7824dbc15efe
)
                        - 
is_even.hpp (RegularFile, 43d
4680544772c600d7e0f4600dc80e7
)
                        - 
rational_c.hpp (RegularFile, 
a55403fa37fbdc948170eaa9945a1
73a)
                      - 
max.hpp (RegularFile, 84d4b89
777a8091f0ac18877dcdfb03a)
                      - 
max_element.hpp 
(RegularFile, f1b247400373c4a
f40c0770eabfe707e)
                      - 
min.hpp (RegularFile, 15f18a8
656fbfc80abf53d5cf83b0f45)
                      - 
min_element.hpp 
(RegularFile, 07352ca291734f0
506d756946f80fba5)
                      - 
min_max.hpp (RegularFile, e07
3fc1a3f1dac916ed463f2fe453ddc
)
                      - 
minus.hpp (RegularFile, 2f96c
30cec7a1bafdc29821e943e02db)
                      - 
modulus.hpp (RegularFile, 759
786404077253df04b1d3bef0f43ac
)
                      - 
multiplies.hpp (RegularFile, 
8c6b6ff859e9dc71a5ad11c60b111
e95)
                      - 
multiset (Directory, 6398c81c
d4f729d976555a3ed7649986)
                        - 
aux_ (Directory, dde974a489ab
48b8de317ccd033e58a0)
                          - 
count_impl.hpp (RegularFile, 
5b8de7d61113fd6637eb3c9d659b1
f8c)
                          - 
insert_impl.hpp 
(RegularFile, 8147abec05209fc
f9737b08afcf9e582)
                          - 
item.hpp (RegularFile, f977c9
df2c06b99e549f6a842b2bdd89)
                          - 
multiset0.hpp (RegularFile, 6
998f47a7c0d0c76c5cef9c9841fcd
c0)
                          - 
tag.hpp (RegularFile, 7d1904a
9dd1eca8f6cbc978f4b0f6edc)
                        - 
multiset0.hpp (RegularFile, 0
46b4e720bc3a6fa6856ec69f124a3
55)
                      - 
negate.hpp (RegularFile, a5ff
db069a8f2d7c8b2d975d724288fd)
                      - 
next.hpp (RegularFile, eb3792
edbcb3e267b3929277dcb70a6e)
                      - 
next_prior.hpp (RegularFile, 
7c15b523e647f67e9d2177d59dd11
234)
                      - 
not.hpp (RegularFile, 9e53d8e
0d50e1ebe0739c63eeda8a63b)
                      - 
not_equal_to.hpp 
(RegularFile, b20a63c14361c04
c0ea36fb6ad37c627)
                      - 
numeric_cast.hpp 
(RegularFile, 554efdc78e00631
68adc2ac3cf46a4d1)
                      - 
O1_size.hpp (RegularFile, 7a2
f2e186dbecaa0e9b65bfff655e95a
)
                      - 
O1_size_fwd.hpp 
(RegularFile, 808b0f7203d1701
528227b1c0f9258c9)
                      - 
or.hpp (RegularFile, a7370c7c
61adf32cbd5201ebd4930aae)
                      - 
order.hpp (RegularFile, 68aa6
e994267f6211e4f769519230344)
                      - 
order_fwd.hpp (RegularFile, 9
e31cb6bfada979b1dafe9d49b967e
39)
                      - 
pair.hpp (RegularFile, e3b2ac
69670a4706ef75f80e8f20c058)
                      - 
pair_view.hpp (RegularFile, 8
fa9ce19f50a4a8b667fa158aef15c
66)
                      - 
partition.hpp (RegularFile, c
fef8dfd470ec62c78353c5d4dec3e
72)
                      - 
placeholders.hpp 
(RegularFile, 473b8a8eabb64f2
f5cf1d639bafaeea8)
                      - 
plus.hpp (RegularFile, dc4252
6fe5d6da34ce37c33a4ab5d071)
                      - 
pop_back.hpp (RegularFile, 98
d59688fbbf71a8e1de0366834e14d
4)
                      - 
pop_back_fwd.hpp 
(RegularFile, 6942f8a6ed1239f
35cbba4f8ba8ebc9f)
                      - 
pop_front.hpp (RegularFile, c
a47f3605fc7227d1b2f3e584301bb
14)
                      - 
pop_front_fwd.hpp 
(RegularFile, 26c0c9388744ef4
17754524fa0da21d8)
                      - 
print.hpp (RegularFile, 9b37f
15c8f72c4aef640f52ba5034940)
                      - 
prior.hpp (RegularFile, b9d3a
e2fd6946c3ee4895b5e745fb4aa)
                      - 
protect.hpp (RegularFile, f96
0fe2f9a799a58f06e041437fe8233
)
                      - 
push_back.hpp (RegularFile, 7
8e36490b4aed54ee8792471890285
ce)
                      - 
push_back_fwd.hpp 
(RegularFile, 0313e843d19b711
80b0c0224eb2f3749)
                      - 
push_front.hpp (RegularFile, 
c5c1e67384432ce3934093609d7b9
e46)
                      - 
push_front_fwd.hpp 
(RegularFile, d9125458df21971
b45526de887584154)
                      - 
quote.hpp (RegularFile, 2ec93
5921df315928800c5b098743eb4)
                      - 
range_c.hpp (RegularFile, 4c6
a7e67820863d25b86e4dc93c71365
)
                      - 
remove.hpp (RegularFile, 4e2f
b47c5a48d86694b837a798252191)
                      - 
remove_if.hpp (RegularFile, d
f1c497bc4b2e7a7b42b795f995da6
9e)
                      - 
replace.hpp (RegularFile, cb3
acaa29bb207974026cec1f6bdcc1e
)
                      - 
replace_if.hpp (RegularFile, 
50d4613898013d5b280ec65151672
7d2)
                      - 
reverse.hpp (RegularFile, 92e
4db27fb1b5b4a81138c28dfb6ffe9
)
                      - 
reverse_fold.hpp 
(RegularFile, 8c298acc2f8d3ff
171d1b7a2451039eb)
                      - 
reverse_iter_fold.hpp 
(RegularFile, d8879c3352c2ccf
4e69495768bad8409)
                      - 
same_as.hpp (RegularFile, ecb
508d049948b0e42476dffc2f5e019
)
                      - 
sequence_tag.hpp 
(RegularFile, 499a66d326daa61
8b57122d24cdd58d8)
                      - 
sequence_tag_fwd.hpp 
(RegularFile, 119e33c40528ff3
ff203e43441334dbd)
                      - set 
(Directory, b5d87357138649870
f6852ec3b4f1be2)
                        - 
aux_ (Directory, 936e9043ce32
12bc57ce16e4b17ca2ad)
                          - 
at_impl.hpp (RegularFile, c1e
5f919245495c4147b68676be4d815
)
                          - 
begin_end_impl.hpp 
(RegularFile, ea3e31fb80073eb
16cf087f4f68e3c74)
                          - 
clear_impl.hpp (RegularFile, 
ee7b7b326534d26721a7d2136dd49
db4)
                          - 
empty_impl.hpp (RegularFile, 
61eaaa87dbb4aa3cdfbf1419fa73b
d91)
                          - 
erase_impl.hpp (RegularFile, 
ed33d578fae03d5a0c66c203c9a69
c2c)
                          - 
erase_key_impl.hpp 
(RegularFile, c2a5364c32bfa05
93ccfc575306a2e6a)
                          - 
has_key_impl.hpp 
(RegularFile, 08beff1a886f7ac
bde66f14358312622)
                          - 
include_preprocessed.hpp 
(RegularFile, bde86058c41aa35
74a2e993a7cec85c2)
                          - 
insert_impl.hpp 
(RegularFile, 6b8d842d2b3946a
054274a0d1e6c5864)
                          - 
insert_range_impl.hpp 
(RegularFile, 5ca0cef48154d8d
1c73b0200276764e7)
                          - 
item.hpp (RegularFile, 9c7150
73fe108e48ba244643911c3b3d)
                          - 
iterator.hpp (RegularFile, 1d
5035cf0b28e6dc0aedef710d6d2a4
3)
                          - 
key_type_impl.hpp 
(RegularFile, f6a435eb7b06b62
56eee6283e936ef79)
                          - 
numbered.hpp (RegularFile, 69
8b04a029298de75e97e6a8ab38a59
f)
                          - 
numbered_c.hpp (RegularFile, 
5cdbeae75f21ee199940483f02ac9
a9c)
                          - 
preprocessed (Directory, e8e9
07cc1fadd734f9f90f774872e3cd)
                            
- plain (Directory, 998b32f8c
1a1d1ee940d3b6833c6e00c)
                             
 - set10.hpp (RegularFile, 3d
3cc233fbafbe536fab33a70fbfaca
f)
                             
 - set10_c.hpp (RegularFile, 
e8dd018df6075d8d71be618046445
59d)
                             
 - set20.hpp (RegularFile, 25
c98f83f73b3bd737ebe1658f7095c
9)
                             
 - set20_c.hpp (RegularFile, 
65276f525afaeaa279211a4049fdd
f96)
                             
 - set30.hpp (RegularFile, ae
85580415f17b51f8e80d83226a666
c)
                             
 - set30_c.hpp (RegularFile, 
9e8ca435ce33cc93e286a879d5340
331)
                             
 - set40.hpp (RegularFile, 37
273bc46c550d08a853bcd321fe5e0
1)
                             
 - set40_c.hpp (RegularFile, 
efb3ec2a7a990f934167ad6963259
aee)
                             
 - set50.hpp (RegularFile, 27
77d09f990c26eb34c6e5211ba0631
4)
                             
 - set50_c.hpp (RegularFile, 
83dccf297e3fd5f227e7047eae707
3fc)
                          - 
set0.hpp (RegularFile, 64de24
e2500854737ba1d71fffbb1437)
                          - 
size_impl.hpp (RegularFile, 5
ea339f59641aa5b3b3040766a4d56
e2)
                          - 
tag.hpp (RegularFile, 318556b
cbc01dbe816eaf1cbc0f4f898)
                          - 
value_type_impl.hpp 
(RegularFile, 5a396f0fd9a7685
dce93f3651018d954)
                        - 
set0.hpp (RegularFile, 33dd2e
35e42799d6f9ce9a381971b472)
                        - 
set0_c.hpp (RegularFile, 8a2e
c228d899c787308f2f3095641ea3)
                        - 
set10.hpp (RegularFile, 00727
6028dd0f4454db02ebecdf687be)
                        - 
set10_c.hpp (RegularFile, 261
18212ecb291e502c0f2a181548cc5
)
                        - 
set20.hpp (RegularFile, 6caf9
184e4ef1473edaf54a6c193e8f4)
                        - 
set20_c.hpp (RegularFile, a42
33cb18762b09c104b0ac711a392c3
)
                        - 
set30.hpp (RegularFile, fbf60
d961f4bffe5166c7edf066b28a6)
                        - 
set30_c.hpp (RegularFile, d26
52da596843bdfb35cc4992733872c
)
                        - 
set40.hpp (RegularFile, 982d9
ffa6028989acf88cd5f83a71d51)
                        - 
set40_c.hpp (RegularFile, cd6
3bed4d04ca509b99c79d413ef0355
)
                        - 
set50.hpp (RegularFile, 00621
48fe61cf29a369b88b012e3b09b)
                        - 
set50_c.hpp (RegularFile, 012
b70495c231532a51a5d295a0b953d
)
                      - 
set.hpp (RegularFile, c7fda17
4ca1be215251e9a4dee51fed4)
                      - 
set_c.hpp (RegularFile, a1388
46c3b7a42ace838fb68a4483e71)
                      - 
shift_left.hpp (RegularFile, 
15758a5b45e854472303f6b850b4b
849)
                      - 
shift_right.hpp 
(RegularFile, 374903c0c48e736
e770df8ec5cca54f9)
                      - 
single_view.hpp 
(RegularFile, 0c43493c7bdc220
e02ceed823737c700)
                      - 
size.hpp (RegularFile, b628a3
f6edc263cc67c7cd3ffb772fc8)
                      - 
size_fwd.hpp (RegularFile, eb
124250cc5500944dd08e0a0ccbbb0
f)
                      - 
size_t.hpp (RegularFile, f7ca
1c5581261c27a6a4d83d88b08b7f)
                      - 
size_t_fwd.hpp (RegularFile, 
91c4767e402170f4dd3f3d35e8252
1ee)
                      - 
sizeof.hpp (RegularFile, f684
82e5dfdac8d1b77cd87ff52a3916)
                      - 
sort.hpp (RegularFile, e16c00
75327e90234e03fad783a7c7ad)
                      - 
stable_partition.hpp 
(RegularFile, 99853d554bccf16
14998f7928458f8f1)
                      - 
string.hpp (RegularFile, ce82
2d70198d01847c6b5dcdb5ba5058)
                      - 
switch.hpp (RegularFile, 941e
50e014913a803b36536438c9cae1)
                      - 
tag.hpp (RegularFile, ab7774c
65345c53f59f8e50415968985)
                      - 
times.hpp (RegularFile, 960df
66a86725d67881e07b219364317)
                      - 
transform.hpp (RegularFile, d
8269595017d66e5e3209dd9fab4e1
7a)
                      - 
transform_view.hpp 
(RegularFile, 800da1389ea2eb8
822383426c3324b85)
                      - 
unique.hpp (RegularFile, 5cad
743bf8073ad2994f7734df0c6e02)
                      - 
unpack_args.hpp 
(RegularFile, b897d540f0609c0
9f9d4b0c1406b6086)
                      - 
upper_bound.hpp 
(RegularFile, 95f44c20b68b1ab
db539b77c58137c7a)
                      - 
value_type.hpp (RegularFile, 
e8765a09bc05d3c22b642608936dc
a3d)
                      - 
value_type_fwd.hpp 
(RegularFile, 2e46adda33865b7
63a94d5ae81a38877)
                      - 
vector (Directory, 501dc11225
f3900077dbef07725557f0)
                        - 
aux_ (Directory, 5b21df35ebd5
96c32211a68669382aac)
                          - 
at.hpp (RegularFile, 16af955f
f530e6122ab60dc43d86c381)
                          - 
back.hpp (RegularFile, f87a4a
3270639bcdc5c214fbb156a0f4)
                          - 
begin_end.hpp (RegularFile, 2
d3bb4bca446b053d8bf69c55895ae
23)
                          - 
clear.hpp (RegularFile, 58812
3671433194e815ef98dba4ed288)
                          - 
empty.hpp (RegularFile, 9e0a2
b6f126b230ff8dc290370a4b049)
                          - 
front.hpp (RegularFile, 7b184
a9123e18c2430e2f864bb599047)
                          - 
include_preprocessed.hpp 
(RegularFile, 1875f00afbc752c
3c1800cf8cc56ed8d)
                          - 
item.hpp (RegularFile, c50c94
acb11556527809f16ef919c1ae)
                          - 
iterator.hpp (RegularFile, 82
e2c0f6d8af9e3be99e6bb24a9f142
7)
                          - 
numbered.hpp (RegularFile, 87
9457dcfae9ac958a8f4088594270e
1)
                          - 
numbered_c.hpp (RegularFile, 
30942d4bd1d4a08ee325601c91b7b
b54)
                          - 
O1_size.hpp (RegularFile, 50e
df2a1a201f5d457c9933191e4426f
)
                          - 
pop_back.hpp (RegularFile, 35
9359043852595cf0b506a572dfa14
0)
                          - 
pop_front.hpp (RegularFile, 1
7a95d8e467e4958fd83a0f141836f
9c)
                          - 
preprocessed (Directory, 4176
04405d8b423e37a2b977878bb334)
                            
- no_ctps (Directory, 69b7c42
c08b6b81f9500cc985e591554)
                             
 - vector10.hpp 
(RegularFile, b990c4608146e06
368d23448e9fe04fb)
                             
 - vector10_c.hpp 
(RegularFile, 961b31a7adb79ff
99ccafd531a301b37)
                             
 - vector20.hpp 
(RegularFile, 2d0118116363bb8
eac8d738f447bbae7)
                             
 - vector20_c.hpp 
(RegularFile, f3255b9c709c69f
a40a66b38d25a4fd2)
                             
 - vector30.hpp 
(RegularFile, c48ed4b790cc97c
77d217693eb9692cc)
                             
 - vector30_c.hpp 
(RegularFile, edff3703dd6f813
c2b59b4af704ebeba)
                             
 - vector40.hpp 
(RegularFile, 2c0e57e8454c5a6
99b6a008abdb58620)
                             
 - vector40_c.hpp 
(RegularFile, 8a244700933f4ad
ff9599c3f616b4f38)
                             
 - vector50.hpp 
(RegularFile, 2d71dc66c5b0e37
36cf42df213862cd1)
                             
 - vector50_c.hpp 
(RegularFile, b3fd7b7f20082be
98adef0f636da4961)
                            
- plain (Directory, 24a48ff5f
985a103dfc99b235ad42496)
                             
 - vector10.hpp 
(RegularFile, de8e1f1ccd12517
b6818babe415907a4)
                             
 - vector10_c.hpp 
(RegularFile, 961b31a7adb79ff
99ccafd531a301b37)
                             
 - vector20.hpp 
(RegularFile, 30d790751cb89f5
92724476ffc8ee36f)
                             
 - vector20_c.hpp 
(RegularFile, f3255b9c709c69f
a40a66b38d25a4fd2)
                             
 - vector30.hpp 
(RegularFile, 4b102ef13f2e2da
f8dbca6315181cc4b)
                             
 - vector30_c.hpp 
(RegularFile, edff3703dd6f813
c2b59b4af704ebeba)
                             
 - vector40.hpp 
(RegularFile, 82d3fae8d25e731
f72e67882817f5d21)
                             
 - vector40_c.hpp 
(RegularFile, 8a244700933f4ad
ff9599c3f616b4f38)
                             
 - vector50.hpp 
(RegularFile, 63dace20551144f
df3d397b28cb58e13)
                             
 - vector50_c.hpp 
(RegularFile, b3fd7b7f20082be
98adef0f636da4961)
                            
- typeof_based (Directory, 21
0413c2a5b7e98318750c69ed6c5d6
b)
                             
 - vector10.hpp 
(RegularFile, 7b5fc7a3defdc82
6a1f5a96d250f770a)
                             
 - vector10_c.hpp 
(RegularFile, f0e38a4f4cd6f6c
91beea54ead6857ae)
                             
 - vector20.hpp 
(RegularFile, f62d22029d33bac
d6deb433452917fb4)
                             
 - vector20_c.hpp 
(RegularFile, 191ab1305c4ed3d
670646397d989deff)
                             
 - vector30.hpp 
(RegularFile, 3b63a87de51bb1f
8c8a81d610310216e)
                             
 - vector30_c.hpp 
(RegularFile, 982bbabf0c23208
55a6b12a1294b666a)
                             
 - vector40.hpp 
(RegularFile, 5e834efff7fb4ab
332741436923e2f22)
                             
 - vector40_c.hpp 
(RegularFile, 36ebf10420f98ac
72bbadac85c726031)
                             
 - vector50.hpp 
(RegularFile, 8e783cae951d3fc
ae300e7022c53a14b)
                             
 - vector50_c.hpp 
(RegularFile, 1eab403f02c6ddf
72e2e7fcec3f7aa4e)
                          - 
push_back.hpp (RegularFile, 6
d288d692cd7c1d74dd72b6fdc6a89
8c)
                          - 
push_front.hpp (RegularFile, 
02ee7612d85df74647923b8403c80
6bb)
                          - 
size.hpp (RegularFile, ab6f33
f817435172b363b8285b075d65)
                          - 
tag.hpp (RegularFile, 5472386
24cc9428413c0538c7f1ccd03)
                          - 
vector0.hpp (RegularFile, 857
542b91c97c4a206fac755e55ad7ca
)
                        - 
vector0.hpp (RegularFile, 0e9
6687c0c1c687cc3d6ea04a25a04d3
)
                        - 
vector0_c.hpp (RegularFile, c
18d42c7fbb4873ae62d6d0ae9eda6
c1)
                        - 
vector10.hpp (RegularFile, b0
4d698b0680405e6a8ce597d95aba0
7)
                        - 
vector10_c.hpp (RegularFile, 
4227dc03fa364309ca35095842d05
eb8)
                        - 
vector20.hpp (RegularFile, 59
6fbf043fae2d3f8cd7cfeea979623
6)
                        - 
vector20_c.hpp (RegularFile, 
98b58377ca896fd9fb788e79b0b83
651)
                        - 
vector30.hpp (RegularFile, ff
4801805be34752d1bd155e32041a4
0)
                        - 
vector30_c.hpp (RegularFile, 
d719b64fcdfd43b474b9f855aa0b4
e56)
                        - 
vector40.hpp (RegularFile, 93
36c64da7c3bc443db5fddff5f656b
4)
                        - 
vector40_c.hpp (RegularFile, 
66474f3be647253a8943a262949f0
ade)
                        - 
vector50.hpp (RegularFile, 58
3101b5fffd5836142fef040ab6aa4
6)
                        - 
vector50_c.hpp (RegularFile, 
ea6fbf6d1f3948659cf5e4f2e3f35
723)
                      - 
vector.hpp (RegularFile, 3a60
79e37a49a2637baef8daba792e5c)
                      - 
vector_c.hpp (RegularFile, cd
2771a5466085a59157ceb504f8cd6
3)
                      - 
void.hpp (RegularFile, 5b8fec
5ea7636c70e3f8d9b25aa7dfdd)
                      - 
void_fwd.hpp (RegularFile, 08
0ab227b5e9db5f5fa38ea87e6c2da
a)
                      - 
zip_view.hpp (RegularFile, 45
3145cb27f3db700b4393c834181de
d)
                    - 
operators.hpp (RegularFile, 1
620dcaf40a8198eb0038d2705fd5d
c7)
                    - 
preprocessor (Directory, 4056
ca4647e0862610ca29975ff7620e)
                      - 
arithmetic (Directory, d91dbe
81a5c1876e09c964fbfec85f85)
                        - 
add.hpp (RegularFile, 5668e81
ffdaea0a63794319bd00de1c7)
                        - 
dec.hpp (RegularFile, 41e243a
ca2a4ffa7471aee312db8cbd3)
                        - 
detail (Directory, 369b480b3d
9715f79e675181c32db77d)
                          - 
div_base.hpp (RegularFile, 8b
8bf1bf1ff5440e0b2b775349148ee
0)
                          - 
is_1_number.hpp 
(RegularFile, 47f5e4bac8557e5
7e72fb432ce1be4b3)
                          - 
is_maximum_number.hpp 
(RegularFile, 015aab3470cc39d
397dfbc49a902581d)
                          - 
is_minimum_number.hpp 
(RegularFile, 97ebb7f040f4b58
679fe1def364bfda1)
                          - 
maximum_number.hpp 
(RegularFile, d238b93952e843e
ab29b375b43452523)
                        - 
div.hpp (RegularFile, 34ec7c2
8a056d4b80e2377c5b4e77f88)
                        - 
inc.hpp (RegularFile, 7266255
ae5c361cf7fe375c908c9b109)
                        - 
limits (Directory, a345fb3b16
3afa15fdbcb8c3ddd46690)
                          - 
dec_1024.hpp (RegularFile, ea
29e3cf16ab3ff395a4823af2d631c
9)
                          - 
dec_256.hpp (RegularFile, cd5
2a242c8c5677d0725afa793b01d43
)
                          - 
dec_512.hpp (RegularFile, dd6
789f3e1e7729c97cabda144bf2bb0
)
                          - 
inc_1024.hpp (RegularFile, db
2de2da7653bd4f7fc97c46bd7c2fb
a)
                          - 
inc_256.hpp (RegularFile, 539
e57edeb255be6eceee35504048c39
)
                          - 
inc_512.hpp (RegularFile, b6a
c30b49b80c57004f421237dd035ef
)
                        - 
mod.hpp (RegularFile, 24862b3
b3f4256c90b3249f2af92ec14)
                        - 
mul.hpp (RegularFile, f34e046
4f26848fe1ee6ce30fef0b064)
                        - 
sub.hpp (RegularFile, 30f66f6
fd9e33b5e071c92d251a57395)
                      - 
arithmetic.hpp (RegularFile, 
7231e978857ae85b578b6f3ddc43b
909)
                      - 
array (Directory, cbd7a250d4f
a6d847071e931e5ae5fdb)
                        - 
data.hpp (RegularFile, 13ace5
3a7f9a60322e5c36f6d87e4c47)
                        - 
detail (Directory, 0161590557
0d5f421bce3a1ad2c178ab)
                          - 
get_data.hpp (RegularFile, 6d
d18478aee6dcda22c40b97a881d3f
f)
                        - 
elem.hpp (RegularFile, 0325fd
b233462af05ebd9f368ffc0589)
                        - 
enum.hpp (RegularFile, de651a
b564f445f2f219be623f92aa73)
                        - 
insert.hpp (RegularFile, acb5
c81e11f14fc291de27b62e11cfb6)
                        - 
pop_back.hpp (RegularFile, 46
4d81775fd9864bd03f98084f0754d
a)
                        - 
pop_front.hpp (RegularFile, 2
fdb1be07e7889d6bd0fda799bacb0
23)
                        - 
push_back.hpp (RegularFile, 3
2ae981d607548f27addf510a038b1
9f)
                        - 
push_front.hpp (RegularFile, 
975c438ea734066f6a4cd32e3d38d
754)
                        - 
remove.hpp (RegularFile, 8fde
094927b8775e0821639ab44da91d)
                        - 
replace.hpp (RegularFile, c57
0ef3fc3275c082abf7be62170e42f
)
                        - 
reverse.hpp (RegularFile, ad7
340fe91ee14c5bbea4877a9083e33
)
                        - 
size.hpp (RegularFile, b73efc
600451584de8784626812db91a)
                        - 
to_list.hpp (RegularFile, 102
c3c3832f17c1281b2c8cc2c9ec366
)
                        - 
to_seq.hpp (RegularFile, 1e62
a97749cd580da193d27caa7111ba)
                        - 
to_tuple.hpp (RegularFile, 71
600ef0681957c0d680785e7d3f8b3
1)
                      - 
array.hpp (RegularFile, 4ba84
b93b0454463b7f507cb3c0ffd58)
                      - 
assert_msg.hpp (RegularFile, 
cc4a34e2d097a66a1ffb69db977ec
4a5)
                      - 
cat.hpp (RegularFile, 072e599
22d7a576182e49912824ab06a)
                      - 
comma.hpp (RegularFile, 80fad
944becaee4ff2f64ee102a72dc6)
                      - 
comma_if.hpp (RegularFile, 5e
5078c57c058bad7ad0be31fa0928d
b)
                      - 
comparison (Directory, 6b3848
00d1383cf5c7a2211b942f9e1e)
                        - 
equal.hpp (RegularFile, 9bf54
1909646361b03fef827a4c020dc)
                        - 
greater.hpp (RegularFile, aa4
0b2b381b5f9951dfe4eacaa267473
)
                        - 
greater_equal.hpp 
(RegularFile, d30b75f3831c969
e9496b452e20249b3)
                        - 
less.hpp (RegularFile, c224c1
266f5d7bc7aed4e0668f9b1242)
                        - 
less_equal.hpp (RegularFile, 
6e3d9043932d95848f6cb49ea449e
de6)
                        - 
limits (Directory, 6627d5c19a
072265625013d70af29ae9)
                          - 
not_equal_1024.hpp 
(RegularFile, fc80fefb8f1812a
7034aa637a86b5179)
                          - 
not_equal_256.hpp 
(RegularFile, 35064dddbbb58fb
4cbc289d546817e10)
                          - 
not_equal_512.hpp 
(RegularFile, 2bca727c2bbfdef
802e1357af19c29a5)
                        - 
not_equal.hpp (RegularFile, 6
fbf748908263ed87e051b8d2be0f8
fe)
                      - 
comparison.hpp (RegularFile, 
41f8dae12769e3020310409da4f3f
6cd)
                      - 
config (Directory, 922d251f56
e11c3b8a88b7dcc402b7ce)
                        - 
config.hpp (RegularFile, 0d0f
97ed41ea7f92cd9f222dfbecba31)
                        - 
limits.hpp (RegularFile, 9ad6
83b2aeb07ae3f815f1be1857cff2)
                      - 
control (Directory, cbd47e436
0f86416de935e017a23a7bc)
                        - 
deduce_d.hpp (RegularFile, 52
78ef626cfcab3ad44dc43bd1b9500
0)
                        - 
detail (Directory, b188f3559c
42c23d52b8ac54000e4279)
                          - 
dmc (Directory, b9214c1541832
f84afe2bb571dc347f2)
                            
- while.hpp (RegularFile, 696
52f5f7eb19122ddbaacf8ff80d76a
)
                          - 
edg (Directory, 1a5bf57e9b363
8925bb2ba2129ab3cb4)
                            
- limits (Directory, 1d67f194
11e432a42916cddb31b1c4ec)
                             
 - while_1024.hpp 
(RegularFile, c9c9ebbb37c1d1a
676d8ca5e1bdf369a)
                             
 - while_256.hpp 
(RegularFile, 34fe4a283758374
4a7bbd03146e05cc5)
                             
 - while_512.hpp 
(RegularFile, b41f86c43c41d64
a088d2c51d95383f3)
                            
- while.hpp (RegularFile, f76
3329b92c90c229b3af3f69b336a91
)
                          - 
limits (Directory, dea1473bbb
e976654b0809fda29daab3)
                            
- while_1024.hpp 
(RegularFile, 2f3836a43a50f7b
32004685b163e44cf)
                            
- while_256.hpp 
(RegularFile, dc7ecf10258eb33
c4da04adf1db96d06)
                            
- while_512.hpp 
(RegularFile, 159c2785d525479
5447bfa94b4cdf286)
                          - 
msvc (Directory, d27b099d1cc3
0fcc68db0b65b2b09023)
                            
- while.hpp (RegularFile, f6f
8708debd0dbfb56cd157ecc492ab1
)
                          - 
while.hpp (RegularFile, e7c74
247a72530ac7f64402826049890)
                        - 
expr_if.hpp (RegularFile, 01b
fbe0dfef69e012e56b25d0c9e9b7c
)
                        - 
expr_iif.hpp (RegularFile, 56
1a754aeed77797790dac049489e75
8)
                        - 
if.hpp (RegularFile, cd49abb2
1f92239d5a59481b83f18b1d)
                        - 
iif.hpp (RegularFile, abedb0f
77dcecb0355deb79a64f6a2dd)
                        - 
limits (Directory, a5f9e6e883
861ec65ad8c5762a9369c9)
                          - 
while_1024.hpp (RegularFile, 
0d7623ea25b411cdccfd4b802aadc
dce)
                          - 
while_256.hpp (RegularFile, d
012527713d66081204008f6b79921
32)
                          - 
while_512.hpp (RegularFile, 5
0d91e5b25d2ea92585a96ed678be5
f2)
                        - 
while.hpp (RegularFile, 532e4
d94f9f6a8e19eea4cd629594a02)
                      - 
control.hpp (RegularFile, fde
bfc247127ed7fc91427dc604f805b
)
                      - 
debug (Directory, 04590045b8a
5885e26b2f240cc1800e8)
                        - 
assert.hpp (RegularFile, b83f
51472a6570f198c924008d0de3d8)
                        - 
error.hpp (RegularFile, 6522a
983cb3bcca5d87f9a8b11b231bd)
                        - 
line.hpp (RegularFile, ef737a
b683282b9ca3faf8a2293682e3)
                      - 
debug.hpp (RegularFile, 74511
77d9dbc4528612dfa8ec4a713ad)
                      - 
dec.hpp (RegularFile, e2a2243
94a08e1986f7aa72f5aae7126)
                      - 
detail (Directory, f56d8ed9b7
66c2610a11a8bfc289931e)
                        - 
auto_rec.hpp (RegularFile, 6d
a5ee6203cfaaebb993ed9281a59d3
d)
                        - 
check.hpp (RegularFile, b8668
6292483fa9b25fca229f02611df)
                        - 
dmc (Directory, c9f5a43723b28
f60e67dc7fef395dbc3)
                          - 
auto_rec.hpp (RegularFile, bb
8ad6951c82d67287624e8029b7d72
3)
                        - 
is_binary.hpp (RegularFile, b
7d0980ad78e8ad480ff40669fb620
2e)
                        - 
is_nullary.hpp (RegularFile, 
62236377ae2eb8e03b74eb90967c4
268)
                        - 
is_unary.hpp (RegularFile, 6f
df8ff3e0965cb89f8bfc89e64ec7b
9)
                        - 
limits (Directory, a7b094172b
293befdf6e3c6a57c0a29f)
                          - 
auto_rec_1024.hpp 
(RegularFile, a1f99a05d216f2e
72b6f9ade3aa8a97b)
                          - 
auto_rec_256.hpp 
(RegularFile, 143a722b599c40d
8f0cee420b49ed9f1)
                          - 
auto_rec_512.hpp 
(RegularFile, 55a5b8371edc189
5c7ec5e228d06fe7b)
                        - 
null.hpp (RegularFile, e93ac2
590dc0406afa97e702ac60b488)
                        - 
split.hpp (RegularFile, 177e9
76a8ec9bc7bae9380cbcc118d1e)
                      - 
empty.hpp (RegularFile, da988
774265b13c43face27395f5254b)
                      - 
enum.hpp (RegularFile, be1939
002ab6725fafcf6db6b587d26b)
                      - 
enum_params.hpp 
(RegularFile, adf26fbdcf81100
9138775d4431000c5)
                      - enum_
params_with_a_default.hpp 
(RegularFile, 33df8d98609ac52
dbafd7e614363eabc)
                      - enum_
params_with_defaults.hpp 
(RegularFile, ab08a9350d1f05b
04239877f1b1f860d)
                      - 
enum_shifted.hpp 
(RegularFile, 4e8c0e1e5c4ed1c
61cb11ca7df2dd9bf)
                      - 
enum_shifted_params.hpp 
(RegularFile, cabae76a3463acc
94bf435e60dc3e3f1)
                      - 
expand.hpp (RegularFile, 8880
874f454deeac0ad175558b13a9ea)
                      - 
expr_if.hpp (RegularFile, d68
7463aa3e99e7fc56887592c712562
)
                      - 
facilities (Directory, 241a70
56a8bdeb1bc6c20310742e09ea)
                        - 
apply.hpp (RegularFile, e4ea1
65feef8a9bdc230b109627b2462)
                        - 
check_empty.hpp 
(RegularFile, 81150f699905010
e96c48822b4515862)
                        - 
detail (Directory, 0f3d5bfb05
9c92ce9f8430d8ac81168b)
                          - 
is_empty.hpp (RegularFile, d5
9b1eb2f55a504456a767bc4e5ddf1
7)
                        - 
empty.hpp (RegularFile, 79db3
e014999e3662e99fe376a9ce7b3)
                        - 
expand.hpp (RegularFile, d747
59405dbbce4321ddca1a9883b29f)
                        - 
identity.hpp (RegularFile, 0d
1f499ccf11ceb4a270a1550a0341b
f)
                        - 
intercept.hpp (RegularFile, 0
692ef01dcd1101e7bdb01e68abfbd
82)
                        - 
is_1.hpp (RegularFile, cfa559
128b5024b81df052f5ba067052)
                        - 
is_empty.hpp (RegularFile, fa
d8398fdcd2220f6b59bdc4b7fe129
2)
                        - 
is_empty_or_1.hpp 
(RegularFile, 27ad06d9abf5dc9
e626bc207f63be844)
                        - 
is_empty_variadic.hpp 
(RegularFile, 69adc523f0a3048
e491de67b2708ceb6)
                        - 
limits (Directory, 4c4f61ab12
7851846d5afda0dfc6cf85)
                          - 
intercept_1024.hpp 
(RegularFile, c1ad800ef50e82f
88309ed19d5938ebf)
                          - 
intercept_256.hpp 
(RegularFile, 91d467b50b9a4c7
2be2e76a3e028f582)
                          - 
intercept_512.hpp 
(RegularFile, 330f413c29c929c
7a8a9a56746402dce)
                        - 
overload.hpp (RegularFile, 6e
c8c04bc1d1ecff9f06bd13b5106df
3)
                        - 
va_opt.hpp (RegularFile, 95c9
a48dfb6652c2a8d6faf3c6cbd4c3)
                      - 
facilities.hpp (RegularFile, 
3b91360947c7c29c61cc7db9fb25c
42a)
                      - 
for.hpp (RegularFile, 29405db
c2e0c10cd2c76ff56e186c7f5)
                      - 
identity.hpp (RegularFile, bb
e2588860ebc377859319ad37e22c7
9)
                      - 
if.hpp (RegularFile, bd7863fe
5eab1a94dc9b06698aafb4b8)
                      - 
inc.hpp (RegularFile, 82b4b25
ea56f8d0d2c50902277317771)
                      - 
iterate.hpp (RegularFile, 723
5bed31ea60aafefac83f41c6998ba
)
                      - 
iteration (Directory, 788205b
55ad3ed330b2f953a8c0d57ee)
                        - 
detail (Directory, 22b40f6ae7
b781088bc108fb171d2f9f)
                          - 
bounds (Directory, 2daf9cbbbd
55cd3b94c6e50380d1fb1b)
                            
- lower1.hpp (RegularFile, 79
78527d09832403b5bd57cdf2c2418
0)
                            
- lower2.hpp (RegularFile, fa
858582570dfd0d7dd55128f468704
d)
                            
- lower3.hpp (RegularFile, f9
f7f7d308bdab2269bd0aafa9f69f6
4)
                            
- lower4.hpp (RegularFile, cf
13f731f18cb904a37f4380e54b12b
1)
                            
- lower5.hpp (RegularFile, 5b
a326bdbfe8ad7e3626a26a5571cba
4)
                            
- upper1.hpp (RegularFile, 04
661dee578765d51eecf30ca1a564e
5)
                            
- upper2.hpp (RegularFile, f9
d0f522ca8af665097b2b2295e6000
9)
                            
- upper3.hpp (RegularFile, dc
0582034f2b8408f398199b1efce56
f)
                            
- upper4.hpp (RegularFile, 0a
1dca1d8caab8d97743b6bead5a321
b)
                            
- upper5.hpp (RegularFile, 57
f1611293f9085bda5f37e00db09cb
a)
                          - 
finish.hpp (RegularFile, 476f
983fd528a43f6df552618b9e128b)
                          - 
iter (Directory, 0492dc3a9d73
d40214b6750d1bf94516)
                            
- forward1.hpp (RegularFile, 
fa3e471da608484a594531d5e52a1
fc1)
                            
- forward2.hpp (RegularFile, 
a1194b08235951a249125ca070953
41a)
                            
- forward3.hpp (RegularFile, 
368aae0d9bc2e896c87ba0be0be3f
a97)
                            
- forward4.hpp (RegularFile, 
c2579d3a793a42904a4eb3b9c3020
410)
                            
- forward5.hpp (RegularFile, 
2c2e559e4f66aa91b72bab9568e38
aab)
                            
- limits (Directory, d65bd482
a2e832fafdc7c03977bdfe5d)
                             
 - forward1_1024.hpp 
(RegularFile, 7b0c5756fd95d9f
b9b7a9618919adcd5)
                             
 - forward1_256.hpp 
(RegularFile, 2b54955e9f979d1
f33e8edb6ff31052d)
                             
 - forward1_512.hpp 
(RegularFile, bd94f53c9582668
a5c062505093cd91f)
                             
 - forward2_1024.hpp 
(RegularFile, 2a75886711d21a4
29683ed60004871e3)
                             
 - forward2_256.hpp 
(RegularFile, d6733f9ee48e40b
8c52bfaabaeae484d)
                             
 - forward2_512.hpp 
(RegularFile, 02e25d9a768a510
df443fbdffae4aa0e)
                             
 - forward3_1024.hpp 
(RegularFile, 2e06586a5f91be0
da896896348e0b791)
                             
 - forward3_256.hpp 
(RegularFile, 0349149607a799f
b296732764514132d)
                             
 - forward3_512.hpp 
(RegularFile, 07c808bfa4f0055
50a05985481c5adb4)
                             
 - forward4_1024.hpp 
(RegularFile, e5419005a0c5ae4
ce1eb83063214a90f)
                             
 - forward4_256.hpp 
(RegularFile, 2aeb362c79240aa
04cf57df6df631414)
                             
 - forward4_512.hpp 
(RegularFile, 51f1c1aa3ab8aa4
dfa0a7a7b9a8c1d74)
                             
 - forward5_1024.hpp 
(RegularFile, 4f10a4e3fd28ee4
9358d26131f8aec5c)
                             
 - forward5_256.hpp 
(RegularFile, fdececf4e0d3c37
4b44a993559dd3190)
                             
 - forward5_512.hpp 
(RegularFile, bd13e259af07353
4ee08a499d7fd372a)
                             
 - reverse1_1024.hpp 
(RegularFile, c825b4dd28e02a5
a30b713170f111475)
                             
 - reverse1_256.hpp 
(RegularFile, ce09bacaf3541d7
cddd909d7809520a0)
                             
 - reverse1_512.hpp 
(RegularFile, 2dc0af90c0e3960
e882ae9e2b695a9da)
                             
 - reverse2_1024.hpp 
(RegularFile, c7e8a89d65a7bdd
1baceef38a89ac6b3)
                             
 - reverse2_256.hpp 
(RegularFile, 853f8637c0ec050
7e5a95901c48f7c3b)
                             
 - reverse2_512.hpp 
(RegularFile, 07b8dee558d2f52
f6b47ef8947696312)
                             
 - reverse3_1024.hpp 
(RegularFile, 32ed6c4e696cea7
705f787007943c875)
                             
 - reverse3_256.hpp 
(RegularFile, 31cfc34eedebfb1
e3b1ede58f38342e4)
                             
 - reverse3_512.hpp 
(RegularFile, de5e54eadc394f7
deed6a264d1219efe)
                             
 - reverse4_1024.hpp 
(RegularFile, b120ade7b67fc4e
399f704a73576e2e2)
                             
 - reverse4_256.hpp 
(RegularFile, ad264a31e901bc2
74533d03c0cd8ff65)
                             
 - reverse4_512.hpp 
(RegularFile, ec77e5cf9a4123d
104e9a7b4892ce15b)
                             
 - reverse5_1024.hpp 
(RegularFile, 7449483fa1f5fd5
e981b050bb445d23e)
                             
 - reverse5_256.hpp 
(RegularFile, 6f0e476759a77f0
91a6dcd38406ba838)
                             
 - reverse5_512.hpp 
(RegularFile, 312ce61da42c733
3b276cbe587948770)
                            
- reverse1.hpp (RegularFile, 
5a14447620433969060fa0973a808
c27)
                            
- reverse2.hpp (RegularFile, 
0218df3ea5537b75f155211a8723d
e89)
                            
- reverse3.hpp (RegularFile, 
0611e910357a20a6479f86f2ec0b8
544)
                            
- reverse4.hpp (RegularFile, 
f5fcb192502572e4372d64e3e62d6
28f)
                            
- reverse5.hpp (RegularFile, 
6a6bf87bfc15e35464275a2c93b44
805)
                          - 
limits (Directory, b2d0de1cd2
fc0aa238da299dd92907b8)
                            
- local_1024.hpp 
(RegularFile, 9f1652c1716ce06
54b5a0ecf970d20e5)
                            
- local_256.hpp 
(RegularFile, 7f74e56ac0450bb
6866bf2b7267919aa)
                            
- local_512.hpp 
(RegularFile, a5aa9f979127d35
5b802fa74a3dfa9b9)
                            
- rlocal_1024.hpp 
(RegularFile, 737000339544fcc
f470b2fe2dd57049f)
                            
- rlocal_256.hpp 
(RegularFile, 9c02b527aae6e6c
7f54cb44578a2d3e1)
                            
- rlocal_512.hpp 
(RegularFile, e105c4c3ee292ab
b79e08b091d5af79a)
                          - 
local.hpp (RegularFile, e3e90
7029de32d4d4028a88b758cc18d)
                          - 
rlocal.hpp (RegularFile, bf8b
ffd34705c0b706517c6d7def515f)
                          - 
self.hpp (RegularFile, feaa57
86e88d436fccb2d52b9ca60820)
                          - 
start.hpp (RegularFile, aab8a
d2356057ffadb4d65427a438878)
                        - 
iterate.hpp (RegularFile, c4c
4c8ada285640ec3c1108468d2ac4a
)
                        - 
local.hpp (RegularFile, 5dd44
a9dfae5943241b84e6186e93304)
                        - 
self.hpp (RegularFile, 9dc9a0
534310560415baa176f5076e0d)
                      - 
iteration.hpp (RegularFile, 5
ac7889c39813d17e665bd391c43d8
15)
                      - 
library.hpp (RegularFile, d27
606d830af3893bf957c60d6edb00b
)
                      - 
limits.hpp (RegularFile, 3ba1
8b6a58ea02228ff0555c2d7b32da)
                      - list 
(Directory, 2b1b2c49e82897768
69253cae8230607)
                        - 
adt.hpp (RegularFile, 5717252
21a4a078280af9941fd457b8b)
                        - 
append.hpp (RegularFile, a90f
18df33bb450e5aee1009894c4a0a)
                        - 
at.hpp (RegularFile, 105ba14a
bc78c5476bd4af8e2c048b00)
                        - 
cat.hpp (RegularFile, 9dead34
896d199611892888c73e22905)
                        - 
detail (Directory, d2d9427d1d
7ef418d1f8c78b95e7cabd)
                          - 
dmc (Directory, bce022aaedd8d
cfc8c84b682b2c7056d)
                            
- fold_left.hpp 
(RegularFile, fc79141fce2f8da
ed76ff2c1fea6b9b9)
                          - 
edg (Directory, f43b8082586aa
dd2ce197efd9bfc7d47)
                            
- fold_left.hpp 
(RegularFile, ca1e7e81c1d3dd7
ab5faa5967871c551)
                            
- fold_right.hpp 
(RegularFile, 835add165b0a0e6
04bf08b6666e80b65)
                            
- limits (Directory, 0cea863c
15a868248637a7dfb044331c)
                             
 - fold_left_1024.hpp 
(RegularFile, 90620ccd6d31761
3b9b5ce33910832e9)
                             
 - fold_left_256.hpp 
(RegularFile, 17c2ba9d654cee1
53871c222fe362fb0)
                             
 - fold_left_512.hpp 
(RegularFile, 181e7391ddd0067
88460285101b4da34)
                             
 - fold_right_1024.hpp 
(RegularFile, a5388349ca8a286
e80eaf3c215e9dc43)
                             
 - fold_right_256.hpp 
(RegularFile, 1072e86da9c67a4
ceac07e22faf1ed78)
                             
 - fold_right_512.hpp 
(RegularFile, e589bccb041a71a
13bef6836743303bb)
                          - 
fold_left.hpp (RegularFile, a
2f6cc7eeb8d9af16d8e0ad1d7584d
cc)
                          - 
fold_right.hpp (RegularFile, 
cc482fbbebd460d58c803c909d5eb
c02)
                          - 
limits (Directory, 26d4d55a9c
2ce8847b6930a00d90e863)
                            
- fold_left_1024.hpp 
(RegularFile, ea27d385c4d8974
413cc059f2a161d7b)
                            
- fold_left_256.hpp 
(RegularFile, 5551112acd53ace
5a8ed4ac6bcb9d85b)
                            
- fold_left_512.hpp 
(RegularFile, a44b70dc6aca09f
8e9fe313293102158)
                            
- fold_right_1024.hpp 
(RegularFile, 2816c5493e08c8e
79750a5911daab409)
                            
- fold_right_256.hpp 
(RegularFile, 9c4205e1eb26d12
4993e4ea60d0ee541)
                            
- fold_right_512.hpp 
(RegularFile, 15d08178519a302
e07eb2d4d76bd7b7e)
                        - 
enum.hpp (RegularFile, 12b2eb
2640514806a9ff4cbecbd452ff)
                        - 
filter.hpp (RegularFile, b11a
728842f3fdbac0532cfeabca25cf)
                        - 
first_n.hpp (RegularFile, 342
8b4c35412dec480356369d4b5aa94
)
                        - 
fold_left.hpp (RegularFile, 3
fad02b4557f65a0931479bc712e1d
6f)
                        - 
fold_right.hpp (RegularFile, 
25f691674dea6e1356930b82cbca9
ac6)
                        - 
for_each.hpp (RegularFile, c0
a1f232ed9ba835b26405f31b3f210
1)
                        - 
for_each_i.hpp (RegularFile, 
94ea03f02848bc714d7866becc3e1
abd)
                        - 
for_each_product.hpp 
(RegularFile, 00c01ec81df9c83
ab37d681750d035a1)
                        - 
limits (Directory, a1f2c0c9d9
7f957ac82a177c6a49a2fb)
                          - 
fold_left_1024.hpp 
(RegularFile, 9d19e49f9ded08f
eb0c592bf99fb5a15)
                          - 
fold_left_256.hpp 
(RegularFile, 347cd59cfbee4cb
d2c6903d9dfc11944)
                          - 
fold_left_512.hpp 
(RegularFile, 74734f40dcd225d
38919185255dd9d2a)
                        - 
rest_n.hpp (RegularFile, c0d3
4fa3c9ae15b3ad6a4aa892dce930)
                        - 
reverse.hpp (RegularFile, 76b
8a06d1d2a0e96dedcc253baa9b2d7
)
                        - 
size.hpp (RegularFile, 33101f
423dbc0dbcae58ccdbd2a6b605)
                        - 
to_array.hpp (RegularFile, c0
171a921576582eb367957f79c0c6c
6)
                        - 
to_seq.hpp (RegularFile, 2647
62a4f5a19ab8940f2e6218e0f7ff)
                        - 
to_tuple.hpp (RegularFile, 31
b81af605cacf1029ac5b0d3694dc6
f)
                        - 
transform.hpp (RegularFile, 4
e4feda2e96ad5cd6d5101bb0090cf
97)
                      - 
list.hpp (RegularFile, 8b7460
d55406dfcbc6c93db237cf79a6)
                      - 
logical (Directory, b7ab8ecb9
29c5925acca42fd868a2c1a)
                        - 
and.hpp (RegularFile, 6fdb76a
850fbe1819e6ccba0ea7cc485)
                        - 
bitand.hpp (RegularFile, 360d
c1825c9f46a1b10b4cc8ed6ce32e)
                        - 
bitnor.hpp (RegularFile, 3d1b
b2a2268b02ca26f6ff5032171cf9)
                        - 
bitor.hpp (RegularFile, cfeb0
ac2a540a59c148ed57ed05f7828)
                        - 
bitxor.hpp (RegularFile, 0030
f46c29df10a46c499838e1ae346a)
                        - 
bool.hpp (RegularFile, 93a0fb
181b8c127a8b1cfc9dcaa754f7)
                        - 
compl.hpp (RegularFile, f4866
b8c33fe2f0067fb7b12c4446d68)
                        - 
limits (Directory, 4017e9cfa1
ba5de2254c21aad4f1035e)
                          - 
bool_1024.hpp (RegularFile, c
c91af75319d81dbc4e3be07737690
a3)
                          - 
bool_256.hpp (RegularFile, e8
15678aca585f6a5081ce2d5e67d52
5)
                          - 
bool_512.hpp (RegularFile, 10
4813dbf3a94d0e3c3215151234616
b)
                        - 
nor.hpp (RegularFile, 3948c51
4af90da404569569bbe1eb66d)
                        - 
not.hpp (RegularFile, 6504645
2d520efeecec2620c12f0573e)
                        - 
or.hpp (RegularFile, 905e4175
e470cd3f66e63b4814c25f50)
                        - 
xor.hpp (RegularFile, 75f277d
0aae3d5915294114b0c6e6350)
                      - 
logical.hpp (RegularFile, dc8
72266c25b5102e91e42cadfc6ae07
)
                      - 
max.hpp (RegularFile, 549c384
2c6561e2df501430ff9387484)
                      - 
min.hpp (RegularFile, c3e955a
bb64c99d5349cbfda0041e27d)
                      - 
punctuation (Directory, a6fb4
a7d2d5834884dc45df1762fff7d)
                        - 
comma.hpp (RegularFile, 64b6c
86866e114e455f8d6fedf6d4432)
                        - 
comma_if.hpp (RegularFile, 29
b6599c84420bce54343d117ae8046
5)
                        - 
detail (Directory, 37453d9e94
670f7ef5d17042a6553a61)
                          - 
is_begin_parens.hpp 
(RegularFile, 03e4f40bc6cbef1
d10331dce9cc06be1)
                        - 
is_begin_parens.hpp 
(RegularFile, 697a60888a9ef82
31dffa2036315ffb5)
                        - 
paren.hpp (RegularFile, 3a12a
1536c593847c21d1a8a8f1b65aa)
                        - 
paren_if.hpp (RegularFile, 80
222511f993aa1053341915d4d0903
4)
                        - 
remove_parens.hpp 
(RegularFile, a11b0a7270ffd0c
969b37ce8bd7feb4f)
                      - 
punctuation.hpp 
(RegularFile, 03293ab4fab050f
222d3ffc890510671)
                      - 
repeat.hpp (RegularFile, eb61
741d1649f2117a9b4e5472127a4c)
                      - 
repeat_2nd.hpp (RegularFile, 
24e287ebcebfdbe6ef5e44b60bb02
34c)
                      - 
repeat_3rd.hpp (RegularFile, 
cece3eb4fd1588ae99eafb0db663b
24e)
                      - 
repeat_from_to.hpp 
(RegularFile, e4ee235653156fb
c34e541184ced0a5d)
                      - 
repeat_from_to_2nd.hpp 
(RegularFile, 3ce9e70b548f1a0
22b111570956b9c6a)
                      - 
repeat_from_to_3rd.hpp 
(RegularFile, 20ca57f2f982322
be3bdfd7a5da02fbb)
                      - 
repetition (Directory, 63b6ab
172f1b51c055e1008019a4f0e0)
                        - 
deduce_r.hpp (RegularFile, e1
fb45a795de1445d829ecd7692c784
8)
                        - 
deduce_z.hpp (RegularFile, cd
7ba52c3ff7acc93ab1904b026fd83
5)
                        - 
detail (Directory, 413bcfa352
d970d36bd4d585e3d87702)
                          - 
dmc (Directory, 51b1545037ecb
ed15aedb0bebcca02f7)
                            
- for.hpp (RegularFile, 021ad
f93053d5bf21a47f4926cb23ffc)
                          - 
edg (Directory, 7cb91bb2d2c27
8a1201687039b11c556)
                            
- for.hpp (RegularFile, 8b9aa
dd4544ccb5cc2322db4b7ac330a)
                            
- limits (Directory, b1bb938a
c4887d675e11d4db4e1ebb67)
                             
 - for_1024.hpp 
(RegularFile, dd7b51c347b0c45
e47d9ba0b996bcbe6)
                             
 - for_256.hpp (RegularFile, 
6dc4a191c7fdcc5f20499fbf7c7ed
12f)
                             
 - for_512.hpp (RegularFile, 
73dd9d88baf9dce4a6b098a051ed5
538)
                          - 
for.hpp (RegularFile, a7e3507
42adeefd9c43ac2b3118d51f8)
                          - 
limits (Directory, 03ecbb40fa
ab884500f546d4987ad79e)
                            
- for_1024.hpp (RegularFile, 
239cc23d364ecb35f7d36f9682a04
771)
                            
- for_256.hpp (RegularFile, 6
432d6c8cd2950606c4fa14d8705aa
99)
                            
- for_512.hpp (RegularFile, e
69000670bc617d8833d8539f5b410
4d)
                          - 
msvc (Directory, def1e8484fbe
7f044049866cd14b1ae7)
                            
- for.hpp (RegularFile, 02e62
d76f63dbacebab1c5f714c43023)
                        - 
enum.hpp (RegularFile, 8fdfd7
34db9ec844c0a9cae0cd9c425b)
                        - 
enum_binary_params.hpp 
(RegularFile, 138ff47fb1738ae
42d26e28d1eeecadf)
                        - 
enum_params.hpp 
(RegularFile, 8c7cd7bd8582657
1e06a420f95fe7a5b)
                        - enu
m_params_with_a_default.hpp 
(RegularFile, 34b77584435f343
7abacbffcca967031)
                        - enu
m_params_with_defaults.hpp 
(RegularFile, c80cd911489f378
4e535a2193ff11bf9)
                        - 
enum_shifted.hpp 
(RegularFile, c8bcd8f9a834e71
9906dac5a0ca6c0cf)
                        - enu
m_shifted_binary_params.hpp 
(RegularFile, 36322e6af322293
62c0a3fc12491875b)
                        - 
enum_shifted_params.hpp 
(RegularFile, bcd8f8494e7a5ac
c8f750b96892cceaf)
                        - 
enum_trailing.hpp 
(RegularFile, 3bf91d76cbf25e6
6233301345a5cf41f)
                        - enu
m_trailing_binary_params.hpp 
(RegularFile, 25b3db4366a7f89
f60731f6c4c969e8e)
                        - 
enum_trailing_params.hpp 
(RegularFile, f406f04664ddb01
9fb85dc22565560a2)
                        - 
for.hpp (RegularFile, 8613008
a40cfc1aaaecc17a334822fed)
                        - 
limits (Directory, 5afd728802
f4968a5a736eaf5337c66d)
                          - 
for_1024.hpp (RegularFile, 0c
2a167c2fe900224d9d5c8ea275868
e)
                          - 
for_256.hpp (RegularFile, a50
31e44eaba68accab37244f1010268
)
                          - 
for_512.hpp (RegularFile, 6f5
48c93409dde15f82e2fb305587fc6
)
                          - 
repeat_1024.hpp 
(RegularFile, ab341b7c3d803b8
31ce7f8002a98368d)
                          - 
repeat_256.hpp (RegularFile, 
455c5283de93afbeb1d8a3f109969
48c)
                          - 
repeat_512.hpp (RegularFile, 
fbc9ec0f2da05c4615fdd24a9f9b7
8cd)
                        - 
repeat.hpp (RegularFile, ac69
fd3e4a6d2a0f8e8db24472e4aa43)
                        - 
repeat_from_to.hpp 
(RegularFile, 4ff9e15f3cec1ac
984f8377805a75a5a)
                      - 
repetition.hpp (RegularFile, 
0d4028117600d976c80495626882f
c55)
                      - 
selection (Directory, 4057b09
52bb829892b0d078b2b9e587e)
                        - 
max.hpp (RegularFile, d33901b
8c37699659e5bf443ec397adc)
                        - 
min.hpp (RegularFile, 895e849
97d15d345fb2509bbf0f7f435)
                      - 
selection.hpp (RegularFile, 3
8be2b9e2280c48d5ea487da842df4
0c)
                      - seq 
(Directory, 4f0deb90704d4c749
104002dd46243bf)
                        - 
cat.hpp (RegularFile, ad97a08
ce4b437396049412c941aac1d)
                        - 
detail (Directory, 1cade9c8ca
b6ced17945d9b44561d63f)
                          - 
binary_transform.hpp 
(RegularFile, c75c74068e1fe34
3f48e4b3eb742d297)
                          - 
is_empty.hpp (RegularFile, 39
34d853d07dc9eb87e586d5c96e1cc
9)
                          - 
limits (Directory, 34515732ce
5040641220c49116ea5fb0)
                            
- split_1024.hpp 
(RegularFile, 4d972ee5156740c
31357090d7ef81fa8)
                            
- split_256.hpp 
(RegularFile, 427fec6fa82c683
1727115403414eb63)
                            
- split_512.hpp 
(RegularFile, aa6de14f9e630c4
b2c5017cc6eb6dbde)
                          - 
split.hpp (RegularFile, c5aed
ed720ca4b6b2d0f718a26559f45)
                          - 
to_list_msvc.hpp 
(RegularFile, 5a83b1490e980d9
184cde128b1be0c17)
                        - 
elem.hpp (RegularFile, ef09a4
ff26b4838dc7bca03c6a72491f)
                        - 
enum.hpp (RegularFile, 11d03d
fffb1b68a43046a33a2eb3ff85)
                        - 
filter.hpp (RegularFile, 70cb
c4255d7b681485a3c54525ca7b35)
                        - 
first_n.hpp (RegularFile, d58
25cb7951548521a5d0f8fa4afb0f8
)
                        - 
fold_left.hpp (RegularFile, f
65140496a21ac5e2267b0c5b4b816
2b)
                        - 
fold_right.hpp (RegularFile, 
8411a9c03a678304c3fb3444045fa
1f6)
                        - 
for_each.hpp (RegularFile, fe
abf2a96985ac648faa9775d496efa
9)
                        - 
for_each_i.hpp (RegularFile, 
91cc31d101d71d51fdfe1a9239c94
beb)
                        - 
for_each_product.hpp 
(RegularFile, b73b9ce4b3e3b57
9198abc048b33c2ee)
                        - 
insert.hpp (RegularFile, 9219
327c0affd496e1f8a815e15d80e3)
                        - 
limits (Directory, 59f4b541cc
f36d7d21d4b3688b0019ca)
                          - 
elem_1024.hpp (RegularFile, c
1f5963c904e59e4a8df8facddd7ab
a3)
                          - 
elem_256.hpp (RegularFile, 86
94bb0f6fdf0c8a91e7c31b56ba5bd
a)
                          - 
elem_512.hpp (RegularFile, a9
05d2524f6f93b071eb9d471fd3200
f)
                          - 
enum_1024.hpp (RegularFile, 0
e80ab0fd641a8e6ea1b5c30e44399
8a)
                          - 
enum_256.hpp (RegularFile, 06
fba2af72fc1d3fc9f8d9529fd426c
5)
                          - 
enum_512.hpp (RegularFile, ec
9197e36e38a095351501fefefb190
6)
                          - 
fold_left_1024.hpp 
(RegularFile, a49cb61a7fa8eef
59f21d14d4a66153c)
                          - 
fold_left_256.hpp 
(RegularFile, b233211d1982f22
994f55b635a5822a2)
                          - 
fold_left_512.hpp 
(RegularFile, fed7063269babb7
d220197f0acddbeb7)
                          - 
fold_right_1024.hpp 
(RegularFile, 74159d2b9ed0c6e
fef846feeced1fbe6)
                          - 
fold_right_256.hpp 
(RegularFile, d325c444c7efd9c
0c8fad41f72dd3064)
                          - 
fold_right_512.hpp 
(RegularFile, 8cc3ce7f6202f26
a7534df2a37235e13)
                          - 
size_1024.hpp (RegularFile, 7
69d822e52fbb1b20ebe54e2018ab5
65)
                          - 
size_256.hpp (RegularFile, ff
252721de9a94b812ed03e0ea38241
a)
                          - 
size_512.hpp (RegularFile, 7a
5cda3a24486ad205bc2bf4844e826
4)
                        - 
pop_back.hpp (RegularFile, 91
f540abac23b6949ddb93b804d1d7f
c)
                        - 
pop_front.hpp (RegularFile, b
fbb44c87d3488dffa5f87da832b2c
b5)
                        - 
push_back.hpp (RegularFile, 3
45abb1bacf10a982a962a1a06f809
7a)
                        - 
push_front.hpp (RegularFile, 
4288a79cbc8a8654a257d6927bf83
a09)
                        - 
remove.hpp (RegularFile, 9d52
f8581ed9cb0530dac020787375dc)
                        - 
replace.hpp (RegularFile, 0db
8b5f78bdfe8685e90a40494b4a687
)
                        - 
rest_n.hpp (RegularFile, fe70
4f5e5d61f5e98df9d4e279781105)
                        - 
reverse.hpp (RegularFile, 637
f029f4231a441d24652b1ad8868cc
)
                        - 
seq.hpp (RegularFile, 4facddc
ff14e781dd98a5bb826f404e0)
                        - 
size.hpp (RegularFile, f07a64
3f4efb8ecaf2eb4bd858033319)
                        - 
subseq.hpp (RegularFile, e53b
f038782c656a9d235b1c1a175818)
                        - 
to_array.hpp (RegularFile, 1e
8cc031f928c45db1830343edb6d27
a)
                        - 
to_list.hpp (RegularFile, a39
b8f5e579446d8dc4abee3a08fa5bd
)
                        - 
to_tuple.hpp (RegularFile, b2
bd5d5a515bd45192b250f6085cabd
6)
                        - 
transform.hpp (RegularFile, a
64b9c1b2fa1271cb890b9c919b451
b0)
                        - 
variadic_seq_to_seq.hpp 
(RegularFile, 7d3c6e600d685d2
894534772b1c1bf1f)
                      - 
seq.hpp (RegularFile, ba76dca
2753f47204d4ee7de1fba36f1)
                      - slot 
(Directory, 1fc827c7f94031325
033aeebf894914b)
                        - 
counter.hpp (RegularFile, 0cc
93a2c2888c858cb120ad995e3c3e9
)
                        - 
detail (Directory, 684244b6fd
e2a61ee32d73f4fe42194d)
                          - 
counter.hpp (RegularFile, e74
a57e5f96dad0eabdfb4a4711e2209
)
                          - 
def.hpp (RegularFile, 2ad7c40
17f63114d03ec39a51be04e35)
                          - 
shared.hpp (RegularFile, 5d78
66fdab84bfe12c488a45cd6918a7)
                          - 
slot1.hpp (RegularFile, e6f30
11211c17362f8d045c4c75152e0)
                          - 
slot2.hpp (RegularFile, 984bd
562605a02d7d3ca744d40e4ab29)
                          - 
slot3.hpp (RegularFile, 83d1f
39fb4da8d9967f5c5a5015525d3)
                          - 
slot4.hpp (RegularFile, 7af11
fd1e224a9facac6f6d0e9994714)
                          - 
slot5.hpp (RegularFile, fdcf4
bdc11b8944ad935b063718dbe19)
                        - 
slot.hpp (RegularFile, 6a0ca4
e231e0b9ca80616b3cce098482)
                      - 
slot.hpp (RegularFile, 27e741
6cba4abc7728cc52869607dfb4)
                      - 
stringize.hpp (RegularFile, 0
9338193096d429fcec6950ec3b4bc
04)
                      - 
tuple (Directory, 481c8a16753
87c1c3b1ee5c730ef5936)
                        - 
detail (Directory, 1982a886d2
faeb6c512c44503a0e3a71)
                          - 
is_single_return.hpp 
(RegularFile, 881b205e9652153
032fd31e3064927f1)
                        - 
eat.hpp (RegularFile, 9083b58
c1963d0c1987097b347b402d7)
                        - 
elem.hpp (RegularFile, b00285
7d91faf67c520391afe4b67898)
                        - 
enum.hpp (RegularFile, 36ccc1
61c6a72e871ef0d14561b88e51)
                        - 
insert.hpp (RegularFile, cce6
8d66e46ad0547f8d7c52dc0e99b1)
                        - 
limits (Directory, 4ebf4ac663
3bcca677b6959724cb5cd7)
                          - 
reverse_128.hpp 
(RegularFile, a07f8bd30326aaa
f827dcf8531d8e2cb)
                          - 
reverse_256.hpp 
(RegularFile, bfe4fcaabc67581
097fa90cba594e103)
                          - 
reverse_64.hpp (RegularFile, 
06656cbd96f550037c7921761d9ad
1b1)
                          - 
to_list_128.hpp 
(RegularFile, 2b6c8663a653cf7
da845e4d613377808)
                          - 
to_list_256.hpp 
(RegularFile, e2dc9624ed1c91d
eac84958ccb3645ca)
                          - 
to_list_64.hpp (RegularFile, 
243f6fe0289f61690feace04081db
588)
                          - 
to_seq_128.hpp (RegularFile, 
a5d6f87e41ef7f3b98f941f9ba024
620)
                          - 
to_seq_256.hpp (RegularFile, 
19b36147d11180d658a724ffe00cf
a2a)
                          - 
to_seq_64.hpp (RegularFile, 5
eadcb3baf4a55c2585cdc8b88d870
62)
                        - 
pop_back.hpp (RegularFile, 51
f8644afae1e9ae034af231c1e45d2
2)
                        - 
pop_front.hpp (RegularFile, 4
4abcd0fbe7a930ebc7ad4570feea1
9f)
                        - 
push_back.hpp (RegularFile, 3
fc6ae8bd293abc591c37f8a9b5cac
3d)
                        - 
push_front.hpp (RegularFile, 
453cfdbbf6edff6d71d3b2255073f
439)
                        - 
rem.hpp (RegularFile, 8a78438
494a7f8edc915ec1ea9b22181)
                        - 
remove.hpp (RegularFile, 23bc
1afe3728ee5f6eea0a9510162d47)
                        - 
replace.hpp (RegularFile, 9b6
5897ced680c1fe0514a4f392e0a82
)
                        - 
reverse.hpp (RegularFile, 592
156498ca2b62f5b6f7ef4ae17ada7
)
                        - 
size.hpp (RegularFile, bb3975
b109f6ac0b5bd05704dffe6919)
                        - 
to_array.hpp (RegularFile, 49
ed3e2fe1161ba7381c3696d47ff31
8)
                        - 
to_list.hpp (RegularFile, fd9
af4b81a7549b1d68ad38cb2a80280
)
                        - 
to_seq.hpp (RegularFile, 9b28
f07d22df8344f63794a93c962ef4)
                      - 
tuple.hpp (RegularFile, a0eec
517ae86f7e53423dcfdff3e3977)
                      - 
variadic (Directory, f1110b8e
168683db2cf94150e94c6747)
                        - 
detail (Directory, d39472cc20
2c237b5b0bf1aca8e55527)
                          - 
has_opt.hpp (RegularFile, 8a3
6e23884821e5b0f04d6d7c0e5c07d
)
                          - 
is_single_return.hpp 
(RegularFile, 17b07bafaeeaef9
d05b2f47f41ebe29e)
                        - 
elem.hpp (RegularFile, 63583e
aed6338991bcb82c05ae67a519)
                        - 
has_opt.hpp (RegularFile, ea9
c098eaec3ca011f28ea17450cce06
)
                        - 
limits (Directory, c6f8d7af66
e4838ea81f43ca7a8f3dda)
                          - 
elem_128.hpp (RegularFile, 0d
1ebd01ad38ebff8ef7306bd7e5e58
1)
                          - 
elem_256.hpp (RegularFile, 43
a111f42dbc647117c9442cd01e1a8
7)
                          - 
elem_64.hpp (RegularFile, 260
37140c6698a20f7c5d28b677a4a7d
)
                          - 
size_128.hpp (RegularFile, 5a
6be4a7c02077b93847e9323b5fad0
e)
                          - 
size_256.hpp (RegularFile, 06
ec642fdc4ebd10694657e2e417201
c)
                          - 
size_64.hpp (RegularFile, b66
24b537fb17accaae1dbeb1084f9e1
)
                        - 
size.hpp (RegularFile, f377c1
b8633d4b427282f0b9c8b498d0)
                        - 
to_array.hpp (RegularFile, a7
b8e9bb96884942d7f154cce744516
e)
                        - 
to_list.hpp (RegularFile, ec0
57d41f547e712f15ccdac066d4464
)
                        - 
to_seq.hpp (RegularFile, efea
ad831f96c1fce4fca95730f4670c)
                        - 
to_tuple.hpp (RegularFile, 81
33f98fe760b9e95cb301ba0b79947
b)
                      - 
variadic.hpp (RegularFile, 04
1e26feee572f2586cc5610ac42834
f)
                      - 
while.hpp (RegularFile, 324f2
8f26470811d344bb8cc8d114d07)
                      - 
wstringize.hpp (RegularFile, 
6e384246be7d7853664a9d96ae7a6
2f8)
                    - 
static_assert.hpp 
(RegularFile, 6579ae7127b3251
ae29d53f91c0fc08f)
                    - 
type_traits (Directory, ee6f7
dd5179b439d1f5d97b35c3bdd41)
                      - 
add_const.hpp (RegularFile, a
12af31e969b57fa5d20622399e547
98)
                      - 
add_cv.hpp (RegularFile, 5f7b
d9e3ae31678eec397e56b51c2908)
                      - 
add_lvalue_reference.hpp 
(RegularFile, 66a64ccaebde662
336a46b97f4d092ae)
                      - 
add_pointer.hpp 
(RegularFile, 4137ed8ba91079a
0d1e1b88ebca4eb9d)
                      - 
add_reference.hpp 
(RegularFile, 96ee60e446635fa
1d913541c9390d24f)
                      - 
add_rvalue_reference.hpp 
(RegularFile, 8427fe74b39b989
f3f680be07ebd2916)
                      - 
add_volatile.hpp 
(RegularFile, eb972b20ddfb5e9
5eef00535a0022163)
                      - 
aligned_storage.hpp 
(RegularFile, 949ad412f8c74cc
b01567d85521e1389)
                      - 
alignment_of.hpp 
(RegularFile, cf5eb66c1f0eedf
bbc1a6bae5f2e951d)
                      - 
alignment_traits.hpp 
(RegularFile, 80d77f761b8c131
1399fad96cc9697b3)
                      - 
arithmetic_traits.hpp 
(RegularFile, 4bbea9f4b49364f
c608e4b974b282490)
                      - 
array_traits.hpp 
(RegularFile, e63c0ebcef48870
0790e1753d0a1ef53)
                      - 
broken_compiler_spec.hpp 
(RegularFile, 7876263d7350117
5d34e65ebfc4a2769)
                      - 
common_type.hpp 
(RegularFile, 61e9d3ba7b026af
9a9adcb35db6bd45d)
                      - 
composite_traits.hpp 
(RegularFile, 1534505ec520194
fcb1a7677b96ea15d)
                      - 
conditional.hpp 
(RegularFile, 578c9b4f39c4e53
f23a5e55687da3a81)
                      - 
config.hpp (RegularFile, 87b1
107c60d93b2a6d645c158c959e83)
                      - 
conjunction.hpp 
(RegularFile, 24c10d69a96cd99
75175f09e353c3482)
                      - 
conversion_traits.hpp 
(RegularFile, ae2ad5690da686f
62d4779cd7af0223e)
                      - 
copy_cv.hpp (RegularFile, b7e
72b9efdfa42b0e5c15de6dd248d70
)
                      - 
copy_cv_ref.hpp 
(RegularFile, 9ec5784b620eea1
be260f3ee958c8123)
                      - 
copy_reference.hpp 
(RegularFile, 41dfcc070629067
d2707cf5d3350c69e)
                      - 
cv_traits.hpp (RegularFile, c
50b5cd8c776cf19d4bd690f87e96f
d8)
                      - 
decay.hpp (RegularFile, 0afb8
89284971b90c798908d28e61c73)
                      - 
declval.hpp (RegularFile, a84
79fc8298c078d2f7a44814952c74c
)
                      - 
detail (Directory, 7e99a2099f
89f9709d5901d11c4e10d6)
                        - 
bool_trait_def.hpp 
(RegularFile, 0fc086e48c17572
e965338eca1cae8ce)
                        - 
bool_trait_undef.hpp 
(RegularFile, ac98b270a51cf4f
97c92ea93d9fa545a)
                        - 
common_arithmetic_type.hpp 
(RegularFile, 5e23914df1006a0
9e191f124f3fe3afb)
                        - 
common_type_impl.hpp 
(RegularFile, 788da10f3ccb7ff
ae886abdfb627c296)
                        - com
posite_member_pointer_type.hp
p (RegularFile, 83dfcd9c190e2
6f7119f9caab77435f1)
                        - 
composite_pointer_type.hpp 
(RegularFile, df202536ee4a40e
4eed63e942a7b9a1a)
                        - 
config.hpp (RegularFile, 08d8
c61a8702b3f8940173e327d02f8f)
                        - 
detector.hpp (RegularFile, a0
b8f8b22ae5b88e8269d221bb8c0c8
b)
                        - 
has_binary_operator.hpp 
(RegularFile, 8853faffb2fd740
bfea508fb8ebb7aa5)
                        - 
has_postfix_operator.hpp 
(RegularFile, 526a3ee3f76267a
7921728d9ae5e4422)
                        - 
has_prefix_operator.hpp 
(RegularFile, 2abe4f025a64e79
07ac1bee3eee8d85a)
                        - 
ice_and.hpp (RegularFile, 776
8d5017b8cf1608ca21cec42a474d0
)
                        - 
ice_eq.hpp (RegularFile, 18f9
4edfadc31db84effec3928c952be)
                        - 
ice_not.hpp (RegularFile, 962
82213fa35d1a777b18a97f066be98
)
                        - 
ice_or.hpp (RegularFile, f380
9af95e0e2466dadda2cb48fc01ee)
                        - 
is_function_cxx_03.hpp 
(RegularFile, 20d9b72f1172ee7
65dadf874973bd8ac)
                        - 
is_function_cxx_11.hpp 
(RegularFile, e2839760da8a7f3
aad9e89c65e458fcc)
                        - 
is_function_msvc10_fix.hpp 
(RegularFile, 7dcb62619e74ec6
eae4570189fa129f2)
                        - 
is_function_ptr_helper.hpp 
(RegularFile, c0d69a38ba4a5e8
0f37924a218eaeb5d)
                        - 
is_function_ptr_tester.hpp 
(RegularFile, 35141ef8a10d4b2
db80b56ed05031060)
                        - 
is_likely_lambda.hpp 
(RegularFile, e617cc741df63da
7a170b6ef4ee54816)
                        - 
is_mem_fun_pointer_impl.hpp 
(RegularFile, 252a4a6eee3335c
0c6b8cd4411246507)
                        - is_
mem_fun_pointer_tester.hpp 
(RegularFile, f68b7fa8cf083c2
db3e94a2d0a597399)
                        - is_
member_function_pointer_cxx_0
3.hpp (RegularFile, 59d6c5e0e
445cd12944fc7eb72eeeece)
                        - is_
member_function_pointer_cxx_1
1.hpp (RegularFile, 130908be4
6a6fda7462c211833aec7bf)
                        - is_
rvalue_reference_msvc10_fix.h
pp (RegularFile, ee3b56a8d9ea
45be551567cb99a46569)
                        - 
is_swappable_cxx_11.hpp 
(RegularFile, 0c9edfff5d287e5
f9f4ca311bb92fc80)
                        - 
mp_defer.hpp (RegularFile, 84
089ffababf6f4849fa06ab6e24290
5)
                        - 
template_arity_spec.hpp 
(RegularFile, 5a5137d09c7cf4e
611bb735ca08a78b2)
                        - 
yes_no_type.hpp 
(RegularFile, dbe3b1f7d552287
126d8e1e46493fe64)
                      - 
detected.hpp (RegularFile, 17
870b7d72eb2e8b1e6609c7b76bdd2
0)
                      - 
detected_or.hpp 
(RegularFile, acb56330dc69e3b
103d31905e5722c81)
                      - 
disjunction.hpp 
(RegularFile, 8328c3dcb0249e2
4396c519203fd128d)
                      - 
enable_if.hpp (RegularFile, e
0155a7946f0c4dc212853a1f10033
5f)
                      - 
extent.hpp (RegularFile, 1311
1090cdb8287f24562e3c47b4fddf)
                      - 
floating_point_promotion.hpp 
(RegularFile, b9d671062320da9
0c80ca7fbda63741b)
                      - 
function_traits.hpp 
(RegularFile, d7f2fef85a61aec
a1052ca9636c4bdcf)
                      - 
has_bit_and.hpp 
(RegularFile, d74ba19d38883c5
1a2c9089a6445b763)
                      - 
has_bit_and_assign.hpp 
(RegularFile, f3836df162ce05b
9010b4a2981b6b143)
                      - 
has_bit_or.hpp (RegularFile, 
cecf6d37479a068de5f96d6d903d8
b7e)
                      - 
has_bit_or_assign.hpp 
(RegularFile, 54f8f568ff1edd9
2e3d75112c6859fcc)
                      - 
has_bit_xor.hpp 
(RegularFile, 9d06d374d669be6
0b1b3121f7f644d7b)
                      - 
has_bit_xor_assign.hpp 
(RegularFile, ac5305fb65f73e4
be1178034dd5ec1af)
                      - 
has_complement.hpp 
(RegularFile, cb8117bdd04d25a
6cd97893b81563436)
                      - 
has_dereference.hpp 
(RegularFile, a828d7579ce6ccf
f758677f2861d11fb)
                      - 
has_divides.hpp 
(RegularFile, 953fa94bc5934db
e2915173144402ba2)
                      - 
has_divides_assign.hpp 
(RegularFile, 03707db775a335e
c29246a2edd7de262)
                      - 
has_equal_to.hpp 
(RegularFile, 86f22ed3d234d52
ca7814f911212b87b)
                      - 
has_greater.hpp 
(RegularFile, 21a715afec7f639
de12549c8f8eedb0d)
                      - 
has_greater_equal.hpp 
(RegularFile, d6c466ca11654a0
655419f84784adbc1)
                      - 
has_left_shift.hpp 
(RegularFile, cc20d13c65798e3
1678fece04345b260)
                      - 
has_left_shift_assign.hpp 
(RegularFile, b3472d34e179630
1fb6ff82911b818b0)
                      - 
has_less.hpp (RegularFile, cf
4a952e5389c0ac16a68716c47fc85
a)
                      - 
has_less_equal.hpp 
(RegularFile, 341b2d71e05eae6
f839adde1df13b377)
                      - 
has_logical_and.hpp 
(RegularFile, 6c5cef376b38a4e
b9d712f616f6d32cb)
                      - 
has_logical_not.hpp 
(RegularFile, 722e2966184a6c7
33574c274621efc5b)
                      - 
has_logical_or.hpp 
(RegularFile, b6f217893ef380e
896a5a3a3beb1db1d)
                      - 
has_minus.hpp (RegularFile, c
07ee2dd58c53247c010b8ac001c3f
02)
                      - 
has_minus_assign.hpp 
(RegularFile, cbe41a50941fc5a
117e4a0d96acac055)
                      - 
has_modulus.hpp 
(RegularFile, 9e7271ea399671c
09cc9bede7f2337d0)
                      - 
has_modulus_assign.hpp 
(RegularFile, e187be35540258c
871d02e549df3b0d6)
                      - 
has_multiplies.hpp 
(RegularFile, 1d696f75f6d2e7c
f8eeaebe3963735bb)
                      - 
has_multiplies_assign.hpp 
(RegularFile, d6c9e216a1e03f1
480c5116b42768683)
                      - 
has_negate.hpp (RegularFile, 
cf7a097b9acfbad88f5ed35a65b73
3dc)
                      - 
has_new_operator.hpp 
(RegularFile, d121fdf13646f4b
dba0b0f0bbe577f0f)
                      - 
has_not_equal_to.hpp 
(RegularFile, 104f0be5730a8a4
a6ca88502331f982c)
                      - 
has_nothrow_assign.hpp 
(RegularFile, f74f0c3ac533125
7624ef8894f528742)
                      - 
has_nothrow_constructor.hpp 
(RegularFile, d4e662e41899869
1c5097e5e5272adb7)
                      - 
has_nothrow_copy.hpp 
(RegularFile, 0eb1f35ceadc94a
b75c260b422b85692)
                      - 
has_nothrow_destructor.hpp 
(RegularFile, f05860949a61c2b
aebea26988f46d4af)
                      - 
has_operator.hpp 
(RegularFile, f6f72f528e13d20
289bd4345d8baf025)
                      - 
has_plus.hpp (RegularFile, 8f
a64e9dd49c90893f45a7a048c69a5
7)
                      - 
has_plus_assign.hpp 
(RegularFile, fee7bf91dfd5cf9
e146407db9827be03)
                      - 
has_post_decrement.hpp 
(RegularFile, 3c04e9630e42fa4
50d4fa5244b0534af)
                      - 
has_post_increment.hpp 
(RegularFile, d78eb20222d936b
8c8e58e3ec46e767f)
                      - 
has_pre_decrement.hpp 
(RegularFile, b51e1d6f9165f92
3d0cb1cb47a0963ae)
                      - 
has_pre_increment.hpp 
(RegularFile, d49843a9bfab0c6
8bdc58094dbb10e41)
                      - 
has_right_shift.hpp 
(RegularFile, f3aae5e8c241bed
aac93dc20c76f4370)
                      - 
has_right_shift_assign.hpp 
(RegularFile, 4a44df480eb5c11
fd63c929b47d80874)
                      - 
has_trivial_assign.hpp 
(RegularFile, 82cf6d2ab3c89b4
d822844af0f3c13a8)
                      - 
has_trivial_constructor.hpp 
(RegularFile, 6638e907b4a2b49
3b1262ed6c71783b7)
                      - 
has_trivial_copy.hpp 
(RegularFile, d92de232557c878
8f8f17b73485cef42)
                      - 
has_trivial_destructor.hpp 
(RegularFile, eeeeb5d7cfc4fee
5b36e6ba1d5ec27ac)
                      - 
has_trivial_move_assign.hpp 
(RegularFile, 1cfc5d63b54853a
b4f9f9748f606cab2)
                      - has_t
rivial_move_constructor.hpp 
(RegularFile, 70687afa0fa61fd
fc8ec058e972fa883)
                      - 
has_unary_minus.hpp 
(RegularFile, db4001fd26429e7
065aa94bc53236f8f)
                      - 
has_unary_plus.hpp 
(RegularFile, f13c8d85b37c919
b3a94124bb195f56c)
                      - 
has_virtual_destructor.hpp 
(RegularFile, e94c7cbedaf6b1d
c6f9daf06d69e2454)
                      - 
ice.hpp (RegularFile, 6fc3c12
70f34bfab86c39d6a19b22e2f)
                      - 
integral_constant.hpp 
(RegularFile, a5b7a407bc3bd82
0e9b2720daf5b2187)
                      - 
integral_promotion.hpp 
(RegularFile, 526cd316fc25a56
7d5a9074af6d3ed8f)
                      - 
intrinsics.hpp (RegularFile, 
25a8102514b4982b5fdbf1944a730
1fc)
                      - 
is_abstract.hpp 
(RegularFile, 420936ae9b1630c
5e662b5d6cf32f3d8)
                      - 
is_arithmetic.hpp 
(RegularFile, 3fb1b4d65e3bb5d
1d5223afa578c256c)
                      - 
is_array.hpp (RegularFile, 87
5235b5c0886592bb8eb9a4cfd05e9
f)
                      - 
is_assignable.hpp 
(RegularFile, 6decf81494eb4cd
9a09d9b8063a3f8ce)
                      - 
is_base_and_derived.hpp 
(RegularFile, 513945bd0655161
e2d157fea20ad0590)
                      - 
is_base_of.hpp (RegularFile, 
85444c365f43d30080bc9809aa2cd
2ec)
                      - 
is_base_of_tr1.hpp 
(RegularFile, ce6b6eb0a5b957a
49c5a00eea4047985)
                      - 
is_bounded_array.hpp 
(RegularFile, 6e181349e068a9b
36fb87d52f4030be2)
                      - 
is_class.hpp (RegularFile, 3e
91b4f331de7260b17ac1bcd43d911
5)
                      - 
is_complete.hpp 
(RegularFile, fba83a536f1f5e7
c250d44c0456e2dd3)
                      - 
is_complex.hpp (RegularFile, 
4a44062ddf2e342096073bf191c68
2b8)
                      - 
is_compound.hpp 
(RegularFile, 01d561f1337c0eb
a40c4a8a07a5e0240)
                      - 
is_const.hpp (RegularFile, 07
03c6a76213e447ce90891a5f5ef9f
e)
                      - 
is_constructible.hpp 
(RegularFile, a9bca5d7bcb0e10
da0973e9111209f05)
                      - 
is_convertible.hpp 
(RegularFile, 3b064d956b74158
77a1c406e96c31695)
                      - 
is_copy_assignable.hpp 
(RegularFile, 5f56d44407285c1
56c9fe8789dc0b353)
                      - 
is_copy_constructible.hpp 
(RegularFile, 3319bda84664aab
bf310106cec497883)
                      - 
is_default_constructible.hpp 
(RegularFile, fcc1edf1892db8f
5342bc1b2b979035b)
                      - 
is_destructible.hpp 
(RegularFile, 1d2dafe7c6e1378
bbed6e8e48b1ad22f)
                      - 
is_detected.hpp 
(RegularFile, dd365d2770cb02e
f928f2b1547907bbb)
                      - 
is_detected_convertible.hpp 
(RegularFile, ae78f3d57d12ef7
0a83a025821351e60)
                      - 
is_detected_exact.hpp 
(RegularFile, 6f228606090ca9f
e759c283ff5270a69)
                      - 
is_empty.hpp (RegularFile, 5a
0d032ad830e6d84aa1a69d01a1efe
b)
                      - 
is_enum.hpp (RegularFile, 5da
fef317a5ee9b6a637b2d299d68b6e
)
                      - 
is_final.hpp (RegularFile, 92
5cc37f676c2d8168b8f2be464cfbe
c)
                      - 
is_float.hpp (RegularFile, c8
11418d14ef183c2bd756e5ea43dd7
5)
                      - 
is_floating_point.hpp 
(RegularFile, ec03b60d2e207ed
7cc11fec7cf2b917b)
                      - 
is_function.hpp 
(RegularFile, 0abe217161b8b43
7c5eaa7ba986eefad)
                      - 
is_fundamental.hpp 
(RegularFile, 13d4e33f9c76a47
1e5bbbde7df59ddda)
                      - 
is_integral.hpp 
(RegularFile, eff0cf89a5d084d
090c996f37954dedd)
                      - 
is_list_constructible.hpp 
(RegularFile, 5fcf833adfdceec
5b22b7c509c2bda5a)
                      - 
is_lvalue_reference.hpp 
(RegularFile, 04c4f87cfc705aa
2cf1ac6dea30e2271)
                      - is_me
mber_function_pointer.hpp 
(RegularFile, 3fa6d68c37ee293
6e386bf5d726e46c1)
                      - 
is_member_object_pointer.hpp 
(RegularFile, e1b3ba780ee0add
28dab28e27e4883c4)
                      - 
is_member_pointer.hpp 
(RegularFile, bf954dff6f2102b
7e2157df289d3777b)
                      - 
is_noncopyable.hpp 
(RegularFile, a2f4202ae41734c
1f92a9c41045151ad)
                      - is_no
throw_move_assignable.hpp 
(RegularFile, 0615dd87c0cc4b8
0051276f6e8a1c2d6)
                      - is_no
throw_move_constructible.hpp 
(RegularFile, 4f204d1c9502b8e
6e57287a35873621a)
                      - 
is_nothrow_swappable.hpp 
(RegularFile, 6c42506c417fffb
d8e6a8420403f02b8)
                      - 
is_object.hpp (RegularFile, 3
678040c076328e6dc81f8ac6233f2
70)
                      - 
is_pod.hpp (RegularFile, ec3c
ae2540a82ca5837b7b1c3039dc34)
                      - 
is_pointer.hpp (RegularFile, 
1e755b9f261b52b422c84d995c8ec
12e)
                      - 
is_polymorphic.hpp 
(RegularFile, e901ddb058a91ef
ea7577ca7ccfcdb92)
                      - 
is_reference.hpp 
(RegularFile, cfc96c334e4da00
afd29598dda201a00)
                      - 
is_rvalue_reference.hpp 
(RegularFile, 803894385f39d7d
62e49c11d9ec3fef3)
                      - 
is_same.hpp (RegularFile, 4bc
dcd1c52406aaea89c9c8a44f88d6b
)
                      - 
is_scalar.hpp (RegularFile, d
15a51364cba49b06d6465198ce81e
e8)
                      - 
is_scoped_enum.hpp 
(RegularFile, 78c749158d59419
90548ad7a177a4e99)
                      - 
is_signed.hpp (RegularFile, d
3476dfcdf7a5990080f8fa09d79ea
2c)
                      - 
is_stateless.hpp 
(RegularFile, 28332c4a7fc24c3
599566bcd8d535a16)
                      - 
is_swappable.hpp 
(RegularFile, 7c864508e548be0
179d2efc3e01289da)
                      - 
is_trivially_copyable.hpp 
(RegularFile, e5711eb287f7999
fcfc3c67838829cdd)
                      - 
is_unbounded_array.hpp 
(RegularFile, 3d0cde1e1ff79e2
f0a94002874025d1f)
                      - 
is_union.hpp (RegularFile, 37
f1d9e0407c52fd339fc7377963649
3)
                      - 
is_unscoped_enum.hpp 
(RegularFile, 00e4d7a1cbac1b6
e306fee97c76c92dd)
                      - 
is_unsigned.hpp 
(RegularFile, cea21785d365e66
fb928fbf6005cd136)
                      - 
is_virtual_base_of.hpp 
(RegularFile, 32ec893a1cd5641
9c6e26f357eb9540c)
                      - 
is_void.hpp (RegularFile, a1b
8f0f8ed151d0433faa5fdc73e2a0a
)
                      - 
is_volatile.hpp 
(RegularFile, e333c84ed20dc0c
99f5099f527c587fd)
                      - 
make_signed.hpp 
(RegularFile, 0eb9021d04d9b40
2e50a53225788b9c5)
                      - 
make_unsigned.hpp 
(RegularFile, 82561e0cd710a2f
01f275e80a0c30a05)
                      - 
make_void.hpp (RegularFile, a
8016872e8943a98571a6808843684
e3)
                      - 
negation.hpp (RegularFile, 55
ecf52f586a03d760b0fea05931188
4)
                      - 
nonesuch.hpp (RegularFile, fa
b2dc8cc1fc1d97119a9d2b211ffd4
9)
                      - 
object_traits.hpp 
(RegularFile, bb21599f29e2541
fa8861c479098ff5a)
                      - 
promote.hpp (RegularFile, 8a9
a11353b5cc7ab701ed5f769788ff9
)
                      - 
rank.hpp (RegularFile, 2f4e3a
53ce58f24e2c8efed38e159539)
                      - 
reference_traits.hpp 
(RegularFile, a3db765e5f2d81d
3c98d9ba2a34f0a9e)
                      - 
remove_all_extents.hpp 
(RegularFile, 7f24c6e65331de9
0a8ae48df74677480)
                      - 
remove_bounds.hpp 
(RegularFile, 500c3e56d8f244f
27d6bd5c5d067bec4)
                      - 
remove_const.hpp 
(RegularFile, 5e5e710a1c8e2ab
1f7f077b33a732724)
                      - 
remove_cv.hpp (RegularFile, 9
befefa0b7fe39a445b897c9b919ce
b0)
                      - 
remove_cv_ref.hpp 
(RegularFile, d5e34de043ecb12
4c82de2055fbde59a)
                      - 
remove_extent.hpp 
(RegularFile, 89d4b95e3f068a7
35085b6c09f3958fc)
                      - 
remove_pointer.hpp 
(RegularFile, e99093aa38184a4
210da9e0e9689f1fe)
                      - 
remove_reference.hpp 
(RegularFile, ec3115503b8dd32
49d50b4db4e0f5c46)
                      - 
remove_volatile.hpp 
(RegularFile, ab5a89ee3f3bab1
915e56bf2f8fa16a2)
                      - 
same_traits.hpp 
(RegularFile, 7502f7b38e45b8b
2afa85cd910cbac12)
                      - 
transform_traits.hpp 
(RegularFile, c516c18e6a82627
a65354fbea5143b81)
                      - 
type_identity.hpp 
(RegularFile, 25dce3b862d0ceb
749fc33a09ac188b0)
                      - 
type_with_alignment.hpp 
(RegularFile, a09c6e27a41e747
8ace7d0cdfe809548)
                    - 
utility (Directory, 9a76e5872
9ce97f49fb4282107db9f8a)
                      - 
addressof.hpp (RegularFile, b
aa217c8b31abed6bf429b77be913c
c9)
                      - 
base_from_member.hpp 
(RegularFile, cd53d7024d2684e
e444489f44b9f8fed)
                      - 
binary.hpp (RegularFile, 5c3a
48c7e43740cb06250685250765bd)
                      - 
compare_pointees.hpp 
(RegularFile, 2ad1d7733ac53ba
885e44301df733bb8)
                      - 
declval.hpp (RegularFile, c11
7455e63936365395037b334c6a383
)
                      - 
detail (Directory, 7fff552301
6116a86bdae1dbd0ff9d81)
                        - 
in_place_factory_prefix.hpp 
(RegularFile, a9aa14f8c4f470a
5c3982491fb090f97)
                        - 
in_place_factory_suffix.hpp 
(RegularFile, 6aedf33e3c25416
8dc5e18f055401fa7)
                        - 
minstd_rand.hpp 
(RegularFile, 072185cef6b7dcb
30357e9e4df2dab1d)
                        - 
result_of_iterate.hpp 
(RegularFile, 09c2ea8aea157be
9480a7f8fbc217589)
                        - 
result_of_variadic.hpp 
(RegularFile, 9c1ed092835aea9
b8c8bf61feff90c3f)
                      - 
enable_if.hpp (RegularFile, c
402986a375916b156ef4f4ce0167d
3a)
                      - 
explicit_operator_bool.hpp 
(RegularFile, 207f01567bcc5e3
c96d1130eabff27b1)
                      - 
identity_type.hpp 
(RegularFile, eff22a27dd1a620
f3b713d3fb8490241)
                      - 
in_place_factory.hpp 
(RegularFile, f1f4c3be7fe745c
6ce33d28c1454de47)
                      - 
result_of.hpp (RegularFile, 0
f12be922d871f3fc7df3dc85923c4
08)
                      - 
string_ref.hpp (RegularFile, 
cff885845dde410dd36d28e1c645e
faa)
                      - 
string_ref_fwd.hpp 
(RegularFile, aff1c4f01a85712
45b3cce9daa4de1f7)
                      - 
string_view.hpp 
(RegularFile, 304ce7b3e4aac9d
e5a51a424d19616cc)
                      - 
string_view_fwd.hpp 
(RegularFile, 485442d0caf6fbf
7d1c466ecf88cb78d)
                      - 
swap.hpp (RegularFile, c619f4
fbfd85b2a1d7d1829167ce00e3)
                      - 
typed_in_place_factory.hpp 
(RegularFile, 06f6847f74a540a
df7acd8acada8a3fd)
                      - 
value_init.hpp (RegularFile, 
d5374c04c4647f887c86e87fb4444
cf9)
                    - 
utility.hpp (RegularFile, 045
8a9b489b9ede69e83995d8013a01f
)
                    - 
version.hpp (RegularFile, 827
48afc91b01647f47b9ff095d07445
)
                  - common.h 
(RegularFile, 0960c4e27e46e17
e6cc32fc119477567)
                  - 
corefunctions.h 
(RegularFile, 80df6d5514590c3
44c4db84b001d9416)
                  - cxxreact 
(Directory, c5a77977ae8804e33
f37d22ee7e10311)
                    - 
CxxModule.h (RegularFile, 8ef
db853c8a355b5de907fb3d914b122
)
                    - 
CxxNativeModule.h 
(RegularFile, 08e0c592ee5e03b
f7e70b7bd1b4b4546)
                    - 
ErrorUtils.h (RegularFile, b5
ac568671a4a2395fee55e8cff2c7e
1)
                    - 
Instance.h (RegularFile, f1a4
96e0b6b2a0b0f84a55bfbb81a86e)
                    - 
JsArgumentHelpers-inl.h 
(RegularFile, ed7c8d4d8e37df5
6969ced81fb04cb66)
                    - 
JsArgumentHelpers.h 
(RegularFile, af269120f830a8b
27a4689fe8b39d549)
                    - 
JSBigString.h (RegularFile, b
939d7ffb902be75d4b27048d5fc4d
03)
                    - 
JSBundleType.h (RegularFile, 
0b396b4834c8a0834595b8f5daf5b
374)
                    - 
JSExecutor.h (RegularFile, dc
df49590d1a7e0f325c9e03c0bf709
7)
                    - 
JSIndexedRAMBundle.h 
(RegularFile, 69f67ce266de3a1
d0ae91ba5a13c6e32)
                    - 
JSModulesUnbundle.h 
(RegularFile, 8950f6a896ad55a
60ba62d93f18c787c)
                    - 
MessageQueueThread.h 
(RegularFile, 438868542761bae
545aae425b28a93fa)
                    - 
MethodCall.h (RegularFile, e9
33960f96a1bdae8ddbc45d5e40549
9)
                    - 
ModuleRegistry.h 
(RegularFile, 5153f14e0889444
ebdbf765586bbae15)
                    - 
MoveWrapper.h (RegularFile, 5
9283f607c3590db87188e1a937a98
ab)
                    - 
NativeModule.h (RegularFile, 
5febc171a6aa36fa81961486fe8d2
aaa)
                    - 
NativeToJsBridge.h 
(RegularFile, 1549363a4c3d19d
37aa572b2603ed2be)
                    - 
RAMBundleRegistry.h 
(RegularFile, 213da2f60fde1a6
2a8055c4a6d83b6c7)
                    - 
ReactMarker.h (RegularFile, 9
764a81b4f87445df0e042c14262f6
45)
                    - 
ReactNativeVersion.h 
(RegularFile, e186489069ae724
d47987bc08e2caee2)
                    - 
RecoverableError.h 
(RegularFile, e832150995815eb
442544ae2c4b83445)
                    - 
SystraceSection.h 
(RegularFile, a642c800f643454
31ef49befc4c0d1c2)
                    - 
TraceSection.h (RegularFile, 
1fdb2ff99384562000a353ec8a297
ced)
                  - 
DefaultComponentsRegistry.h 
(RegularFile, e7b43e600f3d05e
fc13a9de182d9e6fc)
                  - DefaultTu
rboModuleManagerDelegate.h 
(RegularFile, b2a4e617018e156
2aabda2bf3932616a)
                  - 
double-conversion 
(Directory, 22bcebffb7c80fe73
5d9e166082e710c)
                    - 
bignum-dtoa.h (RegularFile, 9
e08176c706fb8533afc7d51544ec2
58)
                    - 
bignum.h (RegularFile, 18adbf
a6bd99352361eb4f2057934d65)
                    - 
cached-powers.h 
(RegularFile, a2300ee14b162de
de0e5b4685113398f)
                    - 
diy-fp.h (RegularFile, 234df5
5534d019c95028fa8423ce4021)
                    - 
double-conversion.h 
(RegularFile, b24a0ed49b55d2a
ea810aa7604990bc0)
                    - 
fast-dtoa.h (RegularFile, 3d6
8a1c9c50430cb343e29bb10417270
)
                    - 
fixed-dtoa.h (RegularFile, 9c
42d814afe7e88fd122dc15ced06f8
f)
                    - ieee.h 
(RegularFile, 2caf7600bbfffe7
94c974b486fb9f5b6)
                    - 
strtod.h (RegularFile, 9c8af8
05f7f78e31b4d94ee62eb0a69a)
                    - 
utils.h (RegularFile, 61f6325
5b0769fc80fec7d4a83f84753)
                  - 
fast_float (Directory, 0def90
0c03fbf10d5feb66f978ba259e)
                    - 
ascii_number.h (RegularFile, 
b947f2fd7b7fb33101dbe6777eef8
d89)
                    - 
bigint.h (RegularFile, 69ea54
d9b41c6264ac5588338c20ee38)
                    - 
constexpr_feature_detect.h 
(RegularFile, 6fa17f5a05d2f58
4bae1936595996105)
                    - 
decimal_to_binary.h 
(RegularFile, 73c4c9e25c3a496
d49e2a7158eb191b5)
                    - 
digit_comparison.h 
(RegularFile, d78b0d86471da2f
fa9757daa7cce81fb)
                    - 
fast_float.h (RegularFile, ee
8ea695396c98e6252c5d3e308e527
3)
                    - 
fast_table.h (RegularFile, ff
0db87f794b0485f3423d3276b6640
0)
                    - 
float_common.h (RegularFile, 
ae9d6b11223f130b2eba59b6df800
546)
                    - 
parse_number.h (RegularFile, 
b4dce5be7541d9bf34f08c734750c
0bd)
                  - 
FBReactNativeSpec.h 
(RegularFile, ac37c2db352c78d
79ed0262ce7627b8f)
                  - fmt 
(Directory, 712f20a212a5a9fd7
93bf94ba916084a)
                    - args.h 
(RegularFile, dd66f5d95a27d70
b214db485a4584185)
                    - base.h 
(RegularFile, f2002f9888b8e18
a55055afa380f02e6)
                    - 
chrono.h (RegularFile, 6d10ce
7efe9a72f16a970df3d27b3341)
                    - 
color.h (RegularFile, 80cb30d
d464a776ba2637862fdb6af59)
                    - 
compile.h (RegularFile, f9342
656f7aeb901663c687b42018b62)
                    - core.h 
(RegularFile, 7f1cfa720bd83a2
f9112e96a6cbc0aa2)
                    - 
format-inl.h (RegularFile, bc
6c878fcc61dd264a618f06d04dc92
1)
                    - 
format.h (RegularFile, 9b620b
f1419e01b73e337014fbe6bb91)
                    - os.h 
(RegularFile, 4f1a6ea9198e0f5
a20770e183e00a7c0)
                    - 
ostream.h (RegularFile, 93e43
1e56114bd55230c647829892e48)
                    - 
printf.h (RegularFile, f8ad79
6f535e0ee64f124e8631627458)
                    - 
ranges.h (RegularFile, 97795b
c6091246df00401db88bbf660b)
                    - std.h 
(RegularFile, 31da0304b5acd13
374e46a406a807ab4)
                    - 
xchar.h (RegularFile, 20ebd2d
0b63ed163e0eaba0b579cb0e1)
                  - folly 
(Directory, 5192d6ff28eb64cb6
95b2a70e6a702f8)
                    - 
algorithm (Directory, 6f490a9
ed062c9ea71fea9365ed47f19)
                      - simd 
(Directory, 5e9e12938898e84f0
ed5d4464478e5fd)
                        - 
Contains.h (RegularFile, d118
0c77751a4acc047acee3be1ce542)
                        - 
detail (Directory, 8971ffe86b
bb5ca6de6193c5b968c0ea)
                          - 
ContainsImpl.h (RegularFile, 
fa5c52bca2a8d3c8999c385895a5d
918)
                          - 
SimdAnyOf.h (RegularFile, 270
41bea31148d63097fa506c58ff1e6
)
                          - 
SimdForEach.h (RegularFile, b
a2ade321dbf5f675a3d8c42e1fac8
d8)
                          - 
SimdPlatform.h (RegularFile, 
15230190a5cd068c2368cfa220c9f
b25)
                          - 
Traits.h (RegularFile, e04cc5
98578bc388b5b801cacaed7c16)
                          - 
UnrollUtils.h (RegularFile, 2
fe147dcaa23fbf6a9d21b3bfda8ab
f4)
                        - 
FindFixed.h (RegularFile, f13
75ea7acbce61890ef9f72aab51927
)
                        - 
Ignore.h (RegularFile, ee9736
9e25ddab59195872ce2a3a86eb)
                        - 
Movemask.h (RegularFile, 4cec
942b581b71d3721ced9dc115d67f)
                    - 
AtomicHashArray-inl.h 
(RegularFile, 633b0cb785453b4
ad264c26bd670f043)
                    - 
AtomicHashArray.h 
(RegularFile, d91f8222808aebb
a8bf38f4119d52cfe)
                    - 
AtomicHashMap-inl.h 
(RegularFile, 33569d71b583dca
b999dfe4b56cc658c)
                    - 
AtomicHashMap.h 
(RegularFile, 317abab0494ac13
0bb43389b341d0fe5)
                    - 
AtomicIntrusiveLinkedList.h 
(RegularFile, fe53a1434806cef
81b75bb0ab9b66390)
                    - 
AtomicLinkedList.h 
(RegularFile, 0c155128a2efdf4
4041f97fd17e5d436)
                    - 
AtomicUnorderedMap.h 
(RegularFile, 4589c49ad8da68a
270f688c6ddad3efc)
                    - 
base64.h (RegularFile, 17048d
d03e0991b031023d761a5c469e)
                    - 
Benchmark.h (RegularFile, 20b
13f41d6946ebd401f8ab48206ebf7
)
                    - 
BenchmarkUtil.h 
(RegularFile, 3e06a5845f26e73
86aa957d52e883073)
                    - Bits.h 
(RegularFile, 9b748ced5881846
e622607a23e2e6616)
                    - 
CancellationToken-inl.h 
(RegularFile, 8d5b485bee5c053
75b24a19e8cdbe2f8)
                    - 
CancellationToken.h 
(RegularFile, a1bca3830d30153
e91a4333b34d3ef9a)
                    - 
channels (Directory, 66803c2d
6a8a6d71b98434e31cc5f61e)
                      - 
Channel-fwd.h (RegularFile, 2
fa4901bfd704db24586d2fbb01c20
ee)
                      - 
Channel-inl.h (RegularFile, 3
23d2ddcc361c6ac615ab1b0ff18b5
43)
                      - 
Channel.h (RegularFile, a3444
91176010a342e9277a618fbb345)
                      - 
ChannelCallbackHandle.h 
(RegularFile, 9d67cf97da50e09
c32feaf3114492fd3)
                      - 
ChannelProcessor-inl.h 
(RegularFile, ef8ff74c8ba60f9
ab6c5ba71f6b4696a)
                      - 
ChannelProcessor.h 
(RegularFile, ba7da3d821598c4
8aaca08a422b2fca1)
                      - 
ConsumeChannel-inl.h 
(RegularFile, 96ca995fcc6e1a7
de4d99cb96190e5aa)
                      - 
ConsumeChannel.h 
(RegularFile, b77455e972330f6
9e16d51402fc4b796)
                      - 
detail (Directory, 54a0c2eb9a
56fa5e4ef8cf96a33ffde4)
                        - 
AtomicQueue.h (RegularFile, 4
91c6ca1dc50d638f692ed960308c5
80)
                        - 
ChannelBridge.h 
(RegularFile, 48ae57bd61aa5ec
6d213f39b92fa8cc6)
                        - 
IntrusivePtr.h (RegularFile, 
bf7a0d9d01201372d70cda3fe23f3
5a7)
                        - 
MultiplexerTraits.h 
(RegularFile, 72167049534b941
14b9dcd0a5e78c078)
                        - 
PointerVariant.h 
(RegularFile, c43a0aacdbdb7ab
87ad6abc5c185dc80)
                        - 
Utility.h (RegularFile, 53583
6c5e11d801e7397e653abc89f71)
                      - 
FanoutChannel-inl.h 
(RegularFile, eed401678fa268c
75c8a7ff2d477f553)
                      - 
FanoutChannel.h 
(RegularFile, 04260f2713c5140
ec0272f6d46295b94)
                      - 
FanoutSender-inl.h 
(RegularFile, 5b7640f10556073
c0675f1e81edfea91)
                      - 
FanoutSender.h (RegularFile, 
e246c01827e9ff42bbac499d6e841
ca6)
                      - 
MaxConcurrentRateLimiter.h 
(RegularFile, 4631e3e84116936
74908b1658bd77bbe)
                      - 
Merge-inl.h (RegularFile, 139
2dd7ede915ececc3d281d071a30d6
)
                      - 
Merge.h (RegularFile, c7d674c
2cb31bb0a0947d577cb112cb9)
                      - 
MergeChannel-inl.h 
(RegularFile, 05c58f459b64770
30cc4019dfd511bc0)
                      - 
MergeChannel.h (RegularFile, 
3795c965bf8fac5d092a8170b3def
7c2)
                      - 
MultiplexChannel-inl.h 
(RegularFile, a4eddac9d00e721
b93605d14420e26d9)
                      - 
MultiplexChannel.h 
(RegularFile, 8abac7e8f770450
c629f74a2a39c19f0)
                      - 
OnClosedException.h 
(RegularFile, 26a3633d326eef3
5884c4bf034e231ec)
                      - 
Producer-inl.h (RegularFile, 
c792689a092fb0a34b04cdf9e1fd1
092)
                      - 
Producer.h (RegularFile, 7172
25e2a6bb52cc71d924be9bf106cc)
                      - 
ProxyChannel-inl.h 
(RegularFile, 578f15c884afc62
aaa4b95f1fc181832)
                      - 
ProxyChannel.h (RegularFile, 
7e5a102a5d4a5747dec34c7b1d385
c51)
                      - 
RateLimiter.h (RegularFile, 4
2cc2ec59982ab0d68b6d2c5088ceb
c0)
                      - test 
(Directory, b1f86aa1207546a2f
b540b73bc027577)
                        - 
ChannelTestUtil.h 
(RegularFile, 222e6ea618c1375
8519712c179fed387)
                      - 
Transform-inl.h 
(RegularFile, 2bae8848f66851a
e3ccddc5900665bcd)
                      - 
Transform.h (RegularFile, 72b
4361f6471ba8b8c00bad78cd388c1
)
                    - chrono 
(Directory, e01aa58555b2f9c02
07e6219e6fc6a35)
                      - 
Clock.h (RegularFile, 47d53e4
c903d03c70472a6bbe9612def)
                      - 
Conv.h (RegularFile, 889db512
d92a44280288615d2a64cf5d)
                      - 
Hardware.h (RegularFile, 485b
33ad91f3f04ea7fa75d6da8387c6)
                    - 
Chrono.h (RegularFile, 9b33b8
5a1149a56745a3dc0fb9466b8d)
                    - cli 
(Directory, c031f050341db3dbd
3778a34eb10b794)
                      - 
NestedCommandLineApp.h 
(RegularFile, a6035ca62bd053f
223b70b005ccaf77a)
                      - 
ProgramOptions.h 
(RegularFile, c8725544368a255
a8dacd0e9878d4e68)
                    - 
ClockGettimeWrappers.h 
(RegularFile, 1c8a64ce14c2f7e
403798246a3d4c9d0)
                    - 
compression (Directory, 32e00
beaf45def295e19d02c1b861436)
                      - 
Compression.h (RegularFile, 1
9d089efaa3c929e93dfc47c249328
0a)
                      - 
CompressionContextPool.h 
(RegularFile, 16bd6a943552267
60ad9f5ecf2f9ec08)
                      - Compr
essionContextPoolSingletons.h
 (RegularFile, 7860419e8ff74e
81c7b7301ade65c82e)
                      - Compr
essionCoreLocalContextPool.h 
(RegularFile, 21fc50d5f6f9c41
5cd2e04a16540764c)
                      - 
elias_fano (Directory, 149898
2af7482fb2f878ec09d8ed105b)
                        - 
BitVectorCoding.h 
(RegularFile, 890b5d19face33d
f6fc6bbbe4cfbebd6)
                        - 
CodingDetail.h (RegularFile, 
e0d125848195dade59fcb2bbdad71
ef3)
                        - 
EliasFanoCoding.h 
(RegularFile, a0471e31c4e514b
458ae68b933888845)
                      - 
Instructions.h (RegularFile, 
567dc2c208f4e214f29b58acac666
e34)
                      - 
QuotientMultiSet-inl.h 
(RegularFile, 1ed7a3eda9d57e6
1610dfc970d07416a)
                      - 
QuotientMultiSet.h 
(RegularFile, 7ff52951d3af768
c834837cfc607b6dc)
                      - 
Select64.h (RegularFile, f07f
50bf9ec6ba157cbb7fd1f300f1d8)
                      - test 
(Directory, 2be1d7bbb71ee612f
780c9316d42ed42)
                        - 
CodingTestUtils.h 
(RegularFile, ed98213be3ef954
3fe3793cf5274f744)
                      - 
Utils.h (RegularFile, 77097c4
bb1d01a6afdf23221cc76cfc2)
                      - 
Zlib.h (RegularFile, a11301fa
b8f8cdd450c4ff91ea0af122)
                      - 
Zstd.h (RegularFile, 92bbdedb
d818fa721a23da8470d8e996)
                    - 
concurrency (Directory, ec6b6
d484407439c68f163883254b26a)
                      - 
AtomicSharedPtr.h 
(RegularFile, 39bec691cbdca41
6c16eeb33797fd36a)
                      - 
CacheLocality.h 
(RegularFile, e309b9fdd8f4cbb
bf2fd5b96b7a9b8df)
                      - 
ConcurrentHashMap.h 
(RegularFile, 031d90c9fef5a4e
d2b58256097f2f590)
                      - 
container (Directory, 5c2b297
f0027f0521678b8d957c00795)
                        - 
atomic_grow_array.h 
(RegularFile, 5e0206a14c13dfd
a15965ef2aebf9b83)
                        - 
FlatCombiningPriorityQueue.h 
(RegularFile, c3b7a2dd14dc472
bf4873e30482fc74b)
                        - 
LockFreeRingBuffer.h 
(RegularFile, 724d5fe934f6719
1eacf967205fbb60b)
                        - Rel
axedConcurrentPriorityQueue.h
 (RegularFile, 1a01af3fdd988a
d6675e4eb81a54676b)
                        - 
SingleWriterFixedHashMap.h 
(RegularFile, 53e81d7b65ff09d
82f76ccde36eaaa62)
                      - 
CoreCachedSharedPtr.h 
(RegularFile, 1a3bf68d04df8e5
da0cde3d43864d45e)
                      - 
DeadlockDetector.h 
(RegularFile, 09fed92b172b3e4
5a4ec686d5229eb25)
                      - 
detail (Directory, 0e0a98f647
5376ac610af8c004b05d0e)
                        - 
AtomicSharedPtr-detail.h 
(RegularFile, e54b545b46b4048
89b87f9b913e77c0f)
                        - 
ConcurrentHashMap-detail.h 
(RegularFile, fba81b026678a43
11fbcca767f3965ec)
                      - 
DynamicBoundedQueue.h 
(RegularFile, 20e26fee0a0f911
9db548f8ca20c0be4)
                      - 
memory (Directory, 3008054b81
d92251408181694049ab4f)
                        - 
AtomicReadMostlyMainPtr.h 
(RegularFile, 01488d1701dba93
66f66f82bd587666c)
                        - 
PrimaryPtr.h (RegularFile, 76
3c7159b92196b8af7b318601f97b2
b)
                        - 
ReadMostlySharedPtr.h 
(RegularFile, 0e0b7108baed308
ff986259e42ed030f)
                        - 
TLRefCount.h (RegularFile, 15
2a4a48901a193cb7843d15f00f978
3)
                      - 
PriorityUnboundedQueueSet.h 
(RegularFile, ec063d14a33f6ae
8a1b54adc374ec13e)
                      - 
ProcessLocalUniqueId.h 
(RegularFile, 173477f4a2c0396
af4db61f150af9de8)
                      - 
SingletonRelaxedCounter.h 
(RegularFile, 9b133cedf966622
8fc3d5bf095a81c65)
                      - test 
(Directory, 753c9c65eda52036d
94381411a5f3f4e)
                        - 
AtomicSharedPtrCounted.h 
(RegularFile, 82f93e5f26acf48
d2e95eb41524d33d7)
                      - 
ThreadCachedSynchronized.h 
(RegularFile, 5c12f617d693740
33e00c2adcbc154bb)
                      - 
UnboundedQueue.h 
(RegularFile, 73f961f8e4d7d41
d587515c72c14c7fc)
                    - 
ConcurrentBitSet.h 
(RegularFile, f8cce4639e24ad6
db20aa91f46d2c5b2)
                    - 
ConcurrentLazy.h 
(RegularFile, 6cf62090800c2ea
604202e29c095a396)
                    - 
ConcurrentSkipList-inl.h 
(RegularFile, dd13aeb1ec2db43
d9e67749c0ce6ad29)
                    - 
ConcurrentSkipList.h 
(RegularFile, d3fe99972e1d1b7
c4138069674e4fd93)
                    - 
ConstexprMath.h 
(RegularFile, 4c9e69b00eb69a7
981d37f9eea0a0287)
                    - 
ConstructorCallbackList.h 
(RegularFile, d46ed9526a5536a
d2a1977e5d55b625f)
                    - 
container (Directory, ec141f6
69234f9a70d492a64def305ba)
                      - 
Access.h (RegularFile, f067fc
343d019c078386721c83492e18)
                      - 
Array.h (RegularFile, a8dbf88
05cb6866fc1ca4de564bc8fae)
                      - 
BitIterator.h (RegularFile, 6
d35e0ac4f0651e570c35d3f4cd2ad
6b)
                      - 
detail (Directory, b9441f3e89
41d24a0356d1df240b8458)
                        - 
BitIteratorDetail.h 
(RegularFile, 9b45eb1bce41f14
5f9596831dedbf02e)
                        - 
F14Defaults.h (RegularFile, 2
0d01060e7f0b1ccdf0c37abe62fe6
fb)
                        - 
F14IntrinsicsAvailability.h 
(RegularFile, 44668c01ffcf83d
2f4ffe23707c82c8d)
                        - 
F14MapFallback.h 
(RegularFile, c3825672f506a48
18914c3ab67f3cae8)
                        - 
F14Mask.h (RegularFile, 30315
9415ff1254d53abeeebceebb491)
                        - 
F14Policy.h (RegularFile, 79f
49190fa41a4d1aa1797a87597075d
)
                        - 
F14SetFallback.h 
(RegularFile, 37ebe88eb7300c6
c46c9d701637dd6c2)
                        - 
F14Table.h (RegularFile, 0121
a040092ebddcf05b28c99ce2a799)
                        - 
tape_detail.h (RegularFile, 6
5a79b13d109217c8922ece7f5502a
5d)
                        - 
Util.h (RegularFile, ed8a407e
db321317eb0c8a154db4b5db)
                      - 
Enumerate.h (RegularFile, cee
6a62c33a93cec5b38f428572ba339
)
                      - 
EvictingCacheMap.h 
(RegularFile, 4225e59335cd1f0
62ee2a2b2673216ec)
                      - 
F14Map-fwd.h (RegularFile, a6
05066093ac200dd58f1dc9d5bcc06
f)
                      - 
F14Map.h (RegularFile, 6f08b0
5c30a79741bcccd2ac8ddce518)
                      - 
F14Set-fwd.h (RegularFile, ba
699eb5db9ba1f70e504902e6f3a67
6)
                      - 
F14Set.h (RegularFile, 35a90a
26957441aca08f654c42642faa)
                      - 
FBVector.h (RegularFile, 1333
82ea22d93dd8d1710272b2fa1b7e)
                      - 
Foreach-inl.h (RegularFile, 1
e72ad26138f7cccd8a9ac4ce1fd8e
36)
                      - 
Foreach.h (RegularFile, 48346
cd593dc26ce54402c204efdeb41)
                      - 
heap_vector_types.h 
(RegularFile, 65bbdaedca33e7e
b0027d4a8a9f7e1c9)
                      - 
HeterogeneousAccess-fwd.h 
(RegularFile, 3318545095af994
d100b92c7dcb07242)
                      - 
HeterogeneousAccess.h 
(RegularFile, 858c6710c0420ff
f8ab47064c6f07fe0)
                      - 
IntrusiveHeap.h 
(RegularFile, e62f25606e79119
9a5c10dabb22c5938)
                      - 
IntrusiveList.h 
(RegularFile, b7846b8f220ed04
4a37e5bf757be18b4)
                      - 
Iterator.h (RegularFile, 9d49
f736e282bded2eccb4399e019d13)
                      - 
MapUtil.h (RegularFile, 1b929
9afc485314d9ab27be8c087868f)
                      - 
Merge.h (RegularFile, dde9485
758e3eb4aa3b7add9d56715a2)
                      - 
range_traits.h (RegularFile, 
54969a15181e2af9a65aea8c5e68a
1a7)
                      - 
RegexMatchCache.h 
(RegularFile, de1a4a96709477e
b4ad63c11ed95fb90)
                      - 
Reserve.h (RegularFile, b90db
0557c619503526f813c5913ae81)
                      - 
small_vector.h (RegularFile, 
648b2f4ea5f372200a95698463afc
099)
                      - 
sorted_vector_types.h 
(RegularFile, 4e3d9461b29a918
2c0ba9fd8ed326ecc)
                      - 
span.h (RegularFile, 26214081
22aed54c6eb4ceb0dc8a4ba2)
                      - 
SparseByteSet.h 
(RegularFile, b688356dde71eeb
60b95be54947eab36)
                      - 
tape.h (RegularFile, 851d0a68
859df43f8fd6c0315c9c020f)
                      - test 
(Directory, 703a6f3de0e912c07
80d976040680210)
                        - 
F14TestUtil.h (RegularFile, 9
2a102ee1c6ee633d3125769982c26
25)
                        - 
FBVectorBenchmarks.cpp.h 
(RegularFile, cc411178a174ead
76607c664584605fc)
                        - 
FBVectorTests.cpp.h 
(RegularFile, 50b45f51e513e94
3a6940efd983cf983)
                        - 
TrackingTypes.h 
(RegularFile, 38f4e730eaeb112
8fea108a4bbd0cf65)
                      - 
View.h (RegularFile, 25d477e4
885bdc3202cfbe70c1883130)
                      - 
WeightedEvictingCacheMap.h 
(RegularFile, 6938cb86e74be00
b4e74c63f7acbead6)
                    - Conv.h 
(RegularFile, 65c8c1d6106b8af
8d308711a035dae11)
                    - coro 
(Directory, 86736690ec05dec87
bd25f558fd14f4a)
                      - 
Accumulate-inl.h 
(RegularFile, 677634584a013c4
d2e8ba07f9d35cad2)
                      - 
Accumulate.h (RegularFile, 23
f778a19c5d940f8d68938be387474
1)
                      - 
AsyncGenerator.h 
(RegularFile, 45a08372267cf4d
9a2bd2640ce940b4e)
                      - 
AsyncPipe.h (RegularFile, b44
b5fe2ebd26d33b745b6fa36807e2b
)
                      - 
AsyncScope.h (RegularFile, 81
f37985bbea948ec090c3563c34f23
e)
                      - 
AsyncStack.h (RegularFile, 69
b27c521d43d5298a025f817fe2c5b
2)
                      - 
AutoCleanup-fwd.h 
(RegularFile, ea476896fd6056a
79f7bec8bb4cd862e)
                      - 
AutoCleanup.h (RegularFile, e
f563e4df2e4efdbbf16245cfc0ae8
13)
                      - 
Baton.h (RegularFile, 8860574
383545a607e6563dd810c1b8a)
                      - 
BlockingWait.h (RegularFile, 
648a6cce2c03548185cf7c218ff65
024)
                      - 
BoundedQueue.h (RegularFile, 
858cb2a7f965851d2d9a3686d4c32
cf0)
                      - 
Cleanup.h (RegularFile, a387e
749230579adbec97503d4911f71)
                      - 
Collect-inl.h (RegularFile, 1
7c8fb5ff7e8b477fd678a192d62c7
02)
                      - 
Collect.h (RegularFile, c81e0
7db803ba3df592abe882853abe2)
                      - 
Concat-inl.h (RegularFile, 74
6ff2908ffef6b7f573d0c313e0191
6)
                      - 
Concat.h (RegularFile, c2d111
21bf902d8b08b1f64620c2f5ed)
                      - 
Coroutine.h (RegularFile, a98
4a601a66aa0696f8a46131faf26ef
)
                      - 
CurrentExecutor.h 
(RegularFile, 15173ddb18639cc
25036f1f0b816b86c)
                      - 
DetachOnCancel.h 
(RegularFile, 670b30bc52ac250
ccc00ee9befac9c63)
                      - 
detail (Directory, f122ccba81
21f59b0ce4200cd97c686a)
                        - 
Barrier.h (RegularFile, f9e20
8fc8504a41e9962f6767ab0b3df)
                        - 
BarrierTask.h (RegularFile, 4
10e23a742b5bf121c419580bdba6c
1c)
                        - 
CurrentAsyncFrame.h 
(RegularFile, 48cf27d8dd17cc1
5aa6010e5dab6c459)
                        - 
Helpers.h (RegularFile, 55be3
2af32d7b568442be4e4929fb751)
                        - 
InlineTask.h (RegularFile, 05
18f37a7bbac8e67ca756205427fa2
2)
                        - 
Malloc.h (RegularFile, 298290
591bf57552128b3620b8c11f4c)
                        - 
ManualLifetime.h 
(RegularFile, c3876a88c62bfc9
b06dc8008bd90b9ad)
                        - 
Traits.h (RegularFile, 51d8f6
38e200ddcc533d21176fb16f90)
                      - 
Filter-inl.h (RegularFile, 19
d049ba52198dc63fe123dc27ff6f6
1)
                      - 
Filter.h (RegularFile, 8978d8
9d33d3bdbc18591c4afc92b146)
                      - 
FutureUtil.h (RegularFile, 53
af21ad13e9e0d9027ed7e616cb892
5)
                      - 
Generator.h (RegularFile, b57
2f3ea30e83a379c5c5eb62f84d38c
)
                      - 
GmockHelpers.h (RegularFile, 
1139ef8b6a53002fefc7d54e73a6f
742)
                      - 
GtestHelpers.h (RegularFile, 
4a5fed34ba135e4296606e6d3fef6
fea)
                      - 
Invoke.h (RegularFile, 7e3786
57f784741a2cd81af82c90ee71)
                      - 
Merge-inl.h (RegularFile, 765
626a3f73a681cfbeef96b7d4f15f2
)
                      - 
Merge.h (RegularFile, 6af57ca
03e946491ec6d59bc3857dfcb)
                      - 
Mutex.h (RegularFile, 13768a2
03cd556a65c4d8b621377450f)
                      - 
Promise.h (RegularFile, 733d7
771205294a066dd67cc838875bd)
                      - 
Result.h (RegularFile, cb8fc6
035c7a46d75ec827affe2408b5)
                      - 
Retry.h (RegularFile, c62ccc8
5a6c768781a7247d867ee4887)
                      - 
RustAdaptors.h (RegularFile, 
eb29913d80ebc809fa7be3feb5fd9
a42)
                      - 
ScopeExit.h (RegularFile, efb
ff40867b95f7d202066fea9ef526d
)
                      - 
SharedLock.h (RegularFile, a0
4b8bd8ddf8b414226f0e23ed978f6
3)
                      - 
SharedMutex.h (RegularFile, f
5ee97fdb976288f06600b3004336f
e0)
                      - 
SharedPromise.h 
(RegularFile, be7886a582abd75
cb2d1f774b4570486)
                      - 
Sleep-inl.h (RegularFile, e0f
1f3809b810488d8a6705aeceaeb0f
)
                      - 
Sleep.h (RegularFile, 1724843
8ad85911ee0e7a726182b9dab)
                      - 
SmallUnboundedQueue.h 
(RegularFile, ca694656c9eaa44
824837d5be1bac5ce)
                      - 
Task.h (RegularFile, 0ea682a1
420583924748266df5de536f)
                      - 
TaskWrapper.h (RegularFile, 5
8997328a3fe529ba8b9282d45d44b
39)
                      - 
TimedWait.h (RegularFile, 835
06d41649ec413b81ac73a0ba0a37a
)
                      - 
Timeout-inl.h (RegularFile, c
29dcc9e673e78436961ad1a58f345
4a)
                      - 
Timeout.h (RegularFile, 84b2a
e7969cd8b0f09c7b863daf90432)
                      - 
Traits.h (RegularFile, 3e0256
dfdf215e07a29b0f18a4c155b7)
                      - 
Transform-inl.h 
(RegularFile, 34df02e9a193b3d
c97e495895882f57c)
                      - 
Transform.h (RegularFile, bfa
ea3ae30b7481e02b86622a3ac66f8
)
                      - 
UnboundedQueue.h 
(RegularFile, c3c7d5d5bbf42f4
86b755caa8a91abcb)
                      - 
ViaIfAsync.h (RegularFile, 45
b84281e3af2335c578177c12131c6
2)
                      - 
WithAsyncStack.h 
(RegularFile, 9d9176aa299f7be
b3ee1836a5e384d8f)
                      - 
WithCancellation.h 
(RegularFile, aca9bf22959e8b5
149531f2516600241)
                    - 
CPortability.h (RegularFile, 
d449f0f563b08cfca9b2f7b8351fd
918)
                    - 
CppAttributes.h 
(RegularFile, ee335bae94e33e2
b6bb546acf86bf614)
                    - 
CpuId.h (RegularFile, 2c25a79
6adbcb653f6f20b1abfbd090c)
                    - crypto 
(Directory, fbcf701f5e1da35ef
41af5e72ef4ffea)
                      - 
Blake2xb.h (RegularFile, 027b
659df3567e62f50d0e9647ef6a77)
                      - 
detail (Directory, 7714bbd1e0
ed010cbbb1022d60725391)
                        - 
LtHashInternal.h 
(RegularFile, 8b36c87cab547a6
4de52725dea396f19)
                      - 
LtHash-inl.h (RegularFile, df
82c2f0b2362bd8c2757a9a96be380
8)
                      - 
LtHash.h (RegularFile, 6f88c6
cd4cce7af287927c04cb40d2c8)
                    - 
debugging (Directory, 8890395
4a82686fd22afe3939a2c8b9e)
                      - 
exception_tracer (Directory, 
a719bbda9a0c7db365ce51fb0869d
4e9)
                        - 
ExceptionAbi.h (RegularFile, 
4f861f37f1d6895d62e87d02c536c
386)
                        - 
ExceptionCounterLib.h 
(RegularFile, 5a6967ee2297824
ff25ddae8dc4c399e)
                        - 
ExceptionTracer.h 
(RegularFile, 68fb4e679e98db9
b67a4fb9ab550164d)
                        - 
ExceptionTracerLib.h 
(RegularFile, a312f35a82b13f1
d661e5dd985173f00)
                        - 
SmartExceptionTracer.h 
(RegularFile, fe7da2885345e8d
3335b90de957e794b)
                        - Sma
rtExceptionTracerSingleton.h 
(RegularFile, 89d56ca5aa26359
219796946b1de572f)
                        - 
StackTrace.h (RegularFile, 66
930d5ef1a357d39aec7c2ff473927
1)
                      - 
symbolizer (Directory, 4c3a05
e3af3145e28a1da2929453e631)
                        - 
detail (Directory, 7cad6e8fee
3c9599df7e9282b98d057b)
                          - 
Debug.h (RegularFile, 149c3b3
81ba58ac7f705e6f5322d3689)
                        - 
Dwarf.h (RegularFile, bd527e0
b46c3f885dfb4642a8434185e)
                        - 
DwarfImpl.h (RegularFile, aaf
ea889112e9def8efbb152aa1e8731
)
                        - 
DwarfLineNumberVM.h 
(RegularFile, cf89ae2588dc5e7
1da8266a8d185a982)
                        - 
DwarfSection.h (RegularFile, 
381f0da025d0fc73f84aa794f51b3
c2f)
                        - 
DwarfUtil.h (RegularFile, 9a8
3bb87658774e5b72a56ef105930cf
)
                        - 
Elf-inl.h (RegularFile, 0decd
895312e65c80066f571d1c577b3)
                        - 
Elf.h (RegularFile, 9ca251e63
15e5c6b87e7c8366099a92d)
                        - 
ElfCache.h (RegularFile, b5c3
47ebc48ab40ebe883397415744ea)
                        - 
LineReader.h (RegularFile, db
683f3fb764d42581efabfe82da3ee
6)
                        - 
SignalHandler.h 
(RegularFile, b7e434405f15a39
2c03d08b65a564d04)
                        - 
StackTrace.h (RegularFile, e3
12280506f17fcd9c8f018b250fcd4
3)
                        - 
SymbolizedFrame.h 
(RegularFile, e69981bc57a678f
b35d1f1eb5cc7a1b9)
                        - 
SymbolizePrinter.h 
(RegularFile, 074de5f851bfca5
7715f255e637dae04)
                        - 
Symbolizer.h (RegularFile, d3
40351e32e7d18d9f0b9f1abcee66b
f)
                        - 
test (Directory, 21cf7f26b7c8
8f836acc14596c4c1ad0)
                          - 
SignalHandlerTest.h 
(RegularFile, 4967e2d7e8c03d1
99681af66b3cad596)
                          - 
SymbolizerTestUtils-inl.h 
(RegularFile, 6a6857757e8c025
4bb270b5f7df56eeb)
                          - 
SymbolizerTestUtils.h 
(RegularFile, 6af63375e43fc98
e6dc50906b352f8b9)
                    - 
DefaultKeepAliveExecutor.h 
(RegularFile, bc6e62c7e4471be
2a60b7fd67ed63cc2)
                    - 
Demangle.h (RegularFile, 91c4
ffef5e40f35912b74d43c06b0f28)
                    - detail 
(Directory, 3f8757a33fc22c4e5
25d186afe2e842e)
                      - 
AsyncTrace.h (RegularFile, 0e
66b9659d6f5b99a3a3537205c327a
b)
                      - 
AtomicHashUtils.h 
(RegularFile, 858ae5181e1d4c5
b13181a69c1319421)
                      - 
AtomicUnorderedMapUtils.h 
(RegularFile, a4aa85a9393ba64
1707d0581b4776979)
                      - 
base64_detail (Directory, d08
cde4d4b9d5949718321884cc3dab2
)
                        - 
Base64_SSE4_2.h 
(RegularFile, c081d5b402d395c
444841625c9715fff)
                        - 
Base64_SSE4_2_Platform.h 
(RegularFile, 0d0e9673da7b0e7
7920d96cd7f405aef)
                        - 
Base64Api.h (RegularFile, 2a0
80da9b2e15863ad676d1169da180e
)
                        - 
Base64Common.h (RegularFile, 
1b6158cdd7758a9912412a3571698
296)
                        - 
Base64Constants.h 
(RegularFile, 7cf6efaded55c48
7caa7ccf400433ffc)
                        - 
Base64HiddenConstants.h 
(RegularFile, c760460960109e2
042185aa136907684)
                        - 
Base64Scalar.h (RegularFile, 
d603f1fd155454d297941da0a6b6d
a46)
                        - 
Base64Simd.h (RegularFile, b0
8e4a1bd95ad6b1847630bbb850e37
2)
                        - 
Base64SWAR.h (RegularFile, 6e
3470bf7ae852c55855094e9296dd4
5)
                      - 
DiscriminatedPtrDetail.h 
(RegularFile, ab7b439d4000134
d079d9589b3c577e9)
                      - 
FileUtilDetail.h 
(RegularFile, 0412f39611caa2f
11c6d1fccab701232)
                      - 
FileUtilVectorDetail.h 
(RegularFile, 0620a2207fc3033
1c94e59adeefb2652)
                      - 
FingerprintPolynomial.h 
(RegularFile, c49981e6a92d5fe
7f2477aa8b8f62a95)
                      - 
Futex-inl.h (RegularFile, 406
50688a53698bb0195695d7b776985
)
                      - 
Futex.h (RegularFile, 1bf127f
2b3b7183324a62ae4a0e1ca35)
                      - 
GroupVarintDetail.h 
(RegularFile, be033171f4b913e
6436a2a7ad30185fc)
                      - 
IPAddress.h (RegularFile, 961
87f187d07adb274a3c18ff1a06911
)
                      - 
IPAddressSource.h 
(RegularFile, b72076452522d40
927d3609cea041f50)
                      - 
Iterators.h (RegularFile, ca2
bb3b0648f4645ea0b15d65d5d1f19
)
                      - 
MemoryIdler.h (RegularFile, a
0698d8a212258f1f5fbeeb0189cb5
4d)
                      - 
MPMCPipelineDetail.h 
(RegularFile, dcee5cd66fead60
2c11cdb09b3ff6bb2)
                      - 
PerfScoped.h (RegularFile, 2f
5b7cccaeee02eb0d816494715f88d
9)
                      - 
PolyDetail.h (RegularFile, 8e
96b89bd961db5e0c61d4793ee0ede
4)
                      - 
RangeCommon.h (RegularFile, 8
b6c4fd703822ac6e42518230eb2ab
d1)
                      - 
RangeSse42.h (RegularFile, 7f
7bb0994cb04349e1035e680d4314c
f)
                      - 
SimpleSimdStringUtils.h 
(RegularFile, abdd882a2e715e0
8ceca233726acb1d0)
                      - 
SimpleSimdStringUtilsImpl.h 
(RegularFile, d981bcd24ed8790
13a5e63b04373238f)
                      - 
Singleton.h (RegularFile, f8d
1ae6f56bd2574359e1d08a1ea49f8
)
                      - 
SlowFingerprint.h 
(RegularFile, 6740398ae6b8e5e
08ae7c964930dc4ac)
                      - 
SocketFastOpen.h 
(RegularFile, a4f16e4c13a8973
271167e3a9560b0ce)
                      - 
SplitStringSimd.h 
(RegularFile, 2fe3250f6326280
fd00a940e7d079fa6)
                      - 
SplitStringSimdImpl.h 
(RegularFile, 0c7b12b9117ea41
8ad40b4c8a019b42c)
                      - 
Sse.h (RegularFile, d13b1b47f
ac7c67d469155d8fb60fcbe)
                      - 
StaticSingletonManager.h 
(RegularFile, df303e92014fc24
0c396d19f16e10afa)
                      - 
thread_local_globals.h 
(RegularFile, fc45e0270952134
509f2f663c85b3270)
                      - 
ThreadLocalDetail.h 
(RegularFile, f4e75a416dcf84c
b2f0ea57c95c068eb)
                      - 
TrapOnAvx512.h (RegularFile, 
cfe177850b57d6674a0162517e83a
84e)
                      - 
TurnSequencer.h 
(RegularFile, 2909d7b814d6860
facb0f1edd8db40a9)
                      - 
TypeList.h (RegularFile, 1c7e
e7f470be041f4f26503939afe768)
                      - 
UniqueInstance.h 
(RegularFile, 5343e039a2934a8
ce07eabf7513fc666)
                    - 
DiscriminatedPtr.h 
(RegularFile, ed3f609c9aab8c8
0a96033ac4c2d03d4)
                    - 
dynamic-inl.h (RegularFile, 7
bb14eae6d82a88540804d5d87abd6
98)
                    - 
dynamic.h (RegularFile, 1a308
23c8a67088c892c29cff4dd49b9)
                    - 
DynamicConverter.h 
(RegularFile, 1c38a3a2cef84df
5f2c9c985831c9b38)
                    - 
Exception.h (RegularFile, 8fb
b99a9bc921cd9b5bcb0cb9e768d0f
)
                    - 
ExceptionString.h 
(RegularFile, 5c0f8cc42a03bdd
c7ff47ab5c6b3da4a)
                    - 
ExceptionWrapper-inl.h 
(RegularFile, 55bee44894d7abe
bd663bc3e8d9890e7)
                    - 
ExceptionWrapper.h 
(RegularFile, 0de877617793096
a12f01ef8a6df0b05)
                    - 
Executor.h (RegularFile, 5aa4
0f6e33ffe260a5a69ba293fc44a9)
                    - 
executors (Directory, 9ac3440
0dd908bffa2aa7a7a674b3d68)
                      - 
Async.h (RegularFile, 634bc5f
3db043f24f8fc8e881794ca43)
                      - 
Codel.h (RegularFile, e7e643f
28df3cd98c7b01512ecbed715)
                      - 
CPUThreadPoolExecutor.h 
(RegularFile, f1adf984fe6f0a6
9ea640c699d9c8dc7)
                      - 
DrivableExecutor.h 
(RegularFile, e8e25ca17734215
148d0680a017a6a61)
                      - 
EDFThreadPoolExecutor.h 
(RegularFile, 24243b445dff003
f25056a505a8e9cca)
                      - 
ExecutionObserver.h 
(RegularFile, 94d1751c1e655b2
d14b011b960eed689)
                      - 
ExecutorWithPriority-inl.h 
(RegularFile, 8f77e6cad3bfebb
79bdb74d55b18633b)
                      - 
ExecutorWithPriority.h 
(RegularFile, 673199a631787a4
3b039dc8589361982)
                      - 
FiberIOExecutor.h 
(RegularFile, 5a1f47a7c4e3cf4
6e7dc56946a11e186)
                      - 
FunctionScheduler.h 
(RegularFile, 8e5032e217051ab
801948edce4d9bf3f)
                      - 
FutureExecutor.h 
(RegularFile, 484f0f234d7990a
bb2260e94a3267886)
                      - 
GlobalExecutor.h 
(RegularFile, 29424aab360557c
d4fa44ac91be95cbc)
                      - 
GlobalThreadPoolList.h 
(RegularFile, c3043cf16892978
77cd38195e2a61890)
                      - 
InlineExecutor.h 
(RegularFile, ddd6dddca879127
1ffb20ddfbdaf898d)
                      - 
IOExecutor.h (RegularFile, 85
daa05d0d2784715744eec2eb3e3fe
a)
                      - 
IOObjectCache.h 
(RegularFile, 9560a88095e6a17
72cc277bac590e066)
                      - IOThr
eadPoolDeadlockDetectorObserv
er.h (RegularFile, 184fd445bd
7656b873fe17193ad32a28)
                      - 
IOThreadPoolExecutor.h 
(RegularFile, 8b20f56d228dd83
f741b942584c21a4e)
                      - 
ManualExecutor.h 
(RegularFile, c4bd0db1d814121
e063c323144f4a389)
                      - 
MeteredExecutor-inl.h 
(RegularFile, d400f447fbadb18
92fb5382db5cb3e1d)
                      - 
MeteredExecutor.h 
(RegularFile, a98fc9c56824e4e
3bf8425181018ca3a)
                      - 
QueuedImmediateExecutor.h 
(RegularFile, 6e15c61393c1492
6414ed35126eef319)
                      - 
QueueObserver.h 
(RegularFile, 2f0c1cc9d37843e
4334212f55fce88d3)
                      - 
ScheduledExecutor.h 
(RegularFile, 367ea1ea6f5ef5c
df0267524ef6011be)
                      - 
SequencedExecutor.h 
(RegularFile, 1ad9b0b761dff72
f130b4511cafbf646)
                      - 
SerialExecutor-inl.h 
(RegularFile, 9d060306a137d45
c43e94ce1e6afed47)
                      - 
SerialExecutor.h 
(RegularFile, 91ded35ce4f9d5a
baba86eef30b7fa17)
                      - 
SerializedExecutor.h 
(RegularFile, f546f483e37e248
e481d1c853749dd33)
                      - 
SoftRealTimeExecutor.h 
(RegularFile, 9d92a9868792fc5
3e4ab832c68c3bf89)
                      - 
StrandExecutor.h 
(RegularFile, 77a6ab0d1067de1
3728458aa3a0891ef)
                      - 
task_queue (Directory, d9e06d
361387b919ba9ffa825ab16a7e)
                        - 
BlockingQueue.h 
(RegularFile, 2d18b6e5b746dd4
a84be29575da28637)
                        - 
LifoSemMPMCQueue.h 
(RegularFile, cfe5f6d73300d22
4b82e03917b9d8fbc)
                        - 
PriorityLifoSemMPMCQueue.h 
(RegularFile, 3321b78aef359da
afb7df60e1a6f628b)
                        - Pri
orityUnboundedBlockingQueue.h
 (RegularFile, 397b01757a18d6
a1f0d920d7ae445870)
                        - 
UnboundedBlockingQueue.h 
(RegularFile, 59623c5199a4675
c22e9d2bd14f2da43)
                      - test 
(Directory, d8d9050bfcaf115fc
ea52fe2bf6d79d6)
                        - IOT
hreadPoolExecutorBaseTestLib.
h (RegularFile, bf212585e6067
34ef0c758289a2fd37f)
                      - 
thread_factory (Directory, 16
0bdfd29fd87ee013b53e25b0ebcd9
9)
                        - 
InitThreadFactory.h 
(RegularFile, 0c4ec6698a4742c
2b12f8653619da2d0)
                        - 
NamedThreadFactory.h 
(RegularFile, ec0faf40e9e18e3
74eed2215cdb5ddd3)
                        - 
PriorityThreadFactory.h 
(RegularFile, 11a822ed3788095
a248dc44609011038)
                        - 
ThreadFactory.h 
(RegularFile, 671e8723394e108
2d53b28e8b33916ea)
                      - 
ThreadedExecutor.h 
(RegularFile, 4d409301dfcc71b
92793766d1dbe8b72)
                      - Threa
dedRepeatingFunctionRunner.h 
(RegularFile, 644cd82a0fb67b7
de262173133571591)
                      - 
ThreadPoolExecutor.h 
(RegularFile, beccd1bdc24daf8
a7523292f191c9c91)
                      - 
TimedDrivableExecutor.h 
(RegularFile, a43a761b0a38d22
90abcb5842522c80e)
                      - Timek
eeperScheduledExecutor.h 
(RegularFile, 3ef36bf91a22584
dba0900c713d5972b)
                      - 
VirtualExecutor.h 
(RegularFile, 0d87c59c6e5205c
4690e38aedaf44f9e)
                    - 
Expected.h (RegularFile, d17e
b5af22d37f7b240cd6cfd65476b1)
                    - 
experimental (Directory, afb0
3205fa28b7e1363e0084f87f052b)
                      - 
channels (Directory, afbac466
d2adc0272b25184651dc6217)
                        - 
Channel-fwd.h (RegularFile, b
8fecf0daffecc68896a959f75e14e
5a)
                        - 
Channel-inl.h (RegularFile, 6
a675e1b626de287941cd620fe309d
3d)
                        - 
Channel.h (RegularFile, d488e
34c570a1b7f57959c4c6b267f5d)
                        - 
ChannelCallbackHandle.h 
(RegularFile, 8950b1753121ab4
2e3a6e945a4a7cacf)
                        - 
ChannelProcessor-inl.h 
(RegularFile, 414216e38493e4a
9ca4bc4073bddac17)
                        - 
ChannelProcessor.h 
(RegularFile, db417b9b003dba8
47784a84785d1511b)
                        - 
ConsumeChannel-inl.h 
(RegularFile, 9b99c43f6702b0d
aef947dc4f8327d4f)
                        - 
ConsumeChannel.h 
(RegularFile, 72b049e30b46220
23c481431c63e0b2a)
                        - 
detail (Directory, 293ee39da9
4d9ed1a00cf81b80e89207)
                          - 
AtomicQueue.h (RegularFile, 2
efe4353d38afbfadfd347ebdbba3d
c1)
                          - 
ChannelBridge.h 
(RegularFile, 2dfd3af6afc7233
d8a856341ec70d383)
                          - 
FunctionTraits.h 
(RegularFile, 15f7f990fcf053e
e076f3d3f87459422)
                          - 
IntrusivePtr.h (RegularFile, 
0800ec14340488ff73aa9797c3048
e33)
                          - 
MultiplexerTraits.h 
(RegularFile, ad238c9e1818825
04170c0d16a49c5be)
                          - 
PointerVariant.h 
(RegularFile, 05a1d233849e9c7
59d1f2af141e7dea9)
                          - 
Utility.h (RegularFile, 20622
d9dca5695c58b4d558456f3b996)
                        - 
FanoutChannel-inl.h 
(RegularFile, 43078470e2ca0a2
83da723894c02ae3b)
                        - 
FanoutChannel.h 
(RegularFile, 78f26bb5f28851b
bc976493196fdea6c)
                        - 
FanoutSender-inl.h 
(RegularFile, 4d43477e4f48126
872466b46fe64b83c)
                        - 
FanoutSender.h (RegularFile, 
c026c45bdef910cd6ab2e5fdbb363
2e2)
                        - 
MaxConcurrentRateLimiter.h 
(RegularFile, 26f5d3b945cab73
0cb588cc5c09e96a8)
                        - 
Merge-inl.h (RegularFile, 61f
4189b5f1b7b8f5d1cd6df938eb7d2
)
                        - 
Merge.h (RegularFile, c6ecc4d
f95d71788a2b59c604bfc7163)
                        - 
MergeChannel-inl.h 
(RegularFile, bf56dc00c74a995
a6ca5093882902e4c)
                        - 
MergeChannel.h (RegularFile, 
9334244f7c6a0fa11480cd30d417a
85d)
                        - 
MultiplexChannel-inl.h 
(RegularFile, a584192aca1d64d
769a3e643b41b2c59)
                        - 
MultiplexChannel.h 
(RegularFile, c7e344cd5c96dc9
4a72e7abe9c72b110)
                        - 
OnClosedException.h 
(RegularFile, d15b3e59aeec4f5
7e235fd2ccd7ef2c5)
                        - 
Producer-inl.h (RegularFile, 
bfdf96de06d6dee32cf69bc3eadf7
ca4)
                        - 
Producer.h (RegularFile, 428f
0fa674276c618c1c5b85c22fbfbb)
                        - 
ProxyChannel-inl.h 
(RegularFile, 91e50f8694e0809
fe113d9e75d9bf522)
                        - 
ProxyChannel.h (RegularFile, 
aa5957f84deca7d27554f0c9aeb2e
14d)
                        - 
RateLimiter.h (RegularFile, 8
448a47fe08e106ffc1b72aff3f7c7
15)
                        - 
test (Directory, ca0548c1a6e5
162391d456fccd75844f)
                          - 
ChannelTestUtil.h 
(RegularFile, 3fc94b87e5b344d
50664ac3dfaa66831)
                        - 
Transform-inl.h 
(RegularFile, 57b0ef2a05e212b
d64f3c4aca7477ced)
                        - 
Transform.h (RegularFile, 266
1707a98d745844717b93239cb0ea2
)
                      - coro 
(Directory, 6bc992e827fb6320f
4f2680cff1a8f5c)
                        - 
Accumulate-inl.h 
(RegularFile, 2e2c8ff4335a06a
92a326b28773d9070)
                        - 
Accumulate.h (RegularFile, 89
1e48455e491ca2c7d08447d662991
9)
                        - 
AsyncGenerator.h 
(RegularFile, 41750aabd86addf
a1943abbb77c1d1f5)
                        - 
AsyncPipe.h (RegularFile, 30b
39c50defde59980fcf7fc71f17b5c
)
                        - 
AsyncScope.h (RegularFile, b3
6e830ebb9e26a01fd98f6468f8ffd
0)
                        - 
AsyncStack.h (RegularFile, 66
b51717540feb23e02d92283da1283
2)
                        - 
AutoCleanup-fwd.h 
(RegularFile, 9854b3ff22800bb
28793d178038a9633)
                        - 
AutoCleanup.h (RegularFile, d
28f0d93bb63a7572558bed30062a3
74)
                        - 
Baton.h (RegularFile, e83ce31
b49a8857d265805573ff09019)
                        - 
BlockingWait.h (RegularFile, 
d5d4e0e6f33fa33ca5f732d85f90f
51e)
                        - 
BoundedQueue.h (RegularFile, 
fe4758388343bf082b983cdb0550b
cdc)
                        - 
Cleanup.h (RegularFile, ce163
2124e708623688184c8013dd851)
                        - 
Collect-inl.h (RegularFile, 4
24a5e5bf3aa7fd8273997619f473b
81)
                        - 
Collect.h (RegularFile, 16f0b
a12000b7ca9ad4c986a1d8a1500)
                        - 
Concat-inl.h (RegularFile, 64
e359dd5850798915bb0a1ab11c5a8
8)
                        - 
Concat.h (RegularFile, 2d1db3
a41d76a7185cd11ed0faef4808)
                        - 
Coroutine.h (RegularFile, e2f
5507f2b23226ab9c8a86d18168b63
)
                        - 
CurrentExecutor.h 
(RegularFile, 6f1a17ef7818bba
2caca1639f64d5eea)
                        - 
DetachOnCancel.h 
(RegularFile, 1fabcf7ded36049
8f720864dcaee66c0)
                        - 
detail (Directory, 289994b21f
c2497595e563b8b9a15da5)
                          - 
Barrier.h (RegularFile, 03738
e683c784f1555587fb82bc4ed7f)
                          - 
BarrierTask.h (RegularFile, 3
ea684bd09f5cf062e6e8d71497fbd
bf)
                          - 
CurrentAsyncFrame.h 
(RegularFile, 771448d05b4e188
395574749056b4760)
                          - 
Helpers.h (RegularFile, 099e6
a46a4c4207a1048ab6c61f584be)
                          - 
InlineTask.h (RegularFile, 5e
e474832dcd0ce29313676f95021ec
a)
                          - 
Malloc.h (RegularFile, 0faef3
dc8cfbe6a9c6a851a30ed7b13a)
                          - 
ManualLifetime.h 
(RegularFile, 71a754a6a2d59e3
a63c4307e176d555e)
                          - 
Traits.h (RegularFile, 94f83b
cec2115fa668783824e89cc8e1)
                        - 
Filter-inl.h (RegularFile, bf
1c6af386fee994157069449dd452d
7)
                        - 
Filter.h (RegularFile, ef6165
a22b89f18050903303e0a19931)
                        - 
FutureUtil.h (RegularFile, 99
e35c909ddfd47d09e5e2f60b442b5
0)
                        - 
Generator.h (RegularFile, fe8
09a39b6c4077040aee934e0041c5d
)
                        - 
GmockHelpers.h (RegularFile, 
e987881be033019c576acdf296250
c1d)
                        - 
GtestHelpers.h (RegularFile, 
c73435179bb1e1217d6a4634682d7
81d)
                        - 
Invoke.h (RegularFile, 92ae7f
6068ed6bc63c7d245598cc7f3b)
                        - 
Merge-inl.h (RegularFile, 7f4
c4d86f2309658a68bc066e57bf661
)
                        - 
Merge.h (RegularFile, 4594c94
14b38df1e1906d77d6b7968db)
                        - 
Mutex.h (RegularFile, a409fd1
4bbaccd72559c545bddd3b86b)
                        - 
Promise.h (RegularFile, e1124
0912008ad77863b40cfb88a9437)
                        - 
Result.h (RegularFile, 841735
a15cdd0c6887f01224e8fd76ad)
                        - 
Retry.h (RegularFile, 55bcd76
39f6be99d5a52a9586a1a4d77)
                        - 
RustAdaptors.h (RegularFile, 
0444988c3b78a447945e2690a7dff
226)
                        - 
ScopeExit.h (RegularFile, e65
9513a0b32145083d6d0edee1ef9d6
)
                        - 
SharedLock.h (RegularFile, a5
916aee3dadd3aec9c49865c57575b
7)
                        - 
SharedMutex.h (RegularFile, 4
b41326558804acc55c41ec403ee0b
dd)
                        - 
SharedPromise.h 
(RegularFile, 3af18fce33bd5ba
12f5bb0580558033e)
                        - 
Sleep-inl.h (RegularFile, a44
2783d5d9abcbe23d5b80498515ba3
)
                        - 
Sleep.h (RegularFile, f974da6
8c9b4b0936aeaf753862e73fb)
                        - 
SmallUnboundedQueue.h 
(RegularFile, 644f8bfe4ff9689
622b5010bdacc7572)
                        - 
Task.h (RegularFile, d9313b1c
f978fb258fc4ecb7246977b1)
                        - 
TimedWait.h (RegularFile, a54
23de9ab2eb5e34555cf8ead998e72
)
                        - 
Timeout-inl.h (RegularFile, d
d2e531312ebd1a1d3c24edc706a67
5d)
                        - 
Timeout.h (RegularFile, e998d
3197fb40a2a37a38f1b93b4a04b)
                        - 
Traits.h (RegularFile, da70ef
3693b5565dfca44422882353b8)
                        - 
Transform-inl.h 
(RegularFile, 2fd29b39e9722e9
34870135d9c660f7b)
                        - 
Transform.h (RegularFile, a36
22d4663dba9881fe39c20d8254699
)
                        - 
UnboundedQueue.h 
(RegularFile, b141d4b303e438e
d37cbcae758dd6d71)
                        - 
ViaIfAsync.h (RegularFile, 19
62f19ce8dacf3f57371c5b600ff31
9)
                        - 
WithAsyncStack.h 
(RegularFile, d7cdd9a50884654
08ba962016f96487f)
                        - 
WithCancellation.h 
(RegularFile, 057f8b777813fb2
bca238d5f6b042774)
                      - 
crypto (Directory, db04140f7b
daa8cb8c8de037b5d4633c)
                        - 
Blake2xb.h (RegularFile, c3e7
5149e5ac141ace0b1754be58cf79)
                        - 
LtHash.h (RegularFile, b7bd0c
9121bf4063cbb3ca2e33dd6731)
                      - 
EliasFanoCoding.h 
(RegularFile, 161bf8daf02d4b7
af78b3c9da608a6b7)
                      - 
EventCount.h (RegularFile, 09
b7b930ce43f1c8b38116effaed0ca
2)
                      - 
exception_tracer (Directory, 
aa1d8faf02fb180203207fe1de3d7
e8c)
                        - 
ExceptionAbi.h (RegularFile, 
6a4a229876188e8fa82b4fd4a8946
9f0)
                        - 
ExceptionCounterLib.h 
(RegularFile, 8e96b90007db2ac
892c5b4f42f84eab9)
                        - 
ExceptionTracer.h 
(RegularFile, 337f4ec8dac29bb
a163974c9f7af6dda)
                        - 
ExceptionTracerLib.h 
(RegularFile, 5c8db4991ab8c51
c6a8a67aca5f3870a)
                        - 
SmartExceptionTracer.h 
(RegularFile, 4f6e552d666f3ff
a75a553f3780801a4)
                        - Sma
rtExceptionTracerSingleton.h 
(RegularFile, 3aef172fbcf3136
67ff6254d918a937b)
                        - 
StackTrace.h (RegularFile, c9
e98255446c8872926f10c2d3a6cbb
9)
                      - 
flat_combining (Directory, 93
e6a8e9f29ff7dea352e893ac76a49
5)
                        - 
FlatCombining.h 
(RegularFile, 14039dd7ac949af
f3589ab4832af38e4)
                        - 
test (Directory, 9b57ef302454
6baf766b39c2434b8417)
                          - 
FlatCombiningExamples.h 
(RegularFile, f6840a4c379b50b
1eba029369ec8b071)
                          - 
FlatCombiningTestHelpers.h 
(RegularFile, b9a605f586877ee
9c5afdaa5ca253f49)
                      - 
FlatCombiningPriorityQueue.h 
(RegularFile, c9a10ad6e17c464
7ea44d6ae258447f1)
                      - 
FunctionScheduler.h 
(RegularFile, 91a4eddc30c53e3
8c253e1395853ffe2)
                      - io 
(Directory, a7a55a4d274276019
47d226b5e110726)
                        - 
AsyncBase.h (RegularFile, 8ab
774ed76885c45a9bcbf8fcddc0b57
)
                        - 
AsyncIO.h (RegularFile, 8e035
2a8836f7485b7ee2c6d33e34407)
                        - 
AsyncIoUringSocket.h 
(RegularFile, cba62e929cf2702
1799621627b90a506)
                        - 
AsyncIoUringSocketFactory.h 
(RegularFile, 9fb2215e9679da3
b1b727bcd2d39d804)
                        - 
Epoll.h (RegularFile, dec9ed3
02a3df40c9ede22eb8386845f)
                        - 
EpollBackend.h (RegularFile, 
f0a3ceeb03fab9cedd3f906475ae8
c87)
                        - 
EventBasePoller.h 
(RegularFile, b4141c93ec6097a
3ee2863b4d9788ff1)
                        - 
FsUtil.h (RegularFile, 521c8e
a869a2c4a99345d32129df86ca)
                        - 
HugePages.h (RegularFile, 8e4
4b2a051d6350caa51cdaa8ca22332
)
                        - 
IoUring.h (RegularFile, 588e8
b7eebf98444f0bc7aa75db8c777)
                        - 
IoUringBackend.h 
(RegularFile, ee7d92f54a9ecf8
230af676cff634533)
                        - 
IoUringBase.h (RegularFile, c
65e3017da8ab6d3a7279f1f6718e8
64)
                        - 
IoUringEvent.h (RegularFile, 
c072a46b6f1acc75fc7f9867bdc4b
2ac)
                        - 
IoUringEventBaseLocal.h 
(RegularFile, 232ec10d9789dfd
b8a7e7b1b05bde599)
                        - 
IoUringProvidedBufferRing.h 
(RegularFile, 4cfaa0f4a5cf9c9
3c46dc9fab63156b0)
                        - 
Liburing.h (RegularFile, b850
faf6dfaf395242aded4c7e4807cd)
                        - 
MuxIOThreadPoolExecutor.h 
(RegularFile, d040f054beceb37
d546c875fe53c7cec)
                        - 
SimpleAsyncIO.h 
(RegularFile, 0882dc5bb997f0f
85df3e44b2ab34bb4)
                        - 
test (Directory, 00cc87e79e3b
2017bc8db8a4b7d796a2)
                          - 
AsyncBaseTestLib.h 
(RegularFile, b6417622a4af321
c6d5357786020f89c)
                          - 
IoTestTempFileUtil.h 
(RegularFile, 8828437e983ee43
7f74442d5531ae3c8)
                      - 
observer (Directory, dc427275
f241f2cc14eeb66717880131)
                        - 
CoreCachedObserver.h 
(RegularFile, b00291acf1de20a
eb7e826abf9f38e61)
                        - 
detail (Directory, 2158bc00e5
ed3f5fdc0dfe5720bee56f)
                          - 
Core.h (RegularFile, edab70d3
2b79166ea90917f26e59cf65)
                          - 
GraphCycleDetector.h 
(RegularFile, b1b52d94af22ad1
5b24a4149476ceb11)
                          - 
ObserverManager.h 
(RegularFile, f65c289b35499aa
421ee57c9e2285cd2)
                        - 
HazptrObserver.h 
(RegularFile, 2dd8117b578c63b
d50957ff1d3b14612)
                        - 
Observable-inl.h 
(RegularFile, a227670a9629fab
7306e61dd2b0f50d6)
                        - 
Observable.h (RegularFile, a0
fc97a7a32993ffbbd2b10e9b7c94a
2)
                        - 
Observer-inl.h (RegularFile, 
5d7ea4243473b32e2d85a043b29c7
5e4)
                        - 
Observer-pre.h (RegularFile, 
14f074060ddf9fc2b7bc884b22e22
fe8)
                        - 
Observer.h (RegularFile, 4122
a3248b80326ddcb337ca1e8374e8)
                        - 
ReadMostlyTLObserver.h 
(RegularFile, 0dae415b6be6844
9c8f9b125c1a31059)
                        - 
SimpleObservable-inl.h 
(RegularFile, fc79e21a65ca9c8
65336dda14e6475e3)
                        - 
SimpleObservable.h 
(RegularFile, 90a39e9d0d3d4e7
29fd2341c240f74b6)
                        - 
WithJitter-inl.h 
(RegularFile, ad393f2ca8ffafc
bbc05138714ad2cda)
                        - 
WithJitter.h (RegularFile, 17
c68d1985cae5583a12639caa7f7b7
d)
                      - Relax
edConcurrentPriorityQueue.h 
(RegularFile, 37db14d2b047399
af171cde19aafb867)
                      - 
settings (Directory, 1551b889
9c06dd8598f80741c0bde8eb)
                        - 
detail (Directory, bf3fcf11c6
6c20ea804c6b1e81195c5b)
                          - 
SettingsImpl.h (RegularFile, 
0afebe3b888b42016e55ca933f71a
565)
                        - 
Immutables.h (RegularFile, e8
40409a25d1e1730a3cc3d613b0773
5)
                        - 
Settings.h (RegularFile, aecd
c8a3b7f13d45f5c6fdd7a15ff76e)
                        - 
Types.h (RegularFile, ded7370
60875282d2418e88088e40fcf)
                      - 
symbolizer (Directory, bb5797
6e0c15f353509cd01c89ec8f56)
                        - 
detail (Directory, cc42323baa
31e9f0e28fdd5be34983e3)
                          - 
Debug.h (RegularFile, f441991
072c85f0a04b7bcc5cb33ac21)
                        - 
Dwarf.h (RegularFile, 0eb2b8a
2fde14d6e51a4bc4f196fea97)
                        - 
DwarfImpl.h (RegularFile, 708
5aa2e2e011832dd8f6291c0a732fe
)
                        - 
DwarfLineNumberVM.h 
(RegularFile, 9e2d4adf624914e
99530115f26048497)
                        - 
DwarfSection.h (RegularFile, 
aacd9841c84cb3e3ef4afecb2b7d9
36f)
                        - 
DwarfUtil.h (RegularFile, acf
88c1649b049bf4346cd4408476587
)
                        - 
Elf-inl.h (RegularFile, 9e989
1eeb39dcee77013ed9f8d830e3c)
                        - 
Elf.h (RegularFile, 0cc24c101
e60937f85399cc10c12a180)
                        - 
ElfCache.h (RegularFile, ada5
5ee1ea35275da33756b99d8a811e)
                        - 
LineReader.h (RegularFile, fc
ffca1104578c3661e5db0be18d11d
8)
                        - 
SignalHandler.h 
(RegularFile, cb48fa451b13684
82a3de4adf2679e26)
                        - 
StackTrace.h (RegularFile, ff
241fd8300ad6b631c56c28e69131e
0)
                        - 
SymbolizedFrame.h 
(RegularFile, a7ce34154fa1efd
fae9ea2dce592ecef)
                        - 
SymbolizePrinter.h 
(RegularFile, 367718727a4ecef
c63f749df79f11a31)
                        - 
Symbolizer.h (RegularFile, 00
1899218f7d79dce5c614db5a82b11
1)
                      - test 
(Directory, d44ee9d3cf07ae61d
1390c6903c3bafa)
                        - 
CodingTestUtils.h 
(RegularFile, 847d6160405ebf7
5100565c6bcc87721)
                      - 
TestUtil.h (RegularFile, 0fa4
7e93a6244745f4a01c9583593aab)
                      - Threa
dedRepeatingFunctionRunner.h 
(RegularFile, d7f6ccb95d0f67a
83eaae1c4addf61eb)
                    - ext 
(Directory, 23cad3859cfd12c64
7a0e154510a6a3f)
                      - 
test_ext.h (RegularFile, 2fc6
4fc97bf1e9bdfb59c06af7066355)
                    - 
external (Directory, e3ae8536
06014598b3c8aadc9ef53ae9)
                      - aor 
(Directory, 297ea0088db25cb58
e353220489983b7)
                        - 
asmdefs.h (RegularFile, ce05d
4ccd9081ece2c1d15d37ff39961)
                      - 
farmhash (Directory, d80343aa
717515e738c5dedaf66d5f38)
                        - 
farmhash.h (RegularFile, 45cb
e4ae5c1294a85550319bb6b91921)
                      - 
fast-crc32 (Directory, 9dbda3
1d50ff3224a6731c5ca6001738)
                        - 
avx512_crc32c_v8s3x4.h 
(RegularFile, 3c78b682680cce4
d3998816e60c6fd56)
                        - 
neon_crc32c_v3s4x2e_v2.h 
(RegularFile, 0ea70db8bfa9f61
11549b42dced384a4)
                        - 
neon_eor3_crc32c_v8s2x4_s3.h 
(RegularFile, dd1dc126145e15f
398ad9f3cd0afe2e3)
                        - 
sse_crc32c_v8s3x3.h 
(RegularFile, 8ea4746738a3afa
6757de0cfc3dbcea2)
                      - 
nvidia (Directory, 2e12b40699
62c77b409e816249d5cd8f)
                        - 
hash (Directory, a6e43fa282e3
cf494419d589b72d73ab)
                          - 
detail (Directory, 2ea19b8673
81e421d7765095a8fb51e8)
                            
- Crc32cCombineDetail.h 
(RegularFile, 7124e237b83f831
4bf9f7d5b911cb050)
                    - 
FBString.h (RegularFile, d4f7
99f1d35e6b8153efc3d48cfe2c05)
                    - 
FBVector.h (RegularFile, 96da
c0054147215cd53bb4e9f2f83020)
                    - fibers 
(Directory, 6d0aac95c360b66ff
fec035ab5b2112a)
                      - 
AddTasks-inl.h (RegularFile, 
e61c5774bc2223a00b84ea1ecfdc0
df9)
                      - 
AddTasks.h (RegularFile, 3849
83ae697ccfb9794db36a0c977414)
                      - 
async (Directory, 23faf692d8f
fd8d755088576d6e8ac51)
                        - 
Async.h (RegularFile, 702f97d
e955a5c5495738deb137b5e3b)
                        - 
AsyncStack.h (RegularFile, 49
d5d28eca7d07b3460dfacc8165938
2)
                        - 
Baton.h (RegularFile, fe77aab
2a145098c115587de161c712f)
                        - 
Collect-inl.h (RegularFile, 4
20c99543699432f1618dda4c18a4e
2c)
                        - 
Collect.h (RegularFile, 3aab9
8513c79779d40b273def5699460)
                        - 
FiberManager.h (RegularFile, 
08f467c3a46c71a3f7648a970cb81
ea7)
                        - 
Future.h (RegularFile, ee7c72
b9ac10ef8a66bb9d93d9ae6590)
                        - 
Promise.h (RegularFile, 6d06f
a6a59c9b7a9dd02236ae9124769)
                        - 
Task.h (RegularFile, bece9f28
3115f2644552df6a939a1f05)
                        - 
WaitUtils.h (RegularFile, 0cb
086f6415d7e94ca4415cc2e7b603e
)
                      - 
AtomicBatchDispatcher-inl.h 
(RegularFile, eee6c9164d318de
25570d8c8109c415d)
                      - 
AtomicBatchDispatcher.h 
(RegularFile, ec2bea15417c1f2
efad0c257760b5ae8)
                      - 
BatchDispatcher.h 
(RegularFile, 092494847432783
8135d7d5f9ab8661e)
                      - 
BatchSemaphore.h 
(RegularFile, 2cd13b3cd79fef4
81568c7eba591df8d)
                      - 
Baton-inl.h (RegularFile, 397
1cf4d4076f54d0bc2339fa9744de0
)
                      - 
Baton.h (RegularFile, 9647c91
fe649fe2a24e6a58387e3f02a)
                      - 
BoostContextCompatibility.h 
(RegularFile, 8c5341e33450965
6f650c51db0d95a79)
                      - 
CallOnce.h (RegularFile, c160
d11d1c7172889e02e0a42dc89663)
                      - 
detail (Directory, 073e581666
5be62808e32b6e1858def9)
                        - 
AtomicBatchDispatcher.h 
(RegularFile, eca16326d3d3780
1c3f94a1f25dba336)
                      - Event
BaseLoopController-inl.h 
(RegularFile, aaf6886f4da42cd
2602c0e916de8efad)
                      - 
EventBaseLoopController.h 
(RegularFile, 0e2deed63caa081
62998ce351aa5fd79)
                      - Execu
torBasedLoopController.h 
(RegularFile, 91ebfe0a28b47e1
708c4f5596a2cc6c4)
                      - 
ExecutorLoopController-inl.h 
(RegularFile, 23d8ca077b3ac50
84d66bfead3e0123d)
                      - 
ExecutorLoopController.h 
(RegularFile, 3777bb088d4ae5e
6603559e194be33fc)
                      - 
Fiber-inl.h (RegularFile, d69
7b72baebe714e966da636884d9f1b
)
                      - 
Fiber.h (RegularFile, 76c8009
7c6e6fa7a35cd90cda615bd74)
                      - 
FiberManager-inl.h 
(RegularFile, 7b2a35ef58b2acc
191082e4538b7bd26)
                      - 
FiberManager.h (RegularFile, 
e8732a098403533fae68cc02f12e8
f43)
                      - 
FiberManagerInternal-inl.h 
(RegularFile, b3b83fe71c7e85f
c476f8bf2f98c5cbc)
                      - 
FiberManagerInternal.h 
(RegularFile, b82cf39423527ee
9596096b8aaf5234f)
                      - 
FiberManagerMap-inl.h 
(RegularFile, 4bcefbb3f46ee1e
6199abd819e38ba91)
                      - 
FiberManagerMap.h 
(RegularFile, 800391d475964cb
da934bc873b87dff5)
                      - 
ForEach-inl.h (RegularFile, 8
4fef1af9b01899404d3a7965c1819
bf)
                      - 
ForEach.h (RegularFile, a1c3e
b61ec9eedda8c38d4ee70ca18ce)
                      - 
GenericBaton.h (RegularFile, 
8cdac441b8b2e7d127bf75831db7c
38e)
                      - 
GuardPageAllocator.h 
(RegularFile, f0a9b6c2bf7f0fc
26e3c4a64545c6249)
                      - 
LoopController.h 
(RegularFile, 1dc17b3883cbfee
b319eb1331b9a6318)
                      - 
Promise-inl.h (RegularFile, 8
2ed81400aed957646086932942e6d
be)
                      - 
Promise.h (RegularFile, 0e480
62410eeead036c9f45cfa23c462)
                      - 
Semaphore.h (RegularFile, b6b
12791984695140b14c3e99865ed08
)
                      - 
SemaphoreBase.h 
(RegularFile, ad18353c4b980e5
3ca0d57625b4e95fb)
                      - 
SimpleLoopController.h 
(RegularFile, a20f04c92a3542c
709cb73ca53ee81b6)
                      - 
TimedMutex-inl.h 
(RegularFile, 3a83de09dadb6f2
87bab11c1037c6aa6)
                      - 
TimedMutex.h (RegularFile, 41
e08456e709b3bd41e6157f6701b5a
c)
                      - 
traits.h (RegularFile, 54dc2e
91ef9cf3545f4741a04a7f935e)
                      - 
WhenN-inl.h (RegularFile, a30
839862877a4446855f4a07ad0b838
)
                      - 
WhenN.h (RegularFile, f30a1cd
79dd7886f2771fc857aaa2b2d)
                    - File.h 
(RegularFile, 9705df6955db183
f54c90ce4b25aa1d6)
                    - 
FileUtil.h (RegularFile, d191
4cc302be94a1a6349b36d59fc71b)
                    - 
Fingerprint.h (RegularFile, 3
7b203c413164691ff07bbde3ad58c
98)
                    - 
FixedString.h (RegularFile, a
5e487042a8d29aa0c054906dd4555
c4)
                    - 
FollyMemcpy.h (RegularFile, c
867bc0513e382467cdd29d4e00c2e
6e)
                    - 
FollyMemset.h (RegularFile, 6
afb769334c33ebc960a4939d46851
97)
                    - 
Format-inl.h (RegularFile, 75
744593534a7371f3c9e166c8306ae
1)
                    - 
Format.h (RegularFile, e7b99c
7f5d3e06b229030c12524bb15c)
                    - 
FormatArg.h (RegularFile, 24d
bfb8b617532e621962cb250415017
)
                    - 
FormatTraits.h (RegularFile, 
13d4a2ee6053aecac9d8a55c1c2f7
ee4)
                    - 
Function.h (RegularFile, 66fe
7c7912e9d89b79b3f85f24f1c639)
                    - 
functional (Directory, f4707f
f8d0c51e0723c765bfcf948d58)
                      - 
ApplyTuple.h (RegularFile, fc
3add12e516218d7bdeb87b30cee48
e)
                      - 
Invoke.h (RegularFile, e66ec6
0ef16d5a7d6e308cde36fb741d)
                      - 
Partial.h (RegularFile, 86225
7830058dca95e1fae1a1d342370)
                      - 
protocol.h (RegularFile, 6b9d
1cf5d34301abe888c81fe3613d58)
                      - 
traits.h (RegularFile, dcf81d
b3b73da7aa2ac8b674ca69e4d8)
                    - 
futures (Directory, 0e34752f8
2947cc61b3c56d7cf79509f)
                      - 
Barrier.h (RegularFile, cfb0c
fb8a1220c864d2025e1940a57cb)
                      - 
Cleanup.h (RegularFile, e4473
1a2e648866cafbe3c898a3e3f68)
                      - 
detail (Directory, 7973190215
9a6445b2b79baecfd274b2)
                        - 
Core.h (RegularFile, b196e414
b68750f600ff912f3a9658cc)
                        - 
Types.h (RegularFile, 9ec1ba1
36b4744c85d5aa180208748d0)
                      - 
Future-inl.h (RegularFile, 5f
3bb0a57af233fd147cff7a7638da1
3)
                      - 
Future-pre.h (RegularFile, 8e
0e3a67ed32c7b3a20439bcd0f90d9
c)
                      - 
Future.h (RegularFile, cc4606
613b3ebbbce569992ce189a88b)
                      - 
FutureSplitter.h 
(RegularFile, b7454f76f56da41
5c548f8972b87e0c8)
                      - 
HeapTimekeeper.h 
(RegularFile, f5812cdbd4e4073
8a1935c69f4ec616a)
                      - 
ManualTimekeeper.h 
(RegularFile, 7394523c9f284fa
8fe92435ff0457faa)
                      - 
Portability.h (RegularFile, 3
6dbdc251ee7b777f761a6a2b71e3a
12)
                      - 
Promise-inl.h (RegularFile, f
86fd5544884903af7115298b63353
c8)
                      - 
Promise.h (RegularFile, 4898c
b3a1041b32daceddd48c286b99f)
                      - 
Retrying.h (RegularFile, c149
8943bd8c6f537afc3f043266f030)
                      - 
SharedPromise-inl.h 
(RegularFile, ef0d3cf43ae1e0d
6c780d5483bf58a2c)
                      - 
SharedPromise.h 
(RegularFile, ad798db21b191a1
cd14f2cea5dd75782)
                      - test 
(Directory, 71f1443b53fe99708
65ddb2be3c016c2)
                        - 
TestExecutor.h (RegularFile, 
5c8fee0809b1a1cd8779ab156ef9d
56c)
                        - 
ThenCompileTest.h 
(RegularFile, b83715cb8027c50
e5757edeae3c7dcfc)
                        - 
TimekeeperTestLib.h 
(RegularFile, 448219da81fccaf
11d3804f6da520018)
                      - 
ThreadWheelTimekeeper.h 
(RegularFile, 07723a74cd3255b
66711b9815fdada48)
                      - 
WTCallback.h (RegularFile, 2d
847e194464cf4fd8175a55f5bea6b
1)
                    - gen 
(Directory, b5cbaadcf2624206e
06d8b9ee6786120)
                      - 
Base-inl.h (RegularFile, bc29
96a90240ed58973b1735737b09c6)
                      - 
Base.h (RegularFile, f94b5525
3cf8cf499a4df9e4e29f23b8)
                      - 
Combine-inl.h (RegularFile, 5
70b1e051eb08a374002adf7da353b
55)
                      - 
Combine.h (RegularFile, 3acda
b977b3999750851ce0beb48bbb4)
                      - 
Core-inl.h (RegularFile, 28f8
e7e2a19ebcfd3719def63abb2174)
                      - 
Core.h (RegularFile, 1a1e9b77
4ed1b3bd1af7590ae4f494cf)
                      - 
File-inl.h (RegularFile, 1e42
3fd0bb9bf17adfa75a66aa99ea5b)
                      - 
File.h (RegularFile, 0729c1a3
896d1b0c4f5cd0b561f63dae)
                      - 
IStream.h (RegularFile, 8b82a
cdb5d69812b09d04eefd4e7bf67)
                      - 
Parallel-inl.h (RegularFile, 
32c3af5fae8128f7afafb533106ec
b7a)
                      - 
Parallel.h (RegularFile, a5e7
c45d73ba4de051c574ee571cd1bd)
                      - 
ParallelMap-inl.h 
(RegularFile, 68f43381c674514
a46ccd8c092366c57)
                      - 
ParallelMap.h (RegularFile, 1
1f150d2660dd1f93f53b80babb477
83)
                      - 
String-inl.h (RegularFile, e3
d125d44edc249234369637ec08772
8)
                      - 
String.h (RegularFile, 4e0f8d
a420e1784efce89d05e7166771)
                      - test 
(Directory, e450f852b9a434e0c
894390a30265870)
                        - 
Bench.h (RegularFile, e33da54
380e2c22897c9086b8331fa65)
                    - GLog.h 
(RegularFile, 465044206385ccd
773e73cd9ab7b6874)
                    - 
GroupVarint.h (RegularFile, 0
8817875583b8c64f49364f8091385
ee)
                    - hash 
(Directory, f590f43dd7cb9f277
c3ddfbfb03661d0)
                      - 
Checksum.h (RegularFile, 4ae0
787254ac5225a2128391249554b7)
                      - 
detail (Directory, 33f3f986b6
73a941f8ccc9504bb0bb23)
                        - 
ChecksumDetail.h 
(RegularFile, 3ba4e68af330bf3
5481e7b96217b1e36)
                      - 
FarmHash.h (RegularFile, f43e
eca9a3f6b68dbf59cd686314d236)
                      - 
Hash.h (RegularFile, 6b92473e
870b9c2ae336982e437d0138)
                      - 
MurmurHash.h (RegularFile, b4
fac1c22949a6535aa3b5a4ceda532
8)
                      - 
SpookyHashV1.h (RegularFile, 
c727748a9504861b8ee593615933b
6fa)
                      - 
SpookyHashV2.h (RegularFile, 
3ad465e4c63d553cc90e23a94edba
5d3)
                      - 
traits.h (RegularFile, 848958
039f61b2e9612746d3420381a0)
                    - Hash.h 
(RegularFile, a9116bdc755c64e
9c023499b59a2cd48)
                    - 
Indestructible.h 
(RegularFile, bad39ac939702ef
02310d116810ab9d8)
                    - 
IndexedMemPool.h 
(RegularFile, 589b45c3f50fd3a
601999ab07b00a68f)
                    - init 
(Directory, da5746da71d993ba9
f805f47111dfc30)
                      - 
Init.h (RegularFile, 2435f8f6
89a9f73105c0deeb0eef941f)
                      - 
Phase.h (RegularFile, 3aa4f84
df439ee67a1ed234291aed3f2)
                    - 
IntrusiveList.h 
(RegularFile, 4e969a6264d1d1a
84fe667ba66a7ccf9)
                    - io 
(Directory, b0275b79dc2328b71
0caa0e7f9427bf0)
                      - 
async (Directory, 6aaae4255db
67386314b8048fe757b5d)
                        - 
AsyncBase.h (RegularFile, 5ee
269404ee9f4d0195d222a84b15944
)
                        - 
AsyncIO.h (RegularFile, 98a1c
1a43540bc93df9df2421e5362c2)
                        - 
AsyncIoUringSocket.h 
(RegularFile, cec7440b43a96eb
1ef9b86223506f8fb)
                        - 
AsyncIoUringSocketFactory.h 
(RegularFile, bed5b4dedd9bb83
9beefef071cb0a16f)
                        - 
AsyncPipe.h (RegularFile, dc9
5928d28b24fe67a6c18d74f988d74
)
                        - 
AsyncServerSocket.h 
(RegularFile, 40786161c9f405f
7d47122b764c78065)
                        - 
AsyncSignalHandler.h 
(RegularFile, 6abab65fddc6c23
8bb6bfbf7f86a1bbb)
                        - 
AsyncSocket.h (RegularFile, f
5d7282fcf969d9a2f1c7d31268275
bc)
                        - 
AsyncSocketBase.h 
(RegularFile, 90608bf141542f4
71db202fbcadee690)
                        - 
AsyncSocketException.h 
(RegularFile, 58c3c274da0e0b7
316cdfde530e86750)
                        - 
AsyncSocketTransport.h 
(RegularFile, 15cddddf3864749
ade48c320630b45ed)
                        - 
AsyncSSLSocket.h 
(RegularFile, 4b0ea6440850c61
88e72e1d2b4fcb930)
                        - 
AsyncTimeout.h (RegularFile, 
1b28f3cba136bafd3705d52de32f9
7f7)
                        - 
AsyncTransport.h 
(RegularFile, e8bc62f71d06c4c
5b067d94948ef6c53)
                        - 
AsyncTransportCertificate.h 
(RegularFile, ad958e2bc474196
4aa9848d9dc1afd06)
                        - 
AsyncUDPServerSocket.h 
(RegularFile, 37af52be2bb7017
9e069e20b275b5608)
                        - 
AsyncUDPSocket.h 
(RegularFile, 4c75bdea8194b3e
3c48a0b14a58ae191)
                        - Ato
micNotificationQueue-inl.h 
(RegularFile, 6a3768dd2239964
0ce8e53074e32772e)
                        - 
AtomicNotificationQueue.h 
(RegularFile, 4c74ca8a49c6a7c
0b727bd960cec774c)
                        - Cer
tificateIdentityVerifier.h 
(RegularFile, 8ffcb6d80d59621
2b97218430d203ace)
                        - Dec
oratedAsyncTransportWrapper.h
 (RegularFile, 161a9148916eae
6c4f5f1bf660901351)
                        - 
DelayedDestruction.h 
(RegularFile, 79636b27c7418d7
2d800fbb6b96071ce)
                        - 
DelayedDestructionBase.h 
(RegularFile, ca0b2a619ea0ace
97af221708f4020d9)
                        - 
DestructorCheck.h 
(RegularFile, 06703099712534c
6994946980e5c76f6)
                        - 
Epoll.h (RegularFile, 82c94c7
83de0468a78788034680a91fc)
                        - 
EpollBackend.h (RegularFile, 
e3823013dd63b949324e12010a8be
20f)
                        - 
EventBase.h (RegularFile, f52
0ca82c66fa48b4d8407015d96dcfd
)
                        - Eve
ntBaseAtomicNotificationQueue
-inl.h (RegularFile, ff1e7800
01cfa89d79b9d49757e791a7)
                        - Eve
ntBaseAtomicNotificationQueue
.h (RegularFile, 3d94b717034e
3d592b6a8714ae61f698)
                        - 
EventBaseBackendBase.h 
(RegularFile, d549e91efcdc05b
838c65b78cfd8f2bf)
                        - 
EventBaseLocal.h 
(RegularFile, 810a0927ead19d3
ce5bc63e4d6991708)
                        - 
EventBaseManager.h 
(RegularFile, 0128fb3ae1250eb
c1e964a05adbfb5d7)
                        - 
EventBasePoller.h 
(RegularFile, ceda619c30f9aff
22d767d51b60b891b)
                        - 
EventBaseThread.h 
(RegularFile, b3ce3fb3490a0cf
3556b22d09bea8b78)
                        - 
EventHandler.h (RegularFile, 
9272b9002bb4a71732ff44bec854d
cca)
                        - 
EventUtil.h (RegularFile, deb
a29a1628e31461bdf2af5553a66d0
)
                        - 
fdsock (Directory, c01547770b
ffec382e4f8b3c589923ff)
                          - 
AsyncFdSocket.h 
(RegularFile, 87cea93af88890c
b157e5db8689993b2)
                          - 
SocketFds.h (RegularFile, 08b
d1cbf2ec52cd80c117a9d68b7b916
)
                        - 
HHWheelTimer-fwd.h 
(RegularFile, e7ea46327def327
fea63e07563d519dc)
                        - 
HHWheelTimer.h (RegularFile, 
57380a56b2292bb33ebae2b1ffd15
6b0)
                        - 
IoUring.h (RegularFile, 18f57
5df26889df0a4803931d0e35219)
                        - 
IoUringBackend.h 
(RegularFile, 92b770f0e46ba4c
c17c2f4ab7d21bd48)
                        - 
IoUringBase.h (RegularFile, 3
750c93ffc1e7b11d6ab7f0972c726
0f)
                        - 
IoUringEvent.h (RegularFile, 
4555eb3791861c11b0bb776d7112a
f35)
                        - 
IoUringEventBaseLocal.h 
(RegularFile, 560f83f27618d11
851f21ce507c9d888)
                        - 
IoUringProvidedBufferRing.h 
(RegularFile, eebe3695876c980
9bdc759eb2b7093a8)
                        - 
Liburing.h (RegularFile, caee
52eb28bccdb15d41dc3d45a78073)
                        - 
MuxIOThreadPoolExecutor.h 
(RegularFile, 630c12ea220f8bb
c315f9ce4cba7a73a)
                        - 
NotificationQueue.h 
(RegularFile, fbfeb2d58a577c4
73a31e8e5c3f23e9e)
                        - 
observer (Directory, f39127e7
588ac694180311ea1474d5f4)
                          - A
syncSocketObserverContainer.h
 (RegularFile, 9e418886692458
733ec92ce0be7a74b4)
                          - A
syncSocketObserverInterface.h
 (RegularFile, 8ce387534f46f7
15fa040ea47a762c81)
                        - 
PasswordInFile.h 
(RegularFile, d3dbd3f9d413781
baab3e295b9ea3ea7)
                        - 
Request.h (RegularFile, 4ed8e
71d050951d35443e063097f65a4)
                        - 
ScopedEventBaseThread.h 
(RegularFile, dedf213dba17eb8
15d8074cc232b2b9e)
                        - 
SimpleAsyncIO.h 
(RegularFile, d003172c3df005c
13c32039f08a281d9)
                        - 
ssl (Directory, 4d2bc4cfd7749
c976aa1a853ba9bd550)
                          - 
BasicTransportCertificate.h 
(RegularFile, bbee4a07a17efaa
96b5520522e60fbc1)
                          - O
penSSLTransportCertificate.h 
(RegularFile, d52187a395f6b95
fad39ea4e95b0e62c)
                          - 
OpenSSLUtils.h (RegularFile, 
e2c0b8a2dbeb675d8b87b412a0a52
6b3)
                          - 
SSLErrors.h (RegularFile, e6d
7a95c51a608cefb1a779180ccb626
)
                          - 
TLSDefinitions.h 
(RegularFile, 9390e2d9f6f8428
82b5b751cf22fce7b)
                        - 
SSLContext.h (RegularFile, 36
a22c62da79a03e268be0ca08464bf
8)
                        - 
SSLOptions.h (RegularFile, 2c
5f1deb9ed676f5098a61bc8291087
7)
                        - 
STTimerFDTimeoutManager.h 
(RegularFile, d270a4bfa88dd0e
8e485006e8a5b99f6)
                        - 
TerminateCancellationToken.h 
(RegularFile, 253d8291dc3c1c4
28d353b451f896134)
                        - 
test (Directory, 0dab077c0fa4
3811c66020eeec9abe41)
                          - 
AsyncBaseTestLib.h 
(RegularFile, f239c47fe933959
49257815ab5fa5a74)
                          - 
AsyncSignalHandlerTestLib.h 
(RegularFile, 2d80c604e826d39
8913a394c60d9bc69)
                          - 
AsyncSocketTest.h 
(RegularFile, 58e113842bd65f2
15c486c6d88ecdff1)
                          - 
AsyncSocketTest2.h 
(RegularFile, 9360ef4737957ef
c6de2282be696ce1b)
                          - 
AsyncSSLSocketTest.h 
(RegularFile, 0f5642a230dd281
a51181198ec8e609b)
                          - 
BlockingSocket.h 
(RegularFile, 2e9ac088bb1b56e
237560e990e3e42df)
                          - 
CallbackStateEnum.h 
(RegularFile, 19dd2818bbca639
7ec831e65926fdb7f)
                          - 
ConnCallback.h (RegularFile, 
b16d2cc5b998d0e99f0f571260839
fc9)
                          - 
EventBaseTestLib.h 
(RegularFile, d37b26e365be817
db1909e1c7e9b3551)
                          - 
IoTestTempFileUtil.h 
(RegularFile, f96b69615829444
0a5116598a2a34f82)
                          - 
MockAsyncServerSocket.h 
(RegularFile, a3bb7ff4ec491ab
216bb58254a2ac297)
                          - 
MockAsyncSocket.h 
(RegularFile, 1770adf24381efa
fc0cec6ffa7cd4c11)
                          - M
ockAsyncSocketLegacyObserver.
h (RegularFile, 7e1c8ba27e5c6
448c0dc079b49645179)
                          - 
MockAsyncSocketObserver.h 
(RegularFile, d68a884cc425f64
c58e97d507b2f52ee)
                          - 
MockAsyncSSLSocket.h 
(RegularFile, 1db2b2224f599f2
0947bb37be1ec58de)
                          - 
MockAsyncTransport.h 
(RegularFile, d870c73fb688960
3c2a869e328a42d7a)
                          - 
MockAsyncUDPSocket.h 
(RegularFile, eaa9547d8860940
6f869727118aa5748)
                          - 
MockTimeoutManager.h 
(RegularFile, e390ba7b92ad727
9e0b1da309f99367c)
                          - 
RequestContextHelper.h 
(RegularFile, 28ed0ced3223c1d
5401294737854e4aa)
                          - 
ScopedBoundPort.h 
(RegularFile, 9bd624f4aa9fd33
0389872661820a01e)
                          - 
SocketPair.h (RegularFile, 77
1a0b1c9766a2ad7cb87a17582654d
a)
                          - 
SSLUtil.h (RegularFile, 5a910
e129365a36a688ca69d1a5a5928)
                          - 
TestSSLServer.h 
(RegularFile, ebf73a363f766aa
3d5177664fe7fc222)
                          - 
TFOUtil.h (RegularFile, 1946f
882bfc44898d33bb192cb1f1b76)
                          - 
TimeUtil.h (RegularFile, 60e0
73f868c42d03a1591247d32466e8)
                          - 
UndelayedDestruction.h 
(RegularFile, 08d8557d944089f
55cd32974a72b5e10)
                          - 
Util.h (RegularFile, ce9b080f
4e9c691acf19958c5811cd82)
                          - 
ZeroCopy.h (RegularFile, 3ab5
dd4bb326172f20723ebba4bfcd74)
                        - 
TimeoutManager.h 
(RegularFile, aa9e97ad585bbaa
a07ca121fa720ac15)
                        - 
TimerFD.h (RegularFile, a1e28
256cf7998d4a830742bafa6b367)
                        - 
TimerFDTimeoutManager.h 
(RegularFile, a9b6a53b271bcf3
8b7866d9fec71126b)
                        - 
VirtualEventBase.h 
(RegularFile, 28225c3a5dfe651
0be39410108a63b40)
                        - Wri
teChainAsyncTransportWrapper.
h (RegularFile, 34a49722ad4b3
a436369fa4e88369519)
                        - 
WriteFlags.h (RegularFile, 87
b5b15164253b98789f01026da4b5e
c)
                      - coro 
(Directory, 40dfc576a81511009
d58c5d3bf6895cb)
                        - 
ServerSocket.h (RegularFile, 
120b0de45f607a49317ce20de2d9b
39b)
                        - 
Transport.h (RegularFile, 644
4e120f7be485f87b5560d75cab8a2
)
                        - 
TransportCallbackBase.h 
(RegularFile, 9fbc6c5a7ed8c45
15cc7e4a8de70270f)
                        - 
TransportCallbacks.h 
(RegularFile, cfbe072c317c942
064a7f016a7e4d294)
                      - 
Cursor-inl.h (RegularFile, 26
a013d6cbc59e50ad585644b4735c9
c)
                      - 
Cursor.h (RegularFile, 044280
a3070d947147f74e522d4f1d66)
                      - 
FsUtil.h (RegularFile, 8e1698
f686e5422733d5e6af8860e781)
                      - 
GlobalShutdownSocketSet.h 
(RegularFile, c7418965b85122d
00db7bad214d5f379)
                      - 
HugePages.h (RegularFile, d3b
6b7f6553d198ad947a612a532f633
)
                      - 
IOBuf.h (RegularFile, da7ad96
a137d3b92fceb8f877ffc3750)
                      - 
IOBufIovecBuilder.h 
(RegularFile, 1165a30d0ded3d2
32e4840cf70a4cfb5)
                      - 
IOBufQueue.h (RegularFile, d9
5c06f20a2b40e031e95d8ccc1483b
b)
                      - 
RecordIO-inl.h (RegularFile, 
2cda223e048f3c7d661291a8b2a7f
cb3)
                      - 
RecordIO.h (RegularFile, fb3f
9923082a420de427f0d955e1e061)
                      - 
ShutdownSocketSet.h 
(RegularFile, d08b5adbf5a99ef
a0ade87f030b4c0c6)
                      - 
SocketOptionMap.h 
(RegularFile, 14a806d18324906
769e62d1c674999a4)
                      - 
SocketOptionValue.h 
(RegularFile, 1d063522ca44434
8195c04b467fa8e3e)
                      - 
TypedIOBuf.h (RegularFile, 7c
1fb5d03eea82e2037c757f2b23edb
1)
                    - 
IPAddress.h (RegularFile, 5e4
e70a7dca768d6a7b1593d52db674e
)
                    - 
IPAddressException.h 
(RegularFile, daeb4b90abcf635
4118b5c3dc55d2ed3)
                    - 
IPAddressV4.h (RegularFile, e
7d7a6f12129678f545824accbe676
12)
                    - 
IPAddressV6.h (RegularFile, c
18504436d9aea1a0f3722e4f26125
e3)
                    - json 
(Directory, b010c77ca74498d7b
a24341b52cad4e3)
                      - bser 
(Directory, bb7d099b73ab5e706
369473d5ad28a10)
                        - 
Bser.h (RegularFile, 08fe5206
cce2173d871bd59b92f17638)
                      - 
dynamic-inl.h (RegularFile, e
c51c67f9be537c9beb7783ca8b284
0c)
                      - 
dynamic.h (RegularFile, 2db1c
0b4901eb550a85a0f706653a4d2)
                      - 
DynamicConverter.h 
(RegularFile, c58eb0006c80155
43b66552433aae0e6)
                      - 
DynamicParser-inl.h 
(RegularFile, 990f457008adce3
6c239882ded6c7c9e)
                      - 
DynamicParser.h 
(RegularFile, fb497d4a8252e15
5f3542a9a2f4f4411)
                      - 
json.h (RegularFile, f66f6094
63793ae251aae3c1fe134fc4)
                      - 
json_patch.h (RegularFile, 6f
9ad517e46b8e77939cdfbb3e7721d
0)
                      - 
json_pointer.h (RegularFile, 
737eeb0208f8d0d32e1b457468aa2
4fc)
                      - 
JsonMockUtil.h (RegularFile, 
b1ef5be57920e1ae95403c0b42e4b
bc4)
                      - 
JSONSchema.h (RegularFile, ad
5f4532c09f5067ba80053271f391e
4)
                      - 
JsonTestUtil.h (RegularFile, 
fee517586bd8062c21c24b7c36666
281)
                    - json.h 
(RegularFile, 0f34d433c079e80
bc89012d0b6882a71)
                    - 
json_patch.h (RegularFile, 75
61ed27d949cd52213915ea78cbb5e
f)
                    - 
json_pointer.h (RegularFile, 
12861f4e346c6c836d42f98d2c1e4
6a3)
                    - lang 
(Directory, 61967892a7813a441
9c63c5a512a40ce)
                      - 
Access.h (RegularFile, b783d1
75a95837877ce71bcbd9884ef3)
                      - 
Align.h (RegularFile, 1de2529
ec6069fb80f45e214ba471cd1)
                      - 
Aligned.h (RegularFile, 4ed93
11a290c2096e1c12036ccea8f30)
                      - 
Assume.h (RegularFile, 7116ba
8ba2f244ae52e36019971a8ed8)
                      - 
Badge.h (RegularFile, c806daf
5d0ddddfc8040902937a8ee97)
                      - 
Bits.h (RegularFile, 25236295
b8a727f2ec6d59330d88b173)
                      - 
BitsClass.h (RegularFile, 642
e7ef3104224853286ca6545e2434e
)
                      - 
Builtin.h (RegularFile, a8062
31b5aed74b8e5f99e367a9a917d)
                      - 
CArray.h (RegularFile, 76047b
e11e5079016ef11b8d4892227f)
                      - 
Cast.h (RegularFile, cca3ee2d
4cea041003bb9903a142f3ea)
                      - 
CheckedMath.h (RegularFile, 8
d427514d2f9b0d90bfe576e69cc1d
ea)
                      - 
CString.h (RegularFile, 86c1a
1fa9aef32b8f23ca3f3ad22620f)
                      - 
CustomizationPoint.h 
(RegularFile, cf2930ea55fc6a3
1dfe875f24b1dc37a)
                      - 
Exception.h (RegularFile, 6ef
80bcac5a7181e76a61e6f9a5aa0a5
)
                      - 
Extern.h (RegularFile, 120d1f
f5661d234ca75d6b0af2b4e588)
                      - 
Hint-inl.h (RegularFile, 72b6
ec18aad3a09d8c553682b61dbfb3)
                      - 
Hint.h (RegularFile, b19d64f0
76d5bef6640bf88c044c3d8c)
                      - 
Keep.h (RegularFile, 1e1e517f
3e3af5a4419aa42a93cb5350)
                      - 
New.h (RegularFile, 76ca9b0c8
3c7734a13948f85801dd1d8)
                      - 
Ordering.h (RegularFile, 24e1
ed4894cecde07ad398ba42147350)
                      - 
Pretty.h (RegularFile, b3daa6
597ebd1859956219673263dcd8)
                      - 
PropagateConst.h 
(RegularFile, f2463bbecb4ad7c
a567c4f83878fe486)
                      - 
RValueReferenceWrapper.h 
(RegularFile, 9044f92466a294b
7d4a7ac1f63f2b707)
                      - 
SafeAssert.h (RegularFile, 3f
bf354fd59e072d443c75283f041c5
8)
                      - 
StaticConst.h (RegularFile, e
cf19c04181a9a8dd68aab2ecd9846
f9)
                      - 
Thunk.h (RegularFile, 6bf1014
0ee5d05df913de537c233865c)
                      - 
ToAscii.h (RegularFile, 4b382
759be07e609a4bcb1100bd99213)
                      - 
TypeInfo.h (RegularFile, 65ce
bfebbf04832311cc3943f7faf657)
                      - 
UncaughtExceptions.h 
(RegularFile, baf7b1a3de6724f
32ccccdfee48624aa)
                    - Lazy.h 
(RegularFile, 7c8994706e63bd7
75bc8a0f830a97772)
                    - 
Likely.h (RegularFile, 5487cc
e84e46b12ecd35f55c15754962)
                    - 
logging (Directory, b52f4ccee
226f9799515c7ed3672a568)
                      - 
AsyncFileWriter.h 
(RegularFile, 9cb700bc0e6805a
6c45e101836085522)
                      - 
AsyncLogWriter.h 
(RegularFile, cbc2057c56836bd
0c3f3443887ffa586)
                      - 
AutoTimer.h (RegularFile, b35
cdf97817bfc7bde1e9fd3453f50ac
)
                      - 
BridgeFromGoogleLogging.h 
(RegularFile, 20075b504745a49
caed16a80f309ba3b)
                      - 
CustomLogFormatter.h 
(RegularFile, 7d9f8dec60fc12e
4351f42b7ce633384)
                      - 
example (Directory, 1a46dffb1
d7ecb226b3ad4d56d2c9ef6)
                        - 
lib.h (RegularFile, b2c7e7880
81a34fd8aa46a3d2c0c3fe5)
                      - 
FileHandlerFactory.h 
(RegularFile, 6981092654ec07b
4f454e3df3861fed7)
                      - 
FileWriterFactory.h 
(RegularFile, 097508690e4ce2e
74b7056309da8291a)
                      - 
GlogStyleFormatter.h 
(RegularFile, c05356d8719f818
cce2384b971a27500)
                      - 
ImmediateFileWriter.h 
(RegularFile, 714cabe5a3b9cea
97ebcd88c6b1cbac0)
                      - 
Init.h (RegularFile, 63e0e1ac
8421109a6028c28f7ba67e37)
                      - 
LogCategory.h (RegularFile, b
9d4106f30cae599d07b352c490d6d
27)
                      - 
LogCategoryConfig.h 
(RegularFile, 95f44d3cb6293ec
7662e9cc5efef5098)
                      - 
LogConfig.h (RegularFile, cc1
24ec7db84d9139ad5c1e521b3139a
)
                      - 
LogConfigParser.h 
(RegularFile, 2555afd8649c60d
c24802f97fd675ba1)
                      - 
LogFormatter.h (RegularFile, 
ca9516ecea3de5f786eececdf401b
cc0)
                      - 
Logger.h (RegularFile, c8e557
78b129eb8f3601574fe8cc2ec6)
                      - 
LoggerDB.h (RegularFile, 3d9a
6d0e89fa09db12cf4ce5c95bf686)
                      - 
LogHandler.h (RegularFile, 36
b681940c390bfc80dc9a0b709bd47
e)
                      - 
LogHandlerConfig.h 
(RegularFile, a49376a7934eaec
01f28f7ec1d078b11)
                      - 
LogHandlerFactory.h 
(RegularFile, 879e82b89f757e4
25fe89c50131a9c7e)
                      - 
LogLevel.h (RegularFile, 6de4
37e96065496ebc91483fcad39342)
                      - 
LogMessage.h (RegularFile, 14
664eb22058ca3f8e797b27744710a
c)
                      - 
LogName.h (RegularFile, c0003
32e8aeaa9e975e6773fed927c33)
                      - 
LogStream.h (RegularFile, 656
253ce37de00300536a717220239af
)
                      - 
LogStreamProcessor.h 
(RegularFile, cb011a74ccbca01
83d4d253e119412b1)
                      - 
LogWriter.h (RegularFile, 3c4
43ac86274dfb991bb0872e3f54279
)
                      - 
ObjectToString.h 
(RegularFile, 9c5cd79b594ccfc
70c5b54818e6c5be4)
                      - 
RateLimiter.h (RegularFile, c
f3b1486c636fce69718b4304bac49
04)
                      - 
StandardLogHandler.h 
(RegularFile, a1a1d3728380fe2
8e2e492ed7650e552)
                      - 
StandardLogHandlerFactory.h 
(RegularFile, 27211d35247bfa5
d5d6612fd18b5cb94)
                      - 
StreamHandlerFactory.h 
(RegularFile, 305d8cd4985a788
83ef25e33eddd4ea1)
                      - test 
(Directory, 8538986e1d0b38aa2
d67a32f352850c5)
                        - 
ConfigHelpers.h 
(RegularFile, fb3aaf1cacefc34
d48546f12a3f40c33)
                        - 
helpers (Directory, d4745b441
8999b1e6b017a4410759e42)
                          - 
helpers.h (RegularFile, 40f44
f512451229b5e10c2860bb72577)
                          - 
LogOnShutdownLib.h 
(RegularFile, 0d6ac96fae36820
d733739a381a724e7)
                        - 
TestLogHandler.h 
(RegularFile, 4c2066a39277496
22daca34f7f90fb25)
                        - 
XlogHeader1.h (RegularFile, 7
91a98310c18aba387ecfdf00fceed
2e)
                        - 
XlogHeader2.h (RegularFile, 1
5996cfa2f7e1a6df0e5323f7a078b
bc)
                      - 
xlog.h (RegularFile, d60b0d3b
5bed853a8292b68c6b678cb6)
                    - 
MacAddress.h (RegularFile, 7a
fd06f73a8a7e8f5e258d5f80d5b4e
f)
                    - 
MapUtil.h (RegularFile, e182a
91ec93af1a929fc424124f9d15e)
                    - Math.h 
(RegularFile, 44430366ba7651a
5cb69cf23af757b98)
                    - 
MaybeManagedPtr.h 
(RegularFile, e08ea4a0231fc7c
572861c00ea90e920)
                    - memory 
(Directory, ac14df1d9c47d7a23
55e32ae9241974f)
                      - 
Arena-inl.h (RegularFile, ad1
bcfe589b2805797c8b6f99bbc1e52
)
                      - 
Arena.h (RegularFile, 943eedb
657e26f8a2e9ea0159f2d5eea)
                      - 
detail (Directory, 1b0d767578
6718c2f7ef66df97707d21)
                        - 
MallocImpl.h (RegularFile, eb
bff6e9e3332749c009b4aa89a34ae
c)
                      - 
JemallocHugePageAllocator.h 
(RegularFile, 3669c889c4a830e
c165562d46ffa15a6)
                      - 
JemallocNodumpAllocator.h 
(RegularFile, d3a3a38b83cc2ee
8e34758d91331e7bf)
                      - 
MallctlHelper.h 
(RegularFile, 60a7c1db23bd248
98de7bd13aab72a0e)
                      - 
Malloc.h (RegularFile, 70544a
a355c0dbe05c2f57df9b683699)
                      - 
MemoryResource.h 
(RegularFile, 2abeba69f26e743
c692c77c5662d45e7)
                      - 
not_null-inl.h (RegularFile, 
f895a1b0663ec31cc5059a1cc209c
251)
                      - 
not_null.h (RegularFile, 7247
6fbe77e7154c92080998a3dc2753)
                      - 
ReentrantAllocator.h 
(RegularFile, e5a8e4520e7ae98
4de39a9f2852f6afa)
                      - 
SanitizeAddress.h 
(RegularFile, 4a27a0281914057
33857d018d6222428)
                      - 
SanitizeLeak.h (RegularFile, 
31c71d0a058ee646ace226c5cf18d
1bc)
                      - 
ThreadCachedArena.h 
(RegularFile, 264b7cc7bd96eea
dd3702c7fcc02c69b)
                      - 
UninitializedMemoryHacks.h 
(RegularFile, 18e1e26a93899af
01395d115303bd69a)
                    - 
Memory.h (RegularFile, ceedaf
f7a3c09aaa826fe220bfea202f)
                    - 
MicroLock.h (RegularFile, a3b
c628885c1b38a0a31c6fde8f34d28
)
                    - 
MicroSpinLock.h 
(RegularFile, fd4ce446ac298e1
d7e4a0f4b11635e12)
                    - 
MoveWrapper.h (RegularFile, 6
da558d6585f6510be37f0979fc8c5
03)
                    - 
MPMCPipeline.h (RegularFile, 
a174e719a36319604e3952a50673e
a36)
                    - 
MPMCQueue.h (RegularFile, e1a
5a3253ce99e031c381db565e996b4
)
                    - net 
(Directory, 5a481f18da2959e53
c52da3cc4e9879c)
                      - 
detail (Directory, b212ff1ce5
2372a111437d7bb6092346)
                        - 
SocketFileDescriptorMap.h 
(RegularFile, 8f2a025574714c4
f86552a79c9a6e35e)
                      - 
NetOps.h (RegularFile, 7185bc
fdfdd52b288df390a16d72acac)
                      - 
NetOpsDispatcher.h 
(RegularFile, bae363944ef0b27
d5ccdf1e7da776c0a)
                      - 
NetworkSocket.h 
(RegularFile, cb36a57baf6f036
ad45abc7d03204e78)
                      - 
TcpInfo.h (RegularFile, 8c032
17078b07e6b65627425a40b12bd)
                      - 
TcpInfoDispatcher.h 
(RegularFile, 3977af56e0bb947
da534d6ebd7ba916a)
                      - 
TcpInfoTypes.h (RegularFile, 
39d8b2f296c877f154102e0249f4f
504)
                      - test 
(Directory, 9f0d61d29e97af6a7
5ad897758de060a)
                        - 
MockNetOpsDispatcher.h 
(RegularFile, 65e74ec2da4ab0d
13815fa4d225d94cc)
                        - 
MockTcpInfoDispatcher.h 
(RegularFile, 652d0d208b6609f
c9838d7f32c9fa1a8)
                        - 
TcpInfoTestUtil.h 
(RegularFile, 0386c4e80796eff
8bf4f8b7797c76763)
                    - 
observer (Directory, 3f385c03
3f84e4660d4837862b170e06)
                      - 
CoreCachedObserver.h 
(RegularFile, 62b0e322fd5a398
924bf016ed21fa4a2)
                      - 
detail (Directory, 8abe918267
eb6cc1b6b8c6f116a8bd60)
                        - 
Core.h (RegularFile, 37c1ca20
38463e3d8aedf749ed40a8f7)
                        - 
GraphCycleDetector.h 
(RegularFile, 72799c4a78df17e
2d74dd229843ffeb4)
                        - 
ObserverManager.h 
(RegularFile, 22d1d64bd797e39
5d332f569de4057fb)
                      - 
HazptrObserver.h 
(RegularFile, 76d8403b2bc6982
acc5fa4cee9172b96)
                      - 
Observable-inl.h 
(RegularFile, e60cf0d51e0fd58
91543aae6b56875a9)
                      - 
Observable.h (RegularFile, 13
648138ded3663bccfb94207c0afb4
f)
                      - 
Observer-inl.h (RegularFile, 
29f167db852e71a70a0af65208ec7
20e)
                      - 
Observer-pre.h (RegularFile, 
3c9c455d66fbbf6f06d6466a1af5c
048)
                      - 
Observer.h (RegularFile, 9f2f
6fccc3490e8362e52b63de7bbcae)
                      - 
ReadMostlyTLObserver.h 
(RegularFile, 5eaafc4bdf3e301
8797efa98c48c61b4)
                      - 
SimpleObservable-inl.h 
(RegularFile, 9148c003c148d5c
20751ac130fdbf3c8)
                      - 
SimpleObservable.h 
(RegularFile, 53c23c54711a6d8
15ef6816118838156)
                      - 
WithJitter-inl.h 
(RegularFile, bdcd582c1f7477e
5b7c853dda598f355)
                      - 
WithJitter.h (RegularFile, c9
e67c3648421d20c1aa3bc07a04a88
c)
                    - 
ObserverContainer.h 
(RegularFile, 6da346d3126e4fe
79afa39fafc491d96)
                    - 
Optional.h (RegularFile, 8142
a3cd30b06cffc52b0a32a3a761e8)
                    - 
Overload.h (RegularFile, 36ef
8aee16dd9a55b0522e06da16f788)
                    - 
PackedSyncPtr.h 
(RegularFile, f4c2a1386fcf3eb
460d2656614182e74)
                    - 
Padded.h (RegularFile, 18147d
c9982f5a0eb1a72e8e299c1717)
                    - poly 
(Directory, 6a26b07f1fdb81587
0412f0db9f3273a)
                      - 
Nullable.h (RegularFile, 9cdf
ea09a1c1399fe93af63391ef2807)
                      - 
Regular.h (RegularFile, eb258
350bcb131ac1ee72826fca81652)
                    - 
Poly-inl.h (RegularFile, 24a1
21b6fe6039bbbe3df1f4437c268a)
                    - Poly.h 
(RegularFile, 40e04731be833e6
313f4c6bd3710e02b)
                    - 
PolyException.h 
(RegularFile, d91c1ee8c4ccc5b
30e0dc5e02d7bb68d)
                    - 
portability (Directory, 6c222
03499dd0266db1f67de18748736)
                      - 
Asm.h (RegularFile, 33d88fa32
91614bee720a91a64415ffd)
                      - 
Atomic.h (RegularFile, 2365d3
e41b74a35b59decaa8ddc70a42)
                      - 
Builtins.h (RegularFile, ef4d
0c980a0b8f9a65bc307339ef73b3)
                      - 
Config.h (RegularFile, e2d8ee
b25e98abaafee0002458c0af12)
                      - 
Constexpr.h (RegularFile, 25b
8606fc17935e80df156c500d1f3fb
)
                      - 
Dirent.h (RegularFile, d67395
819cf638d0c9236b7b67cddf92)
                      - 
Event.h (RegularFile, 4ea139e
2bcf14cc8b7fe9ea6b52f43b1)
                      - 
Fcntl.h (RegularFile, 57176a6
38ecb99c740624b40d169153d)
                      - 
Filesystem.h (RegularFile, 21
94be8f8f79dd8d72f34b1b34b58a8
0)
                      - 
FmtCompile.h (RegularFile, bb
2ff257ff58d704286ad3ee50357df
b)
                      - 
GFlags.h (RegularFile, d326ba
a9fb598defb939f309f7f56f4b)
                      - 
GMock.h (RegularFile, 20ab3b1
445261bc796b9e2427bfa90fe)
                      - 
GTest.h (RegularFile, 2c85ff8
8c9369b7e66784b185b2a359b)
                      - 
IOVec.h (RegularFile, bad0060
e4e13206ef454a3b8be36359f)
                      - 
Libgen.h (RegularFile, cf2d28
cac0726c6a592a7254573e3a51)
                      - 
Libunwind.h (RegularFile, 531
1686a872f1e6a219840b2a53c3625
)
                      - 
Malloc.h (RegularFile, 3341df
e9e5ad898bd471fb3588091289)
                      - 
Math.h (RegularFile, c62f23ee
096d05eadc2ba34c37cd778c)
                      - 
Memory.h (RegularFile, 01d04f
f21b567616cd719f067c0c6373)
                      - 
openat2.h (RegularFile, b65d4
a94db19f82904ec63e30c952546)
                      - 
OpenSSL.h (RegularFile, 97b63
6845df5ae4ac16cd8416de06056)
                      - 
PThread.h (RegularFile, f52ab
3ff24cbaea97d35561920fcd5f2)
                      - 
Sched.h (RegularFile, e60fd81
acf34d539d3bf73e3e7e4b2c3)
                      - 
Sockets.h (RegularFile, 729bc
3b308978c8d9f73100e33a384c1)
                      - 
SourceLocation.h 
(RegularFile, 050b6dd730c3392
688c46afe1b39266e)
                      - 
Stdio.h (RegularFile, 41a5653
d63748bbbc8faaea606535106)
                      - 
Stdlib.h (RegularFile, 832466
924c240dab9f85e5dceedb7de2)
                      - 
String.h (RegularFile, d86f95
77fedb8882a0c024fe2972667e)
                      - 
SysFile.h (RegularFile, 08f7b
3e98d6108d197198ffbbc59baf6)
                      - 
Syslog.h (RegularFile, 4f0ad8
83fcd020b9085a3c0fa10c8651)
                      - 
SysMembarrier.h 
(RegularFile, b8c2b6b1bbe1928
dcca4e875b18d561a)
                      - 
SysMman.h (RegularFile, a2a85
e4d28d992ceb3a5649d8892abe0)
                      - 
SysResource.h (RegularFile, b
86c6dba3514fb6f7954d95b372bd6
f4)
                      - 
SysStat.h (RegularFile, 723e9
dc090ffe9c4acea432c654edaee)
                      - 
SysSyscall.h (RegularFile, ed
6c8fbcaffbc2e49af005e3031ba24
0)
                      - 
SysTime.h (RegularFile, c7aad
79d1704ddf4dc322a613a4872c0)
                      - 
SysTypes.h (RegularFile, 85bf
02ff0570eca83fba974b5d6005bb)
                      - 
SysUio.h (RegularFile, 8aa933
38a50d056d778f756e3067c713)
                      - 
Time.h (RegularFile, 8a9e1bc8
fc91fb8c571c6d33bdd75a35)
                      - 
Unistd.h (RegularFile, f9aaf0
1ec0ca1ca23b0503f0880ff819)
                      - 
Windows.h (RegularFile, d9d03
7edb9185e23be09789eceaa078e)
                    - 
Portability.h (RegularFile, 7
7da0d80f8bba2bdd97bb70e96b025
91)
                    - 
Preprocessor.h (RegularFile, 
836bb34560ec986f5060fed51678e
5c4)
                    - 
ProducerConsumerQueue.h 
(RegularFile, ea255fce3f84c7d
fe7740c390369fc4b)
                    - python 
(Directory, 1a1a04afcdab2626c
e91aefe3d86bb14)
                      - 
async_generator.h 
(RegularFile, f55e838bd2c4cce
5fdcb6315b7df780c)
                      - 
AsyncioExecutor.h 
(RegularFile, 96c11c8083130e6
3367fb66970f42926)
                      - 
coro.h (RegularFile, 9fbb63a2
4b77a5a97a299aeb9ad411e9)
                      - 
error.h (RegularFile, d89b664
df0774a408ecd69b6c223c69a)
                      - 
executor.h (RegularFile, d76a
1164c43973e0f544e5e9c2d765f7)
                      - 
fibers.h (RegularFile, 3d5fb8
6f0d114d2d6d4ead358d8f9960)
                      - 
futures.h (RegularFile, 0e3da
6c78989b76cbb2be0996a1fa8f5)
                      - 
GILAwareManualExecutor.h 
(RegularFile, 02e16037f092de0
6d916300d47dec635)
                      - 
import.h (RegularFile, 5a2889
9752443b40a08f0fbb44972fb6)
                      - 
iobuf.h (RegularFile, 8c09830
6f69613393fac36a186937c66)
                      - 
iobuf_ext.h (RegularFile, 0aa
cdece85923e3953fb32352ac6c7ab
)
                      - 
ProactorExecutor.h 
(RegularFile, ecb0f6277a70fc4
95fa0234afa77c24e)
                      - test 
(Directory, 60091233133ee8826
e92d28c45faa434)
                        - 
IOBufTestUtils.h 
(RegularFile, aabde6d782b11ba
f9fb5076e85b59752)
                        - 
simple.h (RegularFile, f54ab6
d639af3bd4c0dec4ec4c00bac3)
                        - 
simplecoro.h (RegularFile, 6e
3a04d2d10cc8062a6fd99fac09d1f
0)
                        - 
simplegenerator.h 
(RegularFile, 2629a332a1ad950
5cc93bff1480b18f0)
                        - 
test_set_executor.h 
(RegularFile, 33789111e8d4c12
029faca278b66961f)
                    - 
Random-inl.h (RegularFile, 3d
6029f6b8e6c5ff73b08e12a952d7a
2)
                    - 
Random.h (RegularFile, c2779f
3d12454b3a73dcc0bf776f71af)
                    - 
Range.h (RegularFile, 0637923
35d5fbd063aad38a1d5482d5b)
                    - 
Replaceable.h (RegularFile, d
4b51a56d5112f329150aaf7af304d
6e)
                    - 
RWSpinLock.h (RegularFile, 08
2995684dc58e4e0365824b24c3470
5)
                    - 
ScopeGuard.h (RegularFile, 70
260a9c3cdde2cad889c3ab53d7a1c
7)
                    - 
settings (Directory, 1206f174
c484e58a8f3e0bf7c3c306ea)
                      - 
detail (Directory, 270f340bcd
a49b4d6daef28f604264b3)
                        - 
SettingsImpl.h (RegularFile, 
926b5ddfa3ada67e90e1534206988
169)
                      - 
Immutables.h (RegularFile, ce
4bcf9ae4369a87752c431413eeca4
b)
                      - 
Settings.h (RegularFile, 5044
7c78b504d455e4786619d223f9c4)
                      - test 
(Directory, 09661c57ffda66c28
f59f39d0985508a)
                        - 
a.h (RegularFile, e8619a2f0c1
1924cdc397461bdda6b20)
                        - 
b.h (RegularFile, e557ed2e2bd
fb5d760b45d22e45da16e)
                      - 
Types.h (RegularFile, fd82937
7e9885b0893902c5123730ffe)
                    - 
SharedMutex.h (RegularFile, b
130cbcc1bc8276608da939144af23
6e)
                    - 
Singleton-inl.h 
(RegularFile, cdb8dd4eb66a831
cfeb658e86eadff93)
                    - 
Singleton.h (RegularFile, 0e9
ddf82bbec07ae7f83b8efaf507255
)
                    - 
SingletonThreadLocal.h 
(RegularFile, 2fa8a3af457a9f0
680c12fa1484eb904)
                    - 
small_vector.h (RegularFile, 
b0b94d83ed9da53dd7da45d064248
d6b)
                    - 
SocketAddress.h 
(RegularFile, 768d0e0f44a3bc2
59e9536c705a4c205)
                    - 
sorted_vector_types.h 
(RegularFile, f20bff4eb3f04ab
8082caa888c386906)
                    - 
SpinLock.h (RegularFile, 01a4
45185f2122d13db77b6d740384ba)
                    - ssl 
(Directory, 8291b8a9513c76e9f
1fbab629242ab4b)
                      - 
detail (Directory, 07eefc6a24
66af8f490e763c0d2b9f32)
                        - 
OpenSSLSession.h 
(RegularFile, 86230be56814792
e9dcdc1fa91544756)
                      - 
OpenSSLCertUtils.h 
(RegularFile, 756973814db9bd6
72a34e4dd96fc2f11)
                      - 
OpenSSLHash.h (RegularFile, e
c59768c9c1007d0f887a417b345a6
aa)
                      - 
OpenSSLKeyUtils.h 
(RegularFile, aa3bb4decabc927
c3878853238660d38)
                      - 
OpenSSLPtrTypes.h 
(RegularFile, c6ef6b2d5a15a3c
7d8ab2a8ee3caee2a)
                      - 
OpenSSLTicketHandler.h 
(RegularFile, 87bd8db34422a28
d33b4586568de9f68)
                      - 
OpenSSLVersionFinder.h 
(RegularFile, 072bdf7fd5e67aa
115bb5463e58a5a01)
                      - 
PasswordCollector.h 
(RegularFile, dd611e5320d790d
dcabffdf24bcceedc)
                      - 
SSLSession.h (RegularFile, 29
463f66a8f6c6354966a097172378b
8)
                      - 
SSLSessionManager.h 
(RegularFile, 184494c472cf213
23ec3784bc64ba48d)
                    - stats 
(Directory, 018cf9929b88cd955
1952dbdc130eb42)
                      - 
BucketedTimeSeries-inl.h 
(RegularFile, ce2e926572b82cd
b020d8cfdf9c1d9ec)
                      - 
BucketedTimeSeries.h 
(RegularFile, 7a8808b97df3b20
47cfb50c06ccb53e7)
                      - 
detail (Directory, 9bd439a1b8
dadcbaded19b3676a1f8a9)
                        - 
Bucket.h (RegularFile, 7b921a
9457a083ad4a5c5cd9d7fe06c6)
                        - 
BufferedStat-inl.h 
(RegularFile, 79eec16e7a1084a
8cf717c6d3a1068ef)
                        - 
BufferedStat.h (RegularFile, 
83771d6c2bf551cf1167e18a67ccd
f19)
                        - 
DoubleRadixSort.h 
(RegularFile, cc8c93d6e1b0ca4
b17951bec9a183095)
                        - 
SlidingWindow-inl.h 
(RegularFile, 9e84195dd2ffd48
63190db9ca4853131)
                        - 
SlidingWindow.h 
(RegularFile, 855075db95c5859
e263ec04dfc38a372)
                      - 
DigestBuilder-inl.h 
(RegularFile, c4279703e4ca551
4ea82857c0bae7119)
                      - 
DigestBuilder.h 
(RegularFile, 4769e9b7817705e
11fb112aaca9830ec)
                      - 
Histogram-inl.h 
(RegularFile, c09b5609fc904ca
aac9abe9c9ea902fa)
                      - 
Histogram.h (RegularFile, e4c
0b55f761c2443c7675d320e94f696
)
                      - 
MultiLevelTimeSeries-inl.h 
(RegularFile, 1fed774691497ec
b7eeb14c7faee0236)
                      - 
MultiLevelTimeSeries.h 
(RegularFile, 5fa6dd5d9d4801e
dc3cc0c057af52fa9)
                      - 
QuantileEstimator-inl.h 
(RegularFile, 2badcbb5aab832f
b635e0db0ae29b71d)
                      - 
QuantileEstimator.h 
(RegularFile, 976e9e8797ad432
d3501f922f3a7124a)
                      - 
QuantileHistogram-inl.h 
(RegularFile, 3a4c19344778d3b
7bc62c104da1bf15a)
                      - 
QuantileHistogram.h 
(RegularFile, 962a34c3be6be95
04e5ea98d381efcec)
                      - 
StreamingStats.h 
(RegularFile, f55a166d044aaf5
e7ed337df5734839a)
                      - 
TDigest.h (RegularFile, cfd92
d1c90e191f6f6b0397b23c7895e)
                      - 
TimeseriesHistogram-inl.h 
(RegularFile, 92222bf27cec526
b98ac24b2c7e4fcd1)
                      - 
TimeseriesHistogram.h 
(RegularFile, d3bb4e717827543
616a29792ad7308bd)
                    - 
stop_watch.h (RegularFile, df
1f8849a5a9752fa5443eda68f0fde
5)
                    - 
String-inl.h (RegularFile, ac
8c8a382203e0fa7fd6a6a2c5cd2fa
6)
                    - 
String.h (RegularFile, 1c631e
733f6cedba29fc4f0d7ee72428)
                    - 
Subprocess.h (RegularFile, 62
789ec2fa9b5f868970db42e7e54f0
3)
                    - 
support (Directory, 672b82ff4
64c6062ea338ceaaed52d0b)
                      - test 
(Directory, b450b3b3fb29ee952
1071dec55a1304e)
                        - 
GdbUtil.h (RegularFile, fff98
9a36d33fcf95581a5afd2ce9630)
                    - 
synchronization (Directory, 5
3a5af7aa714cbdd60e57220e17f13
06)
                      - 
AsymmetricThreadFence.h 
(RegularFile, 0247fbb855bba10
cd41e61453350509b)
                      - 
AtomicNotification-inl.h 
(RegularFile, ca61bfeff94998a
c02000f631ef58e4a)
                      - 
AtomicNotification.h 
(RegularFile, f2d562e9fc56efb
e55d7bd424d1074e7)
                      - 
AtomicRef.h (RegularFile, 02e
95b0e9f2d3b5d12825a5c94e3ce7e
)
                      - 
AtomicStruct.h (RegularFile, 
878627929b7969cdbf144b130ba88
2d8)
                      - 
AtomicUtil-inl.h 
(RegularFile, 1c6780266098ee7
1ce889cbade3c43a1)
                      - 
AtomicUtil.h (RegularFile, 0c
b0adf79623f67861af47c6b3673e6
6)
                      - 
Baton.h (RegularFile, ef4181d
4d13834767d7e4c2c2885ab19)
                      - 
CallOnce.h (RegularFile, 56a7
9b77fffe1ae693b5807f1fa873c7)
                      - 
DelayedInit.h (RegularFile, 4
18dc17ed92c7b5ca3e7c45b4635fe
04)
                      - 
detail (Directory, ad1efbc6e5
56d1aa0ea0b28b16be422a)
                        - 
AtomicUtils.h (RegularFile, 1
6e19df540c5dcc94cf55c426c9904
9e)
                        - 
Hardware.h (RegularFile, 00e9
3c9095019c3769918db2dc17694d)
                        - 
HazptrUtils.h (RegularFile, 5
bc9feb685cf95aad6ddc01a2afdf7
06)
                        - 
InlineFunctionRef.h 
(RegularFile, b632fdbc2218149
1cc3226aa721df66c)
                        - 
Sleeper.h (RegularFile, 2294d
be55c9205f4693b82e73010483d)
                        - 
Spin.h (RegularFile, 647be6f1
655d835777c59cb38ce0c684)
                        - 
ThreadCachedLists.h 
(RegularFile, 6417a184a21a29d
baff565527db0c6a8)
                        - 
ThreadCachedReaders.h 
(RegularFile, 11622e2b9b4511c
1e512c46f75cc8e5d)
                        - 
ThreadCachedTag.h 
(RegularFile, 7af0fd040abf53c
0218bd9d7d3bce9af)
                      - 
DistributedMutex-inl.h 
(RegularFile, 9df565de421f178
fb80ce854f9649d2f)
                      - 
DistributedMutex.h 
(RegularFile, 2522dad2dfc573e
d6fca92b6c48f03f1)
                      - 
EventCount.h (RegularFile, bb
7bab088560aaf13cbb19544219910
7)
                      - 
example (Directory, 40df64a42
9197c39c96610f72d410cd7)
                        - 
HazptrLockFreeLIFO.h 
(RegularFile, 7076a453ae69319
1749a036614af0eec)
                        - 
HazptrSWMRSet.h 
(RegularFile, da72a75961962a6
d117a7857887ad3f6)
                        - 
HazptrWideCAS.h 
(RegularFile, 9bb5198e282c220
0807554637a985a7d)
                      - 
FlatCombining.h 
(RegularFile, 6f5b77b3d0aa782
08bdddf95d3c64d72)
                      - 
Hazptr-fwd.h (RegularFile, e1
8d24640c04bc25fadd4c233c81af3
f)
                      - 
Hazptr.h (RegularFile, e84542
2073fa394b44dbf98e8ed1103b)
                      - 
HazptrDomain.h (RegularFile, 
feee59b90ebf57f2b20a455462a99
ce6)
                      - 
HazptrHolder.h (RegularFile, 
ea81b806605726dec8e6f83ff7132
6f1)
                      - 
HazptrObj.h (RegularFile, ff2
a933ac4d1289c00d66d4edccb0ba9
)
                      - 
HazptrObjLinked.h 
(RegularFile, 5181b611a02588c
fe46bbb6499842370)
                      - 
HazptrRec.h (RegularFile, 7b4
0e4042b749933f4d00774ee165215
)
                      - 
HazptrThreadPoolExecutor.h 
(RegularFile, ae205e03e65e7ad
d321d5ecc2aab7de1)
                      - 
HazptrThrLocal.h 
(RegularFile, d7993b5476e8807
31409679541aea492)
                      - 
Latch.h (RegularFile, 8fd75b4
7e9743a552e9100bb8a8cf276)
                      - 
LifoSem.h (RegularFile, 60e31
97c6331f6c6e5f8d9a779014fbd)
                      - 
Lock.h (RegularFile, 41147ad2
46edf1d04f3f62c4a73d8e25)
                      - 
MicroSpinLock.h 
(RegularFile, b770c2ae4d582b1
4dfb84eb98c2271fe)
                      - 
NativeSemaphore.h 
(RegularFile, 2ea9ab04c439d13
bbd731c49bc5fde3c)
                      - 
ParkingLot.h (RegularFile, fa
887bdf068d8cb890a2104e2b508d4
5)
                      - 
PicoSpinLock.h (RegularFile, 
4dcbc66fad9fb582628ea19a41ec9
069)
                      - 
Rcu.h (RegularFile, bb2476a4b
f5393e167f67e03543f6a9e)
                      - 
RelaxedAtomic.h 
(RegularFile, bd8177705285508
bb2a567908c0001b4)
                      - 
RWSpinLock.h (RegularFile, 05
83bd7ebf56751f31c1f9b582ef66b
f)
                      - 
SanitizeThread.h 
(RegularFile, c78065fe1aa7604
1845d5ca7c661d78b)
                      - 
SaturatingSemaphore.h 
(RegularFile, d31c50f5f6a3dcf
c7c82b86b24b0bb73)
                      - 
SmallLocks.h (RegularFile, 09
0080abf9ed08d65ee11c41f1ef822
e)
                      - test 
(Directory, 78c0be8f77b808e26
d903ce4d4583035)
                        - 
Barrier.h (RegularFile, 5f2b8
b322c38b95eb0fcb27254c8dcfe)
                        - 
BatonTestHelpers.h 
(RegularFile, 344950cd9740614
8d5e50445c7081971)
                        - 
FlatCombiningExamples.h 
(RegularFile, 06dbad997d26378
645194e4916ff4462)
                        - 
FlatCombiningTestHelpers.h 
(RegularFile, 62f958597b30c75
3ad05dfee87c99aeb)
                        - 
Semaphore.h (RegularFile, c53
591726a17965f74a89b2e8d1f51d1
)
                        - 
ThreadCachedEpochBench.h 
(RegularFile, 17e288e66388b1f
5bcabce10136f6ad2)
                      - 
ThrottledLifoSem.h 
(RegularFile, bb135c2394ec909
ff2a39f63cd96f595)
                      - 
WaitOptions.h (RegularFile, a
a4a058b0fbf4c6c8e8b2bcb89f681
5f)
                    - 
Synchronized.h (RegularFile, 
c538d385b2f1f46832c20cf48ba7f
d8d)
                    - 
SynchronizedPtr.h 
(RegularFile, 40b7a34546a34c0
ff3fda5deac104f6b)
                    - system 
(Directory, 4ee47e78f714d0371
35ba22aef48762a)
                      - 
AtFork.h (RegularFile, dcdc92
7c79acc5ed5d50cf6174292fe9)
                      - 
AuxVector.h (RegularFile, 30f
30994c9b8cb36bb0f2090769fdaa3
)
                      - 
EnvUtil.h (RegularFile, d08ce
da26f63ab2291541050ecb9252e)
                      - 
HardwareConcurrency.h 
(RegularFile, 7c9d9424fa67dec
2ee4aa48549c058f3)
                      - 
MemoryMapping.h 
(RegularFile, 606f7190b1f9c6a
638e9ea77b65ec2ce)
                      - 
Pid.h (RegularFile, d59d169b7
5e3ede6586472b4e0c5753f)
                      - 
Shell.h (RegularFile, c5e1845
f8eb062f1394052ee96e7549b)
                      - 
ThreadId.h (RegularFile, f6f1
e37e729192e9b1b5305bedd8fd03)
                      - 
ThreadName.h (RegularFile, b4
bf1f25853ba4d102c83c445576168
2)
                    - test 
(Directory, 5a8e32f22d002f6f1
acd0a776c11f3cb)
                      - 
BufferedAtomic.h 
(RegularFile, 5c98443110c6653
82954705e3f649baf)
                      - 
ComparisonOperatorTestUtil.h 
(RegularFile, f5908490f22ef49
8aef12b4dcb9f5f65)
                      - 
DeterministicSchedule.h 
(RegularFile, 21aa2a20c85d648
a35ec5112a92d97f9)
                      - 
FBStringTestBenchmarks.cpp.h 
(RegularFile, 78063280371271d
59adba0b10d3f754f)
                      - 
FBVectorTestUtil.h 
(RegularFile, 53979cc243a216c
04f87137f84644c35)
                      - 
function_benchmark 
(Directory, 40ae74c9da19444f8
c4e3b61e24122b4)
                        - 
benchmark_impl.h 
(RegularFile, ed62dfc08364402
c9dfbce06cb3cf45b)
                        - 
test_functions.h 
(RegularFile, ce594ff9ac43231
81f54dd6c4e37f316)
                      - 
JsonMockUtil.h (RegularFile, 
8d57eca5444f9cf685e4979b3dd26
571)
                      - 
JsonTestUtil.h (RegularFile, 
004b95c6f6d2eac27742910d81599
e3b)
                      - 
ObserverContainerTestUtil.h 
(RegularFile, 3d2b95ae025e78c
180cc0fdc9cf4f144)
                      - 
SingletonTestStructs.h 
(RegularFile, e442c8099fc4540
b1884a7ae65784d17)
                      - 
SocketAddressTestHelper.h 
(RegularFile, b40022b4a23a8e5
346e3f158551fd252)
                      - 
SynchronizedTestLib-inl.h 
(RegularFile, 61eb03e5da1a338
754283478721a9f68)
                      - 
SynchronizedTestLib.h 
(RegularFile, 8ac3d4783cbd90a
cab2b56fe2636253f)
                      - 
TestUtils.h (RegularFile, 406
6b2936f152fc6164249445b8ad9fc
)
                      - 
TokenBucketTest.h 
(RegularFile, 6af5ea45ad002a8
a7f9a503ebe5af174)
                    - 
testing (Directory, f9ad0eb50
35102827ab899f5ff342b47)
                      - 
TestUtil.h (RegularFile, ebdb
569949c647dc59d232a7740172ef)
                    - 
ThreadCachedInt.h 
(RegularFile, 294d7f23241c4da
b8754095b1b428edc)
                    - 
ThreadLocal.h (RegularFile, f
6e0171ac0be15d4267f66c7b37b3e
7e)
                    - 
TimeoutQueue.h (RegularFile, 
cabacf9160c3e3b14ac8e1ca09f1f
41a)
                    - 
TokenBucket.h (RegularFile, e
646a78607f851e988675f9de21340
7f)
                    - 
tracing (Directory, b318b17a2
9d95da7328b435edae23d3e)
                      - 
AsyncStack-inl.h 
(RegularFile, bcfaf19ff321505
2590e0ed405701d66)
                      - 
AsyncStack.h (RegularFile, f6
c6e6fb3c46bb934df53474ca29809
6)
                      - 
ScopedTraceSection.h 
(RegularFile, cea4d428c7b3440
3abf9c07e9d3f0245)
                      - 
StaticTracepoint-ELF.h 
(RegularFile, 19a7642f9fc72d1
be15bde3a95792ee3)
                      - 
StaticTracepoint.h 
(RegularFile, 68c99e28712d18d
7b034f43cab25458a)
                      - test 
(Directory, 9bae8d7a074607d54
fd3ee9b67ef00bc)
                        - 
StaticTracepointTestModule.h 
(RegularFile, f017ff284551a45
ebb864fa7aaa2391f)
                    - 
Traits.h (RegularFile, 122b83
60da8d9bcb3429a7226e417c90)
                    - 
Try-inl.h (RegularFile, 9dbba
390fa362028aa3c70b030c4f317)
                    - Try.h 
(RegularFile, bd7791d02b3f096
6889daf5d359b5ae9)
                    - 
Unicode.h (RegularFile, 03c1f
684bc1d6200aefdddee49e17d41)
                    - Unit.h 
(RegularFile, 2c4bbc72a7702e4
45ce60534de887abc)
                    - 
Uri-inl.h (RegularFile, b5bc8
5a4fdcf49f91ae6866289c1cc43)
                    - Uri.h 
(RegularFile, 32fdecd66e0de98
e15d7b9ccba7ba94c)
                    - 
UTF8String.h (RegularFile, dd
b7857dbaeffd89b1d1b9a474181ee
9)
                    - 
Utility.h (RegularFile, afc4c
5df9dd55281ca5ed0155dacd249)
                    - 
Varint.h (RegularFile, 2e7bcb
93a364cd466fc020c27dfe4248)
                    - 
VirtualExecutor.h 
(RegularFile, 3ace03af05ba2a7
d50ee978c253b922f)
                  - glog 
(Directory, 7fa5c5f7887e22569
ec13f36b068fd58)
                    - 
log_severity.h (RegularFile, 
4506c61ed53ce1311add48ab7d512
f5d)
                    - 
logging.h (RegularFile, 4f925
d2b5d30d320773b50a9c7aacd5a)
                    - 
raw_logging.h (RegularFile, 2
e2824edec67bd642cae63e5e8ddda
6a)
                    - 
stl_logging.h (RegularFile, 0
5a0c9a4e454037eb24c0a9ab66c83
36)
                    - 
vlog_is_on.h (RegularFile, ca
54cd9bbf57cd82687b8a613f2b027
c)
                  - hermes 
(Directory, 79ad0f219b2a30c93
c57dbc0d8f3dc82)
                    - 
inspector-modern (Directory, 
de8ba482d111c756be19926bc35d4
cfd)
                      - 
chrome (Directory, cec57c6539
eb3e814ffc2e8a494a44e8)
                        - 
ConnectionDemux.h 
(RegularFile, 10c87e1fdae9a18
e1600bda11796fb29)
                        - 
HermesRuntimeAgentDelegate.h 
(RegularFile, 205f74991bfca6b
89e6a2f6e0bab5945)
                        - Her
mesRuntimeSamplingProfileSeri
alizer.h (RegularFile, 050d91
58c82dbf3eeea368ef2bdd322a)
                        - Her
mesRuntimeTargetDelegate.h 
(RegularFile, 70059e786255bd5
bb8b308a9a62c537c)
                        - 
Registration.h (RegularFile, 
f32c6ebda58a958dec0e667251a23
6f4)
                  - 
jsinspector-modern 
(Directory, e74e46bc5abc16145
74dd0aef15bf718)
                    - cdp 
(Directory, 0a066f22e7b1b7fb0
efacadf9c9ea8c8)
                      - 
CdpJson.h (RegularFile, d3259
7bc4969b53a424e945a8b234b4e)
                    - 
ConsoleMessage.h 
(RegularFile, 91b05aba4d4902c
8e19b8b1cd5dcb7ab)
                    - 
ConsoleTask.h (RegularFile, 5
0814a5c2be8b5b353513eb7b71eae
02)
                    - 
ConsoleTaskContext.h 
(RegularFile, 63f7e2a912e41a4
c5dcc49aa06dc3721)
                    - 
ConsoleTaskOrchestrator.h 
(RegularFile, 413c2f6e3bb053a
8a2fbf9c1baebf7f6)
                    - 
EmulationAgent.h 
(RegularFile, 9966a00bf46380f
d1d0dc7acdcaf1117)
                    - 
EnumArray.h (RegularFile, bfa
cbf8a4eed375b236636ca40d6cec1
)
                    - 
ExecutionContext.h 
(RegularFile, fdb7792b3a907be
14f81ae409b7d27ed)
                    - 
ExecutionContextManager.h 
(RegularFile, 5c3b5f61f94786f
40ae46b12ec9d6e45)
                    - Fallbac
kRuntimeAgentDelegate.h 
(RegularFile, 2d5549166075afd
5563a643aa4e0a6a4)
                    - Fallbac
kRuntimeTargetDelegate.h 
(RegularFile, b94770dbf612420
a156813f457d1bcc5)
                    - 
HostAgent.h (RegularFile, 395
19d803b44dd6a8828a29c5c380bef
)
                    - 
HostCommand.h (RegularFile, 1
a8fa2cc613c4d1b3ab8b397dbf53d
c3)
                    - 
HostTarget.h (RegularFile, fa
456f96c481c8fce7ec3f6aae88a98
8)
                    - 
HostTargetTraceRecording.h 
(RegularFile, fe1062527206093
a7050086676103012)
                    - 
HostTargetTracing.h 
(RegularFile, 2a5b31c851e024f
2939eaa9566b2529e)
                    - 
InspectorFlags.h 
(RegularFile, 6671ca26d0af0cc
6fae0df87c0720fc1)
                    - 
InspectorInterfaces.h 
(RegularFile, 23709e1914ea94b
05bebf7913f5adb18)
                    - Inspect
orPackagerConnection.h 
(RegularFile, e77b85cf9d118cd
f3c59ece10b624f15)
                    - Inspect
orPackagerConnectionImpl.h 
(RegularFile, acc0e7a7a857781
ba26e61b078932b4e)
                    - 
InspectorUtilities.h 
(RegularFile, 046fecad6bddb93
5ce79028e688c5685)
                    - 
InstanceAgent.h 
(RegularFile, 72045ffeae9a4e1
be44b3a596cf9f1e2)
                    - 
InstanceTarget.h 
(RegularFile, 87f79b24cd49f6f
dbca275bb195aff7e)
                    - 
network (Directory, 9651854fd
bedff820969c0b904e8002f)
                      - 
BoundedRequestBuffer.h 
(RegularFile, 9340d74fd8a1d0a
8211cad8abeee4675)
                      - 
CdpNetwork.h (RegularFile, 6f
af34d3be2534bee287a575c916b2a
8)
                      - 
HttpUtils.h (RegularFile, 21e
b0a749a416d64bde93e3d72398364
)
                      - 
NetworkHandler.h 
(RegularFile, 9a74c76e511bd06
48087ce4fe1f1afee)
                    - 
NetworkIOAgent.h 
(RegularFile, e4293416584385f
d77a2f439f7b61cb2)
                    - 
PerfMonitorV2.h 
(RegularFile, b04848104ef257d
6c89409e05b5d550e)
                    - 
ReactCdp.h (RegularFile, ce1e
4ba361cf710c87b34128d8ffd655)
                    - 
RuntimeAgent.h (RegularFile, 
d5b17029cff604d392d586377f8cc
360)
                    - 
RuntimeAgentDelegate.h 
(RegularFile, 78910078b57c65b
328769c848889d0f4)
                    - 
RuntimeTarget.h 
(RegularFile, 2e53cc6255b6366
b591f35f20d9c4f91)
                    - Runtime
TargetGlobalStateObserver.h 
(RegularFile, c42017f74110685
6ae9ec7ad4373ed33)
                    - Runtime
TargetTracingStateObserver.h 
(RegularFile, 8459db015a665fd
9c2a932240e51fa36)
                    - 
ScopedExecutor.h 
(RegularFile, 37106b8812e7dd2
2d4f8262719299f62)
                    - 
SessionState.h (RegularFile, 
e1e5f014c7d17ef1c252779a44c3c
806)
                    - 
StackTrace.h (RegularFile, 37
c6f6faf10d5b1bdf3be35fabd879d
c)
                    - tests 
(Directory, df52d810b6dbfc7ad
1df7dcb93012751)
                      - 
engines (Directory, f337e115c
29d1400c2e3bab3fe5e6ea6)
                        - Jsi
IntegrationTestGenericEngineA
dapter.h (RegularFile, 37b348
14a2ea8f2140aa3d6d8da675eb)
                        - Jsi
IntegrationTestHermesEngineAd
apter.h (RegularFile, 85a9c6a
6b5f57ed46ff0de941fffab4e)
                      - 
FollyDynamicMatchers.h 
(RegularFile, f40c006b9808983
4b91142ebfe30ba20)
                      - 
GmockHelpers.h (RegularFile, 
034c0ea33a82892a9b3df983239a8
7c6)
                      - 
InspectorMocks.h 
(RegularFile, 935f358465ae450
90769c23d5b474c64)
                      - Inspe
ctorPackagerConnectionTest.h 
(RegularFile, 39ab43819ef8e79
75718c237bef93acd)
                      - 
JsiIntegrationTest.h 
(RegularFile, 3892da6244bdb17
c63e7a117ee2b004f)
                      - 
prelude.js.h (RegularFile, 1b
90fd72f0d1320321d1dca8e616876
2)
                      - React
InstanceIntegrationTest.h 
(RegularFile, dacaa0983642f61
b7ef675a52c4441f7)
                      - 
ReactNativeMocks.h 
(RegularFile, cc7edc5885393c6
ee5992c6fd305a187)
                      - 
TracingTest.h (RegularFile, 5
e2c10918885c81fdf98b62aa2aa99
6d)
                      - 
UniquePtrFactory.h 
(RegularFile, 4ca564009c0b310
fdecd4cecfc906efd)
                      - 
utils (Directory, 47dcbac8084
291c164870b0b915eb4ff)
                        - Ins
pectorFlagOverridesGuard.h 
(RegularFile, 15c6d18db40b619
17c8db5291c9cf890)
                    - 
tracing (Directory, 036be7db7
ba37a089e6e45e877d39628)
                      - 
ConsoleTimeStamp.h 
(RegularFile, 0537522cfe110d3
5ca68ab7a2beb6ef9)
                      - 
EventLoopReporter.h 
(RegularFile, a53154eed76c474
cae21d2ad49ee1d13)
                      - 
FrameTimingSequence.h 
(RegularFile, df40191da5f9867
92594c1d9c8a4f384)
                      - 
HostTracingProfile.h 
(RegularFile, fd5363d324d13f5
ce5173b1a2a5ffde8)
                      - HostT
racingProfileSerializer.h 
(RegularFile, 33aadf035534dd7
0711c063d56d758b3)
                      - 
InstanceTracingProfile.h 
(RegularFile, 60ba3392e0fb966
ba5793256e59bc619)
                      - 
PerformanceTracer.h 
(RegularFile, 714961a91e157eb
1eb13155edca580b5)
                      - 
PerformanceTracerSection.h 
(RegularFile, fd9f5872e86551c
aa2b8d9832540c635)
                      - 
ProfileTreeNode.h 
(RegularFile, d94f9a16baf480c
53f142b2a0162fed8)
                      - 
RuntimeSamplingProfile.h 
(RegularFile, 230066136b1e656
b9cede78cc10eb5af)
                      - Runti
meSamplingProfileTraceEventSe
rializer.h (RegularFile, 639b
076313a1a4edb65080fb7c94466a)
                      - 
TargetTracingAgent.h 
(RegularFile, b0d70dd084c7cee
0307847e7f7bc6808)
                      - 
TimeWindowedBuffer.h 
(RegularFile, 0465ca11d97ee41
318d3ecd736e4dc7d)
                      - 
Timing.h (RegularFile, 094745
4505a0535ae6af179e50cb888c)
                      - 
TraceEvent.h (RegularFile, 61
4a84f18167b5aaa63510b58465b1f
3)
                      - 
TraceEventGenerator.h 
(RegularFile, 67049464eb44f20
d12d7167a6583eab9)
                      - 
TraceEventProfile.h 
(RegularFile, af8fa2c0226f21a
3f2379f0ba5ff7700)
                      - 
TraceEventSerializer.h 
(RegularFile, 7fe344576cb9219
c2418c27e98428cd6)
                      - 
TraceRecordingState.h 
(RegularFile, 85321434f9e8705
2d7889c15ab3c8d9e)
                      - 
TracingCategory.h 
(RegularFile, ca63b4b9cbfa935
dd8f261ed8d99badb)
                      - 
TracingMode.h (RegularFile, 5
5a49f12b8c0f95f0138e7454b77af
7e)
                    - 
TracingAgent.h (RegularFile, 
aa27d317b25663b9ddb183a60e7d0
8e2)
                    - 
UniqueMonostate.h 
(RegularFile, f7c5e0cf2d91c08
2552895515dffe85e)
                    - Utf8.h 
(RegularFile, 5f2a66182e05516
2bba7a5a405f7e512)
                    - 
WeakList.h (RegularFile, dcf1
bbcb7615dd4b375858b8f2e8d754)
                    - 
WebSocketInterfaces.h 
(RegularFile, 633c6aba0988c26
952e964f41bb694e7)
                  - 
LayoutContext.h 
(RegularFile, 5c16b892b055bdf
14a1268ed0395d379)
                  - macros.h 
(RegularFile, eb32c57b482dd6b
c4732d0e85973a6dd)
                  - oscompat 
(Directory, 3b5115ddce833e1a1
0b4f0cd3d166ef3)
                    - 
OSCompat.h (RegularFile, e327
0861f336a1c559ee8a05dc7de649)
                  - platform 
(Directory, 6be9c8d031bb7348a
3d3432da67d9111)
                    - 
android (Directory, 5f8b3e050
4852161e866557415a50190)
                      - 
ReactCommon (Directory, 730cb
5ccee28951d97e0553adcce34cd)
                        - 
JavaInteropTurboModule.h 
(RegularFile, 4ffd968cc8cc996
c2fb306421be153d9)
                        - 
JavaTurboModule.h 
(RegularFile, 0692a6ddd86bb37
e7debc0edff6a06c0)
                    - cxx 
(Directory, 767e68790c25291e1
c116ccd877de290)
                      - 
ReactCommon (Directory, 2a3aa
2a48224719335ecdc27e9adc7f7)
                        - Run
timeExecutorSyncUIThreadUtils
.h (RegularFile, 99a2fb0bbecd
3723a0ed1a5d587ce84a)
                    - ios 
(Directory, 793b6e15647ef2ab2
3b1316b22bf96d1)
                      - 
ReactCommon (Directory, 055b6
a05288ae5bb4e9f54e69bfaef81)
                        - 
RCTInteropTurboModule.h 
(RegularFile, ab173040e91ab5a
7c00e4a3600cbb606)
                        - 
RCTTurboModule.h 
(RegularFile, 80f2f68e605e9b7
1d0927efa286a7042)
                        - 
RCTTurboModuleManager.h 
(RegularFile, b11ee568caf6b7e
286fbc61a0af0b80d)
                        - RCT
TurboModuleWithJSIBindings.h 
(RegularFile, 90488bc94c6119c
b1e5be2e923de08f7)
                        - Run
timeExecutorSyncUIThreadUtils
.h (RegularFile, 7b818cc8e90d
b785f310bdbba2f3c962)
                  - react 
(Directory, 2e9117096fb66abeb
c08ec96445070ce)
                    - 
bridging (Directory, 5174d8d7
d9e8bfc10dcb6e9896ad38a9)
                      - 
Array.h (RegularFile, 71bb9bf
f68d3047a66af7741a1195f4c)
                      - 
AString.h (RegularFile, 447a0
6a31560f64b15a54adaf9473e67)
                      - 
Base.h (RegularFile, 4e48fea2
3aae5b51f914d50c69caa9e1)
                      - 
Bool.h (RegularFile, 0ef01a71
00aab8cf20ef3e9900a245df)
                      - 
Bridging.h (RegularFile, 4f61
25c4d0494cff3022eb45b04ab899)
                      - 
CallbackWrapper.h 
(RegularFile, 21d68fc915c39ea
eabf74d462b3f6a0b)
                      - 
Class.h (RegularFile, 62de605
67b1acd92752ba9aa99fb007a)
                      - 
Convert.h (RegularFile, bef93
fda746c06f000f40618f8a4a814)
                      - 
Dynamic.h (RegularFile, 85833
f24a9dc1b2f9bef286cf48e3541)
                      - 
Error.h (RegularFile, 71b9695
75bf057480a504de82c4dd523)
                      - 
EventEmitter.h (RegularFile, 
8b6d14957ba2814bc5b2eb7350d4d
3c5)
                      - 
Function.h (RegularFile, c719
0d625d168a4e66bc71cbe7cbfe45)
                      - 
HighResTimeStamp.h 
(RegularFile, 0eb1c9ea0a420bc
e5f468e0f56595e0c)
                      - 
LongLivedObject.h 
(RegularFile, 557f200c09b5b62
a06a300e70b338ee7)
                      - 
Number.h (RegularFile, 51e6cb
865bd407bb0ead2ab48c66b939)
                      - 
Object.h (RegularFile, d52955
ecf5c3872fcdf26be1584cb2b8)
                      - 
Promise.h (RegularFile, 87964
49b8d6bdd95a629743d758774df)
                      - 
tests (Directory, 74bd2717003
7b00da9432f0f6bbbaf62)
                        - 
BridgingTest.h (RegularFile, 
4d277e529481e4e1c6f604ea79f4f
a40)
                      - 
Value.h (RegularFile, d561edc
8b475e0fd16d9fffa51328057)
                    - common 
(Directory, 99942a4f91e51315e
0d61eb545381f87)
                      - 
mapbuffer (Directory, daffdf5
13049d45c8a9eb2e1329c21b5)
                        - 
JReadableMapBuffer.h 
(RegularFile, 281c02bfe8fccd4
d10433c7d9f61d549)
                        - 
JWritableMapBuffer.h 
(RegularFile, cc7ac6a2f57d6d9
a90781f54438c2b24)
                    - debug 
(Directory, d62367ffe4fd47baf
437decda3b838ef)
                      - 
flags.h (RegularFile, e562c2f
e84f6a78c2c150f9ead981937)
                      - 
react_native_assert.h 
(RegularFile, 869467d62e4af08
dad060d184e201652)
                      - 
react_native_expect.h 
(RegularFile, e9dc7bf9e26d78e
021870debbf0f124f)
                      - 
redbox (Directory, 2ae62fd3d7
1ce00ff731b80a26f40039)
                        - 
AnsiParser.h (RegularFile, 7d
4473e458fc640d5d9133dee448113
f)
                        - 
JscSafeUrl.h (RegularFile, 09
c7cd867e03ba479593458a66be170
3)
                        - 
RedBoxErrorParser.h 
(RegularFile, 938ebf1d3aee07c
6d126b6c56d0f9628)
                    - fabric 
(Directory, 1c58f9f903d91ba6f
221756b1ecc2a33)
                      - Andro
idAnimationChoreographer.h 
(RegularFile, 7c9d7b90e92e335
5cd9e6451a1b75824)
                      - 
AndroidEventBeat.h 
(RegularFile, 1ce11e09bf3442e
d315773f8c5e54788)
                      - 
Binding.h (RegularFile, 67d14
d9ad088fc04f1a93c8b99c68a47)
                      - 
ComponentFactory.h 
(RegularFile, 833f23d16b0caef
ca143f2d4e63deec2)
                      - 
CoreComponentsRegistry.h 
(RegularFile, 0fb46295a9eaa0c
656d8718386d738d3)
                      - 
EventBeatManager.h 
(RegularFile, abdbb32a51eff5a
d75c3ed94b1db5039)
                      - 
EventEmitterWrapper.h 
(RegularFile, ed025b217d31b1a
7062146450e22a6b7)
                      - 
FabricMountingManager.h 
(RegularFile, a57fc2aedb9a6cc
dcba3844809bec87a)
                      - 
FabricUIManagerBinding.h 
(RegularFile, cbd7bd7011c25be
d0ab019c7d509a46f)
                      - 
FocusOrderingHelper.h 
(RegularFile, 795b5f4517a6de1
33d1b4c52170a1612)
                      - JAnim
ationBackendChoreographer.h 
(RegularFile, 95ade3ce4432050
020f480b524c6567b)
                      - 
JFabricUIManager.h 
(RegularFile, 187b86c24106353
aa33aa21ea17477d6)
                      - 
MountItem.h (RegularFile, 2c2
aa584493fbf125caebbdc7ee785ee
)
                      - 
StateWrapperImpl.h 
(RegularFile, ad6b98b627e066f
04d1d7ff58d538810)
                      - 
SurfaceHandlerBinding.h 
(RegularFile, fa5b8237c2b2a63
9281225a672d4e776)
                      - 
test_helper (Directory, 88787
c0685a4d1e72978d45f0dadcd33)
                        - Fab
ricMountingManagerTestHelper.
h (RegularFile, 04b48578046c8
b9269e016362e0ac8fd)
                    - 
featureflags (Directory, f24f
8a881e1ebca64d7ded8b6f2dcc60)
                      - 
ReactNativeFeatureFlags.h 
(RegularFile, afc8713c452c1c0
27f461f00fc975f50)
                      - React
NativeFeatureFlagsAccessor.h 
(RegularFile, 54d9a261577c518
5f13f9bccdecad971)
                      - React
NativeFeatureFlagsDefaults.h 
(RegularFile, 256770b6a8b57ba
47bbb236baab238f1)
                      - React
NativeFeatureFlagsDynamicProv
ider.h (RegularFile, 5227e7bf
6b756b16b73b9105b2b75a58)
                      - React
NativeFeatureFlagsOverridesOS
SCanary.h (RegularFile, 28a7e
a2c4aa67729a3a562442d62e6ee)
                      - React
NativeFeatureFlagsOverridesOS
SExperimental.h 
(RegularFile, be130cabb52700e
04822b79f2af5b32f)
                      - React
NativeFeatureFlagsOverridesOS
SStable.h (RegularFile, c1beb
b135281c1aa45c530024f359192)
                      - React
NativeFeatureFlagsProvider.h 
(RegularFile, a285a73dcef26d9
1c48b37716c643cd9)
                    - jni 
(Directory, 47eaac5488de78e9d
4b4f088d0d98760)
                      - 
CxxModuleWrapperBase.h 
(RegularFile, 6e636dab32cb38d
2f530bc72cec2f14e)
                      - Inspe
ctorNetworkRequestListener.h 
(RegularFile, b8cb302b3c79520
800233ca48622d640)
                      - 
JavaModuleWrapper.h 
(RegularFile, 127039cda071428
f2d2c169a27b15091)
                      - 
JavaScriptExecutorHolder.h 
(RegularFile, 2fb804b6b72119b
c9c83ada6ce60d85b)
                      - 
JCallback.h (RegularFile, 45e
71acc26fb164d0e2a8aaa09f114f0
)
                      - 
JDynamicNative.h 
(RegularFile, a2853edbcfd18b1
a7543552b413f5a97)
                      - 
JExecutor.h (RegularFile, 034
e82b89289cf105d84ba0dd4bc61bc
)
                      - 
JMessageQueueThread.h 
(RegularFile, 6a195bd0619b2b4
82fbfea2cb248a4b8)
                      - 
JniJSModulesUnbundle.h 
(RegularFile, a4a963211437f2d
135e0fa2e0dc481a1)
                      - 
JReactMarker.h (RegularFile, 
209ac52a4c3d5044eb157559a6476
7db)
                      - 
JReactSoftExceptionLogger.h 
(RegularFile, b311cc50f6e3e9f
5e7e5125c2e8294ba)
                      - 
JRuntimeExecutor.h 
(RegularFile, d245d433c2b610c
2567e4eebbdab3264)
                      - 
JRuntimeScheduler.h 
(RegularFile, dfea510e929d7c8
6476e433a83a7eb30)
                      - 
JSLoader.h (RegularFile, dc70
409ae1aeeaca5209a1abcb8a442c)
                      - 
JSLogging.h (RegularFile, b25
f06973de0491baec52d4900d2c757
)
                      - 
JWeakRefUtils.h 
(RegularFile, cdc38debf3ea880
10607db0a7539614a)
                      - 
MethodInvoker.h 
(RegularFile, e0c69720a410c31
511532feb0304483b)
                      - 
ModuleRegistryBuilder.h 
(RegularFile, eaf0b549682d4d0
e9dd0ddf1618aaa09)
                      - 
NativeArray.h (RegularFile, 7
d2162bd02409ab0066ffb0746c9e4
e0)
                      - 
NativeCommon.h (RegularFile, 
31b849c32fd857466eed1f5b1f5f4
4a3)
                      - 
NativeMap.h (RegularFile, 555
ef7761d1da1efbc764cc3615186ac
)
                      - 
ReadableNativeArray.h 
(RegularFile, b965375c9b8323c
48bc34f36becd3979)
                      - 
ReadableNativeMap.h 
(RegularFile, 0d7f9011bb4eca5
8654f549178df0392)
                      - 
SafeReleaseJniRef.h 
(RegularFile, f5c4c339adbf18f
0ca4216ba071cfb68)
                      - 
TransformHelper.h 
(RegularFile, 9b7dcc17237a7d3
f8c04f2d99255bd73)
                      - 
WritableNativeArray.h 
(RegularFile, e26b1ec7b6437a0
bfadf37420bf3d9c4)
                      - 
WritableNativeMap.h 
(RegularFile, a4839a3a366e228
983061ae42ab5bdc9)
                    - 
performance (Directory, 394ff
87d78bdc63ee1d73b3a45bcf56c)
                      - 
cdpmetrics (Directory, 387e53
8cc9de7879bf88a090896e014f)
                        - 
CdpInteractionTypes.h 
(RegularFile, 88175abd09bbc84
78939242d44f07f88)
                        - 
CdpMetricsReporter.h 
(RegularFile, 4bc12c21fed7485
859d25cf814f5019e)
                        - 
CdpPerfIssuesReporter.h 
(RegularFile, 921bc80a362332a
06dfad102a91dffd3)
                      - 
timeline (Directory, 67c48b1d
0032d2372229ec69355d4465)
                        - 
CircularBuffer.h 
(RegularFile, 826e5a84841a41b
ca888db6955f447b1)
                        - 
PerformanceEntry.h 
(RegularFile, 39b8d8e0b7936df
7ca947d2c7f345425)
                        - 
PerformanceEntryBuffer.h 
(RegularFile, 2aadb4c49c37b4e
64bea8bac3d2ac3a3)
                        - Per
formanceEntryCircularBuffer.h
 (RegularFile, 9ac3aff961fab1
590add8975f86b7d59)
                        - Per
formanceEntryKeyedBuffer.h 
(RegularFile, 33225d3522d3c5b
1f86ce8efbabcd745)
                        - 
PerformanceEntryReporter.h 
(RegularFile, 24bed6e0263ac75
d4adf7e690f210347)
                        - Per
formanceEntryReporterListener
s.h (RegularFile, 71b95142161
14c5493aa4ff9a6c1c688)
                        - 
PerformanceObserver.h 
(RegularFile, ffb4950608862e1
ea9efd5e6233d5817)
                        - Per
formanceObserverRegistry.h 
(RegularFile, 5dbfd46f09966df
56d7926203bb38377)
                    - 
renderer (Directory, 9e72753a
c858e572d68bc708eda89417)
                      - 
animationbackend (Directory, 
ac79808bb51de0ea0e1a574e54618
124)
                        - 
AnimatedProps.h 
(RegularFile, 9dc8c3724ed6570
6450d2d18ccaefb7f)
                        - 
AnimatedPropsBuilder.h 
(RegularFile, 29c7c346fd16450
05ca75d80e6be01c8)
                        - 
AnimatedPropsRegistry.h 
(RegularFile, 8265e5da2b2ff7b
effbf407ae77bc859)
                        - 
AnimatedPropsSerializer.h 
(RegularFile, b68fa0880922f50
be12dbd17078ac08b)
                        - 
AnimationBackend.h 
(RegularFile, 482b2d6df76224f
bb779993a5def43b4)
                        - 
AnimationBackendCommitHook.h 
(RegularFile, 507a87724b6d491
3b90be8e5a676a44b)
                        - 
AnimationChoreographer.h 
(RegularFile, 02fd9aabc57fd75
958d5fc9d85cf64f7)
                      - 
animations (Directory, aa5a05
50e2710d320c88c877aa6f5025)
                        - 
conversions.h (RegularFile, 2
f2fed942542d990018d21c4139b0c
b0)
                        - Lay
outAnimationCallbackWrapper.h
 (RegularFile, 6caeabf363436c
a694e2411e24c64ce1)
                        - 
LayoutAnimationDriver.h 
(RegularFile, 0a1ba9436c2afd3
701cc333a310a481c)
                        - Lay
outAnimationKeyFrameManager.h
 (RegularFile, cb2e7f3a9fdc89
9cc95f89ec2200e759)
                        - 
primitives.h (RegularFile, c5
d4fe667c50cb645ac795fe0468ace
9)
                        - 
utils.h (RegularFile, e2eb9ad
49b4eadfd77d258f9c1801ec0)
                      - 
attributedstring (Directory, 
ec5870e8bd15a9b1f2d6f0224bdf2
2a1)
                        - 
AttributedString.h 
(RegularFile, ce5b4ba4bd5ba75
c6fb359ead06f0725)
                        - 
AttributedStringBox.h 
(RegularFile, 2f2270e9746484b
620c50e2b312134f6)
                        - 
conversions.h (RegularFile, 3
e46ba12164fd0506cd0b3868efbdf
94)
                        - 
ParagraphAttributes.h 
(RegularFile, b4bfa20259223e2
6c8a488fe1ea7d3d2)
                        - Pla
ceholderAttributedString.h 
(RegularFile, 942ebac43be0647
44c71d417c1128fdf)
                        - 
primitives.h (RegularFile, 3a
55ca0bc4f269163c3d82879232a04
b)
                        - 
TextAttributes.h 
(RegularFile, 772e1d1014f544c
4d4f99892e5ff101c)
                      - 
bridging (Directory, aacd6323
e6ec14b361dab38424e9d2c2)
                        - 
bridging.h (RegularFile, 02f9
181e5b64f73efdb7b05f8bd7a15b)
                      - 
componentregistry 
(Directory, ea2c2689af4147432
e9c998606933e64)
                        - 
ComponentDescriptorFactory.h 
(RegularFile, 754b9c2b4605e0b
bb9084252a74d989c)
                        - Com
ponentDescriptorProvider.h 
(RegularFile, de1f154183b6545
76ed7b2ed007905cc)
                        - Com
ponentDescriptorProviderRegis
try.h (RegularFile, 9e4b567ba
66ec71a21ac3ca50989e768)
                        - Com
ponentDescriptorRegistry.h 
(RegularFile, 6586597b9cb8d6f
8b3c6a3ba90dcbb57)
                        - com
ponentNameByReactViewName.h 
(RegularFile, 27e7ce53b020f54
114f55424e45d26d8)
                        - 
native (Directory, ba065a0017
568fb39eb7706a4f0b4060)
                          - N
ativeComponentRegistryBinding
.h (RegularFile, 495a013f97cd
d335e0ef755b0b1ab0a8)
                      - 
components (Directory, c16e65
b7bfc91fecad21934b58be8d5a)
                        - 
androidtextinput (Directory, 
bbc10bbca0b0c5eec9b03b678394b
5ff)
                          - A
ndroidTextInputComponentDescr
iptor.h (RegularFile, c9a08bb
f5630dfbf7ec4dbd4a5ed2910)
                          - A
ndroidTextInputEventEmitter.h
 (RegularFile, 329712a4783bdb
2fc6ae43f50ae38a35)
                          - 
AndroidTextInputProps.h 
(RegularFile, dc5db753fc8f6a2
af6d66f90f17c5d3c)
                          - 
AndroidTextInputShadowNode.h 
(RegularFile, f9bf202afc16592
79cf18bc1051292d8)
                          - 
AndroidTextInputState.h 
(RegularFile, bef04b1187c9645
e42223ec55eb385cb)
                        - 
FBReactNativeSpec 
(Directory, 073da22c7869d6c50
e8a3afc42979ef3)
                          - 
ComponentDescriptors.h 
(RegularFile, a84a9651ba575be
f42f181d00e755359)
                          - 
EventEmitters.h 
(RegularFile, 19b26fabb16a995
719122aa5bcd7c0a9)
                          - 
FBReactNativeSpecJSI.h 
(RegularFile, 0e271d20b9b63d2
774fb4585432a74ae)
                          - 
Props.h (RegularFile, 09b7e93
4969d169f8ab038e5caf4cea4)
                          - 
ShadowNodes.h (RegularFile, e
81bc0b1017b02f941930c2bc4471f
d5)
                          - 
States.h (RegularFile, 34cc9b
7657aa294013bf260a6012f35d)
                        - 
image (Directory, 46021a10229
add929544269f83b293fb)
                          - 
conversions.h (RegularFile, 3
41579fb9a29eb396ce46e132cde11
f5)
                          - 
ImageComponentDescriptor.h 
(RegularFile, 8c17f48596f0d8a
28bb296af51b02605)
                          - 
ImageEventEmitter.h 
(RegularFile, 0d69e7dddd6693d
454cce13bb7048f5a)
                          - 
ImageProps.h (RegularFile, 3e
c9808b0e10c604d9dc273c09fef39
a)
                          - 
ImageShadowNode.h 
(RegularFile, 940e236c4218727
24b7f0437fb14f0ed)
                          - 
ImageState.h (RegularFile, 88
1bb519024589a732aacab86db8b35
a)
                        - 
root (Directory, 267c4521306d
b03ed0b8b920dc787966)
                          - 
RootComponentDescriptor.h 
(RegularFile, fe62f8176a96748
e8999a9487d083175)
                          - 
RootProps.h (RegularFile, 38e
4c1fdfc078d2f3f494ab902fb9d81
)
                          - 
RootShadowNode.h 
(RegularFile, fe75dfb4407ccb5
15b70338715f76544)
                        - 
text (Directory, 1cfe582115aa
f05182444a2346de71fa)
                          - B
aseParagraphComponentDescript
or.h (RegularFile, c0b91644d0
ed91e263730481c2e9236d)
                          - 
BaseParagraphProps.h 
(RegularFile, 465a7e2928af45e
02d2c9a7bc6179695)
                          - 
BaseTextProps.h 
(RegularFile, 8b62178a2feb659
045fe0212644eba0a)
                          - 
BaseTextShadowNode.h 
(RegularFile, aa10bdee0d23726
6aa61969b5d45aa79)
                          - P
aragraphComponentDescriptor.h
 (RegularFile, 3e3267cbec8f6c
2ff0aea42b19f4b2c3)
                          - 
ParagraphEventEmitter.h 
(RegularFile, 0e3ea91a7629949
5b33e2365dfc558e9)
                          - 
ParagraphProps.h 
(RegularFile, b3e6cf3bbee97d3
4738ebb91e510e4d5)
                          - 
ParagraphShadowNode.h 
(RegularFile, d946f9e7a79e05e
4ab1afb1dc9d9df6e)
                          - 
platform (Directory, 62f8b5ba
c59a226906f574d0a187c81e)
                            
- android (Directory, 60f3182
601ed6778004104e22f93adfc)
                             
 - react (Directory, bc06b064
8af6ae9810682635c3256997)
                             
   - renderer (Directory, 959
4726e08e833a5ae1ab63071637831
)
                             
     - components 
(Directory, 5ab194a7c91819c87
ba55216a70120b1)
                             
       - text (Directory, 509
ac301783a778228213789d4d398d9
)
                             
         - conversions.h 
(RegularFile, fc6d051e672d824
0ded6503464b8b634)
                             
         - 
HostPlatformParagraphProps.h 
(RegularFile, 7f420c899d4d311
33d2f31ca6829c17a)
                             
         - ParagraphState.h 
(RegularFile, abb3e4c4e78f85e
470ae6d3381c01670)
                             
         - primitives.h 
(RegularFile, c9bcce60b6318dc
63e991fe280a82094)
                            
- cxx (Directory, 88ab2d7aee7
764f30383efa60fdcf01e)
                             
 - react (Directory, 91dbe8f5
5d788c815ae7edf4939f294c)
                             
   - renderer (Directory, 2df
64c81bff8e5c215b7045ba3fc770f
)
                             
     - components 
(Directory, 3a88cb38e8851b9e8
c961fe791cd8ca3)
                             
       - text (Directory, c59
865f4be69ff5c25da9ecba2345767
)
                             
         - 
HostPlatformParagraphProps.h 
(RegularFile, 2c8c272e19f493f
4e51b3397ef16c7f0)
                             
         - ParagraphState.h 
(RegularFile, c45e8aa54b4615b
9bc584cef07d18fb4)
                          - 
RawTextComponentDescriptor.h 
(RegularFile, c512b54839c41eb
31472ed0a0f7a5e92)
                          - 
RawTextProps.h (RegularFile, 
4f220930a90c1ec21a7f29d5548b0
be8)
                          - 
RawTextShadowNode.h 
(RegularFile, 74a3ffb0bec0145
1bfad3e21d23169ed)
                          - S
electableParagraphComponentDe
scriptor.h (RegularFile, 79e6
14a3c22521ff98d3006c485dad44)
                          - S
electableParagraphShadowNode.
h (RegularFile, a9ed0f262f125
194bc689da78d940c5c)
                          - 
stateConversions.h 
(RegularFile, b7ddae050849c31
2a21b45b44f205129)
                          - 
TextComponentDescriptor.h 
(RegularFile, b5d526e40b6bc43
b9b2ad5c0e473c0ec)
                          - 
TextProps.h (RegularFile, c0a
34c6a1a63ce2b9645e741a44659b6
)
                          - 
TextShadowNode.h 
(RegularFile, 94b9953cb7bc05c
f7c3b74962ef071b3)
                        - 
textinput (Directory, 39a07d9
de0ccbdf719b3ae45f4f933a2)
                          - 
baseConversions.h 
(RegularFile, 20e14f1c78428e3
31a5fb695a48214ac)
                          - 
basePrimitives.h 
(RegularFile, 1ce9c532545c9a1
1ae25673b05bcf550)
                          - 
BaseTextInputProps.h 
(RegularFile, f3df96c698a7a56
55be16237694a93ff)
                          - 
BaseTextInputShadowNode.h 
(RegularFile, 6ffd91e94542b73
ffa6134ea32501edc)
                          - 
platform (Directory, 14189c77
98b812bef1238e25a3d45ad7)
                            
- android (Directory, 61d433e
a684283bd610a5c4148fecfb5)
                             
 - react (Directory, 9d2a4ab1
0825271fb799393dbe08b37c)
                             
   - renderer (Directory, 0ea
2af5be672494a864570dea39160fb
)
                             
     - components 
(Directory, da2c8343dfce8cac7
fa2651c5c3bab37)
                             
       - androidtextinput 
(Directory, bbc10bbca0b0c5eec
9b03b678394b5ff)
                             
         - AndroidTextInputCo
mponentDescriptor.h 
(RegularFile, c9a08bbf5630dfb
f7ec4dbd4a5ed2910)
                             
         - AndroidTextInputEv
entEmitter.h (RegularFile, 32
9712a4783bdb2fc6ae43f50ae38a3
5)
                             
         - 
AndroidTextInputProps.h 
(RegularFile, dc5db753fc8f6a2
af6d66f90f17c5d3c)
                             
         - 
AndroidTextInputShadowNode.h 
(RegularFile, f9bf202afc16592
79cf18bc1051292d8)
                             
         - 
AndroidTextInputState.h 
(RegularFile, bef04b1187c9645
e42223ec55eb385cb)
                            
- ios (Directory, 1d885e3ba86
deeab4282caba14e3f4b6)
                             
 - react (Directory, b65fd983
accf4bbe1067c8c82a855390)
                             
   - renderer (Directory, c3f
5237f575ecf56320e6067745408ce
)
                             
     - components 
(Directory, f61fbc4e12fe19390
6f549b0d0105834)
                             
       - iostextinput 
(Directory, 94842456577f63679
d0026d1c73af01b)
                             
         - conversions.h 
(RegularFile, 2fed7b91e8b1830
509f659474c2f140a)
                             
         - primitives.h 
(RegularFile, bbdc011000e484c
172591707702c6728)
                             
         - 
propsConversions.h 
(RegularFile, a0049752cf916f4
8702ab618a6b47b86)
                             
         - TextInputComponent
Descriptor.h (RegularFile, 94
a75497c5d40953aa2fe670d4c1a32
2)
                             
         - TextInputProps.h 
(RegularFile, 64788aecfe21006
ff9f93f6d170c02ae)
                             
         - 
TextInputShadowNode.h 
(RegularFile, 5ae123b2db28838
fa8fee41363d9064c)
                          - 
TextInputEventEmitter.h 
(RegularFile, 7c4928f80f95d74
be4a2c7bea6f6145b)
                          - 
TextInputState.h 
(RegularFile, 6e10cabc3f3af65
2c547b848ad2177fd)
                        - 
view (Directory, 146f32367e60
47f296db769593bf4cac)
                          - 
AccessibilityPrimitives.h 
(RegularFile, aff620857f095d8
794b9efcfbd6e9d79)
                          - 
AccessibilityProps.h 
(RegularFile, 28d6b16a9cad58f
6c68ee8813ea7dc9e)
                          - a
ccessibilityPropsConversions.
h (RegularFile, 5b90a4826df4d
b438ec7365ea08bed1a)
                          - B
ackgroundImagePropsConversion
s.h (RegularFile, 9d248eea225
9dc53eeb6cec6844adbb4)
                          - 
BaseTouch.h (RegularFile, ef6
e01852cdad7e7e1a9b44f01032cca
)
                          - 
BaseViewEventEmitter.h 
(RegularFile, 3074ed9693643b1
5e4f3ebe88c55f29a)
                          - 
BaseViewProps.h 
(RegularFile, 6e5f16d16f33ab7
7d5745d065f6112bc)
                          - 
BoxShadowPropsConversions.h 
(RegularFile, 9d163929b24b404
6feb619c5d7ccedbb)
                          - 
ConcreteViewShadowNode.h 
(RegularFile, 9b8551c75261fb3
d85a27765c1b4964c)
                          - 
conversions.h (RegularFile, d
5c621c5a293d397b5b1cd5ac2dd0a
13)
                          - 
CSSConversions.h 
(RegularFile, 838dca5a4e09775
142da089d4186b100)
                          - 
FilterPropsConversions.h 
(RegularFile, ff9d89ee927dda6
346919eeeee7e057f)
                          - 
HostPlatformTouch.h 
(RegularFile, 6e0747ed425ed52
24b245f4b357ad362)
                          - H
ostPlatformViewEventEmitter.h
 (RegularFile, 60a104ab5b9182
9797b30d9c283a7b50)
                          - 
HostPlatformViewProps.h 
(RegularFile, f28cc5aa979adc2
20d3db3ef031d576d)
                          - H
ostPlatformViewTraitsInitiali
zer.h (RegularFile, dc3c42d6d
fe970763a26d11d02827da9)
                          - L
ayoutConformanceComponentDesc
riptor.h (RegularFile, 8a7e26
0ee29c957bf79cbe208bf93b95)
                          - 
LayoutConformanceProps.h 
(RegularFile, 0295be80046b606
27805d45efac16e78)
                          - L
ayoutConformanceShadowNode.h 
(RegularFile, 358a208b1cb9d06
76ebe6bff700b88a9)
                          - 
NativeDrawable.h 
(RegularFile, 761c6e0e2a6fb4e
5d00d3a134d02b5d6)
                          - 
platform (Directory, 24d53fac
081f006755401d392c2149e2)
                            
- android (Directory, 25eae3e
3f454cd9ea34d7b2698c8f6bf)
                             
 - react (Directory, ea78704b
6674e0e6ef25780c1166d267)
                             
   - renderer (Directory, 73c
00ce399bdd75c026c0aaae3304e78
)
                             
     - components 
(Directory, 348a8f3626ccbff0c
40fad4be16e0677)
                             
       - view (Directory, 548
615c2634efc0e25a1bc4589c85dd2
)
                             
         - 
HostPlatformTouch.h 
(RegularFile, 6e0747ed425ed52
24b245f4b357ad362)
                             
         - HostPlatformViewEv
entEmitter.h (RegularFile, 60
a104ab5b91829797b30d9c283a7b5
0)
                             
         - 
HostPlatformViewProps.h 
(RegularFile, f28cc5aa979adc2
20d3db3ef031d576d)
                             
         - HostPlatformViewTr
aitsInitializer.h 
(RegularFile, dc3c42d6dfe9707
63a26d11d02827da9)
                             
         - NativeDrawable.h 
(RegularFile, 761c6e0e2a6fb4e
5d00d3a134d02b5d6)
                            
- cxx (Directory, ac81151b577
0b36fd4f1c49bebeb9bf3)
                             
 - react (Directory, d585fa50
0c857b1f511d684b25288211)
                             
   - renderer (Directory, b73
1fc3e8e515291759ed6d618d4eb36
)
                             
     - components 
(Directory, aa4aaff5d72a14e11
8d8de2f58e1a8df)
                             
       - view (Directory, c00
bb71d0a0bb7179d99ecdbfbff8608
)
                             
         - 
HostPlatformTouch.h 
(RegularFile, 6e0747ed425ed52
24b245f4b357ad362)
                             
         - HostPlatformViewEv
entEmitter.h (RegularFile, 60
a104ab5b91829797b30d9c283a7b5
0)
                             
         - 
HostPlatformViewProps.h 
(RegularFile, 29fd9038add20ad
bb4dca6b5f8db733b)
                             
         - HostPlatformViewTr
aitsInitializer.h 
(RegularFile, f50d8bc8edf24a4
cbdec1a2e31f98072)
                            
- tvos (Directory, 0b3b039f59
1958ff5568dfe98cf345fe)
                             
 - react (Directory, 8a361967
23ddc407e7d9d3c123fffebd)
                             
   - renderer (Directory, 7b1
5d13022af619f0de1c615e8663830
)
                             
     - components 
(Directory, f26fbfe188f84e041
9b17dbd1a3b99f1)
                             
       - view (Directory, bf0
9960e2fb24e02c445692be81c3e05
)
                             
         - 
HostPlatformTouch.h 
(RegularFile, 6e0747ed425ed52
24b245f4b357ad362)
                             
         - HostPlatformViewEv
entEmitter.h (RegularFile, 60
a104ab5b91829797b30d9c283a7b5
0)
                             
         - 
HostPlatformViewProps.h 
(RegularFile, 05acba299a51bf9
aa5f990b1acc3977b)
                             
         - HostPlatformViewTr
aitsInitializer.h 
(RegularFile, 724d15638b7e916
181aba23df0838fc7)
                          - 
PointerEvent.h (RegularFile, 
16ccbbc33a52de13cecafc81de0bf
587)
                          - 
primitives.h (RegularFile, 3c
bd6fbe9f479b8f1c75f994fea196b
d)
                          - 
propsConversions.h 
(RegularFile, b6651a434d9e660
c43cd898b73f810bf)
                          - 
Touch.h (RegularFile, 7a4ee70
56b1d9f6964abed21de7cd5bb)
                          - 
TouchEvent.h (RegularFile, 09
5500f485817eb67f8cf558f113081
1)
                          - 
TouchEventEmitter.h 
(RegularFile, e642e81568835a7
883f17127ade7d60a)
                          - 
ViewComponentDescriptor.h 
(RegularFile, 4e80b733f2f989f
aad971ad5ec6a517f)
                          - 
ViewEventEmitter.h 
(RegularFile, 24e7f6a54298a38
c585d03f5ff9d2372)
                          - 
ViewProps.h (RegularFile, 735
1eea39bd0d21e0f4e50d97424ea96
)
                          - 
ViewPropsInterpolation.h 
(RegularFile, 3819c4d4cb37a8c
45423bb1311d9e0c6)
                          - 
ViewShadowNode.h 
(RegularFile, 52f9f2c5b0aace3
e7499f210c312fd48)
                          - 
YogaLayoutableShadowNode.h 
(RegularFile, 41b717aa8a9b5e0
2a5796dd967588b46)
                          - 
YogaStylableProps.h 
(RegularFile, 610a43870df1964
8f1e01ccf3f8cba15)
                      - 
consistency (Directory, a021c
ae73bd061d02f1af728b62f7a11)
                        - Sco
pedShadowTreeRevisionLock.h 
(RegularFile, c9001d8e4cb15d4
bce600fc5fc7fe7e0)
                        - Sha
dowTreeRevisionConsistencyMan
ager.h (RegularFile, 2c849add
486bdbe093d33e2a332fc4df)
                      - core 
(Directory, 1e1fb246376a8887e
9608f14dfa65f02)
                        - 
ComponentDescriptor.h 
(RegularFile, 9f016c0f7db9c4e
fb80d45f2070404fc)
                        - Con
creteComponentDescriptor.h 
(RegularFile, 5452950d46a72bb
c9a6677de2ea878b7)
                        - 
ConcreteShadowNode.h 
(RegularFile, 3cbb80fcd433b6e
4b215f69308e9ae47)
                        - 
ConcreteState.h 
(RegularFile, 26729d374c014f7
066d963a40a163d6d)
                        - 
conversions.h (RegularFile, 0
15fee6cb27c7d22cf09613d531622
a7)
                        - 
DynamicEventPayload.h 
(RegularFile, 87d6820722efd37
4f7639bf00c652c84)
                        - 
DynamicPointerEvent.h 
(RegularFile, 77ac957047629b5
4c5002dfb5855a89f)
                        - 
DynamicPropsUtilities.h 
(RegularFile, 830af49a0f116f6
e5a675f6e1d9ae446)
                        - 
EventBeat.h (RegularFile, 97a
acf0c69523aae83ec5d910204d716
)
                        - 
EventDispatcher.h 
(RegularFile, b378f852396e20f
382ba4ab076bbf2e6)
                        - 
EventEmitter.h (RegularFile, 
73f0119f4f1b16bbaa9a505e46571
53c)
                        - 
EventListener.h 
(RegularFile, d622c9e7b11d6bc
0d9db0e742783bf22)
                        - 
EventLogger.h (RegularFile, e
b4875bbaebb5613b3c40753faacc3
b0)
                        - 
EventPayload.h (RegularFile, 
6120df5f62f85898cbb2c0b6aad07
803)
                        - 
EventPayloadType.h 
(RegularFile, f706470536833da
70ccbb93abb0f5070)
                        - 
EventPipe.h (RegularFile, 710
a5de3933ddb38236a763d6ebc57ba
)
                        - 
EventQueue.h (RegularFile, 80
fa76c05abc8c396d77884060b6c7e
1)
                        - 
EventQueueProcessor.h 
(RegularFile, 0ed9333e6fb68b9
2414ca72d8490cc97)
                        - 
EventTarget.h (RegularFile, 9
e94301ff148e692ad8f9cbb4975f9
2c)
                        - 
graphicsConversions.h 
(RegularFile, 153d95e2c6dd67a
c4b08c69cc636ed6e)
                        - 
InstanceHandle.h 
(RegularFile, 455eaf6f62e3387
0ecefe30aa4d9136e)
                        - 
LayoutableShadowNode.h 
(RegularFile, b63e685fc47c376
0fca251d5ea8a9c13)
                        - 
LayoutConstraints.h 
(RegularFile, ca195e540c4e396
4633325d93a45c284)
                        - 
LayoutContext.h 
(RegularFile, b0af658f2204314
ac45a99987645d70f)
                        - 
LayoutMetrics.h 
(RegularFile, 9e0b6f3557dce59
c8c256aac5edc1ce6)
                        - 
LayoutPrimitives.h 
(RegularFile, e6122ec889de6b6
bb6f77664800895e8)
                        - 
Props.h (RegularFile, c9efbd6
1c9a05c8d0de1d3e29ad06383)
                        - 
propsConversions.h 
(RegularFile, f7bd0d1bebec69c
8f3a84adc48bffaf6)
                        - 
PropsMacros.h (RegularFile, 7
9a33b2c1cda797adb55416dde4dbd
a3)
                        - 
PropsParserContext.h 
(RegularFile, 049b70ab0771d42
4acf3362b028c714f)
                        - 
RawEvent.h (RegularFile, 0c66
e81f22822644f1e08ad5d8c77833)
                        - 
RawProps.h (RegularFile, 6679
da5e25b3c4dd17359f6e2458fd19)
                        - 
RawPropsKey.h (RegularFile, e
f3af3c5d5cceb321de67aa46b2c5b
7b)
                        - 
RawPropsKeyMap.h 
(RegularFile, 413240a03239259
073aa822aa76fc664)
                        - 
RawPropsParser.h 
(RegularFile, 278e0f3f8998970
cd3932e098306c064)
                        - 
RawPropsPrimitives.h 
(RegularFile, 135f5ecd17436d4
c23be2acee12cf921)
                        - 
RawValue.h (RegularFile, f565
795a31b21443bf68b7087c1d3125)
                        - 
ReactEventPriority.h 
(RegularFile, 4e862c43693873b
9be20b89544b235cc)
                        - 
ReactPrimitives.h 
(RegularFile, b23a2013770613e
f19ef7ee0f5922d67)
                        - 
ReactRootViewTagGenerator.h 
(RegularFile, cc64fa5a9b174e3
4b583131d3169b1d2)
                        - 
Sealable.h (RegularFile, becb
0473c757bfe25ee8c8320d3bb71a)
                        - 
ShadowNode.h (RegularFile, 46
04139a58c4f04a47c74c1b8ccd3a5
b)
                        - 
ShadowNodeFamily.h 
(RegularFile, a4a801386b9e251
993d6dc38021bf305)
                        - 
ShadowNodeFragment.h 
(RegularFile, c293718abf8aa7f
f927ccb2f64d1ff66)
                        - 
ShadowNodeTraits.h 
(RegularFile, 4edbca31d7ed5c3
e051a35ce2c803528)
                        - 
State.h (RegularFile, e916fef
55236992662ecbbfedd8b8211)
                        - 
StateData.h (RegularFile, 7c7
bcc17abe1ed7d01d5d70ad36cf307
)
                        - 
StatePipe.h (RegularFile, 4f5
c1fae9cb98a527e2776ba51107433
)
                        - 
StateUpdate.h (RegularFile, 1
23fd06103bdabd49f572beb9a54db
a0)
                        - 
tests (Directory, 93ab6b142d5
b153ea6193f0445fa6991)
                          - 
TestComponent.h 
(RegularFile, 58d12ffefc36493
570c495cb2f77c684)
                        - 
ValueFactory.h (RegularFile, 
51b18cbd4c2714dad300b777e79eb
17b)
                        - 
ValueFactoryEventPayload.h 
(RegularFile, a6984639e4283c3
a8d1bea520274401e)
                      - css 
(Directory, fbd069638f8397e5f
cc93cddc3a75f6d)
                        - 
CSSAngle.h (RegularFile, 114c
5e995fbcb30b274f8cfd17d9bed0)
                        - 
CSSAngleUnit.h (RegularFile, 
6ba4edb7765f86251ba7b57a5adbc
0b8)
                        - 
CSSBackgroundImage.h 
(RegularFile, 5fa222b11651a0e
9238702e4cace0011)
                        - 
CSSColor.h (RegularFile, eb68
5bbb6a100081835ee54267a38344)
                        - 
CSSColorFunction.h 
(RegularFile, d54fcb99f690896
c896c490a919e967e)
                        - 
CSSCompoundDataType.h 
(RegularFile, 68ff0a82d44ac61
a40f446e2cb702e9d)
                        - 
CSSDataType.h (RegularFile, 6
c5a3bccb232975dd40db5f6d93b67
50)
                        - 
CSSFilter.h (RegularFile, f58
802b64d542726daa9bc6810e73c01
)
                        - 
CSSFontVariant.h 
(RegularFile, 18b22681560f264
ddcb5968ef6f925c9)
                        - 
CSSHexColor.h (RegularFile, 5
2a0ea0e641f2d240e476d53198645
5a)
                        - 
CSSKeyword.h (RegularFile, 8f
44a3208dbbd52934acc09b5886ba5
0)
                        - 
CSSLength.h (RegularFile, 3b0
8627e3eb86a2f12107b7834e10075
)
                        - 
CSSLengthPercentage.h 
(RegularFile, 053ff32aed563d2
b5a1f4a74913d4ee3)
                        - 
CSSLengthUnit.h 
(RegularFile, 1ce819971ede76c
4363f5546510be3ef)
                        - 
CSSList.h (RegularFile, 30456
856eddbd163d5a6abe36faabe9b)
                        - 
CSSNamedColor.h 
(RegularFile, 403214a6decb2c2
55c3fdb7cb121f1f8)
                        - 
CSSNumber.h (RegularFile, ab2
2b31f0f36f2fa41a86ef7d1e7086b
)
                        - 
CSSPercentage.h 
(RegularFile, 2ab70e138a453ce
70d3b7de380dc5161)
                        - 
CSSRatio.h (RegularFile, 3de1
582bbe53203ff656137f960e81fe)
                        - 
CSSShadow.h (RegularFile, 34b
a8e8fbee499fa4b84b410352a3ed0
)
                        - 
CSSSyntaxParser.h 
(RegularFile, e7a7ff37c6f72d7
d3a7904a844964475)
                        - 
CSSToken.h (RegularFile, 8653
110b0a5f8fb6f10d59fb54f5fac2)
                        - 
CSSTokenizer.h (RegularFile, 
64555996bceb4ee5e530000758c7c
9c5)
                        - 
CSSTransform.h (RegularFile, 
5966b7f50be8f7209a1cec9e30641
2d4)
                        - 
CSSTransformOrigin.h 
(RegularFile, 0f1d7e6dee7370c
faddda5caf97b100d)
                        - 
CSSValueParser.h 
(RegularFile, b43bea6fd8daaf6
579945a23727fcccb)
                        - 
CSSZero.h (RegularFile, 5ed40
2999379acab1834cc7434d0ad88)
                      - 
debug (Directory, 530bfdfb311
028da9d35ffbada847ee3)
                        - 
DebugStringConvertible.h 
(RegularFile, c60e2fef37304a4
fae6ebc17e8c41cbf)
                        - 
DebugStringConvertibleItem.h 
(RegularFile, d131a76e9a0cb21
1020878eb9821285e)
                        - deb
ugStringConvertibleUtils.h 
(RegularFile, 5ac6e7f0133071c
34aee5767dc30e530)
                        - 
flags.h (RegularFile, d3a9f19
3d55c7180bbd66032eb246e8d)
                      - 
graphics (Directory, d0d23de2
e6e6d11634fbad4eddf8aaeb)
                        - 
BackgroundImage.h 
(RegularFile, fb0c12130655f2a
22e0b17c0c7947e72)
                        - 
BackgroundPosition.h 
(RegularFile, fc9e4c9b9413bc6
00b9752b1fc1243c7)
                        - 
BackgroundRepeat.h 
(RegularFile, 8ab8a4100e033d7
341fe7873f4325555)
                        - 
BackgroundSize.h 
(RegularFile, 081e3f2be4f7961
74bf1b09d2ee2b06c)
                        - 
BlendMode.h (RegularFile, ca9
0a6490fcc19fffcdef8a32fdbf159
)
                        - 
BoxShadow.h (RegularFile, 6ae
7a36e37bd57824505295844aca58a
)
                        - 
Color.h (RegularFile, 7899eed
51d356ec87d9fc00b3a82dd37)
                        - 
ColorComponents.h 
(RegularFile, ec0c1cf0d9f44c7
4c3fe8a3a5a25795c)
                        - 
ColorStop.h (RegularFile, 70b
4199c8f33c46e95e63b83cb19d553
)
                        - con
figurePlatformColorCacheInval
idationHook.h (RegularFile, b
dedaeff6dbb8c600708e72485f490
69)
                        - 
conversions.h (RegularFile, e
2a2ae6726092f5add41a2da54f608
d2)
                        - 
Filter.h (RegularFile, 1aa319
629edc6b1363c840fe1b63e8db)
                        - 
Float.h (RegularFile, e5a0e51
805629e8424828938a105d86e)
                        - 
fromRawValueShared.h 
(RegularFile, 8037da24b77080a
03396dd94e174cfa0)
                        - 
Geometry.h (RegularFile, cb3d
eb2da873ff051c149f12f983cb85)
                        - 
HostPlatformColor.h 
(RegularFile, 33e91aebb1ec14a
76bcbd0d46ded4306)
                        - 
Isolation.h (RegularFile, f1d
d3233f3cf2756a133747f443dc245
)
                        - 
LinearGradient.h 
(RegularFile, 28c98ee22913c3b
2ab461c064eba2f04)
                        - 
platform (Directory, 8456abcf
d2be1019e93185c887b786d7)
                          - 
android (Directory, a179f113b
1e2e006d718d028c36d8282)
                            
- react (Directory, 16ed34565
78623e78e42e4667336322a)
                             
 - renderer (Directory, 18bf9
1d0ca2f240883508c119a7bb8dc)
                             
   - graphics (Directory, 9eb
4c0861a288bfe34d3d4332ff97206
)
                             
     - configurePlatformColor
CacheInvalidationHook.h 
(RegularFile, bdedaeff6dbb8c6
00708e72485f49069)
                             
     - Float.h (RegularFile, 
e5a0e51805629e8424828938a105d
86e)
                             
     - HostPlatformColor.h 
(RegularFile, 33e91aebb1ec14a
76bcbd0d46ded4306)
                             
     - PlatformColorParser.h 
(RegularFile, 2778f4ed54709dc
36800d09a97ac4830)
                          - 
cxx (Directory, 5a90f9852eb3d
684143475de60a40a83)
                            
- react (Directory, 2e71d86a0
f80cbce7b7c030e9a7f3a6b)
                             
 - renderer (Directory, 09421
226fea76dddbd8a7847e5e4d8df)
                             
   - graphics (Directory, db6
70a702e9d99f2144be1792d7409cf
)
                             
     - Float.h (RegularFile, 
e5a0e51805629e8424828938a105d
86e)
                             
     - HostPlatformColor.h 
(RegularFile, 7aeb0f6e17af180
6e62586475825f821)
                             
     - PlatformColorParser.h 
(RegularFile, 6bf9ba563f5d75c
b91e68c6fe9037a6a)
                          - 
ios (Directory, fb37a3c446b84
0417b5318b3998b95ce)
                            
- react (Directory, 05d5f58e1
03fbc2bcf8cd832aade5413)
                             
 - renderer (Directory, 83620
47274c77a8adbe75c46513fdc8c)
                             
   - graphics (Directory, b8b
fac912f5e9589f39e1cdec97586e6
)
                             
     - Float.h (RegularFile, 
499e059f199356da0dea8ddc16f44
a16)
                             
     - HostPlatformColor.h 
(RegularFile, e3eebd4598eb7b4
e3902970a08aa7c0d)
                             
     - PlatformColorParser.h 
(RegularFile, dbca61c4ddaf93e
bfea7ef66dd1323a3)
                             
     - 
RCTPlatformColorUtils.h 
(RegularFile, f1525f2601a290a
7bc9fe20a56857ca5)
                        - 
PlatformColorParser.h 
(RegularFile, 2778f4ed54709dc
36800d09a97ac4830)
                        - 
Point.h (RegularFile, b5c996f
be5c68d9c1e57a25276bc6d98)
                        - 
RadialGradient.h 
(RegularFile, a06c0b96debb0e6
f53e0e026432ce654)
                        - 
Rect.h (RegularFile, db79c153
bd808880db8b556c9767e575)
                        - 
RectangleCorners.h 
(RegularFile, f151179955bc487
3ea09261906a0c6fc)
                        - 
RectangleEdges.h 
(RegularFile, ab38bff67ec0523
f17f737f15617e8c7)
                        - 
rounding.h (RegularFile, 6443
56f8cb37fb4a3f8b14b2f35018a0)
                        - 
Size.h (RegularFile, ceb9e8a0
915ec23708996e657f15bd78)
                        - 
Transform.h (RegularFile, 402
700c8879d16ce03d8ce47148e8997
)
                        - 
TransformUtils.h 
(RegularFile, 9f838b0d21b59f5
e5e2ae15bff71774a)
                        - 
ValueUnit.h (RegularFile, 75d
ce40820b26d2b2737ac88cf5061ab
)
                        - 
Vector.h (RegularFile, 0e112f
a74424d5314f1b25b1ac3f94a8)
                      - 
imagemanager (Directory, bf8c
d325385b502b15cc24fa0eb1b1c7)
                        - 
ImageManager.h (RegularFile, 
d1bfb9fa88668fdd8d655d034e670
0b7)
                        - 
ImageRequest.h (RegularFile, 
07d14303f70171c7f92284e2d8ec4
8be)
                        - 
ImageRequestParams.h 
(RegularFile, fc6d5d909d0d0f4
37e751c952187f238)
                        - 
ImageResponse.h 
(RegularFile, 11e9fc1014fb6ed
2f1e32ff9fd4a25ab)
                        - 
ImageResponseObserver.h 
(RegularFile, f2439d883c47a70
bd66f6995bc222e8c)
                        - Ima
geResponseObserverCoordinator
.h (RegularFile, abf34012140e
093558184b6b6ca35e6e)
                        - 
ImageTelemetry.h 
(RegularFile, 6d7863dcb582bd8
acd720909d9387966)
                        - 
platform (Directory, d95852f1
57c6e2ed40b9378a5669d4c8)
                          - 
android (Directory, a13f22af0
aa74ab2b3dab38cc6ec59de)
                            
- react (Directory, d851ae41c
5ca19d208323da2623fb253)
                             
 - renderer (Directory, fc88a
3f5c78174fad5ccaa69d1e51d9e)
                             
   - imagemanager 
(Directory, 6e30abbe8952d479f
fc775dd3513113e)
                             
     - conversions.h 
(RegularFile, b2f59eba0065c2f
cb6594259fe5ed3dd)
                             
     - ImageFetcher.h 
(RegularFile, 28ce7fcf8d31571
359b1f9169121ac9a)
                             
     - ImageRequestParams.h 
(RegularFile, 87aa6f943f31627
f5610c9cb9c5a5284)
                          - 
cxx (Directory, e4282ecf8c26a
8e92f9e36a317f233fe)
                            
- react (Directory, 8fc383d13
811898e1fd6509a52ec75fa)
                             
 - renderer (Directory, e0d94
63c8bcef9fdccde5a2d9274f83e)
                             
   - imagemanager 
(Directory, 7dc874453db4218d1
c63396068097f6b)
                             
     - ImageRequestParams.h 
(RegularFile, fc6d5d909d0d0f4
37e751c952187f238)
                          - 
ios (Directory, 2a1e4c2fb6360
0b6067479fc542cae82)
                            
- react (Directory, bcf97e593
a71707d6c5d821e42420d40)
                             
 - renderer (Directory, 7b9ff
1202c52576d1f475849cc1e5c30)
                             
   - imagemanager 
(Directory, 59809202d7f7d53ae
156dd178b62b2f8)
                             
     - ImageRequestParams.h 
(RegularFile, 048f1aab192c928
5a291a4985079c07f)
                             
     - RCTImageManager.h 
(RegularFile, 37a4c18439671a8
a7f142e38ff418ee7)
                             
     - 
RCTImageManagerProtocol.h 
(RegularFile, 001680d0c4b5dc2
38e73c21fdbc71acd)
                             
     - RCTImagePrimitivesConv
ersions.h (RegularFile, 6d03d
48f84fc9bc1609381f4d6d4fba5)
                             
     - RCTSyncImageManager.h 
(RegularFile, afee1dce0f7b110
8a71bc6b732651b7d)
                        - 
primitives.h (RegularFile, d2
50df7c78f5b6a907904e6940ffb43
7)
                      - 
leakchecker (Directory, 7bae6
9ae38d9a4d55961567265017d64)
                        - 
LeakChecker.h (RegularFile, a
1526c23cd0af286f409494eba9c9e
e3)
                        - 
WeakFamilyRegistry.h 
(RegularFile, 57a51f7de1db699
6c648991d001e34f0)
                      - 
mapbuffer (Directory, f3a671a
b9b9fa3d36dbc82e50bb756ba)
                        - 
MapBuffer.h (RegularFile, 17c
e925735bc303d0cc0f77dad6262b5
)
                        - 
MapBufferBuilder.h 
(RegularFile, 36a4eb29ded8dd6
56dab142887b6d835)
                      - 
mounting (Directory, 0438809a
0282c62e76cd2edce2c95ec0)
                        - 
Differentiator.h 
(RegularFile, 0feea792fd94493
20619655c050f861d)
                        - 
internal (Directory, 6c24a1eb
7fdb2806f4d99c996a74edb6)
                          - 
CullingContext.h 
(RegularFile, 9153db113ebacbf
b9e28777938083248)
                          - 
DiffMap.h (RegularFile, cb308
d0e57714a260a0193f882d74fad)
                          - L
ongestIncreasingSubsequence.h
 (RegularFile, fa5415a683c6a7
a25e4efa10e4e2d440)
                          - 
ShadowViewNodePair.h 
(RegularFile, 43df538067ac80f
b7631a870eeaebddf)
                          - s
liceChildShadowNodeViewPairs.
h (RegularFile, a846d7ea5935c
76f42b50c2017e910a6)
                          - 
TinyMap.h (RegularFile, f5d41
dc2cc16dfa27491a1af92fbac0b)
                        - 
MountingCoordinator.h 
(RegularFile, fbb0b191cc93bd5
0de1a0685026edc85)
                        - 
MountingOverrideDelegate.h 
(RegularFile, c266e517be2ed49
4ee16308bea2acc57)
                        - 
MountingTransaction.h 
(RegularFile, ed2a0012b1d9143
a18b0058eeaabfdb4)
                        - 
ShadowTree.h (RegularFile, 3f
73371c96b4dd235bf414ef542a0b7
c)
                        - 
ShadowTreeDelegate.h 
(RegularFile, 6925d2b51c5cb86
bc00dbf0075dcfd0c)
                        - 
ShadowTreeRegistry.h 
(RegularFile, 53d7ec73b668d82
772573e187615e3a7)
                        - 
ShadowTreeRevision.h 
(RegularFile, 0084b960ea81512
da311ebf7ad40cec1)
                        - 
ShadowView.h (RegularFile, 26
b78b5ce36efde0899557b919f5008
d)
                        - 
ShadowViewMutation.h 
(RegularFile, 79ce87e14e5bce5
7b82d65ed38fc5e0c)
                        - 
stubs (Directory, 13c0f43f0b3
291bdf90f15a3ae152217)
                          - 
stubs.h (RegularFile, 2bec458
bfcd64b392416608f12b8fa35)
                          - 
StubView.h (RegularFile, 8f07
f621bfa008900bf39a1f02c39708)
                          - 
StubViewTree.h (RegularFile, 
7626cb5033e592042e028d028f7d6
0ce)
                        - 
TelemetryController.h 
(RegularFile, e02b47b672471ab
9bda4cb5a91647902)
                        - 
updateMountedFlag.h 
(RegularFile, 257e782bd0520b7
b4c5ee721e721e1e8)
                      - 
observers (Directory, 608186f
e29e1bf2a72b0fc058479fe72)
                        - 
events (Directory, e4393af092
e020dddbd12c618d7301b8)
                          - 
EventPerformanceLogger.h 
(RegularFile, e2121604186ca03
dac89c63f45b57fa7)
                      - 
runtimescheduler (Directory, 
50dad6e6bb9216c2c4eda0fc1af7b
65f)
                        - 
primitives.h (RegularFile, fe
e1b98028bfefd4fa5679a0d87f5fa
0)
                        - 
RuntimeScheduler.h 
(RegularFile, 18731fd06c66bcd
32a843dfa30aff602)
                        - 
RuntimeScheduler_Legacy.h 
(RegularFile, 3a53a07a7540ebc
e4c98fbfae496824b)
                        - 
RuntimeScheduler_Modern.h 
(RegularFile, 18427efba89726d
5d41d87f573497208)
                        - 
RuntimeSchedulerBinding.h 
(RegularFile, 8cbe56f0c94dbd7
4ab59df85e04a71b4)
                        - Run
timeSchedulerCallInvoker.h 
(RegularFile, d8e70fb77d5df8e
719bd7b45a633a8bc)
                        - Run
timeSchedulerEventTimingDeleg
ate.h (RegularFile, d7e2db75d
7e89795025a1d3b9d8fc5bf)
                        - Run
timeSchedulerIntersectionObse
rverDelegate.h (RegularFile, 
dd0e52592baa6b95430d3c485d565
e1f)
                        - 
SchedulerPriorityUtils.h 
(RegularFile, 3fa3ffd601c1cd0
261fb93fae19fcb5c)
                        - 
Task.h (RegularFile, 4c1f4583
c4e8e023eba5ce73307cbd0e)
                        - 
tests (Directory, c51edb07774
1ae7b397942807d8b3322)
                          - 
StubClock.h (RegularFile, c6f
812d793892e194743b4c3d43cb3a5
)
                          - 
StubErrorUtils.h 
(RegularFile, c42af1be4970482
80b2d8516fd2441cc)
                          - 
StubQueue.h (RegularFile, 078
5e1f651163fd9e7d2fd3bc06c866c
)
                      - 
scheduler (Directory, 41bf74a
0223ce0c9a05e83ecc6b387a8)
                        - 
InspectorData.h 
(RegularFile, 873bfb521d063b5
96e05d11fe11bdabf)
                        - 
Scheduler.h (RegularFile, d29
89d0481ad43610786cc98fc74c4ce
)
                        - 
SchedulerDelegate.h 
(RegularFile, 1d3b608315e9245
f7c03880499fd1daa)
                        - 
SchedulerToolbox.h 
(RegularFile, b35e74b18c7b10e
bf784ebe409ddef5d)
                        - 
SurfaceHandler.h 
(RegularFile, 780cdcbf272b257
35c3d5de0bf21dc27)
                        - 
SurfaceManager.h 
(RegularFile, 1aff62020ac26bb
abfe5ded1a82be75f)
                      - 
telemetry (Directory, 2ff4dbd
244456d6e8fcbd7d4f1fd6373)
                        - 
SurfaceTelemetry.h 
(RegularFile, db11a3f974dff7c
06340148d17bde651)
                        - 
TransactionTelemetry.h 
(RegularFile, 97d0a0606f78968
88ef3f6fdbd3e3921)
                      - 
textlayoutmanager 
(Directory, 5a9cee3da926fecd4
2e5052867a4cb3a)
                        - 
JPreparedLayout.h 
(RegularFile, 02992f1b89be3a0
e0b1316f354d834e8)
                        - 
platform (Directory, f78a4ff5
934b939cbedb13dd63ccb8e4)
                          - 
android (Directory, adc17d8d2
4cbe00e76b905435b987196)
                            
- react (Directory, bfbe6b9fd
f4327539bd278129e40f243)
                             
 - renderer (Directory, 2addc
6cd19f2035ff0315b1ede772e72)
                             
   - textlayoutmanager 
(Directory, 97e955eeb4fa2a95b
ff4151da264b22a)
                             
     - JPreparedLayout.h 
(RegularFile, 02992f1b89be3a0
e0b1316f354d834e8)
                             
     - TextLayoutManager.h 
(RegularFile, 4581f5fec313969
71f67540e46af34ec)
                          - 
cxx (Directory, 8239fb049b9d1
4fe42b2b1eda85a860c)
                            
- react (Directory, 23446d0d7
fb7976d7026fb7665c7316a)
                             
 - renderer (Directory, df537
11266b9cdec443b1b505fd1ed31)
                             
   - textlayoutmanager 
(Directory, 617755d8cf8221d3e
b1c51bce6a2f7c2)
                             
     - TextLayoutManager.h 
(RegularFile, b5351bd58be953a
625f415221e9b8cd4)
                          - 
ios (Directory, c91154ead11f0
bc655afeab3bd0bbf36)
                            
- react (Directory, e999a2746
166a22a8e1e761edb8d4cd7)
                             
 - renderer (Directory, 28a6d
e30d2e032ef84e9bc66120bd125)
                             
   - textlayoutmanager 
(Directory, ebdda3b8306c65782
d70efcba0673fdb)
                             
     - 
RCTAttributedTextUtils.h 
(RegularFile, 8e7b57073dd788b
e042f8a7eaa860745)
                             
     - RCTFontProperties.h 
(RegularFile, 069cfd10fe2cec9
a9bcfc4513425616b)
                             
     - RCTFontUtils.h 
(RegularFile, 61b14743026b89e
74858b79d2491c4c8)
                             
     - 
RCTTextLayoutManager.h 
(RegularFile, 76aaeabde159508
c18b2029172afc5a5)
                             
     - RCTTextPrimitivesConve
rsions.h (RegularFile, 58b648
417bb83d0e00f3970c91d61a91)
                             
     - TextLayoutManager.h 
(RegularFile, 7576e7d547cf232
1db1b6e1ecf790ea8)
                        - 
TextLayoutContext.h 
(RegularFile, d8835abed0bf51c
7aa4e0e82c5d843cd)
                        - 
TextLayoutManager.h 
(RegularFile, 4581f5fec313969
71f67540e46af34ec)
                        - 
TextLayoutManagerExtended.h 
(RegularFile, b99648c71b79960
c002a220d040f127f)
                        - 
TextMeasureCache.h 
(RegularFile, 196a431707f9f69
6913fbf0be249bcd0)
                      - 
uimanager (Directory, 3c3421a
5b2bee5f2110488b63975ea45)
                        - 
AppRegistryBinding.h 
(RegularFile, 1613bc2c37a741a
17c811459a9aa50b9)
                        - 
consistency (Directory, 20e29
c6e2551e286bfd3623e47e99c61)
                          - L
azyShadowTreeRevisionConsiste
ncyManager.h (RegularFile, 54
e8e3f1decc9d11e00a9c7a331057e
6)
                          - 
ShadowTreeRevisionProvider.h 
(RegularFile, 6a51f91ce053774
f81334d0d9698af6c)
                        - Lay
outAnimationStatusDelegate.h 
(RegularFile, f6933fa15be9f01
ddb13c8210b13e3bf)
                        - 
PointerEventsProcessor.h 
(RegularFile, 73810a22c717a52
f0c299639f2e06a91)
                        - 
PointerHoverTracker.h 
(RegularFile, 950b32ab6f351d3
188d5081f8bef1c90)
                        - 
primitives.h (RegularFile, 17
a3a9923fff4500819a5205f8c3a44
4)
                        - 
SurfaceRegistryBinding.h 
(RegularFile, e5ea67d137b28c1
ea96aaace5890949d)
                        - 
UIManager.h (RegularFile, fd0
91eed823dd035d4127a1548ef57a1
)
                        - 
UIManagerAnimationBackend.h 
(RegularFile, d376becb37ded6f
c5420be5726d1600a)
                        - 
UIManagerAnimationDelegate.h 
(RegularFile, 770cccd723266ca
746ff6233dc6ca053)
                        - 
UIManagerBinding.h 
(RegularFile, 4aff2f93e148de8
6cf252c33fc44fcab)
                        - 
UIManagerCommitHook.h 
(RegularFile, 689e9acd42e0a3c
fefe0b122a316b633)
                        - 
UIManagerDelegate.h 
(RegularFile, 494794874dfc030
43f61e25b6507aed1)
                        - 
UIManagerMountHook.h 
(RegularFile, 2ff6829b328cab9
80afef888317136d6)
                        - UIM
anagerNativeAnimatedDelegate.
h (RegularFile, 67fb6594cd9de
9cab839bed626bf855f)
                        - UIM
anagerViewTransitionDelegate.
h (RegularFile, 693d3b928539a
1caa9ed8d329b3f0f52)
                      - 
viewtransition (Directory, bd
56ae47a6256c2350b38da9e5f4a31
6)
                        - 
ViewTransitionModule.h 
(RegularFile, bf3e5b274147e66
d244f283d955dce30)
                    - 
runtime (Directory, 2e0ae2b77
10189aa8065102407dd75e6)
                      - 
JSRuntimeBindings.h 
(RegularFile, 5eb35c6411d18a5
35f33858e69194913)
                      - 
JSRuntimeFactory.h 
(RegularFile, 1944543889f6850
c528c9d9382e732c1)
                      - 
JSRuntimeFactoryCAPI.h 
(RegularFile, 6c12041952be61d
7787de754c0ba478f)
                    - timing 
(Directory, 16eaaa45cfc331cd5
6721faa70e84a1b)
                      - 
primitives.h (RegularFile, f8
9d23bec802a79d7f8addebcd35ecb
0)
                    - 
uimanager (Directory, d42b125
c6dee730e134feda9973a7e43)
                      - Compo
nentNameResolverBinding.h 
(RegularFile, a612242c9a7ae73
a5c8cf73437f871af)
                      - 
StateWrapper.h (RegularFile, 
a9c809563d0ee048253b02d9e7993
c92)
                      - 
UIConstantsProviderBinding.h 
(RegularFile, 83fe80689661a36
1a14569eedc52bbc9)
                    - utils 
(Directory, bd9078cec9b4779a8
ed3e3c022773f03)
                      - 
Base64.h (RegularFile, 0ab7ca
6c8568b9dadfd74bcfc9c4eb92)
                      - 
ContextContainer.h 
(RegularFile, 53aa4f10ee5edf9
b43f6f9ba178eddf1)
                      - 
FloatComparison.h 
(RegularFile, d88c6c98d0e4301
bcb5cb7480194e080)
                      - 
fnv1a.h (RegularFile, dbb940f
5a791a19dbde5e0800a4a792c)
                      - 
hash_combine.h (RegularFile, 
f16ed2a902e0c7c11fd7cbd83eba8
7d7)
                      - 
iequals.h (RegularFile, 58263
195135b9945724806fa1a122fd7)
                      - 
jsi-utils.h (RegularFile, c72
9e2a833d0f2c447990233331fa21d
)
                      - 
ManagedObjectWrapper.h 
(RegularFile, f6a3d7f0cd25548
4d04ed10bb274901d)
                      - 
OnScopeExit.h (RegularFile, 3
8a6314ebd15dfcb8837af3ec2b174
cb)
                      - 
PackTraits.h (RegularFile, ad
089ed08fa40988529590dbbd3a158
8)
                      - 
platform (Directory, cd549c71
62538bc0657db8cda1a48a69)
                        - 
android (Directory, 22b3840aa
ff0e7848c71bb87895d4596)
                          - 
react (Directory, a58b2c6ccf2
456dafeb8be75e49f3155)
                            
- utils (Directory, 532c14b64
6323d0c3203b56f9975b033)
                             
 - LowPriorityExecutor.h 
(RegularFile, eb3988953a44558
23f36f9e5e241e1d5)
                        - 
cxx (Directory, e2fba6a2bfa37
683f1a8576c83a7e1c6)
                          - 
react (Directory, 47e88d6b72f
abd5056b81f57cb28dbc0)
                            
- utils (Directory, 4d29c12e2
66d14ee1458baa26ed32542)
                             
 - LowPriorityExecutor.h 
(RegularFile, f3071f3d2516eb6
9eebcac1a9540d45c)
                        - 
ios (Directory, ba1c1bcb9aa30
07012ecb352a10f9a9d)
                          - 
react (Directory, b431eebb558
1dae47a76da4bb4b47b9f)
                            
- utils (Directory, 1c7e1c76f
a209591eb77b798722c46a5)
                             
 - FollyConvert.h 
(RegularFile, cb15e905b91bed4
93f6f6642e44469bb)
                             
 - LowPriorityExecutor.h 
(RegularFile, 22e06fca85f8e12
ad8d243c11292670d)
                      - 
RunLoopObserver.h 
(RegularFile, 083f385d5491320
87cf527202794b604)
                      - 
SharedFunction.h 
(RegularFile, 29190f6b166351d
e098645a5520ebaad)
                      - 
SimpleThreadSafeCache.h 
(RegularFile, 258fd452e68cf55
c39b5cfad7cfc0ef1)
                      - 
Telemetry.h (RegularFile, 4b2
c93fa880380f960d0dccef31e22b4
)
                      - 
TemplateStringLiteral.h 
(RegularFile, e7d7ce9beafa1ea
8f4b2e8df74af1cc3)
                      - 
to_underlying.h 
(RegularFile, d00f519bb9c0533
fecd9f97814e084b4)
                      - 
toLower.h (RegularFile, ec765
177e828db9697c49508d771fa17)
                      - 
Uuid.h (RegularFile, ca258fe1
db815ee3291d696dc2172a51)
                  - 
ReactCommon (Directory, 45407
44af6b3e17b07d471d88a4566cd)
                    - 
BindingsInstallerHolder.h 
(RegularFile, f38903ac31de6a4
0a84a385d89f3a5d8)
                    - 
CallInvoker.h (RegularFile, 5
72ea9812e3e3d9d63e72a3975b289
c3)
                    - 
CallInvokerHolder.h 
(RegularFile, 33336bd252fba67
83f2a717df0be270f)
                    - 
CxxReactPackage.h 
(RegularFile, 40c2ce51deab0a2
7ee412e298a767168)
                    - 
CxxTurboModuleUtils.h 
(RegularFile, 4012cf208610a22
c8f7f4299072ba755)
                    - 
JavaInteropTurboModule.h 
(RegularFile, 4ffd968cc8cc996
c2fb306421be153d9)
                    - 
JavaTurboModule.h 
(RegularFile, 0692a6ddd86bb37
e7debc0edff6a06c0)
                    - NativeM
ethodCallInvokerHolder.h 
(RegularFile, 453758c400c2983
3a194ff004e9bdec1)
                    - 
RuntimeExecutor.h 
(RegularFile, 8c12d8be4962d42
a48b60d3e60e4b849)
                    - 
SchedulerPriority.h 
(RegularFile, d6c50648507eaba
a7752575c3e50e99a)
                    - tests 
(Directory, 039b8eed86d39bdb9
2cc0de8b67a52db)
                      - 
TestCallInvoker.h 
(RegularFile, f52815f11404fc1
a355dfd95ce34b49c)
                    - 
TurboModule.h (RegularFile, 9
d1a00a1b119f7317a7d9ed3d58cbe
b9)
                    - 
TurboModuleBinding.h 
(RegularFile, 5dfeb2bb3af5ad8
e1082b5a0dd7f83ee)
                    - 
TurboModuleManager.h 
(RegularFile, c6a61f2b9b42c33
ab1e4255262828964)
                    - 
TurboModuleManagerDelegate.h 
(RegularFile, c65436f7c71edaa
3efc2b5f1a9d4a738)
                    - 
TurboModulePerfLogger.h 
(RegularFile, d587802c9fcdb79
1865e7cae9194e08d)
                    - 
TurboModuleUtils.h 
(RegularFile, 8e60ecfaae448a3
4af0852377a55fce9)
                    - 
TurboModuleWithJSIBindings.h 
(RegularFile, 4094ab30c789124
7e606e8692ea00739)
                  - rncore.h 
(RegularFile, 843c419d1d2b935
a7cb14c7745494aa4)
                  - 
ScopedGlobalRef.h 
(RegularFile, e4b73a94f2401cf
8eddbe066fb740e37)
                  - 
ScopedLocalRef.h 
(RegularFile, 3d5ae2f1e66d773
20b8bde4eb44e0c60)
                  - tests 
(Directory, d12f74af5abfe2b11
c3533f633c1caf2)
                    - 
TurboModuleTestFixture.h 
(RegularFile, 63b65225d4343d9
74d039387999e6a78)
                  - YGJNI.h 
(RegularFile, 51f6546f507cc86
0287c4b69c6e1f490)
                  - 
YGJNIVanilla.h (RegularFile, 
8ad3ad204ee5dad807e2b7f32c401
6be)
                  - 
YGJTypesVanilla.h 
(RegularFile, f8b536e55d12960
d1c401a6abfa4abdf)
                  - yoga 
(Directory, 7bcd8fac5b68911fc
4f75577b64f682c)
                    - 
algorithm (Directory, d4bc283
6aeb265008e476a1b5e8c3875)
                      - 
AbsoluteLayout.h 
(RegularFile, c70285bfc70c80e
1224599257511d76a)
                      - 
Align.h (RegularFile, 2c25248
03196abd9328ba8939f9c0806)
                      - 
Baseline.h (RegularFile, f57a
122171798c03d7cd100a226b682b)
                      - 
BoundAxis.h (RegularFile, 7a7
be37537b32d241179dd0cc18a288e
)
                      - 
Cache.h (RegularFile, b3fe4cf
73f340df8e9e2b4d4a0272dc5)
                      - 
CalculateLayout.h 
(RegularFile, e350a09de21af81
883439e6d454d14d4)
                      - 
FlexDirection.h 
(RegularFile, 9cdb1f81083126b
b40f8b80a1862d0b1)
                      - 
FlexLine.h (RegularFile, 70ca
616f64e4a91e6ff0d366f49d082a)
                      - 
PixelGrid.h (RegularFile, d3b
673f0e3eb0dee89036c730351c8da
)
                      - 
SizingMode.h (RegularFile, 6b
e842a7ab01a99b0dcfdf953648962
4)
                      - 
TrailingPosition.h 
(RegularFile, d5454d03381252d
d31dbdfc1e32cfa24)
                    - config 
(Directory, b48e24385ce28bde5
359c877ed00157f)
                      - 
Config.h (RegularFile, aba80e
5a9503f0be4d3ec1fa6cb0b66d)
                    - debug 
(Directory, 3035f632ff17ee742
af9fa61a5359e20)
                      - 
AssertFatal.h (RegularFile, 0
58372053e0c6f1d2623f0419c3e1c
3a)
                      - 
Log.h (RegularFile, fa7c31b45
559a8af4f8938a9b0b7d99f)
                    - enums 
(Directory, 5b377e4a7441b97c8
cb84a7170f59c04)
                      - 
Align.h (RegularFile, 7a8bcbd
26f3cc50e11a2492966623913)
                      - 
BoxSizing.h (RegularFile, d5b
5e46c2e060ba47d3f82b9af3e2abd
)
                      - 
Dimension.h (RegularFile, bdf
66a19d043c4d88441f13a57ed673d
)
                      - 
Direction.h (RegularFile, fff
54af3f9ece7a2f34702ac595b8618
)
                      - 
Display.h (RegularFile, 09873
c84afbbc7ba0eded46273b4fa7f)
                      - 
Edge.h (RegularFile, 79565c28
7a1b02c462f815c81cdf3994)
                      - 
Errata.h (RegularFile, 9dce91
0c066bdabe513586e53a4596b5)
                      - 
ExperimentalFeature.h 
(RegularFile, c1977e407c369f2
66977251695a27f96)
                      - 
FlexDirection.h 
(RegularFile, 594cc1c0395f2a1
a96dc5cf930147431)
                      - 
GridTrackType.h 
(RegularFile, 94f6e9e3d0830a8
15881f50dfb28d951)
                      - 
Gutter.h (RegularFile, 38a269
843ed744af02f0449ae6d27b3a)
                      - 
Justify.h (RegularFile, 11307
265e776c9e81f9afc0d81ed990b)
                      - 
LogLevel.h (RegularFile, 0a6a
9ffbdb141b1585da902d996c6205)
                      - 
MeasureMode.h (RegularFile, a
841de0b92dfdb0436dd674399ee1f
18)
                      - 
NodeType.h (RegularFile, 4c06
79dbab6f262a275b2923c61e9e08)
                      - 
Overflow.h (RegularFile, 26b3
7a27e186b73a21964ccdaaafbaca)
                      - 
PhysicalEdge.h (RegularFile, 
c722339705f9e8a18eb20795b9233
e22)
                      - 
PositionType.h (RegularFile, 
ef4646489a5151fa6ef92d8375b41
3bd)
                      - 
Unit.h (RegularFile, 8f0c8c7c
6b2058145a1f8a80e488710d)
                      - 
Wrap.h (RegularFile, e64c0fe3
c8c6ee3ab1a60faf15e79332)
                      - 
YogaEnums.h (RegularFile, 4cd
5515e964eeb206eb7a3662d2981da
)
                    - event 
(Directory, 46b00922404e1dfcf
7dba6f5f9221ce1)
                      - 
event.h (RegularFile, c279062
a392b93765955f50693f0ddd8)
                    - node 
(Directory, 0dbd7b648e2714281
3140def008d8406)
                      - 
CachedMeasurement.h 
(RegularFile, 3f967449563f395
8864882b15d76a326)
                      - 
LayoutableChildren.h 
(RegularFile, a0528d084dd7deb
5f1394fcf25089e52)
                      - 
LayoutResults.h 
(RegularFile, 2e0856046274b0c
d8a61f1e6286b1e22)
                      - 
Node.h (RegularFile, 07974bcd
9525e70eb6e8b3da781060e6)
                    - 
numeric (Directory, d2f68f7d8
9873c4ee6b24aee8af91330)
                      - 
Comparison.h (RegularFile, bc
009730c2fca02b0967fbef9f659ca
2)
                      - 
FloatOptional.h 
(RegularFile, 31f4119815cc8f1
d9e874561ca5c7d66)
                    - style 
(Directory, a09bf3ac266f22455
e59e17cde18ba9c)
                      - 
GridLine.h (RegularFile, 7787
4c2fa3d30b07da04d89da5f010fb)
                      - 
GridTrack.h (RegularFile, 702
285ce45246c8f2b348bb42561fb3d
)
                      - 
SmallValueBuffer.h 
(RegularFile, 2e94a0aa18af6aa
3b81dcd99c75cacd5)
                      - 
Style.h (RegularFile, 6e21660
ae4f142c22190d6a14c368ffb)
                      - 
StyleLength.h (RegularFile, d
bad195b8537419d443327b269f4f7
e0)
                      - 
StyleSizeLength.h 
(RegularFile, 4a177b1c77acc22
d38a412ead1cfc6f5)
                      - 
StyleValueHandle.h 
(RegularFile, 3a47cd16ef003d3
a980f8779dd18a94a)
                      - 
StyleValuePool.h 
(RegularFile, 440d241eb9484c3
0ffac529a9ec2a482)
                    - 
YGConfig.h (RegularFile, 6d64
d39d769763feab572ecbd0822472)
                    - 
YGEnums.h (RegularFile, 389a9
f72d86ee90bac0d08a8683d69e6)
                    - 
YGMacros.h (RegularFile, cc9f
f9ad0e5c23dadbefdcb66c6d302c)
                    - 
YGNode.h (RegularFile, c34ccf
d35ef37a88cd56bfb089447063)
                    - 
YGNodeLayout.h (RegularFile, 
9c8601c284aae9bac9072e97ed68b
ce8)
                    - 
YGNodeStyle.h (RegularFile, f
d3655334a743fbb393ffa26bf98cc
ab)
                    - 
YGPixelGrid.h (RegularFile, 0
583670452e25fd9a7be9f755fe3eb
f7)
                    - 
YGValue.h (RegularFile, 5ebe1
ff1d3e563ad58dc226c52e38b03)
                    - Yoga.h 
(RegularFile, c78914ab683feb0
94c774cd45de4880d)
                  - 
YogaJniException.h 
(RegularFile, a076a185cc4ff00
fa15f3917c8a6e7af)
                - libs 
(Directory, 4ca34fdc3a75f3465
9c70f56920b5471)
                  - 
android.arm64-v8a 
(Directory, 72d105f2e3a5332ed
bcc9a9f0a2121c9)
                    - 
abi.json (RegularFile, 7d6cbc
9c9c339dcc2b4d809c1468b60b)
                    - 
libreactnative.so 
(RegularFile, 3b935ef6e4d9ffa
3e9546b5a7a0c6e0f)
                  - 
android.armeabi-v7a 
(Directory, beeb397a40b3a3662
8ad73e1e110c834)
                    - 
abi.json (RegularFile, ada5fe
b912d85bf24a5b18185cdddbe0)
                    - 
libreactnative.so 
(RegularFile, bdbb77126e2045b
11b47e9807f2af466)
                  - 
android.x86 (Directory, bd47e
dff67efa68b01202c4c222b0f25)
                    - 
abi.json (RegularFile, 3708b5
a00bd7d0d7ee0c7e0f858e6b61)
                    - 
libreactnative.so 
(RegularFile, 91f5d6100f539c3
279c09e4b2cc8594b)
                  - 
android.x86_64 (Directory, 58
15ee45f76f6bbfb7b797d35e790fc
6)
                    - 
abi.json (RegularFile, 3dcf04
e20ecaf8312cf7ec366ca2f16e)
                    - 
libreactnative.so 
(RegularFile, 731674f2c502955
8754b9af6edb6f09c)
                - 
module.json (RegularFile, 671
bdf9ad4e8e70686464d3f36b98c9d
)
            - prefab.json 
(RegularFile, 690cf8084736072
db3920dffb5b46be8)
          - proguard.txt 
(RegularFile, 49d603b48fce184
a96e29ed2ca985933)
          - R.txt 
(RegularFile, 16b9988448669d0
dc70469a305bf0867)
          - res (Directory, a
2c3b6396e171e0186336e8bafb4cc
5f)
            - anim 
(Directory, 1043ca6cf2d656810
6bcc7c67023f17c)
              - 
catalyst_fade_in.xml 
(RegularFile, 049913168e4f5b3
4d13d85457e832600)
              - 
catalyst_fade_out.xml 
(RegularFile, 499563030b5651f
9e76f945bd0a04fed)
              - 
catalyst_push_up_in.xml 
(RegularFile, de662ef8676ae18
13a5baa16e2fc12c1)
              - 
catalyst_push_up_out.xml 
(RegularFile, c5ea59d394760ca
bd8845d88bf8928a8)
              - 
catalyst_slide_down.xml 
(RegularFile, 3560ac7fb051ac0
27d1a4d54e1f6e5d9)
              - 
catalyst_slide_up.xml 
(RegularFile, b5ec737aa2597fd
cf203ef2c6a1463b1)
            - drawable 
(Directory, eea710e0f8a198068
db4fbb57e53d013)
              - 
ic_perf_issue.xml 
(RegularFile, 1f241d656dd9259
2d1736bfe153930f9)
              - paused_in_deb
ugger_background.xml 
(RegularFile, a32f8ef21e913ea
dacd50a4d2a46e5ce)
              - paused_in_deb
ugger_dialog_background.xml 
(RegularFile, db7f2ef0451366d
58b9a5783aa31bcb8)
              - redbox_top_bo
rder_background.xml 
(RegularFile, e1c8b4f7e3a4c1d
fee29e1d5563b59c3)
              - 
ripple_effect.xml 
(RegularFile, e52a16900ae5a78
6030b68b2cbac215f)
            - 
drawable-hdpi-v4 (Directory, 
d44a0ba1ba1132a5ded74b31617e2
f80)
              - 
ic_resume.png (RegularFile, 2
d06836a2acf45d3ed80f260f42ffe
d2)
            - 
drawable-mdpi-v4 (Directory, 
94faf80e854acf173b583771794a3
d5f)
              - 
ic_resume.png (RegularFile, a
7f1fef4c8ee50fef70f44d67e97c0
7f)
            - 
drawable-xhdpi-v4 
(Directory, a6a1b2db9638282ed
66c3e1c64018b89)
              - 
ic_resume.png (RegularFile, d
6ff2ae8cf3fa4948adb85e7104e6c
ff)
            - 
drawable-xxhdpi-v4 
(Directory, b5a8557d16a24ea72
63f1330499bbfa0)
              - 
ic_resume.png (RegularFile, f
20518475749dfa8f77f21eec30d8a
85)
            - 
drawable-xxxhdpi-v4 
(Directory, 30a32845e6b6a72b5
558dfd3a1d6359d)
              - 
ic_resume.png (RegularFile, a
7ec2a58494fafa7086a6bd82c32c6
07)
            - layout 
(Directory, ce8b9afa8e265811f
b8dbc40ac565e49)
              - 
alert_title_layout.xml 
(RegularFile, d7d930aa1c1ac79
1afde5ac0e9348470)
              - 
dev_loading_view.xml 
(RegularFile, 97e1c30f1b2c82f
95780fef1dde1ed36)
              - fps_view.xml 
(RegularFile, a3ce8ea279c5912
a74e8d64c7575f71a)
              - 
paused_in_debugger_view.xml 
(RegularFile, e266c90335f8668
0b2827d292a3b5f7d)
              - 
redbox_item_frame.xml 
(RegularFile, 9416bfc935f1497
0c15b8aa5f9333f59)
              - 
redbox_item_title.xml 
(RegularFile, 1fca3d6775c0a17
708909cef490865fa)
              - 
redbox_view.xml 
(RegularFile, ad5ded68991f0cc
e1887ffc7ad8e9d30)
            - values 
(Directory, d069e6cdb3c1f389e
dc1a08c5e4e59db)
              - values.xml 
(RegularFile, 229cd341fabdf9f
35d32fe1b7bb63731)
            - values-af 
(Directory, 05c204734415a15d1
ddbe5d055fd2ad5)
              - 
values-af.xml (RegularFile, 5
1a6868eb3eb69a04bb84fd5e54e60
a7)
            - values-am 
(Directory, ae3cc6ff12dc9d6fb
b79e8c65908f65f)
              - 
values-am.xml (RegularFile, e
a6a7833cb3e8463fc3f1fe98cf1c2
a1)
            - values-ar 
(Directory, ceafcfafd5c05a231
456a13ff7c220e3)
              - 
values-ar.xml (RegularFile, d
cd141f768b486eb8f8e0cee8b1c4d
31)
            - values-az 
(Directory, 2a438d26bc97fd9ce
04ee924ef2d3c7c)
              - 
values-az.xml (RegularFile, 7
61c011de35d04976a20b2ccd36f4a
e9)
            - values-be 
(Directory, 17f940c4fd87abeda
ea26c2f621dc6fc)
              - 
values-be.xml (RegularFile, 3
5b54b31ab01f8bf04a3fc831fe5f4
4a)
            - values-bg 
(Directory, efbaf4457d300050b
1b727c2d52443a9)
              - 
values-bg.xml (RegularFile, a
f71988d09a1d0259915bdd122fe36
4f)
            - values-bn 
(Directory, 8bd8599593d6e4671
248ba6aff384515)
              - 
values-bn.xml (RegularFile, 0
075a2ffc8defa99bbc4d23d3d21b5
e9)
            - values-cs 
(Directory, 61e48152bb1460548
da97380293a220c)
              - 
values-cs.xml (RegularFile, 9
7807538d2fd8089187b2a21f9b573
1d)
            - values-da 
(Directory, 9bf4f7d03e0c1d54f
f2731238c20d4b0)
              - 
values-da.xml (RegularFile, b
24710ffaca6a78a6bc71d74b55cfe
35)
            - values-de 
(Directory, e614effdfa888a231
d557424e2cf5cd9)
              - 
values-de.xml (RegularFile, 0
426282e683e6922b24ed62204ec21
e3)
            - values-el 
(Directory, cdf28ae895b6bbc2b
6c0134cf5d41b33)
              - 
values-el.xml (RegularFile, 0
5cd9986c82ee2110ba26f8cef9a0d
75)
            - values-en-rGB 
(Directory, 8112b45f956e85f90
1cdd7eac5e0dd47)
              - 
values-en-rGB.xml 
(RegularFile, dfc876d90bbe141
7ef81979b87eb8a3d)
            - values-es 
(Directory, 14d4d39d71aeaecfa
267cc278be1cd8d)
              - 
values-es.xml (RegularFile, 1
ded6c1739bbd3c23183afe3f47211
e7)
            - values-es-rES 
(Directory, a0df0d4559167731f
a9d88ae8cbf4341)
              - 
values-es-rES.xml 
(RegularFile, b6655cda7599a5c
c1ae3ee6a11390cbf)
            - values-et 
(Directory, 4176646c8fe9a1c79
f8d87b37e3c4dfb)
              - 
values-et.xml (RegularFile, 5
ff07572c42821484cf12619ef66dc
9a)
            - values-fa 
(Directory, 4dc392fb074ffb344
4c31854db1d0d75)
              - 
values-fa.xml (RegularFile, d
19bf4a8adcd91ceba23792a9535ed
8e)
            - values-fi 
(Directory, a067232eb8d62932d
2e9c549b7afe7c8)
              - 
values-fi.xml (RegularFile, 2
c8d76efcc25c8950fdfa64d691f34
7f)
            - values-fr 
(Directory, 4801f133b96338db1
a15b030c63957d1)
              - 
values-fr.xml (RegularFile, 4
3ef552492d32e655e05674ab7e6d8
68)
            - values-fr-rCA 
(Directory, bbf8b961d9503311e
5707caee2664c73)
              - 
values-fr-rCA.xml 
(RegularFile, 23a19fa1d02ba52
ab4a371e996f99b15)
            - values-gu 
(Directory, e25450f8c3ed27edb
95ed6994f7f41ac)
              - 
values-gu.xml (RegularFile, c
b0ed3aa9435d6eec92a96df46a9c4
c3)
            - values-hi 
(Directory, 72ef1e6319c458d33
9d13fc5e5b92ac0)
              - 
values-hi.xml (RegularFile, c
87cc860d1b8709d44fc4972cbef2d
d2)
            - values-hr 
(Directory, ee4450df92d70b0ba
bcf3bb2bf69a02a)
              - 
values-hr.xml (RegularFile, b
1f0648f142a7f4d04a62371817696
c2)
            - values-hu 
(Directory, 95a3cbeb64de518c3
cb81f9ae43f87c1)
              - 
values-hu.xml (RegularFile, 2
e6d5563224adc76021c08266b78a0
5a)
            - values-hy 
(Directory, b839fa3e1d716471b
3dbbae128f2579e)
              - 
values-hy.xml (RegularFile, e
31d2d070497f717f149bbe56a014d
aa)
            - values-it 
(Directory, f4804758eb7d3a3c4
916593cd7e0b06b)
              - 
values-it.xml (RegularFile, a
625b9603ce0f06e5fb71c42aa261b
1e)
            - values-iw 
(Directory, 2597db342695388ad
237c6e72e3e2e55)
              - 
values-iw.xml (RegularFile, b
1be948e78f5cbd41759cec9adc099
3b)
            - values-ja 
(Directory, dad48bd51a9e67446
6c2224fed0bc6b9)
              - 
values-ja.xml (RegularFile, 5
1452966c3abc61f06ec9056590f2f
00)
            - values-ka 
(Directory, a84e8ca581289ae55
5ee26d0e217e5bd)
              - 
values-ka.xml (RegularFile, 2
7181bf712bc9cad3d5e1528f96165
53)
            - values-kk 
(Directory, 06cc5c0387d26dcaf
eed3ec2a3e1cd8a)
              - 
values-kk.xml (RegularFile, 2
07a0507268861d4d94c4ee700d5dc
11)
            - values-km 
(Directory, f04e97dee12e13eed
78f801249c48314)
              - 
values-km.xml (RegularFile, 7
70bea8ffcd168c75c9a5f057250ff
e0)
            - values-kn 
(Directory, 14bc73c994a820f70
7fa533faf389955)
              - 
values-kn.xml (RegularFile, 1
d019c4011139d119bbe0efedf88f6
b1)
            - values-ko 
(Directory, a1f9a747226349103
3a9705a0568ebfb)
              - 
values-ko.xml (RegularFile, 5
cbfd4c8037336911c7a48c98aee3e
62)
            - values-ky 
(Directory, 465e0d07a0080924a
723be4574ac918e)
              - 
values-ky.xml (RegularFile, b
eb3b8164e71e159bdcd2c8b10f553
ad)
            - values-lo 
(Directory, 620c265d1e7972e6e
076893402db30d6)
              - 
values-lo.xml (RegularFile, 8
ca0f0e51846e8d743599373fe2a7b
42)
            - values-lt 
(Directory, 9aa5e0a56711f7def
efebe5673be229a)
              - 
values-lt.xml (RegularFile, c
7ea62be97f926dc96b75e36b87908
22)
            - values-lv 
(Directory, ed551b5f5e09c546b
a4c4b422c6f3d26)
              - 
values-lv.xml (RegularFile, d
3cdfdda16c58910d6c803de59bc48
4a)
            - values-mk 
(Directory, e4d8aacc28f9b917b
0cdec22ceebb3ac)
              - 
values-mk.xml (RegularFile, 2
00b20ba5607fd9426d113a954c528
5c)
            - values-ml 
(Directory, e93ebef23ed618bf9
6533cbe7091be98)
              - 
values-ml.xml (RegularFile, 7
588a13f36706b2a0c6315987d7d6d
39)
            - values-mn 
(Directory, ab92a003e4ab06b4d
0661cf6512fd5d8)
              - 
values-mn.xml (RegularFile, 0
b795c746171485462b332990ac50c
bf)
            - values-mr 
(Directory, 338db57be15b1d873
a1dc28c3cbe242a)
              - 
values-mr.xml (RegularFile, c
aee53f5b4418a48aa5e99ea8500d5
b4)
            - values-ms 
(Directory, 9317c1c64edbf16b6
b14366c54947a56)
              - 
values-ms.xml (RegularFile, 8
3a766f980889e93799c4627937f3c
65)
            - values-my 
(Directory, 20de636f92dec5c0f
3d3c0d0297b48f7)
              - 
values-my.xml (RegularFile, 6
4b2d158ba03152e37d9037a9e136a
e8)
            - values-ne 
(Directory, e98026cb140620e04
007981172c205ea)
              - 
values-ne.xml (RegularFile, a
3c59d4400864e0be8236af4c6d5f6
c9)
            - values-nl 
(Directory, 1ae521ba073c3acdc
8897743595add37)
              - 
values-nl.xml (RegularFile, a
da668248218b040f1c1327666ef11
fa)
            - values-pa 
(Directory, 94574798b629ab96a
541c0cfc5dea89d)
              - 
values-pa.xml (RegularFile, e
41dd012b30a26d7879f8131ca6f7e
70)
            - values-pl 
(Directory, 9774ddca828b3f34e
4b698e7fe1ab6e0)
              - 
values-pl.xml (RegularFile, e
86cd8d13948d527ffe672f2b6871c
92)
            - values-pt 
(Directory, 7f19cfce2e0ce4bd2
666beae44937a74)
              - 
values-pt.xml (RegularFile, f
0b2524a812cbffa5ec6f23179086e
9d)
            - values-pt-rPT 
(Directory, 451cb1bc2e93b85a3
bf59d43fabcbef7)
              - 
values-pt-rPT.xml 
(RegularFile, efc2037bcedf998
9ecf3a6d37873eff3)
            - values-ro 
(Directory, 0b83e57b52450de96
be3faad963a9132)
              - 
values-ro.xml (RegularFile, d
561212768c80f99cfc5ead831aedf
91)
            - values-ru 
(Directory, c0e6c73ce25615036
f0ad5d3584f9a0d)
              - 
values-ru.xml (RegularFile, 4
fa908f56cdea1655f070feb85d3b6
ba)
            - values-si 
(Directory, 4cab8e87eb54b3dec
4a0e50ebfa1dcca)
              - 
values-si.xml (RegularFile, 1
a4a803a2378b90d4db68b4c62e4c2
72)
            - values-sk 
(Directory, 67904a91f6daf1e04
062cefbb4e7c898)
              - 
values-sk.xml (RegularFile, f
09a2b0364ca38ac0d0fda84540ac7
59)
            - values-sl 
(Directory, 8f60d7d7b2d9902d4
7f49e64aefbdd9b)
              - 
values-sl.xml (RegularFile, 7
d73e885f2c6feedcc952f0fb9e21e
58)
            - values-sq 
(Directory, da20cd32f1a0dc827
51566a44edace07)
              - 
values-sq.xml (RegularFile, f
2812089df59b97d5a0af90dae03d8
88)
            - values-sr 
(Directory, 2455a07c5978dec76
e7e38fc1c89c62d)
              - 
values-sr.xml (RegularFile, a
9e32b162193383d9d2a66015c46f3
7c)
            - values-sv 
(Directory, 1f97bf7819b4475d8
e36885158704ef8)
              - 
values-sv.xml (RegularFile, b
ec733efff7d3f5e029d4f736c4290
c5)
            - values-sw 
(Directory, 71b0e4815beece446
8dd7fad9b778ffa)
              - 
values-sw.xml (RegularFile, 8
71a7d33829673939de1c286bf9701
04)
            - values-ta 
(Directory, f417c9bf1ab6dd8e9
96bcd75f2d7d301)
              - 
values-ta.xml (RegularFile, 7
3ad10b9a5f23f67455002d200610b
f0)
            - values-te 
(Directory, 1a3f210308593dd55
26208b05ac47ca3)
              - 
values-te.xml (RegularFile, 1
c8e958963d5fa889559cc8804cf3a
bd)
            - values-th 
(Directory, fc8b7f96f4b7bd681
51a3bcf91a4cf4e)
              - 
values-th.xml (RegularFile, 6
c65288a61565c73b6c6edf4cc5a4c
90)
            - values-tr 
(Directory, 8f9bccb16f889cb70
f9c81fd115d5ad5)
              - 
values-tr.xml (RegularFile, 9
0c269a5cbe9a86eec335ef74d1eed
62)
            - values-uk 
(Directory, 7d398f1cda7239dc0
69e92563f519ada)
              - 
values-uk.xml (RegularFile, c
207fc9f49af52f8686325f47d05ac
a5)
            - values-ur 
(Directory, e4f6f0545d74a064e
69cc84ae607da90)
              - 
values-ur.xml (RegularFile, c
2c2bbf89529c0813809989065649c
92)
            - values-vi 
(Directory, 17f30669941c3131c
0de15b81b09dc01)
              - 
values-vi.xml (RegularFile, 6
04abadf740694a2bacdfa65f0bc7b
ea)
            - values-zh-rCN 
(Directory, 03cde88afa1d15572
bd81d6bed2c044c)
              - 
values-zh-rCN.xml 
(RegularFile, 4654c6d8aa65ac2
0a5efb0452950d197)
            - values-zh-rHK 
(Directory, 250e9e4e70f308c50
5139ed89217130d)
              - 
values-zh-rHK.xml 
(RegularFile, 43d172ef3a2f73c
981d8dc43b8cda7ea)
            - values-zh-rTW 
(Directory, 3fe92881aeb255d4e
518269c85e586ff)
              - 
values-zh-rTW.xml 
(RegularFile, 5f0b864e8d98eea
d9384aed1f09a9f6f)
            - xml 
(Directory, 2fc2816dcea6fb0d2
fcdd60c7b30ef8e)
              - 
rn_dev_preferences.xml 
(RegularFile, 4616fffa9300399
4051a3177de04d88f)
     
     resultsFile:
      - results.bin 
(RegularFile, ba0325e0b7a2a8f
3b0a83ae2a9fc1a52)


* Try:
> Run with --stacktrace 
option to get the stack 
trace.
> Run with --info or --debug 
option to get more log 
output.
> Run with --scan to get 
full insights from a Build 
Scan (powered by Develocity).
> Get more help at 
https://help.gradle.org.

BUILD FAILED in 5s

Deprecated Gradle features were used in this build, making it incompatible with Gradle 10.

You can use '--warning-mode all' to show the individual deprecation warnings and determine if they come from your own scripts or plugins.

For more on this, please refer to https://docs.gradle.org/9.3.1/userguide/command_line_interface.html#sec:command_line_warnings in the Gradle documentation.
40 actionable tasks: 1 executed, 39 up-to-date
