> Task :gradle-plugin:settings-plugin:checkKotlinGradlePluginConfigurationErrors SKIPPED
> Task :gradle-plugin:shared:checkKotlinGradlePluginConfigurationErrors SKIPPED
> Task :gradle-plugin:shared:compileKotlin UP-TO-DATE
> Task :gradle-plugin:shared:compileJava NO-SOURCE
> Task :gradle-plugin:shared:processResources NO-SOURCE
> Task :gradle-plugin:shared:classes UP-TO-DATE
> Task :gradle-plugin:shared:jar UP-TO-DATE
> Task :gradle-plugin:settings-plugin:compileKotlin UP-TO-DATE
> Task :gradle-plugin:settings-plugin:compileJava NO-SOURCE
> Task :gradle-plugin:settings-plugin:pluginDescriptors UP-TO-DATE
> Task :gradle-plugin:settings-plugin:processResources UP-TO-DATE
> Task :gradle-plugin:settings-plugin:classes UP-TO-DATE
> Task :gradle-plugin:settings-plugin:jar UP-TO-DATE
> Task :gradle-plugin:react-native-gradle-plugin:checkKotlinGradlePluginConfigurationErrors SKIPPED
> Task :gradle-plugin:react-native-gradle-plugin:compileKotlin UP-TO-DATE
> Task :gradle-plugin:react-native-gradle-plugin:compileJava NO-SOURCE
> Task :gradle-plugin:react-native-gradle-plugin:pluginDescriptors UP-TO-DATE
> Task :gradle-plugin:react-native-gradle-plugin:processResources UP-TO-DATE
> Task :gradle-plugin:react-native-gradle-plugin:classes UP-TO-DATE
> Task :gradle-plugin:react-native-gradle-plugin:jar UP-TO-DATE

> Configure project :react-native-nitro-modules
[NitroModules] ? Your app is boosted by nitro modules!

> Configure project :react-native-quick-crypto
[NitroModules] ? QuickCrypto is boosted by nitro!
[QuickCrypto] Has libsodium disabled!

> Task :app:generateAutolinkingNewArchitectureFiles UP-TO-DATE
> Task :app:generateAutolinkingPackageList UP-TO-DATE
> Task :app:generateCodegenSchemaFromJavaScript SKIPPED
> Task :app:generateCodegenArtifactsFromSchema SKIPPED
> Task :app:generateReactNativeEntryPoint UP-TO-DATE
> Task :react-native-async-storage_async-storage:generateCodegenSchemaFromJavaScript UP-TO-DATE
> Task :react-native-async-storage_async-storage:generateCodegenArtifactsFromSchema UP-TO-DATE
> Task :react-native-async-storage_async-storage:preBuild UP-TO-DATE
> Task :react-native-community_netinfo:generateCodegenSchemaFromJavaScript UP-TO-DATE
> Task :react-native-community_netinfo:generateCodegenArtifactsFromSchema UP-TO-DATE
> Task :react-native-community_netinfo:preBuild UP-TO-DATE
> Task :react-native-get-random-values:generateCodegenSchemaFromJavaScript UP-TO-DATE
> Task :react-native-get-random-values:generateCodegenArtifactsFromSchema UP-TO-DATE
> Task :react-native-get-random-values:preBuild UP-TO-DATE
> Task :react-native-haptic-feedback:generateCodegenSchemaFromJavaScript UP-TO-DATE
> Task :react-native-haptic-feedback:generateCodegenArtifactsFromSchema UP-TO-DATE
> Task :react-native-haptic-feedback:preBuild UP-TO-DATE
> Task :react-native-nitro-modules:generateCodegenSchemaFromJavaScript UP-TO-DATE
> Task :react-native-nitro-modules:generateCodegenArtifactsFromSchema UP-TO-DATE
> Task :react-native-nitro-modules:prepareHeaders UP-TO-DATE
> Task :react-native-nitro-modules:preBuild UP-TO-DATE
> Task :react-native-quick-crypto:generateCodegenSchemaFromJavaScript UP-TO-DATE
> Task :react-native-quick-crypto:generateCodegenArtifactsFromSchema UP-TO-DATE
> Task :react-native-quick-crypto:preBuild UP-TO-DATE
> Task :react-native-quick-sqlite:generateCodegenSchemaFromJavaScript UP-TO-DATE
> Task :react-native-quick-sqlite:generateCodegenArtifactsFromSchema UP-TO-DATE
> Task :react-native-quick-sqlite:preBuild UP-TO-DATE
> Task :react-native-safe-area-context:generateCodegenSchemaFromJavaScript UP-TO-DATE
> Task :react-native-safe-area-context:generateCodegenArtifactsFromSchema UP-TO-DATE
> Task :react-native-safe-area-context:preBuild UP-TO-DATE
> Task :app:preBuild UP-TO-DATE
> Task :app:preDebugBuild UP-TO-DATE
> Task :app:mergeDebugNativeDebugMetadata NO-SOURCE
> Task :app:checkKotlinGradlePluginConfigurationErrors SKIPPED
> Task :app:generateDebugBuildConfig UP-TO-DATE
> Task :react-native-async-storage_async-storage:preDebugBuild UP-TO-DATE
> Task :react-native-async-storage_async-storage:writeDebugAarMetadata UP-TO-DATE
> Task :react-native-community_netinfo:preDebugBuild UP-TO-DATE
> Task :react-native-community_netinfo:writeDebugAarMetadata UP-TO-DATE
> Task :react-native-get-random-values:preDebugBuild UP-TO-DATE
> Task :react-native-get-random-values:writeDebugAarMetadata UP-TO-DATE
> Task :react-native-haptic-feedback:preDebugBuild UP-TO-DATE
> Task :react-native-haptic-feedback:writeDebugAarMetadata UP-TO-DATE
> Task :react-native-nitro-modules:preDebugBuild UP-TO-DATE
> Task :react-native-nitro-modules:writeDebugAarMetadata UP-TO-DATE
> Task :react-native-quick-crypto:preDebugBuild UP-TO-DATE
> Task :react-native-quick-crypto:writeDebugAarMetadata UP-TO-DATE
> Task :react-native-quick-sqlite:preDebugBuild UP-TO-DATE
> Task :react-native-quick-sqlite:writeDebugAarMetadata UP-TO-DATE
> Task :react-native-safe-area-context:preDebugBuild UP-TO-DATE
> Task :react-native-safe-area-context:writeDebugAarMetadata UP-TO-DATE
> Task :app:checkDebugAarMetadata UP-TO-DATE
> Task :app:generateDebugResValues UP-TO-DATE
> Task :react-native-async-storage_async-storage:generateDebugResValues UP-TO-DATE
> Task :react-native-async-storage_async-storage:generateDebugResources UP-TO-DATE
> Task :react-native-async-storage_async-storage:packageDebugResources UP-TO-DATE
> Task :react-native-community_netinfo:generateDebugResValues UP-TO-DATE
> Task :react-native-community_netinfo:generateDebugResources UP-TO-DATE
> Task :react-native-community_netinfo:packageDebugResources UP-TO-DATE
> Task :react-native-get-random-values:generateDebugResValues UP-TO-DATE
> Task :react-native-get-random-values:generateDebugResources UP-TO-DATE
> Task :react-native-get-random-values:packageDebugResources UP-TO-DATE
> Task :react-native-haptic-feedback:generateDebugResValues UP-TO-DATE
> Task :react-native-haptic-feedback:generateDebugResources UP-TO-DATE
> Task :react-native-haptic-feedback:packageDebugResources UP-TO-DATE
> Task :react-native-nitro-modules:generateDebugResValues UP-TO-DATE
> Task :react-native-nitro-modules:generateDebugResources UP-TO-DATE
> Task :react-native-nitro-modules:packageDebugResources UP-TO-DATE
> Task :react-native-quick-crypto:generateDebugResValues UP-TO-DATE
> Task :react-native-quick-crypto:generateDebugResources UP-TO-DATE
> Task :react-native-quick-crypto:packageDebugResources UP-TO-DATE
> Task :react-native-quick-sqlite:generateDebugResValues UP-TO-DATE
> Task :react-native-quick-sqlite:generateDebugResources UP-TO-DATE
> Task :react-native-quick-sqlite:packageDebugResources UP-TO-DATE
> Task :react-native-safe-area-context:generateDebugResValues UP-TO-DATE
> Task :react-native-safe-area-context:generateDebugResources UP-TO-DATE
> Task :react-native-safe-area-context:packageDebugResources UP-TO-DATE
> Task :app:mapDebugSourceSetPaths UP-TO-DATE
> Task :app:generateDebugResources UP-TO-DATE
> Task :app:mergeDebugResources UP-TO-DATE
> Task :app:packageDebugResources UP-TO-DATE
> Task :app:parseDebugLocalResources UP-TO-DATE
> Task :app:createDebugCompatibleScreenManifests UP-TO-DATE
> Task :app:extractDeepLinksDebug UP-TO-DATE
> Task :react-native-async-storage_async-storage:extractDeepLinksDebug UP-TO-DATE
> Task :react-native-async-storage_async-storage:processDebugManifest UP-TO-DATE
> Task :react-native-community_netinfo:extractDeepLinksDebug UP-TO-DATE
> Task :react-native-community_netinfo:processDebugManifest UP-TO-DATE
> Task :react-native-get-random-values:extractDeepLinksDebug UP-TO-DATE
> Task :react-native-get-random-values:processDebugManifest UP-TO-DATE
> Task :react-native-haptic-feedback:extractDeepLinksDebug UP-TO-DATE
> Task :react-native-haptic-feedback:processDebugManifest UP-TO-DATE
> Task :react-native-nitro-modules:extractDeepLinksDebug UP-TO-DATE
> Task :react-native-nitro-modules:processDebugManifest UP-TO-DATE
> Task :react-native-quick-crypto:extractDeepLinksDebug UP-TO-DATE
> Task :react-native-quick-crypto:processDebugManifest UP-TO-DATE
> Task :react-native-quick-sqlite:extractDeepLinksDebug UP-TO-DATE
> Task :react-native-quick-sqlite:processDebugManifest UP-TO-DATE
> Task :react-native-safe-area-context:extractDeepLinksDebug UP-TO-DATE
> Task :react-native-safe-area-context:processDebugManifest UP-TO-DATE
> Task :app:processDebugMainManifest UP-TO-DATE
> Task :app:processDebugManifest UP-TO-DATE
> Task :app:processDebugManifestForPackage UP-TO-DATE
> Task :react-native-async-storage_async-storage:compileDebugLibraryResources UP-TO-DATE
> Task :react-native-async-storage_async-storage:parseDebugLocalResources UP-TO-DATE
> Task :react-native-async-storage_async-storage:generateDebugRFile UP-TO-DATE
> Task :react-native-community_netinfo:compileDebugLibraryResources UP-TO-DATE
> Task :react-native-community_netinfo:parseDebugLocalResources UP-TO-DATE
> Task :react-native-community_netinfo:generateDebugRFile UP-TO-DATE
> Task :react-native-get-random-values:compileDebugLibraryResources UP-TO-DATE
> Task :react-native-get-random-values:parseDebugLocalResources UP-TO-DATE
> Task :react-native-get-random-values:generateDebugRFile UP-TO-DATE
> Task :react-native-haptic-feedback:compileDebugLibraryResources UP-TO-DATE
> Task :react-native-haptic-feedback:parseDebugLocalResources UP-TO-DATE
> Task :react-native-haptic-feedback:generateDebugRFile UP-TO-DATE
> Task :react-native-nitro-modules:compileDebugLibraryResources UP-TO-DATE
> Task :react-native-nitro-modules:parseDebugLocalResources UP-TO-DATE
> Task :react-native-nitro-modules:generateDebugRFile UP-TO-DATE
> Task :react-native-quick-crypto:compileDebugLibraryResources UP-TO-DATE
> Task :react-native-quick-crypto:parseDebugLocalResources UP-TO-DATE
> Task :react-native-quick-crypto:generateDebugRFile UP-TO-DATE
> Task :react-native-quick-sqlite:compileDebugLibraryResources UP-TO-DATE
> Task :react-native-quick-sqlite:parseDebugLocalResources UP-TO-DATE
> Task :react-native-quick-sqlite:generateDebugRFile UP-TO-DATE
> Task :react-native-safe-area-context:compileDebugLibraryResources UP-TO-DATE
> Task :react-native-safe-area-context:parseDebugLocalResources UP-TO-DATE
> Task :react-native-safe-area-context:generateDebugRFile UP-TO-DATE
> Task :app:processDebugResources UP-TO-DATE
> Task :react-native-async-storage_async-storage:checkKotlinGradlePluginConfigurationErrors SKIPPED
> Task :react-native-async-storage_async-storage:generateDebugBuildConfig UP-TO-DATE
> Task :react-native-async-storage_async-storage:kspDebugKotlin UP-TO-DATE
> Task :react-native-async-storage_async-storage:compileDebugKotlin UP-TO-DATE
> Task :react-native-async-storage_async-storage:javaPreCompileDebug UP-TO-DATE
> Task :react-native-async-storage_async-storage:compileDebugJavaWithJavac UP-TO-DATE
> Task :react-native-async-storage_async-storage:bundleLibCompileToJarDebug UP-TO-DATE
> Task :react-native-community_netinfo:generateDebugBuildConfig UP-TO-DATE
> Task :react-native-community_netinfo:javaPreCompileDebug UP-TO-DATE
> Task :react-native-community_netinfo:compileDebugJavaWithJavac UP-TO-DATE
> Task :react-native-community_netinfo:bundleLibCompileToJarDebug UP-TO-DATE
> Task :react-native-get-random-values:generateDebugBuildConfig UP-TO-DATE
> Task :react-native-get-random-values:javaPreCompileDebug UP-TO-DATE
> Task :react-native-get-random-values:compileDebugJavaWithJavac UP-TO-DATE
> Task :react-native-get-random-values:bundleLibCompileToJarDebug UP-TO-DATE
> Task :react-native-haptic-feedback:generateDebugBuildConfig UP-TO-DATE
> Task :react-native-haptic-feedback:javaPreCompileDebug UP-TO-DATE
> Task :react-native-haptic-feedback:compileDebugJavaWithJavac UP-TO-DATE
> Task :react-native-haptic-feedback:bundleLibCompileToJarDebug UP-TO-DATE
> Task :react-native-nitro-modules:checkKotlinGradlePluginConfigurationErrors SKIPPED
> Task :react-native-nitro-modules:generateDebugBuildConfig UP-TO-DATE
> Task :react-native-nitro-modules:compileDebugKotlin UP-TO-DATE
> Task :react-native-nitro-modules:javaPreCompileDebug UP-TO-DATE
> Task :react-native-nitro-modules:compileDebugJavaWithJavac UP-TO-DATE
> Task :react-native-nitro-modules:bundleLibCompileToJarDebug UP-TO-DATE
> Task :react-native-quick-crypto:checkKotlinGradlePluginConfigurationErrors SKIPPED
> Task :react-native-quick-crypto:generateDebugBuildConfig UP-TO-DATE
> Task :react-native-quick-crypto:compileDebugKotlin UP-TO-DATE
> Task :react-native-quick-crypto:javaPreCompileDebug UP-TO-DATE
> Task :react-native-quick-crypto:compileDebugJavaWithJavac UP-TO-DATE
> Task :react-native-quick-crypto:bundleLibCompileToJarDebug UP-TO-DATE
> Task :react-native-quick-sqlite:checkKotlinGradlePluginConfigurationErrors SKIPPED
> Task :react-native-quick-sqlite:generateDebugBuildConfig UP-TO-DATE
> Task :react-native-quick-sqlite:compileDebugKotlin NO-SOURCE
> Task :react-native-quick-sqlite:javaPreCompileDebug UP-TO-DATE
> Task :react-native-quick-sqlite:compileDebugJavaWithJavac UP-TO-DATE
> Task :react-native-quick-sqlite:bundleLibCompileToJarDebug UP-TO-DATE
> Task :react-native-safe-area-context:checkKotlinGradlePluginConfigurationErrors SKIPPED
> Task :react-native-safe-area-context:generateDebugBuildConfig UP-TO-DATE
> Task :react-native-safe-area-context:compileDebugKotlin UP-TO-DATE
> Task :react-native-safe-area-context:javaPreCompileDebug UP-TO-DATE
> Task :react-native-safe-area-context:compileDebugJavaWithJavac UP-TO-DATE
> Task :react-native-safe-area-context:bundleLibCompileToJarDebug UP-TO-DATE
> Task :app:compileDebugKotlin UP-TO-DATE
> Task :app:javaPreCompileDebug UP-TO-DATE
> Task :app:compileDebugJavaWithJavac UP-TO-DATE
> Task :app:mergeDebugShaders UP-TO-DATE
> Task :app:compileDebugShaders NO-SOURCE
> Task :app:generateDebugAssets UP-TO-DATE
> Task :react-native-async-storage_async-storage:mergeDebugShaders UP-TO-DATE
> Task :react-native-async-storage_async-storage:compileDebugShaders NO-SOURCE
> Task :react-native-async-storage_async-storage:generateDebugAssets UP-TO-DATE
> Task :react-native-async-storage_async-storage:mergeDebugAssets UP-TO-DATE
> Task :react-native-community_netinfo:mergeDebugShaders UP-TO-DATE
> Task :react-native-community_netinfo:compileDebugShaders NO-SOURCE
> Task :react-native-community_netinfo:generateDebugAssets UP-TO-DATE
> Task :react-native-community_netinfo:mergeDebugAssets UP-TO-DATE
> Task :react-native-get-random-values:mergeDebugShaders UP-TO-DATE
> Task :react-native-get-random-values:compileDebugShaders NO-SOURCE
> Task :react-native-get-random-values:generateDebugAssets UP-TO-DATE
> Task :react-native-get-random-values:mergeDebugAssets UP-TO-DATE
> Task :react-native-haptic-feedback:mergeDebugShaders UP-TO-DATE
> Task :react-native-haptic-feedback:compileDebugShaders NO-SOURCE
> Task :react-native-haptic-feedback:generateDebugAssets UP-TO-DATE
> Task :react-native-haptic-feedback:mergeDebugAssets UP-TO-DATE
> Task :react-native-nitro-modules:mergeDebugShaders UP-TO-DATE
> Task :react-native-nitro-modules:compileDebugShaders NO-SOURCE
> Task :react-native-nitro-modules:generateDebugAssets UP-TO-DATE
> Task :react-native-nitro-modules:mergeDebugAssets UP-TO-DATE
> Task :react-native-quick-crypto:mergeDebugShaders UP-TO-DATE
> Task :react-native-quick-crypto:compileDebugShaders NO-SOURCE
> Task :react-native-quick-crypto:generateDebugAssets UP-TO-DATE
> Task :react-native-quick-crypto:mergeDebugAssets UP-TO-DATE
> Task :react-native-quick-sqlite:mergeDebugShaders UP-TO-DATE
> Task :react-native-quick-sqlite:compileDebugShaders NO-SOURCE
> Task :react-native-quick-sqlite:generateDebugAssets UP-TO-DATE
> Task :react-native-quick-sqlite:mergeDebugAssets UP-TO-DATE
> Task :react-native-safe-area-context:mergeDebugShaders UP-TO-DATE
> Task :react-native-safe-area-context:compileDebugShaders NO-SOURCE
> Task :react-native-safe-area-context:generateDebugAssets UP-TO-DATE
> Task :react-native-safe-area-context:mergeDebugAssets UP-TO-DATE
> Task :app:mergeDebugAssets UP-TO-DATE
> Task :app:compressDebugAssets UP-TO-DATE
> Task :react-native-async-storage_async-storage:bundleLibRuntimeToJarDebug UP-TO-DATE
> Task :react-native-quick-crypto:bundleLibRuntimeToJarDebug UP-TO-DATE
> Task :react-native-nitro-modules:bundleLibRuntimeToJarDebug UP-TO-DATE
> Task :react-native-quick-sqlite:bundleLibRuntimeToJarDebug UP-TO-DATE
> Task :react-native-safe-area-context:bundleLibRuntimeToJarDebug UP-TO-DATE
> Task :react-native-community_netinfo:bundleLibRuntimeToJarDebug UP-TO-DATE
> Task :react-native-get-random-values:bundleLibRuntimeToJarDebug UP-TO-DATE
> Task :react-native-haptic-feedback:bundleLibRuntimeToJarDebug UP-TO-DATE
> Task :app:desugarDebugFileDependencies UP-TO-DATE
> Task :app:dexBuilderDebug UP-TO-DATE
> Task :app:mergeDebugGlobalSynthetics UP-TO-DATE
> Task :app:processDebugJavaRes UP-TO-DATE
> Task :react-native-async-storage_async-storage:processDebugJavaRes UP-TO-DATE
> Task :react-native-community_netinfo:processDebugJavaRes NO-SOURCE
> Task :react-native-get-random-values:processDebugJavaRes NO-SOURCE
> Task :react-native-haptic-feedback:processDebugJavaRes NO-SOURCE
> Task :react-native-nitro-modules:processDebugJavaRes UP-TO-DATE
> Task :react-native-quick-crypto:processDebugJavaRes UP-TO-DATE
> Task :react-native-quick-sqlite:processDebugJavaRes NO-SOURCE
> Task :react-native-safe-area-context:processDebugJavaRes UP-TO-DATE
> Task :app:mergeDebugJavaResource UP-TO-DATE
> Task :app:checkDebugDuplicateClasses UP-TO-DATE
> Task :app:mergeExtDexDebug UP-TO-DATE
> Task :react-native-async-storage_async-storage:bundleLibRuntimeToDirDebug UP-TO-DATE
> Task :react-native-quick-crypto:bundleLibRuntimeToDirDebug UP-TO-DATE
> Task :react-native-nitro-modules:bundleLibRuntimeToDirDebug UP-TO-DATE
> Task :react-native-quick-sqlite:bundleLibRuntimeToDirDebug UP-TO-DATE
> Task :react-native-safe-area-context:bundleLibRuntimeToDirDebug UP-TO-DATE
> Task :react-native-community_netinfo:bundleLibRuntimeToDirDebug UP-TO-DATE
> Task :react-native-get-random-values:bundleLibRuntimeToDirDebug UP-TO-DATE
> Task :react-native-haptic-feedback:bundleLibRuntimeToDirDebug UP-TO-DATE
> Task :app:mergeProjectDexDebug UP-TO-DATE
> Task :react-native-nitro-modules:configureCMakeDebug[arm64-v8a]
> Task :app:mergeLibDexDebug UP-TO-DATE
> Task :react-native-nitro-modules:buildCMakeDebug[arm64-v8a]
> Task :react-native-nitro-modules:configureCMakeDebug[armeabi-v7a]
> Task :react-native-nitro-modules:buildCMakeDebug[armeabi-v7a]
> Task :react-native-nitro-modules:configureCMakeDebug[x86]
> Task :react-native-nitro-modules:buildCMakeDebug[x86]
> Task :react-native-nitro-modules:configureCMakeDebug[x86_64]
> Task :react-native-nitro-modules:buildCMakeDebug[x86_64]
> Task :react-native-nitro-modules:externalNativeBuildDebug
> Task :react-native-nitro-modules:generateJsonModelDebug
> Task :react-native-nitro-modules:prefabDebugConfigurePackage
> Task :app:configureCMakeDebug[arm64-v8a]
> Task :react-native-nitro-modules:prefabDebugPackage UP-TO-DATE

> Task :app:buildCMakeDebug[arm64-v8a]
C/C++: ninja: Entering directory `C:\Users\MANCHEM HIMESH\OneDrive\Desktop\AttendanceApp\android\app\.cxx\Debug\2u6k3s5l\arm64-v8a'
C/C++: In file included from C:/Users/MANCHEM HIMESH/OneDrive/Desktop/AttendanceApp/node_modules/react-native-get-random-values/android/build/generated/source/codegen/jni/react/renderer/components/RNGetRandomValuesSpec/Props.cpp:13:
C/C++: In file included from C:/Users/MANCHEM HIMESH/.gradle/caches/9.3.1/transforms/236808c8bf210c3c94b027618281850c/workspace/transformed/react-android-0.86.2-debug/prefab/modules/reactnative/include/react/renderer/core/propsConversions.h:15:
C/C++: C:/Users/MANCHEM HIMESH/.gradle/caches/9.3.1/transforms/236808c8bf210c3c94b027618281850c/workspace/transformed/react-android-0.86.2-debug/prefab/modules/reactnative/include/react/renderer/core/graphicsConversions.h:71:14: error: no member named 'format' in namespace 'std'; did you mean 'folly::format'?
C/C++:       return std::format("{}%", dimension.value);
C/C++:              ^~~~~
C/C++: C:/Users/MANCHEM HIMESH/.gradle/caches/9.3.1/transforms/236808c8bf210c3c94b027618281850c/workspace/transformed/react-android-0.86.2-debug/prefab/modules/reactnative/include/folly/Format.h:291:1: note: 'folly::format' declared here
C/C++: format(StringPiece fmt, Args&&... args) {
C/C++: ^
C/C++: In file included from C:/Users/MANCHEM HIMESH/OneDrive/Desktop/AttendanceApp/node_modules/react-native-get-random-values/android/build/generated/source/codegen/jni/react/renderer/components/RNGetRandomValuesSpec/Props.cpp:13:
C/C++: In file included from C:/Users/MANCHEM HIMESH/.gradle/caches/9.3.1/transforms/236808c8bf210c3c94b027618281850c/workspace/transformed/react-android-0.86.2-debug/prefab/modules/reactnative/include/react/renderer/core/propsConversions.h:15:
C/C++: C:/Users/MANCHEM HIMESH/.gradle/caches/9.3.1/transforms/236808c8bf210c3c94b027618281850c/workspace/transformed/react-android-0.86.2-debug/prefab/modules/reactnative/include/react/renderer/core/graphicsConversions.h:71:14: error: no viable conversion from returned value of type 'Formatter<false, const float &>' to function return type 'folly::dynamic'
C/C++:       return std::format("{}%", dimension.value);
C/C++:              ^~~~~~~~~~~~~~~~~~~~~~~~~~~~~~~~~~~
C/C++: C:/Users/MANCHEM HIMESH/.gradle/caches/9.3.1/transforms/236808c8bf210c3c94b027618281850c/workspace/transformed/react-android-0.86.2-debug/prefab/modules/reactnative/include/folly/json/dynamic.h:238:18: note: candidate constructor not viable: no known conversion from 'Formatter<false, const float &>' to 'const ObjectMaker &' for 1st argument
C/C++:   /* implicit */ dynamic(ObjectMaker const&) = delete;
C/C++:                  ^
C/C++: C:/Users/MANCHEM HIMESH/.gradle/caches/9.3.1/transforms/236808c8bf210c3c94b027618281850c/workspace/transformed/react-android-0.86.2-debug/prefab/modules/reactnative/include/folly/json/dynamic.h:289:3: note: candidate constructor not viable: no known conversion from 'Formatter<false, const float &>' to 'const dynamic &' for 1st argument
C/C++:   dynamic(dynamic const&);
C/C++:   ^
C/C++: C:/Users/MANCHEM HIMESH/.gradle/caches/9.3.1/transforms/236808c8bf210c3c94b027618281850c/workspace/transformed/react-android-0.86.2-debug/prefab/modules/reactnative/include/folly/json/dynamic.h:290:3: note: candidate constructor not viable: no known conversion from 'Formatter<false, const float &>' to 'dynamic &&' for 1st argument
C/C++:   dynamic(dynamic&&) noexcept;
C/C++:   ^
C/C++: C:/Users/MANCHEM HIMESH/.gradle/caches/9.3.1/transforms/236808c8bf210c3c94b027618281850c/workspace/transformed/react-android-0.86.2-debug/prefab/modules/reactnative/include/folly/json/dynamic-inl.h:321:17: note: candidate constructor not viable: no known conversion from 'Formatter<false, const float &>' to 'std::nullptr_t' for 1st argument
C/C++: inline dynamic::dynamic(std::nullptr_t) : type_(NULLT) {}
C/C++:                 ^
C/C++: C:/Users/MANCHEM HIMESH/.gradle/caches/9.3.1/transforms/236808c8bf210c3c94b027618281850c/workspace/transformed/react-android-0.86.2-debug/prefab/modules/reactnative/include/folly/json/dynamic-inl.h:323:17: note: candidate constructor not viable: no known conversion from 'Formatter<false, const float &>' to 'void (*)(EmptyArrayTag)' for 1st argument
C/C++: inline dynamic::dynamic(void (*)(EmptyArrayTag)) : type_(ARRAY) {
C/C++:                 ^
C/C++: C:/Users/MANCHEM HIMESH/.gradle/caches/9.3.1/transforms/236808c8bf210c3c94b027618281850c/workspace/transformed/react-android-0.86.2-debug/prefab/modules/reactnative/include/folly/json/dynamic-inl.h:327:17: note: candidate constructor not viable: no known conversion from 'Formatter<false, const float &>' to 'ObjectMaker (*)()' for 1st argument
C/C++: inline dynamic::dynamic(ObjectMaker (*)()) : type_(OBJECT) {
C/C++:                 ^
C/C++: C:/Users/MANCHEM HIMESH/.gradle/caches/9.3.1/transforms/236808c8bf210c3c94b027618281850c/workspace/transformed/react-android-0.86.2-debug/prefab/modules/reactnative/include/folly/json/dynamic-inl.h:331:17: note: candidate constructor not viable: no known conversion from 'Formatter<false, const float &>' to 'const char *' for 1st argument
C/C++: inline dynamic::dynamic(char const* s) : type_(STRING) {
C/C++:                 ^
C/C++: C:/Users/MANCHEM HIMESH/.gradle/caches/9.3.1/transforms/236808c8bf210c3c94b027618281850c/workspace/transformed/react-android-0.86.2-debug/prefab/modules/reactnative/include/folly/json/dynamic-inl.h:335:17: note: candidate constructor not viable: no known conversion from 'Formatter<false, const float &>' to 'std::string' (aka 'basic_string<char>') for 1st argument
C/C++: inline dynamic::dynamic(std::string s) : type_(STRING) {
C/C++:                 ^
C/C++: C:/Users/MANCHEM HIMESH/.gradle/caches/9.3.1/transforms/236808c8bf210c3c94b027618281850c/workspace/transformed/react-android-0.86.2-debug/prefab/modules/reactnative/include/folly/json/dynamic-inl.h:344:17: note: candidate constructor not viable: no known conversion from 'Formatter<false, const float &>' to 'ObjectMaker &&' for 1st argument
C/C++: inline dynamic::dynamic(ObjectMaker&& maker) : type_(OBJECT) {
C/C++:                 ^
C/C++: C:/Users/MANCHEM HIMESH/.gradle/caches/9.3.1/transforms/236808c8bf210c3c94b027618281850c/workspace/transformed/react-android-0.86.2-debug/prefab/modules/reactnative/include/folly/json/dynamic-inl.h:376:17: note: candidate constructor not viable: no known conversion from 'Formatter<false, const float &>' to 'std::vector<bool>::reference' (aka '__bit_reference<vector<bool, allocator<bool>>>') for 1st argument
C/C++: inline dynamic::dynamic(std::vector<bool>::reference b)
C/C++:                 ^
C/C++: C:/Users/MANCHEM HIMESH/.gradle/caches/9.3.1/transforms/236808c8bf210c3c94b027618281850c/workspace/transformed/react-android-0.86.2-debug/prefab/modules/reactnative/include/folly/json/dynamic-inl.h:378:17: note: candidate constructor not viable: no known conversion from 'Formatter<false, const float &>' to 'VectorBoolConstRefCtorType' (aka 'std::__bit_const_reference<std::vector<bool>>') for 1st argument
C/C++: inline dynamic::dynamic(VectorBoolConstRefCtorType b)
C/C++:                 ^
C/C++: C:/Users/MANCHEM HIMESH/.gradle/caches/9.3.1/transforms/236808c8bf210c3c94b027618281850c/workspace/transformed/react-android-0.86.2-debug/prefab/modules/reactnative/include/folly/json/dynamic-inl.h:340:17: note: candidate template ignored: requirement 'is_detected_v<folly::dynamic_detail::detect_construct_string, folly::Formatter<false, const float &>>' was not satisfied [with Stringish = Formatter<false, const float &>]
C/C++: inline dynamic::dynamic(Stringish&& s) : type_(STRING) {
C/C++:                 ^
C/C++: C:/Users/MANCHEM HIMESH/.gradle/caches/9.3.1/transforms/236808c8bf210c3c94b027618281850c/workspace/transformed/react-android-0.86.2-debug/prefab/modules/reactnative/include/folly/json/dynamic-inl.h:384:10: note: candidate template ignored: substitution failure [with T = Formatter<false, const float &>]: implicit instantiation of undefined template 'folly::dynamic::NumericTypeHelper<folly::Formatter<false, const float &>>'
C/C++: dynamic::dynamic(T t) {
C/C++:          ^
C/C++: C:/Users/MANCHEM HIMESH/.gradle/caches/9.3.1/transforms/236808c8bf210c3c94b027618281850c/workspace/transformed/react-android-0.86.2-debug/prefab/modules/reactnative/include/folly/json/dynamic.h:1115:12: note: explicit constructor is not a candidate
C/C++:   explicit dynamic(Array&& r);
C/C++:            ^
C/C++: 2 errors generated.
C/C++: In file included from C:/Users/MANCHEM HIMESH/OneDrive/Desktop/AttendanceApp/node_modules/@react-native-community/netinfo/android/build/generated/source/codegen/jni/react/renderer/components/RNCNetInfoSpec/Props.cpp:13:
C/C++: In file included from C:/Users/MANCHEM HIMESH/.gradle/caches/9.3.1/transforms/236808c8bf210c3c94b027618281850c/workspace/transformed/react-android-0.86.2-debug/prefab/modules/reactnative/include/react/renderer/core/propsConversions.h:15:
C/C++: C:/Users/MANCHEM HIMESH/.gradle/caches/9.3.1/transforms/236808c8bf210c3c94b027618281850c/workspace/transformed/react-android-0.86.2-debug/prefab/modules/reactnative/include/react/renderer/core/graphicsConversions.h:71:14: error: no member named 'format' in namespace 'std'; did you mean 'folly::format'?
C/C++:       return std::format("{}%", dimension.value);
C/C++:              ^~~~~
C/C++: C:/Users/MANCHEM HIMESH/.gradle/caches/9.3.1/transforms/236808c8bf210c3c94b027618281850c/workspace/transformed/react-android-0.86.2-debug/prefab/modules/reactnative/include/folly/Format.h:291:1: note: 'folly::format' declared here
C/C++: format(StringPiece fmt, Args&&... args) {
C/C++: ^
C/C++: In file included from C:/Users/MANCHEM HIMESH/OneDrive/Desktop/AttendanceApp/node_modules/@react-native-community/netinfo/android/build/generated/source/codegen/jni/react/renderer/components/RNCNetInfoSpec/Props.cpp:13:
C/C++: In file included from C:/Users/MANCHEM HIMESH/.gradle/caches/9.3.1/transforms/236808c8bf210c3c94b027618281850c/workspace/transformed/react-android-0.86.2-debug/prefab/modules/reactnative/include/react/renderer/core/propsConversions.h:15:
C/C++: C:/Users/MANCHEM HIMESH/.gradle/caches/9.3.1/transforms/236808c8bf210c3c94b027618281850c/workspace/transformed/react-android-0.86.2-debug/prefab/modules/reactnative/include/react/renderer/core/graphicsConversions.h:71:14: error: no viable conversion from returned value of type 'Formatter<false, const float &>' to function return type 'folly::dynamic'
C/C++:       return std::format("{}%", dimension.value);
C/C++:              ^~~~~~~~~~~~~~~~~~~~~~~~~~~~~~~~~~~
C/C++: C:/Users/MANCHEM HIMESH/.gradle/caches/9.3.1/transforms/236808c8bf210c3c94b027618281850c/workspace/transformed/react-android-0.86.2-debug/prefab/modules/reactnative/include/folly/json/dynamic.h:238:18: note: candidate constructor not viable: no known conversion from 'Formatter<false, const float &>' to 'const ObjectMaker &' for 1st argument
C/C++:   /* implicit */ dynamic(ObjectMaker const&) = delete;
C/C++:                  ^
C/C++: C:/Users/MANCHEM HIMESH/.gradle/caches/9.3.1/transforms/236808c8bf210c3c94b027618281850c/workspace/transformed/react-android-0.86.2-debug/prefab/modules/reactnative/include/folly/json/dynamic.h:289:3: note: candidate constructor not viable: no known conversion from 'Formatter<false, const float &>' to 'const dynamic &' for 1st argument
C/C++:   dynamic(dynamic const&);
C/C++:   ^
C/C++: C:/Users/MANCHEM HIMESH/.gradle/caches/9.3.1/transforms/236808c8bf210c3c94b027618281850c/workspace/transformed/react-android-0.86.2-debug/prefab/modules/reactnative/include/folly/json/dynamic.h:290:3: note: candidate constructor not viable: no known conversion from 'Formatter<false, const float &>' to 'dynamic &&' for 1st argument
C/C++:   dynamic(dynamic&&) noexcept;
C/C++:   ^
C/C++: C:/Users/MANCHEM HIMESH/.gradle/caches/9.3.1/transforms/236808c8bf210c3c94b027618281850c/workspace/transformed/react-android-0.86.2-debug/prefab/modules/reactnative/include/folly/json/dynamic-inl.h:321:17: note: candidate constructor not viable: no known conversion from 'Formatter<false, const float &>' to 'std::nullptr_t' for 1st argument
C/C++: inline dynamic::dynamic(std::nullptr_t) : type_(NULLT) {}
C/C++:                 ^
C/C++: C:/Users/MANCHEM HIMESH/.gradle/caches/9.3.1/transforms/236808c8bf210c3c94b027618281850c/workspace/transformed/react-android-0.86.2-debug/prefab/modules/reactnative/include/folly/json/dynamic-inl.h:323:17: note: candidate constructor not viable: no known conversion from 'Formatter<false, const float &>' to 'void (*)(EmptyArrayTag)' for 1st argument
C/C++: inline dynamic::dynamic(void (*)(EmptyArrayTag)) : type_(ARRAY) {
C/C++:                 ^
C/C++: C:/Users/MANCHEM HIMESH/.gradle/caches/9.3.1/transforms/236808c8bf210c3c94b027618281850c/workspace/transformed/react-android-0.86.2-debug/prefab/modules/reactnative/include/folly/json/dynamic-inl.h:327:17: note: candidate constructor not viable: no known conversion from 'Formatter<false, const float &>' to 'ObjectMaker (*)()' for 1st argument
C/C++: inline dynamic::dynamic(ObjectMaker (*)()) : type_(OBJECT) {
C/C++:                 ^
C/C++: C:/Users/MANCHEM HIMESH/.gradle/caches/9.3.1/transforms/236808c8bf210c3c94b027618281850c/workspace/transformed/react-android-0.86.2-debug/prefab/modules/reactnative/include/folly/json/dynamic-inl.h:331:17: note: candidate constructor not viable: no known conversion from 'Formatter<false, const float &>' to 'const char *' for 1st argument
C/C++: inline dynamic::dynamic(char const* s) : type_(STRING) {
C/C++:                 ^
C/C++: C:/Users/MANCHEM HIMESH/.gradle/caches/9.3.1/transforms/236808c8bf210c3c94b027618281850c/workspace/transformed/react-android-0.86.2-debug/prefab/modules/reactnative/include/folly/json/dynamic-inl.h:335:17: note: candidate constructor not viable: no known conversion from 'Formatter<false, const float &>' to 'std::string' (aka 'basic_string<char>') for 1st argument
C/C++: inline dynamic::dynamic(std::string s) : type_(STRING) {
C/C++:                 ^
C/C++: C:/Users/MANCHEM HIMESH/.gradle/caches/9.3.1/transforms/236808c8bf210c3c94b027618281850c/workspace/transformed/react-android-0.86.2-debug/prefab/modules/reactnative/include/folly/json/dynamic-inl.h:344:17: note: candidate constructor not viable: no known conversion from 'Formatter<false, const float &>' to 'ObjectMaker &&' for 1st argument
C/C++: inline dynamic::dynamic(ObjectMaker&& maker) : type_(OBJECT) {
C/C++:                 ^
C/C++: C:/Users/MANCHEM HIMESH/.gradle/caches/9.3.1/transforms/236808c8bf210c3c94b027618281850c/workspace/transformed/react-android-0.86.2-debug/prefab/modules/reactnative/include/folly/json/dynamic-inl.h:376:17: note: candidate constructor not viable: no known conversion from 'Formatter<false, const float &>' to 'std::vector<bool>::reference' (aka '__bit_reference<vector<bool, allocator<bool>>>') for 1st argument
C/C++: inline dynamic::dynamic(std::vector<bool>::reference b)
C/C++:                 ^
C/C++: C:/Users/MANCHEM HIMESH/.gradle/caches/9.3.1/transforms/236808c8bf210c3c94b027618281850c/workspace/transformed/react-android-0.86.2-debug/prefab/modules/reactnative/include/folly/json/dynamic-inl.h:378:17: note: candidate constructor not viable: no known conversion from 'Formatter<false, const float &>' to 'VectorBoolConstRefCtorType' (aka 'std::__bit_const_reference<std::vector<bool>>') for 1st argument
C/C++: inline dynamic::dynamic(VectorBoolConstRefCtorType b)
C/C++:                 ^
C/C++: C:/Users/MANCHEM HIMESH/.gradle/caches/9.3.1/transforms/236808c8bf210c3c94b027618281850c/workspace/transformed/react-android-0.86.2-debug/prefab/modules/reactnative/include/folly/json/dynamic-inl.h:340:17: note: candidate template ignored: requirement 'is_detected_v<folly::dynamic_detail::detect_construct_string, folly::Formatter<false, const float &>>' was not satisfied [with Stringish = Formatter<false, const float &>]
C/C++: inline dynamic::dynamic(Stringish&& s) : type_(STRING) {
C/C++:                 ^
C/C++: C:/Users/MANCHEM HIMESH/.gradle/caches/9.3.1/transforms/236808c8bf210c3c94b027618281850c/workspace/transformed/react-android-0.86.2-debug/prefab/modules/reactnative/include/folly/json/dynamic-inl.h:384:10: note: candidate template ignored: substitution failure [with T = Formatter<false, const float &>]: implicit instantiation of undefined template 'folly::dynamic::NumericTypeHelper<folly::Formatter<false, const float &>>'
C/C++: dynamic::dynamic(T t) {
C/C++:          ^
C/C++: C:/Users/MANCHEM HIMESH/.gradle/caches/9.3.1/transforms/236808c8bf210c3c94b027618281850c/workspace/transformed/react-android-0.86.2-debug/prefab/modules/reactnative/include/folly/json/dynamic.h:1115:12: note: explicit constructor is not a candidate
C/C++:   explicit dynamic(Array&& r);
C/C++:            ^
C/C++: 2 errors generated.
C/C++: In file included from C:/Users/MANCHEM HIMESH/OneDrive/Desktop/AttendanceApp/node_modules/@react-native-async-storage/async-storage/android/build/generated/source/codegen/jni/react/renderer/components/AsyncStorageSpec/Props.cpp:13:
C/C++: In file included from C:/Users/MANCHEM HIMESH/.gradle/caches/9.3.1/transforms/236808c8bf210c3c94b027618281850c/workspace/transformed/react-android-0.86.2-debug/prefab/modules/reactnative/include/react/renderer/core/propsConversions.h:15:
C/C++: C:/Users/MANCHEM HIMESH/.gradle/caches/9.3.1/transforms/236808c8bf210c3c94b027618281850c/workspace/transformed/react-android-0.86.2-debug/prefab/modules/reactnative/include/react/renderer/core/graphicsConversions.h:71:14: error: no member named 'format' in namespace 'std'; did you mean 'folly::format'?
C/C++:       return std::format("{}%", dimension.value);
C/C++:              ^~~~~
C/C++: C:/Users/MANCHEM HIMESH/.gradle/caches/9.3.1/transforms/236808c8bf210c3c94b027618281850c/workspace/transformed/react-android-0.86.2-debug/prefab/modules/reactnative/include/folly/Format.h:291:1: note: 'folly::format' declared here
C/C++: format(StringPiece fmt, Args&&... args) {
C/C++: ^
C/C++: In file included from C:/Users/MANCHEM HIMESH/OneDrive/Desktop/AttendanceApp/node_modules/@react-native-async-storage/async-storage/android/build/generated/source/codegen/jni/react/renderer/components/AsyncStorageSpec/Props.cpp:13:
C/C++: In file included from C:/Users/MANCHEM HIMESH/.gradle/caches/9.3.1/transforms/236808c8bf210c3c94b027618281850c/workspace/transformed/react-android-0.86.2-debug/prefab/modules/reactnative/include/react/renderer/core/propsConversions.h:15:
C/C++: C:/Users/MANCHEM HIMESH/.gradle/caches/9.3.1/transforms/236808c8bf210c3c94b027618281850c/workspace/transformed/react-android-0.86.2-debug/prefab/modules/reactnative/include/react/renderer/core/graphicsConversions.h:71:14: error: no viable conversion from returned value of type 'Formatter<false, const float &>' to function return type 'folly::dynamic'
C/C++:       return std::format("{}%", dimension.value);
C/C++:              ^~~~~~~~~~~~~~~~~~~~~~~~~~~~~~~~~~~
C/C++: C:/Users/MANCHEM HIMESH/.gradle/caches/9.3.1/transforms/236808c8bf210c3c94b027618281850c/workspace/transformed/react-android-0.86.2-debug/prefab/modules/reactnative/include/folly/json/dynamic.h:238:18: note: candidate constructor not viable: no known conversion from 'Formatter<false, const float &>' to 'const ObjectMaker &' for 1st argument
C/C++:   /* implicit */ dynamic(ObjectMaker const&) = delete;
C/C++:                  ^
C/C++: C:/Users/MANCHEM HIMESH/.gradle/caches/9.3.1/transforms/236808c8bf210c3c94b027618281850c/workspace/transformed/react-android-0.86.2-debug/prefab/modules/reactnative/include/folly/json/dynamic.h:289:3: note: candidate constructor not viable: no known conversion from 'Formatter<false, const float &>' to 'const dynamic &' for 1st argument
C/C++:   dynamic(dynamic const&);
C/C++:   ^
C/C++: C:/Users/MANCHEM HIMESH/.gradle/caches/9.3.1/transforms/236808c8bf210c3c94b027618281850c/workspace/transformed/react-android-0.86.2-debug/prefab/modules/reactnative/include/folly/json/dynamic.h:290:3: note: candidate constructor not viable: no known conversion from 'Formatter<false, const float &>' to 'dynamic &&' for 1st argument
C/C++:   dynamic(dynamic&&) noexcept;
C/C++:   ^
C/C++: C:/Users/MANCHEM HIMESH/.gradle/caches/9.3.1/transforms/236808c8bf210c3c94b027618281850c/workspace/transformed/react-android-0.86.2-debug/prefab/modules/reactnative/include/folly/json/dynamic-inl.h:321:17: note: candidate constructor not viable: no known conversion from 'Formatter<false, const float &>' to 'std::nullptr_t' for 1st argument
C/C++: inline dynamic::dynamic(std::nullptr_t) : type_(NULLT) {}
C/C++:                 ^
C/C++: C:/Users/MANCHEM HIMESH/.gradle/caches/9.3.1/transforms/236808c8bf210c3c94b027618281850c/workspace/transformed/react-android-0.86.2-debug/prefab/modules/reactnative/include/folly/json/dynamic-inl.h:323:17: note: candidate constructor not viable: no known conversion from 'Formatter<false, const float &>' to 'void (*)(EmptyArrayTag)' for 1st argument
C/C++: inline dynamic::dynamic(void (*)(EmptyArrayTag)) : type_(ARRAY) {
C/C++:                 ^
C/C++: C:/Users/MANCHEM HIMESH/.gradle/caches/9.3.1/transforms/236808c8bf210c3c94b027618281850c/workspace/transformed/react-android-0.86.2-debug/prefab/modules/reactnative/include/folly/json/dynamic-inl.h:327:17: note: candidate constructor not viable: no known conversion from 'Formatter<false, const float &>' to 'ObjectMaker (*)()' for 1st argument
C/C++: inline dynamic::dynamic(ObjectMaker (*)()) : type_(OBJECT) {
C/C++:                 ^
C/C++: C:/Users/MANCHEM HIMESH/.gradle/caches/9.3.1/transforms/236808c8bf210c3c94b027618281850c/workspace/transformed/react-android-0.86.2-debug/prefab/modules/reactnative/include/folly/json/dynamic-inl.h:331:17: note: candidate constructor not viable: no known conversion from 'Formatter<false, const float &>' to 'const char *' for 1st argument
C/C++: inline dynamic::dynamic(char const* s) : type_(STRING) {
C/C++:                 ^
C/C++: C:/Users/MANCHEM HIMESH/.gradle/caches/9.3.1/transforms/236808c8bf210c3c94b027618281850c/workspace/transformed/react-android-0.86.2-debug/prefab/modules/reactnative/include/folly/json/dynamic-inl.h:335:17: note: candidate constructor not viable: no known conversion from 'Formatter<false, const float &>' to 'std::string' (aka 'basic_string<char>') for 1st argument
C/C++: inline dynamic::dynamic(std::string s) : type_(STRING) {
C/C++:                 ^
C/C++: C:/Users/MANCHEM HIMESH/.gradle/caches/9.3.1/transforms/236808c8bf210c3c94b027618281850c/workspace/transformed/react-android-0.86.2-debug/prefab/modules/reactnative/include/folly/json/dynamic-inl.h:344:17: note: candidate constructor not viable: no known conversion from 'Formatter<false, const float &>' to 'ObjectMaker &&' for 1st argument
C/C++: inline dynamic::dynamic(ObjectMaker&& maker) : type_(OBJECT) {
C/C++:                 ^
C/C++: C:/Users/MANCHEM HIMESH/.gradle/caches/9.3.1/transforms/236808c8bf210c3c94b027618281850c/workspace/transformed/react-android-0.86.2-debug/prefab/modules/reactnative/include/folly/json/dynamic-inl.h:376:17: note: candidate constructor not viable: no known conversion from 'Formatter<false, const float &>' to 'std::vector<bool>::reference' (aka '__bit_reference<vector<bool, allocator<bool>>>') for 1st argument
C/C++: inline dynamic::dynamic(std::vector<bool>::reference b)
C/C++:                 ^
C/C++: C:/Users/MANCHEM HIMESH/.gradle/caches/9.3.1/transforms/236808c8bf210c3c94b027618281850c/workspace/transformed/react-android-0.86.2-debug/prefab/modules/reactnative/include/folly/json/dynamic-inl.h:378:17: note: candidate constructor not viable: no known conversion from 'Formatter<false, const float &>' to 'VectorBoolConstRefCtorType' (aka 'std::__bit_const_reference<std::vector<bool>>') for 1st argument
C/C++: inline dynamic::dynamic(VectorBoolConstRefCtorType b)
C/C++:                 ^
C/C++: C:/Users/MANCHEM HIMESH/.gradle/caches/9.3.1/transforms/236808c8bf210c3c94b027618281850c/workspace/transformed/react-android-0.86.2-debug/prefab/modules/reactnative/include/folly/json/dynamic-inl.h:340:17: note: candidate template ignored: requirement 'is_detected_v<folly::dynamic_detail::detect_construct_string, folly::Formatter<false, const float &>>' was not satisfied [with Stringish = Formatter<false, const float &>]
C/C++: inline dynamic::dynamic(Stringish&& s) : type_(STRING) {
C/C++:                 ^
C/C++: C:/Users/MANCHEM HIMESH/.gradle/caches/9.3.1/transforms/236808c8bf210c3c94b027618281850c/workspace/transformed/react-android-0.86.2-debug/prefab/modules/reactnative/include/folly/json/dynamic-inl.h:384:10: note: candidate template ignored: substitution failure [with T = Formatter<false, const float &>]: implicit instantiation of undefined template 'folly::dynamic::NumericTypeHelper<folly::Formatter<false, const float &>>'
C/C++: dynamic::dynamic(T t) {
C/C++:          ^
C/C++: C:/Users/MANCHEM HIMESH/.gradle/caches/9.3.1/transforms/236808c8bf210c3c94b027618281850c/workspace/transformed/react-android-0.86.2-debug/prefab/modules/reactnative/include/folly/json/dynamic.h:1115:12: note: explicit constructor is not a candidate
C/C++:   explicit dynamic(Array&& r);
C/C++:            ^
C/C++: 2 errors generated.
C/C++: In file included from C:/Users/MANCHEM HIMESH/OneDrive/Desktop/AttendanceApp/node_modules/react-native-haptic-feedback/android/build/generated/source/codegen/jni/react/renderer/components/RNHapticFeedbackSpec/Props.cpp:13:
C/C++: In file included from C:/Users/MANCHEM HIMESH/.gradle/caches/9.3.1/transforms/236808c8bf210c3c94b027618281850c/workspace/transformed/react-android-0.86.2-debug/prefab/modules/reactnative/include/react/renderer/core/propsConversions.h:15:
C/C++: C:/Users/MANCHEM HIMESH/.gradle/caches/9.3.1/transforms/236808c8bf210c3c94b027618281850c/workspace/transformed/react-android-0.86.2-debug/prefab/modules/reactnative/include/react/renderer/core/graphicsConversions.h:71:14: error: no member named 'format' in namespace 'std'; did you mean 'folly::format'?
C/C++:       return std::format("{}%", dimension.value);
C/C++:              ^~~~~
C/C++: C:/Users/MANCHEM HIMESH/.gradle/caches/9.3.1/transforms/236808c8bf210c3c94b027618281850c/workspace/transformed/react-android-0.86.2-debug/prefab/modules/reactnative/include/folly/Format.h:291:1: note: 'folly::format' declared here
C/C++: format(StringPiece fmt, Args&&... args) {
C/C++: ^
C/C++: In file included from C:/Users/MANCHEM HIMESH/OneDrive/Desktop/AttendanceApp/node_modules/react-native-haptic-feedback/android/build/generated/source/codegen/jni/react/renderer/components/RNHapticFeedbackSpec/Props.cpp:13:
C/C++: In file included from C:/Users/MANCHEM HIMESH/.gradle/caches/9.3.1/transforms/236808c8bf210c3c94b027618281850c/workspace/transformed/react-android-0.86.2-debug/prefab/modules/reactnative/include/react/renderer/core/propsConversions.h:15:
C/C++: C:/Users/MANCHEM HIMESH/.gradle/caches/9.3.1/transforms/236808c8bf210c3c94b027618281850c/workspace/transformed/react-android-0.86.2-debug/prefab/modules/reactnative/include/react/renderer/core/graphicsConversions.h:71:14: error: no viable conversion from returned value of type 'Formatter<false, const float &>' to function return type 'folly::dynamic'
C/C++:       return std::format("{}%", dimension.value);
C/C++:              ^~~~~~~~~~~~~~~~~~~~~~~~~~~~~~~~~~~
C/C++: C:/Users/MANCHEM HIMESH/.gradle/caches/9.3.1/transforms/236808c8bf210c3c94b027618281850c/workspace/transformed/react-android-0.86.2-debug/prefab/modules/reactnative/include/folly/json/dynamic.h:238:18: note: candidate constructor not viable: no known conversion from 'Formatter<false, const float &>' to 'const ObjectMaker &' for 1st argument
C/C++:   /* implicit */ dynamic(ObjectMaker const&) = delete;
C/C++:                  ^
C/C++: C:/Users/MANCHEM HIMESH/.gradle/caches/9.3.1/transforms/236808c8bf210c3c94b027618281850c/workspace/transformed/react-android-0.86.2-debug/prefab/modules/reactnative/include/folly/json/dynamic.h:289:3: note: candidate constructor not viable: no known conversion from 'Formatter<false, const float &>' to 'const dynamic &' for 1st argument
C/C++:   dynamic(dynamic const&);
C/C++:   ^
C/C++: C:/Users/MANCHEM HIMESH/.gradle/caches/9.3.1/transforms/236808c8bf210c3c94b027618281850c/workspace/transformed/react-android-0.86.2-debug/prefab/modules/reactnative/include/folly/json/dynamic.h:290:3: note: candidate constructor not viable: no known conversion from 'Formatter<false, const float &>' to 'dynamic &&' for 1st argument
C/C++:   dynamic(dynamic&&) noexcept;
C/C++:   ^
C/C++: C:/Users/MANCHEM HIMESH/.gradle/caches/9.3.1/transforms/236808c8bf210c3c94b027618281850c/workspace/transformed/react-android-0.86.2-debug/prefab/modules/reactnative/include/folly/json/dynamic-inl.h:321:17: note: candidate constructor not viable: no known conversion from 'Formatter<false, const float &>' to 'std::nullptr_t' for 1st argument
C/C++: inline dynamic::dynamic(std::nullptr_t) : type_(NULLT) {}
C/C++:                 ^
C/C++: C:/Users/MANCHEM HIMESH/.gradle/caches/9.3.1/transforms/236808c8bf210c3c94b027618281850c/workspace/transformed/react-android-0.86.2-debug/prefab/modules/reactnative/include/folly/json/dynamic-inl.h:323:17: note: candidate constructor not viable: no known conversion from 'Formatter<false, const float &>' to 'void (*)(EmptyArrayTag)' for 1st argument
C/C++: inline dynamic::dynamic(void (*)(EmptyArrayTag)) : type_(ARRAY) {
C/C++:                 ^
C/C++: C:/Users/MANCHEM HIMESH/.gradle/caches/9.3.1/transforms/236808c8bf210c3c94b027618281850c/workspace/transformed/react-android-0.86.2-debug/prefab/modules/reactnative/include/folly/json/dynamic-inl.h:327:17: note: candidate constructor not viable: no known conversion from 'Formatter<false, const float &>' to 'ObjectMaker (*)()' for 1st argument
C/C++: inline dynamic::dynamic(ObjectMaker (*)()) : type_(OBJECT) {
C/C++:                 ^
C/C++: C:/Users/MANCHEM HIMESH/.gradle/caches/9.3.1/transforms/236808c8bf210c3c94b027618281850c/workspace/transformed/react-android-0.86.2-debug/prefab/modules/reactnative/include/folly/json/dynamic-inl.h:331:17: note: candidate constructor not viable: no known conversion from 'Formatter<false, const float &>' to 'const char *' for 1st argument
C/C++: inline dynamic::dynamic(char const* s) : type_(STRING) {
C/C++:                 ^
C/C++: C:/Users/MANCHEM HIMESH/.gradle/caches/9.3.1/transforms/236808c8bf210c3c94b027618281850c/workspace/transformed/react-android-0.86.2-debug/prefab/modules/reactnative/include/folly/json/dynamic-inl.h:335:17: note: candidate constructor not viable: no known conversion from 'Formatter<false, const float &>' to 'std::string' (aka 'basic_string<char>') for 1st argument
C/C++: inline dynamic::dynamic(std::string s) : type_(STRING) {
C/C++:                 ^
C/C++: C:/Users/MANCHEM HIMESH/.gradle/caches/9.3.1/transforms/236808c8bf210c3c94b027618281850c/workspace/transformed/react-android-0.86.2-debug/prefab/modules/reactnative/include/folly/json/dynamic-inl.h:344:17: note: candidate constructor not viable: no known conversion from 'Formatter<false, const float &>' to 'ObjectMaker &&' for 1st argument
C/C++: inline dynamic::dynamic(ObjectMaker&& maker) : type_(OBJECT) {
C/C++:                 ^
C/C++: C:/Users/MANCHEM HIMESH/.gradle/caches/9.3.1/transforms/236808c8bf210c3c94b027618281850c/workspace/transformed/react-android-0.86.2-debug/prefab/modules/reactnative/include/folly/json/dynamic-inl.h:376:17: note: candidate constructor not viable: no known conversion from 'Formatter<false, const float &>' to 'std::vector<bool>::reference' (aka '__bit_reference<vector<bool, allocator<bool>>>') for 1st argument
C/C++: inline dynamic::dynamic(std::vector<bool>::reference b)
C/C++:                 ^
C/C++: C:/Users/MANCHEM HIMESH/.gradle/caches/9.3.1/transforms/236808c8bf210c3c94b027618281850c/workspace/transformed/react-android-0.86.2-debug/prefab/modules/reactnative/include/folly/json/dynamic-inl.h:378:17: note: candidate constructor not viable: no known conversion from 'Formatter<false, const float &>' to 'VectorBoolConstRefCtorType' (aka 'std::__bit_const_reference<std::vector<bool>>') for 1st argument
C/C++: inline dynamic::dynamic(VectorBoolConstRefCtorType b)
C/C++:                 ^
C/C++: C:/Users/MANCHEM HIMESH/.gradle/caches/9.3.1/transforms/236808c8bf210c3c94b027618281850c/workspace/transformed/react-android-0.86.2-debug/prefab/modules/reactnative/include/folly/json/dynamic-inl.h:340:17: note: candidate template ignored: requirement 'is_detected_v<folly::dynamic_detail::detect_construct_string, folly::Formatter<false, const float &>>' was not satisfied [with Stringish = Formatter<false, const float &>]
C/C++: inline dynamic::dynamic(Stringish&& s) : type_(STRING) {
C/C++:                 ^
C/C++: C:/Users/MANCHEM HIMESH/.gradle/caches/9.3.1/transforms/236808c8bf210c3c94b027618281850c/workspace/transformed/react-android-0.86.2-debug/prefab/modules/reactnative/include/folly/json/dynamic-inl.h:384:10: note: candidate template ignored: substitution failure [with T = Formatter<false, const float &>]: implicit instantiation of undefined template 'folly::dynamic::NumericTypeHelper<folly::Formatter<false, const float &>>'
C/C++: dynamic::dynamic(T t) {
C/C++:          ^
C/C++: C:/Users/MANCHEM HIMESH/.gradle/caches/9.3.1/transforms/236808c8bf210c3c94b027618281850c/workspace/transformed/react-android-0.86.2-debug/prefab/modules/reactnative/include/folly/json/dynamic.h:1115:12: note: explicit constructor is not a candidate
C/C++:   explicit dynamic(Array&& r);
C/C++:            ^
C/C++: 2 errors generated.
C/C++: In file included from C:/Users/MANCHEM HIMESH/OneDrive/Desktop/AttendanceApp/node_modules/react-native-nitro-modules/android/build/generated/source/codegen/jni/react/renderer/components/NitroModulesSpec/Props.cpp:13:
C/C++: In file included from C:/Users/MANCHEM HIMESH/.gradle/caches/9.3.1/transforms/236808c8bf210c3c94b027618281850c/workspace/transformed/react-android-0.86.2-debug/prefab/modules/reactnative/include/react/renderer/core/propsConversions.h:15:
C/C++: C:/Users/MANCHEM HIMESH/.gradle/caches/9.3.1/transforms/236808c8bf210c3c94b027618281850c/workspace/transformed/react-android-0.86.2-debug/prefab/modules/reactnative/include/react/renderer/core/graphicsConversions.h:71:14: error: no member named 'format' in namespace 'std'; did you mean 'folly::format'?
C/C++:       return std::format("{}%", dimension.value);
C/C++:              ^~~~~
C/C++: C:/Users/MANCHEM HIMESH/.gradle/caches/9.3.1/transforms/236808c8bf210c3c94b027618281850c/workspace/transformed/react-android-0.86.2-debug/prefab/modules/reactnative/include/folly/Format.h:291:1: note: 'folly::format' declared here
C/C++: format(StringPiece fmt, Args&&... args) {
C/C++: ^
C/C++: In file included from C:/Users/MANCHEM HIMESH/OneDrive/Desktop/AttendanceApp/node_modules/react-native-nitro-modules/android/build/generated/source/codegen/jni/react/renderer/components/NitroModulesSpec/Props.cpp:13:
C/C++: In file included from C:/Users/MANCHEM HIMESH/.gradle/caches/9.3.1/transforms/236808c8bf210c3c94b027618281850c/workspace/transformed/react-android-0.86.2-debug/prefab/modules/reactnative/include/react/renderer/core/propsConversions.h:15:
C/C++: C:/Users/MANCHEM HIMESH/.gradle/caches/9.3.1/transforms/236808c8bf210c3c94b027618281850c/workspace/transformed/react-android-0.86.2-debug/prefab/modules/reactnative/include/react/renderer/core/graphicsConversions.h:71:14: error: no viable conversion from returned value of type 'Formatter<false, const float &>' to function return type 'folly::dynamic'
C/C++:       return std::format("{}%", dimension.value);
C/C++:              ^~~~~~~~~~~~~~~~~~~~~~~~~~~~~~~~~~~
C/C++: C:/Users/MANCHEM HIMESH/.gradle/caches/9.3.1/transforms/236808c8bf210c3c94b027618281850c/workspace/transformed/react-android-0.86.2-debug/prefab/modules/reactnative/include/folly/json/dynamic.h:238:18: note: candidate constructor not viable: no known conversion from 'Formatter<false, const float &>' to 'const ObjectMaker &' for 1st argument
C/C++:   /* implicit */ dynamic(ObjectMaker const&) = delete;
C/C++:                  ^
C/C++: C:/Users/MANCHEM HIMESH/.gradle/caches/9.3.1/transforms/236808c8bf210c3c94b027618281850c/workspace/transformed/react-android-0.86.2-debug/prefab/modules/reactnative/include/folly/json/dynamic.h:289:3: note: candidate constructor not viable: no known conversion from 'Formatter<false, const float &>' to 'const dynamic &' for 1st argument
C/C++:   dynamic(dynamic const&);
C/C++:   ^
C/C++: C:/Users/MANCHEM HIMESH/.gradle/caches/9.3.1/transforms/236808c8bf210c3c94b027618281850c/workspace/transformed/react-android-0.86.2-debug/prefab/modules/reactnative/include/folly/json/dynamic.h:290:3: note: candidate constructor not viable: no known conversion from 'Formatter<false, const float &>' to 'dynamic &&' for 1st argument
C/C++:   dynamic(dynamic&&) noexcept;
C/C++:   ^
C/C++: C:/Users/MANCHEM HIMESH/.gradle/caches/9.3.1/transforms/236808c8bf210c3c94b027618281850c/workspace/transformed/react-android-0.86.2-debug/prefab/modules/reactnative/include/folly/json/dynamic-inl.h:321:17: note: candidate constructor not viable: no known conversion from 'Formatter<false, const float &>' to 'std::nullptr_t' for 1st argument
C/C++: inline dynamic::dynamic(std::nullptr_t) : type_(NULLT) {}
C/C++:                 ^
C/C++: C:/Users/MANCHEM HIMESH/.gradle/caches/9.3.1/transforms/236808c8bf210c3c94b027618281850c/workspace/transformed/react-android-0.86.2-debug/prefab/modules/reactnative/include/folly/json/dynamic-inl.h:323:17: note: candidate constructor not viable: no known conversion from 'Formatter<false, const float &>' to 'void (*)(EmptyArrayTag)' for 1st argument
C/C++: inline dynamic::dynamic(void (*)(EmptyArrayTag)) : type_(ARRAY) {
C/C++:                 ^
C/C++: C:/Users/MANCHEM HIMESH/.gradle/caches/9.3.1/transforms/236808c8bf210c3c94b027618281850c/workspace/transformed/react-android-0.86.2-debug/prefab/modules/reactnative/include/folly/json/dynamic-inl.h:327:17: note: candidate constructor not viable: no known conversion from 'Formatter<false, const float &>' to 'ObjectMaker (*)()' for 1st argument
C/C++: inline dynamic::dynamic(ObjectMaker (*)()) : type_(OBJECT) {
C/C++:                 ^
C/C++: C:/Users/MANCHEM HIMESH/.gradle/caches/9.3.1/transforms/236808c8bf210c3c94b027618281850c/workspace/transformed/react-android-0.86.2-debug/prefab/modules/reactnative/include/folly/json/dynamic-inl.h:331:17: note: candidate constructor not viable: no known conversion from 'Formatter<false, const float &>' to 'const char *' for 1st argument
C/C++: inline dynamic::dynamic(char const* s) : type_(STRING) {
C/C++:                 ^
C/C++: C:/Users/MANCHEM HIMESH/.gradle/caches/9.3.1/transforms/236808c8bf210c3c94b027618281850c/workspace/transformed/react-android-0.86.2-debug/prefab/modules/reactnative/include/folly/json/dynamic-inl.h:335:17: note: candidate constructor not viable: no known conversion from 'Formatter<false, const float &>' to 'std::string' (aka 'basic_string<char>') for 1st argument
C/C++: inline dynamic::dynamic(std::string s) : type_(STRING) {
C/C++:                 ^
C/C++: C:/Users/MANCHEM HIMESH/.gradle/caches/9.3.1/transforms/236808c8bf210c3c94b027618281850c/workspace/transformed/react-android-0.86.2-debug/prefab/modules/reactnative/include/folly/json/dynamic-inl.h:344:17: note: candidate constructor not viable: no known conversion from 'Formatter<false, const float &>' to 'ObjectMaker &&' for 1st argument
C/C++: inline dynamic::dynamic(ObjectMaker&& maker) : type_(OBJECT) {
C/C++:                 ^
C/C++: C:/Users/MANCHEM HIMESH/.gradle/caches/9.3.1/transforms/236808c8bf210c3c94b027618281850c/workspace/transformed/react-android-0.86.2-debug/prefab/modules/reactnative/include/folly/json/dynamic-inl.h:376:17: note: candidate constructor not viable: no known conversion from 'Formatter<false, const float &>' to 'std::vector<bool>::reference' (aka '__bit_reference<vector<bool, allocator<bool>>>') for 1st argument
C/C++: inline dynamic::dynamic(std::vector<bool>::reference b)
C/C++:                 ^
C/C++: C:/Users/MANCHEM HIMESH/.gradle/caches/9.3.1/transforms/236808c8bf210c3c94b027618281850c/workspace/transformed/react-android-0.86.2-debug/prefab/modules/reactnative/include/folly/json/dynamic-inl.h:378:17: note: candidate constructor not viable: no known conversion from 'Formatter<false, const float &>' to 'VectorBoolConstRefCtorType' (aka 'std::__bit_const_reference<std::vector<bool>>') for 1st argument
C/C++: inline dynamic::dynamic(VectorBoolConstRefCtorType b)
C/C++:                 ^
C/C++: C:/Users/MANCHEM HIMESH/.gradle/caches/9.3.1/transforms/236808c8bf210c3c94b027618281850c/workspace/transformed/react-android-0.86.2-debug/prefab/modules/reactnative/include/folly/json/dynamic-inl.h:340:17: note: candidate template ignored: requirement 'is_detected_v<folly::dynamic_detail::detect_construct_string, folly::Formatter<false, const float &>>' was not satisfied [with Stringish = Formatter<false, const float &>]
C/C++: inline dynamic::dynamic(Stringish&& s) : type_(STRING) {
C/C++:                 ^
C/C++: C:/Users/MANCHEM HIMESH/.gradle/caches/9.3.1/transforms/236808c8bf210c3c94b027618281850c/workspace/transformed/react-android-0.86.2-debug/prefab/modules/reactnative/include/folly/json/dynamic-inl.h:384:10: note: candidate template ignored: substitution failure [with T = Formatter<false, const float &>]: implicit instantiation of undefined template 'folly::dynamic::NumericTypeHelper<folly::Formatter<false, const float &>>'
C/C++: dynamic::dynamic(T t) {
C/C++:          ^
C/C++: C:/Users/MANCHEM HIMESH/.gradle/caches/9.3.1/transforms/236808c8bf210c3c94b027618281850c/workspace/transformed/react-android-0.86.2-debug/prefab/modules/reactnative/include/folly/json/dynamic.h:1115:12: note: explicit constructor is not a candidate
C/C++:   explicit dynamic(Array&& r);
C/C++:            ^
C/C++: 2 errors generated.
C/C++: In file included from C:/Users/MANCHEM HIMESH/OneDrive/Desktop/AttendanceApp/node_modules/react-native-quick-crypto/android/build/generated/source/codegen/jni/react/renderer/components/QuickCrypto/Props.cpp:13:
C/C++: In file included from C:/Users/MANCHEM HIMESH/.gradle/caches/9.3.1/transforms/236808c8bf210c3c94b027618281850c/workspace/transformed/react-android-0.86.2-debug/prefab/modules/reactnative/include/react/renderer/core/propsConversions.h:15:
C/C++: C:/Users/MANCHEM HIMESH/.gradle/caches/9.3.1/transforms/236808c8bf210c3c94b027618281850c/workspace/transformed/react-android-0.86.2-debug/prefab/modules/reactnative/include/react/renderer/core/graphicsConversions.h:71:14: error: no member named 'format' in namespace 'std'; did you mean 'folly::format'?
C/C++:       return std::format("{}%", dimension.value);
C/C++:              ^~~~~
C/C++: C:/Users/MANCHEM HIMESH/.gradle/caches/9.3.1/transforms/236808c8bf210c3c94b027618281850c/workspace/transformed/react-android-0.86.2-debug/prefab/modules/reactnative/include/folly/Format.h:291:1: note: 'folly::format' declared here
C/C++: format(StringPiece fmt, Args&&... args) {
C/C++: ^
C/C++: In file included from C:/Users/MANCHEM HIMESH/OneDrive/Desktop/AttendanceApp/node_modules/react-native-quick-crypto/android/build/generated/source/codegen/jni/react/renderer/components/QuickCrypto/Props.cpp:13:
C/C++: In file included from C:/Users/MANCHEM HIMESH/.gradle/caches/9.3.1/transforms/236808c8bf210c3c94b027618281850c/workspace/transformed/react-android-0.86.2-debug/prefab/modules/reactnative/include/react/renderer/core/propsConversions.h:15:
C/C++: C:/Users/MANCHEM HIMESH/.gradle/caches/9.3.1/transforms/236808c8bf210c3c94b027618281850c/workspace/transformed/react-android-0.86.2-debug/prefab/modules/reactnative/include/react/renderer/core/graphicsConversions.h:71:14: error: no viable conversion from returned value of type 'Formatter<false, const float &>' to function return type 'folly::dynamic'
C/C++:       return std::format("{}%", dimension.value);
C/C++:              ^~~~~~~~~~~~~~~~~~~~~~~~~~~~~~~~~~~
C/C++: C:/Users/MANCHEM HIMESH/.gradle/caches/9.3.1/transforms/236808c8bf210c3c94b027618281850c/workspace/transformed/react-android-0.86.2-debug/prefab/modules/reactnative/include/folly/json/dynamic.h:238:18: note: candidate constructor not viable: no known conversion from 'Formatter<false, const float &>' to 'const ObjectMaker &' for 1st argument
C/C++:   /* implicit */ dynamic(ObjectMaker const&) = delete;
C/C++:                  ^
C/C++: C:/Users/MANCHEM HIMESH/.gradle/caches/9.3.1/transforms/236808c8bf210c3c94b027618281850c/workspace/transformed/react-android-0.86.2-debug/prefab/modules/reactnative/include/folly/json/dynamic.h:289:3: note: candidate constructor not viable: no known conversion from 'Formatter<false, const float &>' to 'const dynamic &' for 1st argument
C/C++:   dynamic(dynamic const&);
C/C++:   ^
C/C++: C:/Users/MANCHEM HIMESH/.gradle/caches/9.3.1/transforms/236808c8bf210c3c94b027618281850c/workspace/transformed/react-android-0.86.2-debug/prefab/modules/reactnative/include/folly/json/dynamic.h:290:3: note: candidate constructor not viable: no known conversion from 'Formatter<false, const float &>' to 'dynamic &&' for 1st argument
C/C++:   dynamic(dynamic&&) noexcept;
C/C++:   ^
C/C++: C:/Users/MANCHEM HIMESH/.gradle/caches/9.3.1/transforms/236808c8bf210c3c94b027618281850c/workspace/transformed/react-android-0.86.2-debug/prefab/modules/reactnative/include/folly/json/dynamic-inl.h:321:17: note: candidate constructor not viable: no known conversion from 'Formatter<false, const float &>' to 'std::nullptr_t' for 1st argument
C/C++: inline dynamic::dynamic(std::nullptr_t) : type_(NULLT) {}
C/C++:                 ^
C/C++: C:/Users/MANCHEM HIMESH/.gradle/caches/9.3.1/transforms/236808c8bf210c3c94b027618281850c/workspace/transformed/react-android-0.86.2-debug/prefab/modules/reactnative/include/folly/json/dynamic-inl.h:323:17: note: candidate constructor not viable: no known conversion from 'Formatter<false, const float &>' to 'void (*)(EmptyArrayTag)' for 1st argument
C/C++: inline dynamic::dynamic(void (*)(EmptyArrayTag)) : type_(ARRAY) {
C/C++:                 ^
C/C++: C:/Users/MANCHEM HIMESH/.gradle/caches/9.3.1/transforms/236808c8bf210c3c94b027618281850c/workspace/transformed/react-android-0.86.2-debug/prefab/modules/reactnative/include/folly/json/dynamic-inl.h:327:17: note: candidate constructor not viable: no known conversion from 'Formatter<false, const float &>' to 'ObjectMaker (*)()' for 1st argument
C/C++: inline dynamic::dynamic(ObjectMaker (*)()) : type_(OBJECT) {
C/C++:                 ^
C/C++: C:/Users/MANCHEM HIMESH/.gradle/caches/9.3.1/transforms/236808c8bf210c3c94b027618281850c/workspace/transformed/react-android-0.86.2-debug/prefab/modules/reactnative/include/folly/json/dynamic-inl.h:331:17: note: candidate constructor not viable: no known conversion from 'Formatter<false, const float &>' to 'const char *' for 1st argument
C/C++: inline dynamic::dynamic(char const* s) : type_(STRING) {
C/C++:                 ^
C/C++: C:/Users/MANCHEM HIMESH/.gradle/caches/9.3.1/transforms/236808c8bf210c3c94b027618281850c/workspace/transformed/react-android-0.86.2-debug/prefab/modules/reactnative/include/folly/json/dynamic-inl.h:335:17: note: candidate constructor not viable: no known conversion from 'Formatter<false, const float &>' to 'std::string' (aka 'basic_string<char>') for 1st argument
C/C++: inline dynamic::dynamic(std::string s) : type_(STRING) {
C/C++:                 ^
C/C++: C:/Users/MANCHEM HIMESH/.gradle/caches/9.3.1/transforms/236808c8bf210c3c94b027618281850c/workspace/transformed/react-android-0.86.2-debug/prefab/modules/reactnative/include/folly/json/dynamic-inl.h:344:17: note: candidate constructor not viable: no known conversion from 'Formatter<false, const float &>' to 'ObjectMaker &&' for 1st argument
C/C++: inline dynamic::dynamic(ObjectMaker&& maker) : type_(OBJECT) {
C/C++:                 ^
C/C++: C:/Users/MANCHEM HIMESH/.gradle/caches/9.3.1/transforms/236808c8bf210c3c94b027618281850c/workspace/transformed/react-android-0.86.2-debug/prefab/modules/reactnative/include/folly/json/dynamic-inl.h:376:17: note: candidate constructor not viable: no known conversion from 'Formatter<false, const float &>' to 'std::vector<bool>::reference' (aka '__bit_reference<vector<bool, allocator<bool>>>') for 1st argument
C/C++: inline dynamic::dynamic(std::vector<bool>::reference b)
C/C++:                 ^
C/C++: C:/Users/MANCHEM HIMESH/.gradle/caches/9.3.1/transforms/236808c8bf210c3c94b027618281850c/workspace/transformed/react-android-0.86.2-debug/prefab/modules/reactnative/include/folly/json/dynamic-inl.h:378:17: note: candidate constructor not viable: no known conversion from 'Formatter<false, const float &>' to 'VectorBoolConstRefCtorType' (aka 'std::__bit_const_reference<std::vector<bool>>') for 1st argument
C/C++: inline dynamic::dynamic(VectorBoolConstRefCtorType b)
C/C++:                 ^
C/C++: C:/Users/MANCHEM HIMESH/.gradle/caches/9.3.1/transforms/236808c8bf210c3c94b027618281850c/workspace/transformed/react-android-0.86.2-debug/prefab/modules/reactnative/include/folly/json/dynamic-inl.h:340:17: note: candidate template ignored: requirement 'is_detected_v<folly::dynamic_detail::detect_construct_string, folly::Formatter<false, const float &>>' was not satisfied [with Stringish = Formatter<false, const float &>]
C/C++: inline dynamic::dynamic(Stringish&& s) : type_(STRING) {
C/C++:                 ^
C/C++: C:/Users/MANCHEM HIMESH/.gradle/caches/9.3.1/transforms/236808c8bf210c3c94b027618281850c/workspace/transformed/react-android-0.86.2-debug/prefab/modules/reactnative/include/folly/json/dynamic-inl.h:384:10: note: candidate template ignored: substitution failure [with T = Formatter<false, const float &>]: implicit instantiation of undefined template 'folly::dynamic::NumericTypeHelper<folly::Formatter<false, const float &>>'
C/C++: dynamic::dynamic(T t) {
C/C++:          ^
C/C++: C:/Users/MANCHEM HIMESH/.gradle/caches/9.3.1/transforms/236808c8bf210c3c94b027618281850c/workspace/transformed/react-android-0.86.2-debug/prefab/modules/reactnative/include/folly/json/dynamic.h:1115:12: note: explicit constructor is not a candidate
C/C++:   explicit dynamic(Array&& r);
C/C++:            ^
C/C++: 2 errors generated.
C/C++: In file included from C:/Users/MANCHEM HIMESH/OneDrive/Desktop/AttendanceApp/node_modules/react-native-quick-sqlite/android/build/generated/source/codegen/jni/react/renderer/components/RNQuickSQLite/Props.cpp:13:
C/C++: In file included from C:/Users/MANCHEM HIMESH/.gradle/caches/9.3.1/transforms/236808c8bf210c3c94b027618281850c/workspace/transformed/react-android-0.86.2-debug/prefab/modules/reactnative/include/react/renderer/core/propsConversions.h:15:
C/C++: C:/Users/MANCHEM HIMESH/.gradle/caches/9.3.1/transforms/236808c8bf210c3c94b027618281850c/workspace/transformed/react-android-0.86.2-debug/prefab/modules/reactnative/include/react/renderer/core/graphicsConversions.h:71:14: error: no member named 'format' in namespace 'std'; did you mean 'folly::format'?
C/C++:       return std::format("{}%", dimension.value);
C/C++:              ^~~~~
C/C++: C:/Users/MANCHEM HIMESH/.gradle/caches/9.3.1/transforms/236808c8bf210c3c94b027618281850c/workspace/transformed/react-android-0.86.2-debug/prefab/modules/reactnative/include/folly/Format.h:291:1: note: 'folly::format' declared here
C/C++: format(StringPiece fmt, Args&&... args) {
C/C++: ^
C/C++: In file included from C:/Users/MANCHEM HIMESH/OneDrive/Desktop/AttendanceApp/node_modules/react-native-quick-sqlite/android/build/generated/source/codegen/jni/react/renderer/components/RNQuickSQLite/Props.cpp:13:
C/C++: In file included from C:/Users/MANCHEM HIMESH/.gradle/caches/9.3.1/transforms/236808c8bf210c3c94b027618281850c/workspace/transformed/react-android-0.86.2-debug/prefab/modules/reactnative/include/react/renderer/core/propsConversions.h:15:
C/C++: C:/Users/MANCHEM HIMESH/.gradle/caches/9.3.1/transforms/236808c8bf210c3c94b027618281850c/workspace/transformed/react-android-0.86.2-debug/prefab/modules/reactnative/include/react/renderer/core/graphicsConversions.h:71:14: error: no viable conversion from returned value of type 'Formatter<false, const float &>' to function return type 'folly::dynamic'
C/C++:       return std::format("{}%", dimension.value);
C/C++:              ^~~~~~~~~~~~~~~~~~~~~~~~~~~~~~~~~~~
C/C++: C:/Users/MANCHEM HIMESH/.gradle/caches/9.3.1/transforms/236808c8bf210c3c94b027618281850c/workspace/transformed/react-android-0.86.2-debug/prefab/modules/reactnative/include/folly/json/dynamic.h:238:18: note: candidate constructor not viable: no known conversion from 'Formatter<false, const float &>' to 'const ObjectMaker &' for 1st argument
C/C++:   /* implicit */ dynamic(ObjectMaker const&) = delete;
C/C++:                  ^
C/C++: C:/Users/MANCHEM HIMESH/.gradle/caches/9.3.1/transforms/236808c8bf210c3c94b027618281850c/workspace/transformed/react-android-0.86.2-debug/prefab/modules/reactnative/include/folly/json/dynamic.h:289:3: note: candidate constructor not viable: no known conversion from 'Formatter<false, const float &>' to 'const dynamic &' for 1st argument
C/C++:   dynamic(dynamic const&);
C/C++:   ^
C/C++: C:/Users/MANCHEM HIMESH/.gradle/caches/9.3.1/transforms/236808c8bf210c3c94b027618281850c/workspace/transformed/react-android-0.86.2-debug/prefab/modules/reactnative/include/folly/json/dynamic.h:290:3: note: candidate constructor not viable: no known conversion from 'Formatter<false, const float &>' to 'dynamic &&' for 1st argument
C/C++:   dynamic(dynamic&&) noexcept;
C/C++:   ^
C/C++: C:/Users/MANCHEM HIMESH/.gradle/caches/9.3.1/transforms/236808c8bf210c3c94b027618281850c/workspace/transformed/react-android-0.86.2-debug/prefab/modules/reactnative/include/folly/json/dynamic-inl.h:321:17: note: candidate constructor not viable: no known conversion from 'Formatter<false, const float &>' to 'std::nullptr_t' for 1st argument
C/C++: inline dynamic::dynamic(std::nullptr_t) : type_(NULLT) {}
C/C++:                 ^
C/C++: C:/Users/MANCHEM HIMESH/.gradle/caches/9.3.1/transforms/236808c8bf210c3c94b027618281850c/workspace/transformed/react-android-0.86.2-debug/prefab/modules/reactnative/include/folly/json/dynamic-inl.h:323:17: note: candidate constructor not viable: no known conversion from 'Formatter<false, const float &>' to 'void (*)(EmptyArrayTag)' for 1st argument
C/C++: inline dynamic::dynamic(void (*)(EmptyArrayTag)) : type_(ARRAY) {
C/C++:                 ^
C/C++: C:/Users/MANCHEM HIMESH/.gradle/caches/9.3.1/transforms/236808c8bf210c3c94b027618281850c/workspace/transformed/react-android-0.86.2-debug/prefab/modules/reactnative/include/folly/json/dynamic-inl.h:327:17: note: candidate constructor not viable: no known conversion from 'Formatter<false, const float &>' to 'ObjectMaker (*)()' for 1st argument
C/C++: inline dynamic::dynamic(ObjectMaker (*)()) : type_(OBJECT) {
C/C++:                 ^
C/C++: C:/Users/MANCHEM HIMESH/.gradle/caches/9.3.1/transforms/236808c8bf210c3c94b027618281850c/workspace/transformed/react-android-0.86.2-debug/prefab/modules/reactnative/include/folly/json/dynamic-inl.h:331:17: note: candidate constructor not viable: no known conversion from 'Formatter<false, const float &>' to 'const char *' for 1st argument
C/C++: inline dynamic::dynamic(char const* s) : type_(STRING) {
C/C++:                 ^
C/C++: C:/Users/MANCHEM HIMESH/.gradle/caches/9.3.1/transforms/236808c8bf210c3c94b027618281850c/workspace/transformed/react-android-0.86.2-debug/prefab/modules/reactnative/include/folly/json/dynamic-inl.h:335:17: note: candidate constructor not viable: no known conversion from 'Formatter<false, const float &>' to 'std::string' (aka 'basic_string<char>') for 1st argument
C/C++: inline dynamic::dynamic(std::string s) : type_(STRING) {
C/C++:                 ^
C/C++: C:/Users/MANCHEM HIMESH/.gradle/caches/9.3.1/transforms/236808c8bf210c3c94b027618281850c/workspace/transformed/react-android-0.86.2-debug/prefab/modules/reactnative/include/folly/json/dynamic-inl.h:344:17: note: candidate constructor not viable: no known conversion from 'Formatter<false, const float &>' to 'ObjectMaker &&' for 1st argument
C/C++: inline dynamic::dynamic(ObjectMaker&& maker) : type_(OBJECT) {
C/C++:                 ^
C/C++: C:/Users/MANCHEM HIMESH/.gradle/caches/9.3.1/transforms/236808c8bf210c3c94b027618281850c/workspace/transformed/react-android-0.86.2-debug/prefab/modules/reactnative/include/folly/json/dynamic-inl.h:376:17: note: candidate constructor not viable: no known conversion from 'Formatter<false, const float &>' to 'std::vector<bool>::reference' (aka '__bit_reference<vector<bool, allocator<bool>>>') for 1st argument
C/C++: inline dynamic::dynamic(std::vector<bool>::reference b)
C/C++:                 ^
C/C++: C:/Users/MANCHEM HIMESH/.gradle/caches/9.3.1/transforms/236808c8bf210c3c94b027618281850c/workspace/transformed/react-android-0.86.2-debug/prefab/modules/reactnative/include/folly/json/dynamic-inl.h:378:17: note: candidate constructor not viable: no known conversion from 'Formatter<false, const float &>' to 'VectorBoolConstRefCtorType' (aka 'std::__bit_const_reference<std::vector<bool>>') for 1st argument
C/C++: inline dynamic::dynamic(VectorBoolConstRefCtorType b)
C/C++:                 ^
C/C++: C:/Users/MANCHEM HIMESH/.gradle/caches/9.3.1/transforms/236808c8bf210c3c94b027618281850c/workspace/transformed/react-android-0.86.2-debug/prefab/modules/reactnative/include/folly/json/dynamic-inl.h:340:17: note: candidate template ignored: requirement 'is_detected_v<folly::dynamic_detail::detect_construct_string, folly::Formatter<false, const float &>>' was not satisfied [with Stringish = Formatter<false, const float &>]
C/C++: inline dynamic::dynamic(Stringish&& s) : type_(STRING) {
C/C++:                 ^
C/C++: C:/Users/MANCHEM HIMESH/.gradle/caches/9.3.1/transforms/236808c8bf210c3c94b027618281850c/workspace/transformed/react-android-0.86.2-debug/prefab/modules/reactnative/include/folly/json/dynamic-inl.h:384:10: note: candidate template ignored: substitution failure [with T = Formatter<false, const float &>]: implicit instantiation of undefined template 'folly::dynamic::NumericTypeHelper<folly::Formatter<false, const float &>>'
C/C++: dynamic::dynamic(T t) {
C/C++:          ^
C/C++: C:/Users/MANCHEM HIMESH/.gradle/caches/9.3.1/transforms/236808c8bf210c3c94b027618281850c/workspace/transformed/react-android-0.86.2-debug/prefab/modules/reactnative/include/folly/json/dynamic.h:1115:12: note: explicit constructor is not a candidate
C/C++:   explicit dynamic(Array&& r);
C/C++:            ^
C/C++: 2 errors generated.
C/C++: In file included from C:/Users/MANCHEM HIMESH/OneDrive/Desktop/AttendanceApp/node_modules/react-native-get-random-values/android/build/generated/source/codegen/jni/react/renderer/components/RNGetRandomValuesSpec/ComponentDescriptors.cpp:11:
C/C++: In file included from C:/Users/MANCHEM HIMESH/OneDrive/Desktop/AttendanceApp/node_modules/react-native-get-random-values/android/build/generated/source/codegen/jni/./react/renderer/components/RNGetRandomValuesSpec/ComponentDescriptors.h:13:
C/C++: In file included from C:/Users/MANCHEM HIMESH/OneDrive/Desktop/AttendanceApp/node_modules/react-native-get-random-values/android/build/generated/source/codegen/jni/./react/renderer/components/RNGetRandomValuesSpec/ShadowNodes.h:16:
C/C++: In file included from C:/Users/MANCHEM HIMESH/.gradle/caches/9.3.1/transforms/236808c8bf210c3c94b027618281850c/workspace/transformed/react-android-0.86.2-debug/prefab/modules/reactnative/include/react/renderer/components/view/ConcreteViewShadowNode.h:10:
C/C++: In file included from C:/Users/MANCHEM HIMESH/.gradle/caches/9.3.1/transforms/236808c8bf210c3c94b027618281850c/workspace/transformed/react-android-0.86.2-debug/prefab/modules/reactnative/include/react/renderer/components/view/HostPlatformViewTraitsInitializer.h:10:
C/C++: In file included from C:/Users/MANCHEM HIMESH/.gradle/caches/9.3.1/transforms/236808c8bf210c3c94b027618281850c/workspace/transformed/react-android-0.86.2-debug/prefab/modules/reactnative/include/react/renderer/components/view/ViewProps.h:10:
C/C++: In file included from C:/Users/MANCHEM HIMESH/.gradle/caches/9.3.1/transforms/236808c8bf210c3c94b027618281850c/workspace/transformed/react-android-0.86.2-debug/prefab/modules/reactnative/include/react/renderer/components/view/HostPlatformViewProps.h:11:
C/C++: In file included from C:/Users/MANCHEM HIMESH/.gradle/caches/9.3.1/transforms/236808c8bf210c3c94b027618281850c/workspace/transformed/react-android-0.86.2-debug/prefab/modules/reactnative/include/react/renderer/components/view/NativeDrawable.h:13:
C/C++: C:/Users/MANCHEM HIMESH/.gradle/caches/9.3.1/transforms/236808c8bf210c3c94b027618281850c/workspace/transformed/react-android-0.86.2-debug/prefab/modules/reactnative/include/react/renderer/core/graphicsConversions.h:71:14: error: no member named 'format' in namespace 'std'; did you mean 'folly::format'?
C/C++:       return std::format("{}%", dimension.value);
C/C++:              ^~~~~
C/C++: C:/Users/MANCHEM HIMESH/.gradle/caches/9.3.1/transforms/236808c8bf210c3c94b027618281850c/workspace/transformed/react-android-0.86.2-debug/prefab/modules/reactnative/include/folly/Format.h:291:1: note: 'folly::format' declared here
C/C++: format(StringPiece fmt, Args&&... args) {
C/C++: ^
C/C++: In file included from C:/Users/MANCHEM HIMESH/OneDrive/Desktop/AttendanceApp/node_modules/react-native-get-random-values/android/build/generated/source/codegen/jni/react/renderer/components/RNGetRandomValuesSpec/ComponentDescriptors.cpp:11:
C/C++: In file included from C:/Users/MANCHEM HIMESH/OneDrive/Desktop/AttendanceApp/node_modules/react-native-get-random-values/android/build/generated/source/codegen/jni/./react/renderer/components/RNGetRandomValuesSpec/ComponentDescriptors.h:13:
C/C++: In file included from C:/Users/MANCHEM HIMESH/OneDrive/Desktop/AttendanceApp/node_modules/react-native-get-random-values/android/build/generated/source/codegen/jni/./react/renderer/components/RNGetRandomValuesSpec/ShadowNodes.h:16:
C/C++: In file included from C:/Users/MANCHEM HIMESH/.gradle/caches/9.3.1/transforms/236808c8bf210c3c94b027618281850c/workspace/transformed/react-android-0.86.2-debug/prefab/modules/reactnative/include/react/renderer/components/view/ConcreteViewShadowNode.h:10:
C/C++: In file included from C:/Users/MANCHEM HIMESH/.gradle/caches/9.3.1/transforms/236808c8bf210c3c94b027618281850c/workspace/transformed/react-android-0.86.2-debug/prefab/modules/reactnative/include/react/renderer/components/view/HostPlatformViewTraitsInitializer.h:10:
C/C++: In file included from C:/Users/MANCHEM HIMESH/.gradle/caches/9.3.1/transforms/236808c8bf210c3c94b027618281850c/workspace/transformed/react-android-0.86.2-debug/prefab/modules/reactnative/include/react/renderer/components/view/ViewProps.h:10:
C/C++: In file included from C:/Users/MANCHEM HIMESH/.gradle/caches/9.3.1/transforms/236808c8bf210c3c94b027618281850c/workspace/transformed/react-android-0.86.2-debug/prefab/modules/reactnative/include/react/renderer/components/view/HostPlatformViewProps.h:11:
C/C++: In file included from C:/Users/MANCHEM HIMESH/.gradle/caches/9.3.1/transforms/236808c8bf210c3c94b027618281850c/workspace/transformed/react-android-0.86.2-debug/prefab/modules/reactnative/include/react/renderer/components/view/NativeDrawable.h:13:
C/C++: C:/Users/MANCHEM HIMESH/.gradle/caches/9.3.1/transforms/236808c8bf210c3c94b027618281850c/workspace/transformed/react-android-0.86.2-debug/prefab/modules/reactnative/include/react/renderer/core/graphicsConversions.h:71:14: error: no viable conversion from returned value of type 'Formatter<false, const float &>' to function return type 'folly::dynamic'
C/C++:       return std::format("{}%", dimension.value);
C/C++:              ^~~~~~~~~~~~~~~~~~~~~~~~~~~~~~~~~~~
C/C++: C:/Users/MANCHEM HIMESH/.gradle/caches/9.3.1/transforms/236808c8bf210c3c94b027618281850c/workspace/transformed/react-android-0.86.2-debug/prefab/modules/reactnative/include/folly/json/dynamic.h:238:18: note: candidate constructor not viable: no known conversion from 'Formatter<false, const float &>' to 'const ObjectMaker &' for 1st argument
C/C++:   /* implicit */ dynamic(ObjectMaker const&) = delete;
C/C++:                  ^
C/C++: C:/Users/MANCHEM HIMESH/.gradle/caches/9.3.1/transforms/236808c8bf210c3c94b027618281850c/workspace/transformed/react-android-0.86.2-debug/prefab/modules/reactnative/include/folly/json/dynamic.h:289:3: note: candidate constructor not viable: no known conversion from 'Formatter<false, const float &>' to 'const dynamic &' for 1st argument
C/C++:   dynamic(dynamic const&);
C/C++:   ^
C/C++: C:/Users/MANCHEM HIMESH/.gradle/caches/9.3.1/transforms/236808c8bf210c3c94b027618281850c/workspace/transformed/react-android-0.86.2-debug/prefab/modules/reactnative/include/folly/json/dynamic.h:290:3: note: candidate constructor not viable: no known conversion from 'Formatter<false, const float &>' to 'dynamic &&' for 1st argument
C/C++:   dynamic(dynamic&&) noexcept;
C/C++:   ^
C/C++: C:/Users/MANCHEM HIMESH/.gradle/caches/9.3.1/transforms/236808c8bf210c3c94b027618281850c/workspace/transformed/react-android-0.86.2-debug/prefab/modules/reactnative/include/folly/json/dynamic-inl.h:321:17: note: candidate constructor not viable: no known conversion from 'Formatter<false, const float &>' to 'std::nullptr_t' for 1st argument
C/C++: inline dynamic::dynamic(std::nullptr_t) : type_(NULLT) {}
C/C++:                 ^
C/C++: C:/Users/MANCHEM HIMESH/.gradle/caches/9.3.1/transforms/236808c8bf210c3c94b027618281850c/workspace/transformed/react-android-0.86.2-debug/prefab/modules/reactnative/include/folly/json/dynamic-inl.h:323:17: note: candidate constructor not viable: no known conversion from 'Formatter<false, const float &>' to 'void (*)(EmptyArrayTag)' for 1st argument
C/C++: inline dynamic::dynamic(void (*)(EmptyArrayTag)) : type_(ARRAY) {
C/C++:                 ^
C/C++: C:/Users/MANCHEM HIMESH/.gradle/caches/9.3.1/transforms/236808c8bf210c3c94b027618281850c/workspace/transformed/react-android-0.86.2-debug/prefab/modules/reactnative/include/folly/json/dynamic-inl.h:327:17: note: candidate constructor not viable: no known conversion from 'Formatter<false, const float &>' to 'ObjectMaker (*)()' for 1st argument
C/C++: inline dynamic::dynamic(ObjectMaker (*)()) : type_(OBJECT) {
C/C++:                 ^
C/C++: C:/Users/MANCHEM HIMESH/.gradle/caches/9.3.1/transforms/236808c8bf210c3c94b027618281850c/workspace/transformed/react-android-0.86.2-debug/prefab/modules/reactnative/include/folly/json/dynamic-inl.h:331:17: note: candidate constructor not viable: no known conversion from 'Formatter<false, const float &>' to 'const char *' for 1st argument
C/C++: inline dynamic::dynamic(char const* s) : type_(STRING) {
C/C++:                 ^
C/C++: C:/Users/MANCHEM HIMESH/.gradle/caches/9.3.1/transforms/236808c8bf210c3c94b027618281850c/workspace/transformed/react-android-0.86.2-debug/prefab/modules/reactnative/include/folly/json/dynamic-inl.h:335:17: note: candidate constructor not viable: no known conversion from 'Formatter<false, const float &>' to 'std::string' (aka 'basic_string<char>') for 1st argument
C/C++: inline dynamic::dynamic(std::string s) : type_(STRING) {
C/C++:                 ^
C/C++: C:/Users/MANCHEM HIMESH/.gradle/caches/9.3.1/transforms/236808c8bf210c3c94b027618281850c/workspace/transformed/react-android-0.86.2-debug/prefab/modules/reactnative/include/folly/json/dynamic-inl.h:344:17: note: candidate constructor not viable: no known conversion from 'Formatter<false, const float &>' to 'ObjectMaker &&' for 1st argument
C/C++: inline dynamic::dynamic(ObjectMaker&& maker) : type_(OBJECT) {
C/C++:                 ^
C/C++: C:/Users/MANCHEM HIMESH/.gradle/caches/9.3.1/transforms/236808c8bf210c3c94b027618281850c/workspace/transformed/react-android-0.86.2-debug/prefab/modules/reactnative/include/folly/json/dynamic-inl.h:376:17: note: candidate constructor not viable: no known conversion from 'Formatter<false, const float &>' to 'std::vector<bool>::reference' (aka '__bit_reference<vector<bool, allocator<bool>>>') for 1st argument
C/C++: inline dynamic::dynamic(std::vector<bool>::reference b)
C/C++:                 ^
C/C++: C:/Users/MANCHEM HIMESH/.gradle/caches/9.3.1/transforms/236808c8bf210c3c94b027618281850c/workspace/transformed/react-android-0.86.2-debug/prefab/modules/reactnative/include/folly/json/dynamic-inl.h:378:17: note: candidate constructor not viable: no known conversion from 'Formatter<false, const float &>' to 'VectorBoolConstRefCtorType' (aka 'std::__bit_const_reference<std::vector<bool>>') for 1st argument
C/C++: inline dynamic::dynamic(VectorBoolConstRefCtorType b)
C/C++:                 ^
C/C++: C:/Users/MANCHEM HIMESH/.gradle/caches/9.3.1/transforms/236808c8bf210c3c94b027618281850c/workspace/transformed/react-android-0.86.2-debug/prefab/modules/reactnative/include/folly/json/dynamic-inl.h:340:17: note: candidate template ignored: requirement 'is_detected_v<folly::dynamic_detail::detect_construct_string, folly::Formatter<false, const float &>>' was not satisfied [with Stringish = Formatter<false, const float &>]
C/C++: inline dynamic::dynamic(Stringish&& s) : type_(STRING) {
C/C++:                 ^
C/C++: C:/Users/MANCHEM HIMESH/.gradle/caches/9.3.1/transforms/236808c8bf210c3c94b027618281850c/workspace/transformed/react-android-0.86.2-debug/prefab/modules/reactnative/include/folly/json/dynamic-inl.h:384:10: note: candidate template ignored: substitution failure [with T = Formatter<false, const float &>]: implicit instantiation of undefined template 'folly::dynamic::NumericTypeHelper<folly::Formatter<false, const float &>>'
C/C++: dynamic::dynamic(T t) {
C/C++:          ^
C/C++: C:/Users/MANCHEM HIMESH/.gradle/caches/9.3.1/transforms/236808c8bf210c3c94b027618281850c/workspace/transformed/react-android-0.86.2-debug/prefab/modules/reactnative/include/folly/json/dynamic.h:1115:12: note: explicit constructor is not a candidate
C/C++:   explicit dynamic(Array&& r);
C/C++:            ^
C/C++: 2 errors generated.
C/C++: In file included from C:/Users/MANCHEM HIMESH/OneDrive/Desktop/AttendanceApp/node_modules/@react-native-async-storage/async-storage/android/build/generated/source/codegen/jni/react/renderer/components/AsyncStorageSpec/ComponentDescriptors.cpp:11:
C/C++: In file included from C:/Users/MANCHEM HIMESH/OneDrive/Desktop/AttendanceApp/node_modules/@react-native-async-storage/async-storage/android/build/generated/source/codegen/jni/./react/renderer/components/AsyncStorageSpec/ComponentDescriptors.h:13:
C/C++: In file included from C:/Users/MANCHEM HIMESH/OneDrive/Desktop/AttendanceApp/node_modules/@react-native-async-storage/async-storage/android/build/generated/source/codegen/jni/./react/renderer/components/AsyncStorageSpec/ShadowNodes.h:16:
C/C++: In file included from C:/Users/MANCHEM HIMESH/.gradle/caches/9.3.1/transforms/236808c8bf210c3c94b027618281850c/workspace/transformed/react-android-0.86.2-debug/prefab/modules/reactnative/include/react/renderer/components/view/ConcreteViewShadowNode.h:10:
C/C++: In file included from C:/Users/MANCHEM HIMESH/.gradle/caches/9.3.1/transforms/236808c8bf210c3c94b027618281850c/workspace/transformed/react-android-0.86.2-debug/prefab/modules/reactnative/include/react/renderer/components/view/HostPlatformViewTraitsInitializer.h:10:
C/C++: In file included from C:/Users/MANCHEM HIMESH/.gradle/caches/9.3.1/transforms/236808c8bf210c3c94b027618281850c/workspace/transformed/react-android-0.86.2-debug/prefab/modules/reactnative/include/react/renderer/components/view/ViewProps.h:10:
C/C++: In file included from C:/Users/MANCHEM HIMESH/.gradle/caches/9.3.1/transforms/236808c8bf210c3c94b027618281850c/workspace/transformed/react-android-0.86.2-debug/prefab/modules/reactnative/include/react/renderer/components/view/HostPlatformViewProps.h:11:
C/C++: In file included from C:/Users/MANCHEM HIMESH/.gradle/caches/9.3.1/transforms/236808c8bf210c3c94b027618281850c/workspace/transformed/react-android-0.86.2-debug/prefab/modules/reactnative/include/react/renderer/components/view/NativeDrawable.h:13:
C/C++: C:/Users/MANCHEM HIMESH/.gradle/caches/9.3.1/transforms/236808c8bf210c3c94b027618281850c/workspace/transformed/react-android-0.86.2-debug/prefab/modules/reactnative/include/react/renderer/core/graphicsConversions.h:71:14: error: no member named 'format' in namespace 'std'; did you mean 'folly::format'?
C/C++:       return std::format("{}%", dimension.value);
C/C++:              ^~~~~
C/C++: C:/Users/MANCHEM HIMESH/.gradle/caches/9.3.1/transforms/236808c8bf210c3c94b027618281850c/workspace/transformed/react-android-0.86.2-debug/prefab/modules/reactnative/include/folly/Format.h:291:1: note: 'folly::format' declared here
C/C++: format(StringPiece fmt, Args&&... args) {
C/C++: ^
C/C++: In file included from C:/Users/MANCHEM HIMESH/OneDrive/Desktop/AttendanceApp/node_modules/@react-native-async-storage/async-storage/android/build/generated/source/codegen/jni/react/renderer/components/AsyncStorageSpec/ComponentDescriptors.cpp:11:
C/C++: In file included from C:/Users/MANCHEM HIMESH/OneDrive/Desktop/AttendanceApp/node_modules/@react-native-async-storage/async-storage/android/build/generated/source/codegen/jni/./react/renderer/components/AsyncStorageSpec/ComponentDescriptors.h:13:
C/C++: In file included from C:/Users/MANCHEM HIMESH/OneDrive/Desktop/AttendanceApp/node_modules/@react-native-async-storage/async-storage/android/build/generated/source/codegen/jni/./react/renderer/components/AsyncStorageSpec/ShadowNodes.h:16:
C/C++: In file included from C:/Users/MANCHEM HIMESH/.gradle/caches/9.3.1/transforms/236808c8bf210c3c94b027618281850c/workspace/transformed/react-android-0.86.2-debug/prefab/modules/reactnative/include/react/renderer/components/view/ConcreteViewShadowNode.h:10:
C/C++: In file included from C:/Users/MANCHEM HIMESH/.gradle/caches/9.3.1/transforms/236808c8bf210c3c94b027618281850c/workspace/transformed/react-android-0.86.2-debug/prefab/modules/reactnative/include/react/renderer/components/view/HostPlatformViewTraitsInitializer.h:10:
C/C++: In file included from C:/Users/MANCHEM HIMESH/.gradle/caches/9.3.1/transforms/236808c8bf210c3c94b027618281850c/workspace/transformed/react-android-0.86.2-debug/prefab/modules/reactnative/include/react/renderer/components/view/ViewProps.h:10:
C/C++: In file included from C:/Users/MANCHEM HIMESH/.gradle/caches/9.3.1/transforms/236808c8bf210c3c94b027618281850c/workspace/transformed/react-android-0.86.2-debug/prefab/modules/reactnative/include/react/renderer/components/view/HostPlatformViewProps.h:11:
C/C++: In file included from C:/Users/MANCHEM HIMESH/.gradle/caches/9.3.1/transforms/236808c8bf210c3c94b027618281850c/workspace/transformed/react-android-0.86.2-debug/prefab/modules/reactnative/include/react/renderer/components/view/NativeDrawable.h:13:
C/C++: C:/Users/MANCHEM HIMESH/.gradle/caches/9.3.1/transforms/236808c8bf210c3c94b027618281850c/workspace/transformed/react-android-0.86.2-debug/prefab/modules/reactnative/include/react/renderer/core/graphicsConversions.h:71:14: error: no viable conversion from returned value of type 'Formatter<false, const float &>' to function return type 'folly::dynamic'
C/C++:       return std::format("{}%", dimension.value);
C/C++:              ^~~~~~~~~~~~~~~~~~~~~~~~~~~~~~~~~~~
C/C++: C:/Users/MANCHEM HIMESH/.gradle/caches/9.3.1/transforms/236808c8bf210c3c94b027618281850c/workspace/transformed/react-android-0.86.2-debug/prefab/modules/reactnative/include/folly/json/dynamic.h:238:18: note: candidate constructor not viable: no known conversion from 'Formatter<false, const float &>' to 'const ObjectMaker &' for 1st argument
C/C++:   /* implicit */ dynamic(ObjectMaker const&) = delete;
C/C++:                  ^
C/C++: C:/Users/MANCHEM HIMESH/.gradle/caches/9.3.1/transforms/236808c8bf210c3c94b027618281850c/workspace/transformed/react-android-0.86.2-debug/prefab/modules/reactnative/include/folly/json/dynamic.h:289:3: note: candidate constructor not viable: no known conversion from 'Formatter<false, const float &>' to 'const dynamic &' for 1st argument
C/C++:   dynamic(dynamic const&);
C/C++:   ^
C/C++: C:/Users/MANCHEM HIMESH/.gradle/caches/9.3.1/transforms/236808c8bf210c3c94b027618281850c/workspace/transformed/react-android-0.86.2-debug/prefab/modules/reactnative/include/folly/json/dynamic.h:290:3: note: candidate constructor not viable: no known conversion from 'Formatter<false, const float &>' to 'dynamic &&' for 1st argument
C/C++:   dynamic(dynamic&&) noexcept;
C/C++:   ^
C/C++: C:/Users/MANCHEM HIMESH/.gradle/caches/9.3.1/transforms/236808c8bf210c3c94b027618281850c/workspace/transformed/react-android-0.86.2-debug/prefab/modules/reactnative/include/folly/json/dynamic-inl.h:321:17: note: candidate constructor not viable: no known conversion from 'Formatter<false, const float &>' to 'std::nullptr_t' for 1st argument
C/C++: inline dynamic::dynamic(std::nullptr_t) : type_(NULLT) {}
C/C++:                 ^
C/C++: C:/Users/MANCHEM HIMESH/.gradle/caches/9.3.1/transforms/236808c8bf210c3c94b027618281850c/workspace/transformed/react-android-0.86.2-debug/prefab/modules/reactnative/include/folly/json/dynamic-inl.h:323:17: note: candidate constructor not viable: no known conversion from 'Formatter<false, const float &>' to 'void (*)(EmptyArrayTag)' for 1st argument
C/C++: inline dynamic::dynamic(void (*)(EmptyArrayTag)) : type_(ARRAY) {
C/C++:                 ^
C/C++: C:/Users/MANCHEM HIMESH/.gradle/caches/9.3.1/transforms/236808c8bf210c3c94b027618281850c/workspace/transformed/react-android-0.86.2-debug/prefab/modules/reactnative/include/folly/json/dynamic-inl.h:327:17: note: candidate constructor not viable: no known conversion from 'Formatter<false, const float &>' to 'ObjectMaker (*)()' for 1st argument
C/C++: inline dynamic::dynamic(ObjectMaker (*)()) : type_(OBJECT) {
C/C++:                 ^
C/C++: C:/Users/MANCHEM HIMESH/.gradle/caches/9.3.1/transforms/236808c8bf210c3c94b027618281850c/workspace/transformed/react-android-0.86.2-debug/prefab/modules/reactnative/include/folly/json/dynamic-inl.h:331:17: note: candidate constructor not viable: no known conversion from 'Formatter<false, const float &>' to 'const char *' for 1st argument
C/C++: inline dynamic::dynamic(char const* s) : type_(STRING) {
C/C++:                 ^
C/C++: C:/Users/MANCHEM HIMESH/.gradle/caches/9.3.1/transforms/236808c8bf210c3c94b027618281850c/workspace/transformed/react-android-0.86.2-debug/prefab/modules/reactnative/include/folly/json/dynamic-inl.h:335:17: note: candidate constructor not viable: no known conversion from 'Formatter<false, const float &>' to 'std::string' (aka 'basic_string<char>') for 1st argument
C/C++: inline dynamic::dynamic(std::string s) : type_(STRING) {
C/C++:                 ^
C/C++: C:/Users/MANCHEM HIMESH/.gradle/caches/9.3.1/transforms/236808c8bf210c3c94b027618281850c/workspace/transformed/react-android-0.86.2-debug/prefab/modules/reactnative/include/folly/json/dynamic-inl.h:344:17: note: candidate constructor not viable: no known conversion from 'Formatter<false, const float &>' to 'ObjectMaker &&' for 1st argument
C/C++: inline dynamic::dynamic(ObjectMaker&& maker) : type_(OBJECT) {
C/C++:                 ^
C/C++: C:/Users/MANCHEM HIMESH/.gradle/caches/9.3.1/transforms/236808c8bf210c3c94b027618281850c/workspace/transformed/react-android-0.86.2-debug/prefab/modules/reactnative/include/folly/json/dynamic-inl.h:376:17: note: candidate constructor not viable: no known conversion from 'Formatter<false, const float &>' to 'std::vector<bool>::reference' (aka '__bit_reference<vector<bool, allocator<bool>>>') for 1st argument
C/C++: inline dynamic::dynamic(std::vector<bool>::reference b)
C/C++:                 ^
C/C++: C:/Users/MANCHEM HIMESH/.gradle/caches/9.3.1/transforms/236808c8bf210c3c94b027618281850c/workspace/transformed/react-android-0.86.2-debug/prefab/modules/reactnative/include/folly/json/dynamic-inl.h:378:17: note: candidate constructor not viable: no known conversion from 'Formatter<false, const float &>' to 'VectorBoolConstRefCtorType' (aka 'std::__bit_const_reference<std::vector<bool>>') for 1st argument
C/C++: inline dynamic::dynamic(VectorBoolConstRefCtorType b)
C/C++:                 ^
C/C++: C:/Users/MANCHEM HIMESH/.gradle/caches/9.3.1/transforms/236808c8bf210c3c94b027618281850c/workspace/transformed/react-android-0.86.2-debug/prefab/modules/reactnative/include/folly/json/dynamic-inl.h:340:17: note: candidate template ignored: requirement 'is_detected_v<folly::dynamic_detail::detect_construct_string, folly::Formatter<false, const float &>>' was not satisfied [with Stringish = Formatter<false, const float &>]
C/C++: inline dynamic::dynamic(Stringish&& s) : type_(STRING) {
C/C++:                 ^
C/C++: C:/Users/MANCHEM HIMESH/.gradle/caches/9.3.1/transforms/236808c8bf210c3c94b027618281850c/workspace/transformed/react-android-0.86.2-debug/prefab/modules/reactnative/include/folly/json/dynamic-inl.h:384:10: note: candidate template ignored: substitution failure [with T = Formatter<false, const float &>]: implicit instantiation of undefined template 'folly::dynamic::NumericTypeHelper<folly::Formatter<false, const float &>>'
C/C++: dynamic::dynamic(T t) {
C/C++:          ^
C/C++: C:/Users/MANCHEM HIMESH/.gradle/caches/9.3.1/transforms/236808c8bf210c3c94b027618281850c/workspace/transformed/react-android-0.86.2-debug/prefab/modules/reactnative/include/folly/json/dynamic.h:1115:12: note: explicit constructor is not a candidate
C/C++:   explicit dynamic(Array&& r);
C/C++:            ^
C/C++: 2 errors generated.
C/C++: In file included from C:/Users/MANCHEM HIMESH/OneDrive/Desktop/AttendanceApp/node_modules/react-native-get-random-values/android/build/generated/source/codegen/jni/react/renderer/components/RNGetRandomValuesSpec/ShadowNodes.cpp:11:
C/C++: In file included from C:/Users/MANCHEM HIMESH/OneDrive/Desktop/AttendanceApp/node_modules/react-native-get-random-values/android/build/generated/source/codegen/jni/./react/renderer/components/RNGetRandomValuesSpec/ShadowNodes.h:16:
C/C++: In file included from C:/Users/MANCHEM HIMESH/.gradle/caches/9.3.1/transforms/236808c8bf210c3c94b027618281850c/workspace/transformed/react-android-0.86.2-debug/prefab/modules/reactnative/include/react/renderer/components/view/ConcreteViewShadowNode.h:10:
C/C++: In file included from C:/Users/MANCHEM HIMESH/.gradle/caches/9.3.1/transforms/236808c8bf210c3c94b027618281850c/workspace/transformed/react-android-0.86.2-debug/prefab/modules/reactnative/include/react/renderer/components/view/HostPlatformViewTraitsInitializer.h:10:
C/C++: In file included from C:/Users/MANCHEM HIMESH/.gradle/caches/9.3.1/transforms/236808c8bf210c3c94b027618281850c/workspace/transformed/react-android-0.86.2-debug/prefab/modules/reactnative/include/react/renderer/components/view/ViewProps.h:10:
C/C++: In file included from C:/Users/MANCHEM HIMESH/.gradle/caches/9.3.1/transforms/236808c8bf210c3c94b027618281850c/workspace/transformed/react-android-0.86.2-debug/prefab/modules/reactnative/include/react/renderer/components/view/HostPlatformViewProps.h:11:
C/C++: In file included from C:/Users/MANCHEM HIMESH/.gradle/caches/9.3.1/transforms/236808c8bf210c3c94b027618281850c/workspace/transformed/react-android-0.86.2-debug/prefab/modules/reactnative/include/react/renderer/components/view/NativeDrawable.h:13:
C/C++: C:/Users/MANCHEM HIMESH/.gradle/caches/9.3.1/transforms/236808c8bf210c3c94b027618281850c/workspace/transformed/react-android-0.86.2-debug/prefab/modules/reactnative/include/react/renderer/core/graphicsConversions.h:71:14: error: no member named 'format' in namespace 'std'; did you mean 'folly::format'?
C/C++:       return std::format("{}%", dimension.value);
C/C++:              ^~~~~
C/C++: C:/Users/MANCHEM HIMESH/.gradle/caches/9.3.1/transforms/236808c8bf210c3c94b027618281850c/workspace/transformed/react-android-0.86.2-debug/prefab/modules/reactnative/include/folly/Format.h:291:1: note: 'folly::format' declared here
C/C++: format(StringPiece fmt, Args&&... args) {
C/C++: ^
C/C++: In file included from C:/Users/MANCHEM HIMESH/OneDrive/Desktop/AttendanceApp/node_modules/react-native-get-random-values/android/build/generated/source/codegen/jni/react/renderer/components/RNGetRandomValuesSpec/ShadowNodes.cpp:11:
C/C++: In file included from C:/Users/MANCHEM HIMESH/OneDrive/Desktop/AttendanceApp/node_modules/react-native-get-random-values/android/build/generated/source/codegen/jni/./react/renderer/components/RNGetRandomValuesSpec/ShadowNodes.h:16:
C/C++: In file included from C:/Users/MANCHEM HIMESH/.gradle/caches/9.3.1/transforms/236808c8bf210c3c94b027618281850c/workspace/transformed/react-android-0.86.2-debug/prefab/modules/reactnative/include/react/renderer/components/view/ConcreteViewShadowNode.h:10:
C/C++: In file included from C:/Users/MANCHEM HIMESH/.gradle/caches/9.3.1/transforms/236808c8bf210c3c94b027618281850c/workspace/transformed/react-android-0.86.2-debug/prefab/modules/reactnative/include/react/renderer/components/view/HostPlatformViewTraitsInitializer.h:10:
C/C++: In file included from C:/Users/MANCHEM HIMESH/.gradle/caches/9.3.1/transforms/236808c8bf210c3c94b027618281850c/workspace/transformed/react-android-0.86.2-debug/prefab/modules/reactnative/include/react/renderer/components/view/ViewProps.h:10:
C/C++: In file included from C:/Users/MANCHEM HIMESH/.gradle/caches/9.3.1/transforms/236808c8bf210c3c94b027618281850c/workspace/transformed/react-android-0.86.2-debug/prefab/modules/reactnative/include/react/renderer/components/view/HostPlatformViewProps.h:11:
C/C++: In file included from C:/Users/MANCHEM HIMESH/.gradle/caches/9.3.1/transforms/236808c8bf210c3c94b027618281850c/workspace/transformed/react-android-0.86.2-debug/prefab/modules/reactnative/include/react/renderer/components/view/NativeDrawable.h:13:
C/C++: C:/Users/MANCHEM HIMESH/.gradle/caches/9.3.1/transforms/236808c8bf210c3c94b027618281850c/workspace/transformed/react-android-0.86.2-debug/prefab/modules/reactnative/include/react/renderer/core/graphicsConversions.h:71:14: error: no viable conversion from returned value of type 'Formatter<false, const float &>' to function return type 'folly::dynamic'
C/C++:       return std::format("{}%", dimension.value);
C/C++:              ^~~~~~~~~~~~~~~~~~~~~~~~~~~~~~~~~~~
C/C++: C:/Users/MANCHEM HIMESH/.gradle/caches/9.3.1/transforms/236808c8bf210c3c94b027618281850c/workspace/transformed/react-android-0.86.2-debug/prefab/modules/reactnative/include/folly/json/dynamic.h:238:18: note: candidate constructor not viable: no known conversion from 'Formatter<false, const float &>' to 'const ObjectMaker &' for 1st argument
C/C++:   /* implicit */ dynamic(ObjectMaker const&) = delete;
C/C++:                  ^
C/C++: C:/Users/MANCHEM HIMESH/.gradle/caches/9.3.1/transforms/236808c8bf210c3c94b027618281850c/workspace/transformed/react-android-0.86.2-debug/prefab/modules/reactnative/include/folly/json/dynamic.h:289:3: note: candidate constructor not viable: no known conversion from 'Formatter<false, const float &>' to 'const dynamic &' for 1st argument
C/C++:   dynamic(dynamic const&);
C/C++:   ^
C/C++: C:/Users/MANCHEM HIMESH/.gradle/caches/9.3.1/transforms/236808c8bf210c3c94b027618281850c/workspace/transformed/react-android-0.86.2-debug/prefab/modules/reactnative/include/folly/json/dynamic.h:290:3: note: candidate constructor not viable: no known conversion from 'Formatter<false, const float &>' to 'dynamic &&' for 1st argument
C/C++:   dynamic(dynamic&&) noexcept;
C/C++:   ^
C/C++: C:/Users/MANCHEM HIMESH/.gradle/caches/9.3.1/transforms/236808c8bf210c3c94b027618281850c/workspace/transformed/react-android-0.86.2-debug/prefab/modules/reactnative/include/folly/json/dynamic-inl.h:321:17: note: candidate constructor not viable: no known conversion from 'Formatter<false, const float &>' to 'std::nullptr_t' for 1st argument
C/C++: inline dynamic::dynamic(std::nullptr_t) : type_(NULLT) {}
C/C++:                 ^
C/C++: C:/Users/MANCHEM HIMESH/.gradle/caches/9.3.1/transforms/236808c8bf210c3c94b027618281850c/workspace/transformed/react-android-0.86.2-debug/prefab/modules/reactnative/include/folly/json/dynamic-inl.h:323:17: note: candidate constructor not viable: no known conversion from 'Formatter<false, const float &>' to 'void (*)(EmptyArrayTag)' for 1st argument
C/C++: inline dynamic::dynamic(void (*)(EmptyArrayTag)) : type_(ARRAY) {
C/C++:                 ^
C/C++: C:/Users/MANCHEM HIMESH/.gradle/caches/9.3.1/transforms/236808c8bf210c3c94b027618281850c/workspace/transformed/react-android-0.86.2-debug/prefab/modules/reactnative/include/folly/json/dynamic-inl.h:327:17: note: candidate constructor not viable: no known conversion from 'Formatter<false, const float &>' to 'ObjectMaker (*)()' for 1st argument
C/C++: inline dynamic::dynamic(ObjectMaker (*)()) : type_(OBJECT) {
C/C++:                 ^
C/C++: C:/Users/MANCHEM HIMESH/.gradle/caches/9.3.1/transforms/236808c8bf210c3c94b027618281850c/workspace/transformed/react-android-0.86.2-debug/prefab/modules/reactnative/include/folly/json/dynamic-inl.h:331:17: note: candidate constructor not viable: no known conversion from 'Formatter<false, const float &>' to 'const char *' for 1st argument
C/C++: inline dynamic::dynamic(char const* s) : type_(STRING) {
C/C++:                 ^
C/C++: C:/Users/MANCHEM HIMESH/.gradle/caches/9.3.1/transforms/236808c8bf210c3c94b027618281850c/workspace/transformed/react-android-0.86.2-debug/prefab/modules/reactnative/include/folly/json/dynamic-inl.h:335:17: note: candidate constructor not viable: no known conversion from 'Formatter<false, const float &>' to 'std::string' (aka 'basic_string<char>') for 1st argument
C/C++: inline dynamic::dynamic(std::string s) : type_(STRING) {
C/C++:                 ^
C/C++: C:/Users/MANCHEM HIMESH/.gradle/caches/9.3.1/transforms/236808c8bf210c3c94b027618281850c/workspace/transformed/react-android-0.86.2-debug/prefab/modules/reactnative/include/folly/json/dynamic-inl.h:344:17: note: candidate constructor not viable: no known conversion from 'Formatter<false, const float &>' to 'ObjectMaker &&' for 1st argument
C/C++: inline dynamic::dynamic(ObjectMaker&& maker) : type_(OBJECT) {
C/C++:                 ^
C/C++: C:/Users/MANCHEM HIMESH/.gradle/caches/9.3.1/transforms/236808c8bf210c3c94b027618281850c/workspace/transformed/react-android-0.86.2-debug/prefab/modules/reactnative/include/folly/json/dynamic-inl.h:376:17: note: candidate constructor not viable: no known conversion from 'Formatter<false, const float &>' to 'std::vector<bool>::reference' (aka '__bit_reference<vector<bool, allocator<bool>>>') for 1st argument
C/C++: inline dynamic::dynamic(std::vector<bool>::reference b)
C/C++:                 ^
C/C++: C:/Users/MANCHEM HIMESH/.gradle/caches/9.3.1/transforms/236808c8bf210c3c94b027618281850c/workspace/transformed/react-android-0.86.2-debug/prefab/modules/reactnative/include/folly/json/dynamic-inl.h:378:17: note: candidate constructor not viable: no known conversion from 'Formatter<false, const float &>' to 'VectorBoolConstRefCtorType' (aka 'std::__bit_const_reference<std::vector<bool>>') for 1st argument
C/C++: inline dynamic::dynamic(VectorBoolConstRefCtorType b)
C/C++:                 ^
C/C++: C:/Users/MANCHEM HIMESH/.gradle/caches/9.3.1/transforms/236808c8bf210c3c94b027618281850c/workspace/transformed/react-android-0.86.2-debug/prefab/modules/reactnative/include/folly/json/dynamic-inl.h:340:17: note: candidate template ignored: requirement 'is_detected_v<folly::dynamic_detail::detect_construct_string, folly::Formatter<false, const float &>>' was not satisfied [with Stringish = Formatter<false, const float &>]
C/C++: inline dynamic::dynamic(Stringish&& s) : type_(STRING) {
C/C++:                 ^
C/C++: C:/Users/MANCHEM HIMESH/.gradle/caches/9.3.1/transforms/236808c8bf210c3c94b027618281850c/workspace/transformed/react-android-0.86.2-debug/prefab/modules/reactnative/include/folly/json/dynamic-inl.h:384:10: note: candidate template ignored: substitution failure [with T = Formatter<false, const float &>]: implicit instantiation of undefined template 'folly::dynamic::NumericTypeHelper<folly::Formatter<false, const float &>>'
C/C++: dynamic::dynamic(T t) {
C/C++:          ^
C/C++: C:/Users/MANCHEM HIMESH/.gradle/caches/9.3.1/transforms/236808c8bf210c3c94b027618281850c/workspace/transformed/react-android-0.86.2-debug/prefab/modules/reactnative/include/folly/json/dynamic.h:1115:12: note: explicit constructor is not a candidate
C/C++:   explicit dynamic(Array&& r);
C/C++:            ^
C/C++: 2 errors generated.
C/C++: In file included from C:/Users/MANCHEM HIMESH/OneDrive/Desktop/AttendanceApp/node_modules/@react-native-community/netinfo/android/build/generated/source/codegen/jni/react/renderer/components/RNCNetInfoSpec/ShadowNodes.cpp:11:
C/C++: In file included from C:/Users/MANCHEM HIMESH/OneDrive/Desktop/AttendanceApp/node_modules/@react-native-community/netinfo/android/build/generated/source/codegen/jni/./react/renderer/components/RNCNetInfoSpec/ShadowNodes.h:16:
C/C++: In file included from C:/Users/MANCHEM HIMESH/.gradle/caches/9.3.1/transforms/236808c8bf210c3c94b027618281850c/workspace/transformed/react-android-0.86.2-debug/prefab/modules/reactnative/include/react/renderer/components/view/ConcreteViewShadowNode.h:10:
C/C++: In file included from C:/Users/MANCHEM HIMESH/.gradle/caches/9.3.1/transforms/236808c8bf210c3c94b027618281850c/workspace/transformed/react-android-0.86.2-debug/prefab/modules/reactnative/include/react/renderer/components/view/HostPlatformViewTraitsInitializer.h:10:
C/C++: In file included from C:/Users/MANCHEM HIMESH/.gradle/caches/9.3.1/transforms/236808c8bf210c3c94b027618281850c/workspace/transformed/react-android-0.86.2-debug/prefab/modules/reactnative/include/react/renderer/components/view/ViewProps.h:10:
C/C++: In file included from C:/Users/MANCHEM HIMESH/.gradle/caches/9.3.1/transforms/236808c8bf210c3c94b027618281850c/workspace/transformed/react-android-0.86.2-debug/prefab/modules/reactnative/include/react/renderer/components/view/HostPlatformViewProps.h:11:
C/C++: In file included from C:/Users/MANCHEM HIMESH/.gradle/caches/9.3.1/transforms/236808c8bf210c3c94b027618281850c/workspace/transformed/react-android-0.86.2-debug/prefab/modules/reactnative/include/react/renderer/components/view/NativeDrawable.h:13:
C/C++: C:/Users/MANCHEM HIMESH/.gradle/caches/9.3.1/transforms/236808c8bf210c3c94b027618281850c/workspace/transformed/react-android-0.86.2-debug/prefab/modules/reactnative/include/react/renderer/core/graphicsConversions.h:71:14: error: no member named 'format' in namespace 'std'; did you mean 'folly::format'?
C/C++:       return std::format("{}%", dimension.value);
C/C++:              ^~~~~
C/C++: C:/Users/MANCHEM HIMESH/.gradle/caches/9.3.1/transforms/236808c8bf210c3c94b027618281850c/workspace/transformed/react-android-0.86.2-debug/prefab/modules/reactnative/include/folly/Format.h:291:1: note: 'folly::format' declared here
C/C++: format(StringPiece fmt, Args&&... args) {
C/C++: ^
C/C++: In file included from C:/Users/MANCHEM HIMESH/OneDrive/Desktop/AttendanceApp/node_modules/@react-native-community/netinfo/android/build/generated/source/codegen/jni/react/renderer/components/RNCNetInfoSpec/ShadowNodes.cpp:11:
C/C++: In file included from C:/Users/MANCHEM HIMESH/OneDrive/Desktop/AttendanceApp/node_modules/@react-native-community/netinfo/android/build/generated/source/codegen/jni/./react/renderer/components/RNCNetInfoSpec/ShadowNodes.h:16:
C/C++: In file included from C:/Users/MANCHEM HIMESH/.gradle/caches/9.3.1/transforms/236808c8bf210c3c94b027618281850c/workspace/transformed/react-android-0.86.2-debug/prefab/modules/reactnative/include/react/renderer/components/view/ConcreteViewShadowNode.h:10:
C/C++: In file included from C:/Users/MANCHEM HIMESH/.gradle/caches/9.3.1/transforms/236808c8bf210c3c94b027618281850c/workspace/transformed/react-android-0.86.2-debug/prefab/modules/reactnative/include/react/renderer/components/view/HostPlatformViewTraitsInitializer.h:10:
C/C++: In file included from C:/Users/MANCHEM HIMESH/.gradle/caches/9.3.1/transforms/236808c8bf210c3c94b027618281850c/workspace/transformed/react-android-0.86.2-debug/prefab/modules/reactnative/include/react/renderer/components/view/ViewProps.h:10:
C/C++: In file included from C:/Users/MANCHEM HIMESH/.gradle/caches/9.3.1/transforms/236808c8bf210c3c94b027618281850c/workspace/transformed/react-android-0.86.2-debug/prefab/modules/reactnative/include/react/renderer/components/view/HostPlatformViewProps.h:11:
C/C++: In file included from C:/Users/MANCHEM HIMESH/.gradle/caches/9.3.1/transforms/236808c8bf210c3c94b027618281850c/workspace/transformed/react-android-0.86.2-debug/prefab/modules/reactnative/include/react/renderer/components/view/NativeDrawable.h:13:
C/C++: C:/Users/MANCHEM HIMESH/.gradle/caches/9.3.1/transforms/236808c8bf210c3c94b027618281850c/workspace/transformed/react-android-0.86.2-debug/prefab/modules/reactnative/include/react/renderer/core/graphicsConversions.h:71:14: error: no viable conversion from returned value of type 'Formatter<false, const float &>' to function return type 'folly::dynamic'
C/C++:       return std::format("{}%", dimension.value);
C/C++:              ^~~~~~~~~~~~~~~~~~~~~~~~~~~~~~~~~~~
C/C++: C:/Users/MANCHEM HIMESH/.gradle/caches/9.3.1/transforms/236808c8bf210c3c94b027618281850c/workspace/transformed/react-android-0.86.2-debug/prefab/modules/reactnative/include/folly/json/dynamic.h:238:18: note: candidate constructor not viable: no known conversion from 'Formatter<false, const float &>' to 'const ObjectMaker &' for 1st argument
C/C++:   /* implicit */ dynamic(ObjectMaker const&) = delete;
C/C++:                  ^
C/C++: C:/Users/MANCHEM HIMESH/.gradle/caches/9.3.1/transforms/236808c8bf210c3c94b027618281850c/workspace/transformed/react-android-0.86.2-debug/prefab/modules/reactnative/include/folly/json/dynamic.h:289:3: note: candidate constructor not viable: no known conversion from 'Formatter<false, const float &>' to 'const dynamic &' for 1st argument
C/C++:   dynamic(dynamic const&);
C/C++:   ^
C/C++: C:/Users/MANCHEM HIMESH/.gradle/caches/9.3.1/transforms/236808c8bf210c3c94b027618281850c/workspace/transformed/react-android-0.86.2-debug/prefab/modules/reactnative/include/folly/json/dynamic.h:290:3: note: candidate constructor not viable: no known conversion from 'Formatter<false, const float &>' to 'dynamic &&' for 1st argument
C/C++:   dynamic(dynamic&&) noexcept;
C/C++:   ^
C/C++: C:/Users/MANCHEM HIMESH/.gradle/caches/9.3.1/transforms/236808c8bf210c3c94b027618281850c/workspace/transformed/react-android-0.86.2-debug/prefab/modules/reactnative/include/folly/json/dynamic-inl.h:321:17: note: candidate constructor not viable: no known conversion from 'Formatter<false, const float &>' to 'std::nullptr_t' for 1st argument
C/C++: inline dynamic::dynamic(std::nullptr_t) : type_(NULLT) {}
C/C++:                 ^
C/C++: C:/Users/MANCHEM HIMESH/.gradle/caches/9.3.1/transforms/236808c8bf210c3c94b027618281850c/workspace/transformed/react-android-0.86.2-debug/prefab/modules/reactnative/include/folly/json/dynamic-inl.h:323:17: note: candidate constructor not viable: no known conversion from 'Formatter<false, const float &>' to 'void (*)(EmptyArrayTag)' for 1st argument
C/C++: inline dynamic::dynamic(void (*)(EmptyArrayTag)) : type_(ARRAY) {
C/C++:                 ^
C/C++: C:/Users/MANCHEM HIMESH/.gradle/caches/9.3.1/transforms/236808c8bf210c3c94b027618281850c/workspace/transformed/react-android-0.86.2-debug/prefab/modules/reactnative/include/folly/json/dynamic-inl.h:327:17: note: candidate constructor not viable: no known conversion from 'Formatter<false, const float &>' to 'ObjectMaker (*)()' for 1st argument
C/C++: inline dynamic::dynamic(ObjectMaker (*)()) : type_(OBJECT) {
C/C++:                 ^
C/C++: C:/Users/MANCHEM HIMESH/.gradle/caches/9.3.1/transforms/236808c8bf210c3c94b027618281850c/workspace/transformed/react-android-0.86.2-debug/prefab/modules/reactnative/include/folly/json/dynamic-inl.h:331:17: note: candidate constructor not viable: no known conversion from 'Formatter<false, const float &>' to 'const char *' for 1st argument
C/C++: inline dynamic::dynamic(char const* s) : type_(STRING) {
C/C++:                 ^
C/C++: C:/Users/MANCHEM HIMESH/.gradle/caches/9.3.1/transforms/236808c8bf210c3c94b027618281850c/workspace/transformed/react-android-0.86.2-debug/prefab/modules/reactnative/include/folly/json/dynamic-inl.h:335:17: note: candidate constructor not viable: no known conversion from 'Formatter<false, const float &>' to 'std::string' (aka 'basic_string<char>') for 1st argument
C/C++: inline dynamic::dynamic(std::string s) : type_(STRING) {
C/C++:                 ^
C/C++: C:/Users/MANCHEM HIMESH/.gradle/caches/9.3.1/transforms/236808c8bf210c3c94b027618281850c/workspace/transformed/react-android-0.86.2-debug/prefab/modules/reactnative/include/folly/json/dynamic-inl.h:344:17: note: candidate constructor not viable: no known conversion from 'Formatter<false, const float &>' to 'ObjectMaker &&' for 1st argument
C/C++: inline dynamic::dynamic(ObjectMaker&& maker) : type_(OBJECT) {
C/C++:                 ^
C/C++: C:/Users/MANCHEM HIMESH/.gradle/caches/9.3.1/transforms/236808c8bf210c3c94b027618281850c/workspace/transformed/react-android-0.86.2-debug/prefab/modules/reactnative/include/folly/json/dynamic-inl.h:376:17: note: candidate constructor not viable: no known conversion from 'Formatter<false, const float &>' to 'std::vector<bool>::reference' (aka '__bit_reference<vector<bool, allocator<bool>>>') for 1st argument
C/C++: inline dynamic::dynamic(std::vector<bool>::reference b)
C/C++:                 ^
C/C++: C:/Users/MANCHEM HIMESH/.gradle/caches/9.3.1/transforms/236808c8bf210c3c94b027618281850c/workspace/transformed/react-android-0.86.2-debug/prefab/modules/reactnative/include/folly/json/dynamic-inl.h:378:17: note: candidate constructor not viable: no known conversion from 'Formatter<false, const float &>' to 'VectorBoolConstRefCtorType' (aka 'std::__bit_const_reference<std::vector<bool>>') for 1st argument
C/C++: inline dynamic::dynamic(VectorBoolConstRefCtorType b)
C/C++:                 ^
C/C++: C:/Users/MANCHEM HIMESH/.gradle/caches/9.3.1/transforms/236808c8bf210c3c94b027618281850c/workspace/transformed/react-android-0.86.2-debug/prefab/modules/reactnative/include/folly/json/dynamic-inl.h:340:17: note: candidate template ignored: requirement 'is_detected_v<folly::dynamic_detail::detect_construct_string, folly::Formatter<false, const float &>>' was not satisfied [with Stringish = Formatter<false, const float &>]
C/C++: inline dynamic::dynamic(Stringish&& s) : type_(STRING) {
C/C++:                 ^
C/C++: C:/Users/MANCHEM HIMESH/.gradle/caches/9.3.1/transforms/236808c8bf210c3c94b027618281850c/workspace/transformed/react-android-0.86.2-debug/prefab/modules/reactnative/include/folly/json/dynamic-inl.h:384:10: note: candidate template ignored: substitution failure [with T = Formatter<false, const float &>]: implicit instantiation of undefined template 'folly::dynamic::NumericTypeHelper<folly::Formatter<false, const float &>>'
C/C++: dynamic::dynamic(T t) {
C/C++:          ^
C/C++: C:/Users/MANCHEM HIMESH/.gradle/caches/9.3.1/transforms/236808c8bf210c3c94b027618281850c/workspace/transformed/react-android-0.86.2-debug/prefab/modules/reactnative/include/folly/json/dynamic.h:1115:12: note: explicit constructor is not a candidate
C/C++:   explicit dynamic(Array&& r);
C/C++:            ^
C/C++: 2 errors generated.
C/C++: In file included from C:/Users/MANCHEM HIMESH/OneDrive/Desktop/AttendanceApp/node_modules/@react-native-async-storage/async-storage/android/build/generated/source/codegen/jni/react/renderer/components/AsyncStorageSpec/ShadowNodes.cpp:11:
C/C++: In file included from C:/Users/MANCHEM HIMESH/OneDrive/Desktop/AttendanceApp/node_modules/@react-native-async-storage/async-storage/android/build/generated/source/codegen/jni/./react/renderer/components/AsyncStorageSpec/ShadowNodes.h:16:
C/C++: In file included from C:/Users/MANCHEM HIMESH/.gradle/caches/9.3.1/transforms/236808c8bf210c3c94b027618281850c/workspace/transformed/react-android-0.86.2-debug/prefab/modules/reactnative/include/react/renderer/components/view/ConcreteViewShadowNode.h:10:
C/C++: In file included from C:/Users/MANCHEM HIMESH/.gradle/caches/9.3.1/transforms/236808c8bf210c3c94b027618281850c/workspace/transformed/react-android-0.86.2-debug/prefab/modules/reactnative/include/react/renderer/components/view/HostPlatformViewTraitsInitializer.h:10:
C/C++: In file included from C:/Users/MANCHEM HIMESH/.gradle/caches/9.3.1/transforms/236808c8bf210c3c94b027618281850c/workspace/transformed/react-android-0.86.2-debug/prefab/modules/reactnative/include/react/renderer/components/view/ViewProps.h:10:
C/C++: In file included from C:/Users/MANCHEM HIMESH/.gradle/caches/9.3.1/transforms/236808c8bf210c3c94b027618281850c/workspace/transformed/react-android-0.86.2-debug/prefab/modules/reactnative/include/react/renderer/components/view/HostPlatformViewProps.h:11:
C/C++: In file included from C:/Users/MANCHEM HIMESH/.gradle/caches/9.3.1/transforms/236808c8bf210c3c94b027618281850c/workspace/transformed/react-android-0.86.2-debug/prefab/modules/reactnative/include/react/renderer/components/view/NativeDrawable.h:13:
C/C++: C:/Users/MANCHEM HIMESH/.gradle/caches/9.3.1/transforms/236808c8bf210c3c94b027618281850c/workspace/transformed/react-android-0.86.2-debug/prefab/modules/reactnative/include/react/renderer/core/graphicsConversions.h:71:14: error: no member named 'format' in namespace 'std'; did you mean 'folly::format'?
C/C++:       return std::format("{}%", dimension.value);
C/C++:              ^~~~~
C/C++: C:/Users/MANCHEM HIMESH/.gradle/caches/9.3.1/transforms/236808c8bf210c3c94b027618281850c/workspace/transformed/react-android-0.86.2-debug/prefab/modules/reactnative/include/folly/Format.h:291:1: note: 'folly::format' declared here
C/C++: format(StringPiece fmt, Args&&... args) {
C/C++: ^
C/C++: In file included from C:/Users/MANCHEM HIMESH/OneDrive/Desktop/AttendanceApp/node_modules/@react-native-async-storage/async-storage/android/build/generated/source/codegen/jni/react/renderer/components/AsyncStorageSpec/ShadowNodes.cpp:11:
C/C++: In file included from C:/Users/MANCHEM HIMESH/OneDrive/Desktop/AttendanceApp/node_modules/@react-native-async-storage/async-storage/android/build/generated/source/codegen/jni/./react/renderer/components/AsyncStorageSpec/ShadowNodes.h:16:
C/C++: In file included from C:/Users/MANCHEM HIMESH/.gradle/caches/9.3.1/transforms/236808c8bf210c3c94b027618281850c/workspace/transformed/react-android-0.86.2-debug/prefab/modules/reactnative/include/react/renderer/components/view/ConcreteViewShadowNode.h:10:
C/C++: In file included from C:/Users/MANCHEM HIMESH/.gradle/caches/9.3.1/transforms/236808c8bf210c3c94b027618281850c/workspace/transformed/react-android-0.86.2-debug/prefab/modules/reactnative/include/react/renderer/components/view/HostPlatformViewTraitsInitializer.h:10:
C/C++: In file included from C:/Users/MANCHEM HIMESH/.gradle/caches/9.3.1/transforms/236808c8bf210c3c94b027618281850c/workspace/transformed/react-android-0.86.2-debug/prefab/modules/reactnative/include/react/renderer/components/view/ViewProps.h:10:
C/C++: In file included from C:/Users/MANCHEM HIMESH/.gradle/caches/9.3.1/transforms/236808c8bf210c3c94b027618281850c/workspace/transformed/react-android-0.86.2-debug/prefab/modules/reactnative/include/react/renderer/components/view/HostPlatformViewProps.h:11:
C/C++: In file included from C:/Users/MANCHEM HIMESH/.gradle/caches/9.3.1/transforms/236808c8bf210c3c94b027618281850c/workspace/transformed/react-android-0.86.2-debug/prefab/modules/reactnative/include/react/renderer/components/view/NativeDrawable.h:13:
C/C++: C:/Users/MANCHEM HIMESH/.gradle/caches/9.3.1/transforms/236808c8bf210c3c94b027618281850c/workspace/transformed/react-android-0.86.2-debug/prefab/modules/reactnative/include/react/renderer/core/graphicsConversions.h:71:14: error: no viable conversion from returned value of type 'Formatter<false, const float &>' to function return type 'folly::dynamic'
C/C++:       return std::format("{}%", dimension.value);
C/C++:              ^~~~~~~~~~~~~~~~~~~~~~~~~~~~~~~~~~~
C/C++: C:/Users/MANCHEM HIMESH/.gradle/caches/9.3.1/transforms/236808c8bf210c3c94b027618281850c/workspace/transformed/react-android-0.86.2-debug/prefab/modules/reactnative/include/folly/json/dynamic.h:238:18: note: candidate constructor not viable: no known conversion from 'Formatter<false, const float &>' to 'const ObjectMaker &' for 1st argument
C/C++:   /* implicit */ dynamic(ObjectMaker const&) = delete;
C/C++:                  ^
C/C++: C:/Users/MANCHEM HIMESH/.gradle/caches/9.3.1/transforms/236808c8bf210c3c94b027618281850c/workspace/transformed/react-android-0.86.2-debug/prefab/modules/reactnative/include/folly/json/dynamic.h:289:3: note: candidate constructor not viable: no known conversion from 'Formatter<false, const float &>' to 'const dynamic &' for 1st argument
C/C++:   dynamic(dynamic const&);
C/C++:   ^
C/C++: C:/Users/MANCHEM HIMESH/.gradle/caches/9.3.1/transforms/236808c8bf210c3c94b027618281850c/workspace/transformed/react-android-0.86.2-debug/prefab/modules/reactnative/include/folly/json/dynamic.h:290:3: note: candidate constructor not viable: no known conversion from 'Formatter<false, const float &>' to 'dynamic &&' for 1st argument
C/C++:   dynamic(dynamic&&) noexcept;
C/C++:   ^
C/C++: C:/Users/MANCHEM HIMESH/.gradle/caches/9.3.1/transforms/236808c8bf210c3c94b027618281850c/workspace/transformed/react-android-0.86.2-debug/prefab/modules/reactnative/include/folly/json/dynamic-inl.h:321:17: note: candidate constructor not viable: no known conversion from 'Formatter<false, const float &>' to 'std::nullptr_t' for 1st argument
C/C++: inline dynamic::dynamic(std::nullptr_t) : type_(NULLT) {}
C/C++:                 ^
C/C++: C:/Users/MANCHEM HIMESH/.gradle/caches/9.3.1/transforms/236808c8bf210c3c94b027618281850c/workspace/transformed/react-android-0.86.2-debug/prefab/modules/reactnative/include/folly/json/dynamic-inl.h:323:17: note: candidate constructor not viable: no known conversion from 'Formatter<false, const float &>' to 'void (*)(EmptyArrayTag)' for 1st argument
C/C++: inline dynamic::dynamic(void (*)(EmptyArrayTag)) : type_(ARRAY) {
C/C++:                 ^
C/C++: C:/Users/MANCHEM HIMESH/.gradle/caches/9.3.1/transforms/236808c8bf210c3c94b027618281850c/workspace/transformed/react-android-0.86.2-debug/prefab/modules/reactnative/include/folly/json/dynamic-inl.h:327:17: note: candidate constructor not viable: no known conversion from 'Formatter<false, const float &>' to 'ObjectMaker (*)()' for 1st argument
C/C++: inline dynamic::dynamic(ObjectMaker (*)()) : type_(OBJECT) {
C/C++:                 ^
C/C++: C:/Users/MANCHEM HIMESH/.gradle/caches/9.3.1/transforms/236808c8bf210c3c94b027618281850c/workspace/transformed/react-android-0.86.2-debug/prefab/modules/reactnative/include/folly/json/dynamic-inl.h:331:17: note: candidate constructor not viable: no known conversion from 'Formatter<false, const float &>' to 'const char *' for 1st argument
C/C++: inline dynamic::dynamic(char const* s) : type_(STRING) {
C/C++:                 ^
C/C++: C:/Users/MANCHEM HIMESH/.gradle/caches/9.3.1/transforms/236808c8bf210c3c94b027618281850c/workspace/transformed/react-android-0.86.2-debug/prefab/modules/reactnative/include/folly/json/dynamic-inl.h:335:17: note: candidate constructor not viable: no known conversion from 'Formatter<false, const float &>' to 'std::string' (aka 'basic_string<char>') for 1st argument
C/C++: inline dynamic::dynamic(std::string s) : type_(STRING) {
C/C++:                 ^
C/C++: C:/Users/MANCHEM HIMESH/.gradle/caches/9.3.1/transforms/236808c8bf210c3c94b027618281850c/workspace/transformed/react-android-0.86.2-debug/prefab/modules/reactnative/include/folly/json/dynamic-inl.h:344:17: note: candidate constructor not viable: no known conversion from 'Formatter<false, const float &>' to 'ObjectMaker &&' for 1st argument
C/C++: inline dynamic::dynamic(ObjectMaker&& maker) : type_(OBJECT) {
C/C++:                 ^
C/C++: C:/Users/MANCHEM HIMESH/.gradle/caches/9.3.1/transforms/236808c8bf210c3c94b027618281850c/workspace/transformed/react-android-0.86.2-debug/prefab/modules/reactnative/include/folly/json/dynamic-inl.h:376:17: note: candidate constructor not viable: no known conversion from 'Formatter<false, const float &>' to 'std::vector<bool>::reference' (aka '__bit_reference<vector<bool, allocator<bool>>>') for 1st argument
C/C++: inline dynamic::dynamic(std::vector<bool>::reference b)
C/C++:                 ^
C/C++: C:/Users/MANCHEM HIMESH/.gradle/caches/9.3.1/transforms/236808c8bf210c3c94b027618281850c/workspace/transformed/react-android-0.86.2-debug/prefab/modules/reactnative/include/folly/json/dynamic-inl.h:378:17: note: candidate constructor not viable: no known conversion from 'Formatter<false, const float &>' to 'VectorBoolConstRefCtorType' (aka 'std::__bit_const_reference<std::vector<bool>>') for 1st argument
C/C++: inline dynamic::dynamic(VectorBoolConstRefCtorType b)
C/C++:                 ^
C/C++: C:/Users/MANCHEM HIMESH/.gradle/caches/9.3.1/transforms/236808c8bf210c3c94b027618281850c/workspace/transformed/react-android-0.86.2-debug/prefab/modules/reactnative/include/folly/json/dynamic-inl.h:340:17: note: candidate template ignored: requirement 'is_detected_v<folly::dynamic_detail::detect_construct_string, folly::Formatter<false, const float &>>' was not satisfied [with Stringish = Formatter<false, const float &>]
C/C++: inline dynamic::dynamic(Stringish&& s) : type_(STRING) {
C/C++:                 ^
C/C++: C:/Users/MANCHEM HIMESH/.gradle/caches/9.3.1/transforms/236808c8bf210c3c94b027618281850c/workspace/transformed/react-android-0.86.2-debug/prefab/modules/reactnative/include/folly/json/dynamic-inl.h:384:10: note: candidate template ignored: substitution failure [with T = Formatter<false, const float &>]: implicit instantiation of undefined template 'folly::dynamic::NumericTypeHelper<folly::Formatter<false, const float &>>'
C/C++: dynamic::dynamic(T t) {
C/C++:          ^
C/C++: C:/Users/MANCHEM HIMESH/.gradle/caches/9.3.1/transforms/236808c8bf210c3c94b027618281850c/workspace/transformed/react-android-0.86.2-debug/prefab/modules/reactnative/include/folly/json/dynamic.h:1115:12: note: explicit constructor is not a candidate
C/C++:   explicit dynamic(Array&& r);
C/C++:            ^
C/C++: 2 errors generated.
C/C++: In file included from C:/Users/MANCHEM HIMESH/OneDrive/Desktop/AttendanceApp/node_modules/react-native-haptic-feedback/android/build/generated/source/codegen/jni/react/renderer/components/RNHapticFeedbackSpec/ComponentDescriptors.cpp:11:
C/C++: In file included from C:/Users/MANCHEM HIMESH/OneDrive/Desktop/AttendanceApp/node_modules/react-native-haptic-feedback/android/build/generated/source/codegen/jni/./react/renderer/components/RNHapticFeedbackSpec/ComponentDescriptors.h:13:
C/C++: In file included from C:/Users/MANCHEM HIMESH/OneDrive/Desktop/AttendanceApp/node_modules/react-native-haptic-feedback/android/build/generated/source/codegen/jni/./react/renderer/components/RNHapticFeedbackSpec/ShadowNodes.h:16:
C/C++: In file included from C:/Users/MANCHEM HIMESH/.gradle/caches/9.3.1/transforms/236808c8bf210c3c94b027618281850c/workspace/transformed/react-android-0.86.2-debug/prefab/modules/reactnative/include/react/renderer/components/view/ConcreteViewShadowNode.h:10:
C/C++: In file included from C:/Users/MANCHEM HIMESH/.gradle/caches/9.3.1/transforms/236808c8bf210c3c94b027618281850c/workspace/transformed/react-android-0.86.2-debug/prefab/modules/reactnative/include/react/renderer/components/view/HostPlatformViewTraitsInitializer.h:10:
C/C++: In file included from C:/Users/MANCHEM HIMESH/.gradle/caches/9.3.1/transforms/236808c8bf210c3c94b027618281850c/workspace/transformed/react-android-0.86.2-debug/prefab/modules/reactnative/include/react/renderer/components/view/ViewProps.h:10:
C/C++: In file included from C:/Users/MANCHEM HIMESH/.gradle/caches/9.3.1/transforms/236808c8bf210c3c94b027618281850c/workspace/transformed/react-android-0.86.2-debug/prefab/modules/reactnative/include/react/renderer/components/view/HostPlatformViewProps.h:11:
C/C++: In file included from C:/Users/MANCHEM HIMESH/.gradle/caches/9.3.1/transforms/236808c8bf210c3c94b027618281850c/workspace/transformed/react-android-0.86.2-debug/prefab/modules/reactnative/include/react/renderer/components/view/NativeDrawable.h:13:
C/C++: C:/Users/MANCHEM HIMESH/.gradle/caches/9.3.1/transforms/236808c8bf210c3c94b027618281850c/workspace/transformed/react-android-0.86.2-debug/prefab/modules/reactnative/include/react/renderer/core/graphicsConversions.h:71:14: error: no member named 'format' in namespace 'std'; did you mean 'folly::format'?
C/C++:       return std::format("{}%", dimension.value);
C/C++:              ^~~~~
C/C++: C:/Users/MANCHEM HIMESH/.gradle/caches/9.3.1/transforms/236808c8bf210c3c94b027618281850c/workspace/transformed/react-android-0.86.2-debug/prefab/modules/reactnative/include/folly/Format.h:291:1: note: 'folly::format' declared here
C/C++: format(StringPiece fmt, Args&&... args) {
C/C++: ^
C/C++: In file included from C:/Users/MANCHEM HIMESH/OneDrive/Desktop/AttendanceApp/node_modules/react-native-haptic-feedback/android/build/generated/source/codegen/jni/react/renderer/components/RNHapticFeedbackSpec/ComponentDescriptors.cpp:11:
C/C++: In file included from C:/Users/MANCHEM HIMESH/OneDrive/Desktop/AttendanceApp/node_modules/react-native-haptic-feedback/android/build/generated/source/codegen/jni/./react/renderer/components/RNHapticFeedbackSpec/ComponentDescriptors.h:13:
C/C++: In file included from C:/Users/MANCHEM HIMESH/OneDrive/Desktop/AttendanceApp/node_modules/react-native-haptic-feedback/android/build/generated/source/codegen/jni/./react/renderer/components/RNHapticFeedbackSpec/ShadowNodes.h:16:
C/C++: In file included from C:/Users/MANCHEM HIMESH/.gradle/caches/9.3.1/transforms/236808c8bf210c3c94b027618281850c/workspace/transformed/react-android-0.86.2-debug/prefab/modules/reactnative/include/react/renderer/components/view/ConcreteViewShadowNode.h:10:
C/C++: In file included from C:/Users/MANCHEM HIMESH/.gradle/caches/9.3.1/transforms/236808c8bf210c3c94b027618281850c/workspace/transformed/react-android-0.86.2-debug/prefab/modules/reactnative/include/react/renderer/components/view/HostPlatformViewTraitsInitializer.h:10:
C/C++: In file included from C:/Users/MANCHEM HIMESH/.gradle/caches/9.3.1/transforms/236808c8bf210c3c94b027618281850c/workspace/transformed/react-android-0.86.2-debug/prefab/modules/reactnative/include/react/renderer/components/view/ViewProps.h:10:
C/C++: In file included from C:/Users/MANCHEM HIMESH/.gradle/caches/9.3.1/transforms/236808c8bf210c3c94b027618281850c/workspace/transformed/react-android-0.86.2-debug/prefab/modules/reactnative/include/react/renderer/components/view/HostPlatformViewProps.h:11:
C/C++: In file included from C:/Users/MANCHEM HIMESH/.gradle/caches/9.3.1/transforms/236808c8bf210c3c94b027618281850c/workspace/transformed/react-android-0.86.2-debug/prefab/modules/reactnative/include/react/renderer/components/view/NativeDrawable.h:13:
C/C++: C:/Users/MANCHEM HIMESH/.gradle/caches/9.3.1/transforms/236808c8bf210c3c94b027618281850c/workspace/transformed/react-android-0.86.2-debug/prefab/modules/reactnative/include/react/renderer/core/graphicsConversions.h:71:14: error: no viable conversion from returned value of type 'Formatter<false, const float &>' to function return type 'folly::dynamic'
C/C++:       return std::format("{}%", dimension.value);
C/C++:              ^~~~~~~~~~~~~~~~~~~~~~~~~~~~~~~~~~~
C/C++: C:/Users/MANCHEM HIMESH/.gradle/caches/9.3.1/transforms/236808c8bf210c3c94b027618281850c/workspace/transformed/react-android-0.86.2-debug/prefab/modules/reactnative/include/folly/json/dynamic.h:238:18: note: candidate constructor not viable: no known conversion from 'Formatter<false, const float &>' to 'const ObjectMaker &' for 1st argument
C/C++:   /* implicit */ dynamic(ObjectMaker const&) = delete;
C/C++:                  ^
C/C++: C:/Users/MANCHEM HIMESH/.gradle/caches/9.3.1/transforms/236808c8bf210c3c94b027618281850c/workspace/transformed/react-android-0.86.2-debug/prefab/modules/reactnative/include/folly/json/dynamic.h:289:3: note: candidate constructor not viable: no known conversion from 'Formatter<false, const float &>' to 'const dynamic &' for 1st argument
C/C++:   dynamic(dynamic const&);
C/C++:   ^
C/C++: C:/Users/MANCHEM HIMESH/.gradle/caches/9.3.1/transforms/236808c8bf210c3c94b027618281850c/workspace/transformed/react-android-0.86.2-debug/prefab/modules/reactnative/include/folly/json/dynamic.h:290:3: note: candidate constructor not viable: no known conversion from 'Formatter<false, const float &>' to 'dynamic &&' for 1st argument
C/C++:   dynamic(dynamic&&) noexcept;
C/C++:   ^
C/C++: C:/Users/MANCHEM HIMESH/.gradle/caches/9.3.1/transforms/236808c8bf210c3c94b027618281850c/workspace/transformed/react-android-0.86.2-debug/prefab/modules/reactnative/include/folly/json/dynamic-inl.h:321:17: note: candidate constructor not viable: no known conversion from 'Formatter<false, const float &>' to 'std::nullptr_t' for 1st argument
C/C++: inline dynamic::dynamic(std::nullptr_t) : type_(NULLT) {}
C/C++:                 ^
C/C++: C:/Users/MANCHEM HIMESH/.gradle/caches/9.3.1/transforms/236808c8bf210c3c94b027618281850c/workspace/transformed/react-android-0.86.2-debug/prefab/modules/reactnative/include/folly/json/dynamic-inl.h:323:17: note: candidate constructor not viable: no known conversion from 'Formatter<false, const float &>' to 'void (*)(EmptyArrayTag)' for 1st argument
C/C++: inline dynamic::dynamic(void (*)(EmptyArrayTag)) : type_(ARRAY) {
C/C++:                 ^
C/C++: C:/Users/MANCHEM HIMESH/.gradle/caches/9.3.1/transforms/236808c8bf210c3c94b027618281850c/workspace/transformed/react-android-0.86.2-debug/prefab/modules/reactnative/include/folly/json/dynamic-inl.h:327:17: note: candidate constructor not viable: no known conversion from 'Formatter<false, const float &>' to 'ObjectMaker (*)()' for 1st argument
C/C++: inline dynamic::dynamic(ObjectMaker (*)()) : type_(OBJECT) {
C/C++:                 ^
C/C++: C:/Users/MANCHEM HIMESH/.gradle/caches/9.3.1/transforms/236808c8bf210c3c94b027618281850c/workspace/transformed/react-android-0.86.2-debug/prefab/modules/reactnative/include/folly/json/dynamic-inl.h:331:17: note: candidate constructor not viable: no known conversion from 'Formatter<false, const float &>' to 'const char *' for 1st argument
C/C++: inline dynamic::dynamic(char const* s) : type_(STRING) {
C/C++:                 ^
C/C++: C:/Users/MANCHEM HIMESH/.gradle/caches/9.3.1/transforms/236808c8bf210c3c94b027618281850c/workspace/transformed/react-android-0.86.2-debug/prefab/modules/reactnative/include/folly/json/dynamic-inl.h:335:17: note: candidate constructor not viable: no known conversion from 'Formatter<false, const float &>' to 'std::string' (aka 'basic_string<char>') for 1st argument
C/C++: inline dynamic::dynamic(std::string s) : type_(STRING) {
C/C++:                 ^
C/C++: C:/Users/MANCHEM HIMESH/.gradle/caches/9.3.1/transforms/236808c8bf210c3c94b027618281850c/workspace/transformed/react-android-0.86.2-debug/prefab/modules/reactnative/include/folly/json/dynamic-inl.h:344:17: note: candidate constructor not viable: no known conversion from 'Formatter<false, const float &>' to 'ObjectMaker &&' for 1st argument
C/C++: inline dynamic::dynamic(ObjectMaker&& maker) : type_(OBJECT) {
C/C++:                 ^
C/C++: C:/Users/MANCHEM HIMESH/.gradle/caches/9.3.1/transforms/236808c8bf210c3c94b027618281850c/workspace/transformed/react-android-0.86.2-debug/prefab/modules/reactnative/include/folly/json/dynamic-inl.h:376:17: note: candidate constructor not viable: no known conversion from 'Formatter<false, const float &>' to 'std::vector<bool>::reference' (aka '__bit_reference<vector<bool, allocator<bool>>>') for 1st argument
C/C++: inline dynamic::dynamic(std::vector<bool>::reference b)
C/C++:                 ^
C/C++: C:/Users/MANCHEM HIMESH/.gradle/caches/9.3.1/transforms/236808c8bf210c3c94b027618281850c/workspace/transformed/react-android-0.86.2-debug/prefab/modules/reactnative/include/folly/json/dynamic-inl.h:378:17: note: candidate constructor not viable: no known conversion from 'Formatter<false, const float &>' to 'VectorBoolConstRefCtorType' (aka 'std::__bit_const_reference<std::vector<bool>>') for 1st argument
C/C++: inline dynamic::dynamic(VectorBoolConstRefCtorType b)
C/C++:                 ^
C/C++: C:/Users/MANCHEM HIMESH/.gradle/caches/9.3.1/transforms/236808c8bf210c3c94b027618281850c/workspace/transformed/react-android-0.86.2-debug/prefab/modules/reactnative/include/folly/json/dynamic-inl.h:340:17: note: candidate template ignored: requirement 'is_detected_v<folly::dynamic_detail::detect_construct_string, folly::Formatter<false, const float &>>' was not satisfied [with Stringish = Formatter<false, const float &>]
C/C++: inline dynamic::dynamic(Stringish&& s) : type_(STRING) {
C/C++:                 ^
C/C++: C:/Users/MANCHEM HIMESH/.gradle/caches/9.3.1/transforms/236808c8bf210c3c94b027618281850c/workspace/transformed/react-android-0.86.2-debug/prefab/modules/reactnative/include/folly/json/dynamic-inl.h:384:10: note: candidate template ignored: substitution failure [with T = Formatter<false, const float &>]: implicit instantiation of undefined template 'folly::dynamic::NumericTypeHelper<folly::Formatter<false, const float &>>'
C/C++: dynamic::dynamic(T t) {
C/C++:          ^
C/C++: C:/Users/MANCHEM HIMESH/.gradle/caches/9.3.1/transforms/236808c8bf210c3c94b027618281850c/workspace/transformed/react-android-0.86.2-debug/prefab/modules/reactnative/include/folly/json/dynamic.h:1115:12: note: explicit constructor is not a candidate
C/C++:   explicit dynamic(Array&& r);
C/C++:            ^
C/C++: 2 errors generated.
C/C++: In file included from C:/Users/MANCHEM HIMESH/OneDrive/Desktop/AttendanceApp/node_modules/@react-native-community/netinfo/android/build/generated/source/codegen/jni/react/renderer/components/RNCNetInfoSpec/ComponentDescriptors.cpp:11:
C/C++: In file included from C:/Users/MANCHEM HIMESH/OneDrive/Desktop/AttendanceApp/node_modules/@react-native-community/netinfo/android/build/generated/source/codegen/jni/./react/renderer/components/RNCNetInfoSpec/ComponentDescriptors.h:13:
C/C++: In file included from C:/Users/MANCHEM HIMESH/OneDrive/Desktop/AttendanceApp/node_modules/@react-native-community/netinfo/android/build/generated/source/codegen/jni/./react/renderer/components/RNCNetInfoSpec/ShadowNodes.h:16:
C/C++: In file included from C:/Users/MANCHEM HIMESH/.gradle/caches/9.3.1/transforms/236808c8bf210c3c94b027618281850c/workspace/transformed/react-android-0.86.2-debug/prefab/modules/reactnative/include/react/renderer/components/view/ConcreteViewShadowNode.h:10:
C/C++: In file included from C:/Users/MANCHEM HIMESH/.gradle/caches/9.3.1/transforms/236808c8bf210c3c94b027618281850c/workspace/transformed/react-android-0.86.2-debug/prefab/modules/reactnative/include/react/renderer/components/view/HostPlatformViewTraitsInitializer.h:10:
C/C++: In file included from C:/Users/MANCHEM HIMESH/.gradle/caches/9.3.1/transforms/236808c8bf210c3c94b027618281850c/workspace/transformed/react-android-0.86.2-debug/prefab/modules/reactnative/include/react/renderer/components/view/ViewProps.h:10:
C/C++: In file included from C:/Users/MANCHEM HIMESH/.gradle/caches/9.3.1/transforms/236808c8bf210c3c94b027618281850c/workspace/transformed/react-android-0.86.2-debug/prefab/modules/reactnative/include/react/renderer/components/view/HostPlatformViewProps.h:11:
C/C++: In file included from C:/Users/MANCHEM HIMESH/.gradle/caches/9.3.1/transforms/236808c8bf210c3c94b027618281850c/workspace/transformed/react-android-0.86.2-debug/prefab/modules/reactnative/include/react/renderer/components/view/NativeDrawable.h:13:
C/C++: C:/Users/MANCHEM HIMESH/.gradle/caches/9.3.1/transforms/236808c8bf210c3c94b027618281850c/workspace/transformed/react-android-0.86.2-debug/prefab/modules/reactnative/include/react/renderer/core/graphicsConversions.h:71:14: error: no member named 'format' in namespace 'std'; did you mean 'folly::format'?
C/C++:       return std::format("{}%", dimension.value);
C/C++:              ^~~~~
C/C++: C:/Users/MANCHEM HIMESH/.gradle/caches/9.3.1/transforms/236808c8bf210c3c94b027618281850c/workspace/transformed/react-android-0.86.2-debug/prefab/modules/reactnative/include/folly/Format.h:291:1: note: 'folly::format' declared here
C/C++: format(StringPiece fmt, Args&&... args) {
C/C++: ^
C/C++: In file included from C:/Users/MANCHEM HIMESH/OneDrive/Desktop/AttendanceApp/node_modules/@react-native-community/netinfo/android/build/generated/source/codegen/jni/react/renderer/components/RNCNetInfoSpec/ComponentDescriptors.cpp:11:
C/C++: In file included from C:/Users/MANCHEM HIMESH/OneDrive/Desktop/AttendanceApp/node_modules/@react-native-community/netinfo/android/build/generated/source/codegen/jni/./react/renderer/components/RNCNetInfoSpec/ComponentDescriptors.h:13:
C/C++: In file included from C:/Users/MANCHEM HIMESH/OneDrive/Desktop/AttendanceApp/node_modules/@react-native-community/netinfo/android/build/generated/source/codegen/jni/./react/renderer/components/RNCNetInfoSpec/ShadowNodes.h:16:
C/C++: In file included from C:/Users/MANCHEM HIMESH/.gradle/caches/9.3.1/transforms/236808c8bf210c3c94b027618281850c/workspace/transformed/react-android-0.86.2-debug/prefab/modules/reactnative/include/react/renderer/components/view/ConcreteViewShadowNode.h:10:
C/C++: In file included from C:/Users/MANCHEM HIMESH/.gradle/caches/9.3.1/transforms/236808c8bf210c3c94b027618281850c/workspace/transformed/react-android-0.86.2-debug/prefab/modules/reactnative/include/react/renderer/components/view/HostPlatformViewTraitsInitializer.h:10:
C/C++: In file included from C:/Users/MANCHEM HIMESH/.gradle/caches/9.3.1/transforms/236808c8bf210c3c94b027618281850c/workspace/transformed/react-android-0.86.2-debug/prefab/modules/reactnative/include/react/renderer/components/view/ViewProps.h:10:
C/C++: In file included from C:/Users/MANCHEM HIMESH/.gradle/caches/9.3.1/transforms/236808c8bf210c3c94b027618281850c/workspace/transformed/react-android-0.86.2-debug/prefab/modules/reactnative/include/react/renderer/components/view/HostPlatformViewProps.h:11:
C/C++: In file included from C:/Users/MANCHEM HIMESH/.gradle/caches/9.3.1/transforms/236808c8bf210c3c94b027618281850c/workspace/transformed/react-android-0.86.2-debug/prefab/modules/reactnative/include/react/renderer/components/view/NativeDrawable.h:13:
C/C++: C:/Users/MANCHEM HIMESH/.gradle/caches/9.3.1/transforms/236808c8bf210c3c94b027618281850c/workspace/transformed/react-android-0.86.2-debug/prefab/modules/reactnative/include/react/renderer/core/graphicsConversions.h:71:14: error: no viable conversion from returned value of type 'Formatter<false, const float &>' to function return type 'folly::dynamic'
C/C++:       return std::format("{}%", dimension.value);
C/C++:              ^~~~~~~~~~~~~~~~~~~~~~~~~~~~~~~~~~~
C/C++: C:/Users/MANCHEM HIMESH/.gradle/caches/9.3.1/transforms/236808c8bf210c3c94b027618281850c/workspace/transformed/react-android-0.86.2-debug/prefab/modules/reactnative/include/folly/json/dynamic.h:238:18: note: candidate constructor not viable: no known conversion from 'Formatter<false, const float &>' to 'const ObjectMaker &' for 1st argument
C/C++:   /* implicit */ dynamic(ObjectMaker const&) = delete;
C/C++:                  ^
C/C++: C:/Users/MANCHEM HIMESH/.gradle/caches/9.3.1/transforms/236808c8bf210c3c94b027618281850c/workspace/transformed/react-android-0.86.2-debug/prefab/modules/reactnative/include/folly/json/dynamic.h:289:3: note: candidate constructor not viable: no known conversion from 'Formatter<false, const float &>' to 'const dynamic &' for 1st argument
C/C++:   dynamic(dynamic const&);
C/C++:   ^
C/C++: C:/Users/MANCHEM HIMESH/.gradle/caches/9.3.1/transforms/236808c8bf210c3c94b027618281850c/workspace/transformed/react-android-0.86.2-debug/prefab/modules/reactnative/include/folly/json/dynamic.h:290:3: note: candidate constructor not viable: no known conversion from 'Formatter<false, const float &>' to 'dynamic &&' for 1st argument
C/C++:   dynamic(dynamic&&) noexcept;
C/C++:   ^
C/C++: C:/Users/MANCHEM HIMESH/.gradle/caches/9.3.1/transforms/236808c8bf210c3c94b027618281850c/workspace/transformed/react-android-0.86.2-debug/prefab/modules/reactnative/include/folly/json/dynamic-inl.h:321:17: note: candidate constructor not viable: no known conversion from 'Formatter<false, const float &>' to 'std::nullptr_t' for 1st argument
C/C++: inline dynamic::dynamic(std::nullptr_t) : type_(NULLT) {}
C/C++:                 ^
C/C++: C:/Users/MANCHEM HIMESH/.gradle/caches/9.3.1/transforms/236808c8bf210c3c94b027618281850c/workspace/transformed/react-android-0.86.2-debug/prefab/modules/reactnative/include/folly/json/dynamic-inl.h:323:17: note: candidate constructor not viable: no known conversion from 'Formatter<false, const float &>' to 'void (*)(EmptyArrayTag)' for 1st argument
C/C++: inline dynamic::dynamic(void (*)(EmptyArrayTag)) : type_(ARRAY) {
C/C++:                 ^
C/C++: C:/Users/MANCHEM HIMESH/.gradle/caches/9.3.1/transforms/236808c8bf210c3c94b027618281850c/workspace/transformed/react-android-0.86.2-debug/prefab/modules/reactnative/include/folly/json/dynamic-inl.h:327:17: note: candidate constructor not viable: no known conversion from 'Formatter<false, const float &>' to 'ObjectMaker (*)()' for 1st argument
C/C++: inline dynamic::dynamic(ObjectMaker (*)()) : type_(OBJECT) {
C/C++:                 ^
C/C++: C:/Users/MANCHEM HIMESH/.gradle/caches/9.3.1/transforms/236808c8bf210c3c94b027618281850c/workspace/transformed/react-android-0.86.2-debug/prefab/modules/reactnative/include/folly/json/dynamic-inl.h:331:17: note: candidate constructor not viable: no known conversion from 'Formatter<false, const float &>' to 'const char *' for 1st argument
C/C++: inline dynamic::dynamic(char const* s) : type_(STRING) {
C/C++:                 ^
C/C++: C:/Users/MANCHEM HIMESH/.gradle/caches/9.3.1/transforms/236808c8bf210c3c94b027618281850c/workspace/transformed/react-android-0.86.2-debug/prefab/modules/reactnative/include/folly/json/dynamic-inl.h:335:17: note: candidate constructor not viable: no known conversion from 'Formatter<false, const float &>' to 'std::string' (aka 'basic_string<char>') for 1st argument
C/C++: inline dynamic::dynamic(std::string s) : type_(STRING) {
C/C++:                 ^
C/C++: C:/Users/MANCHEM HIMESH/.gradle/caches/9.3.1/transforms/236808c8bf210c3c94b027618281850c/workspace/transformed/react-android-0.86.2-debug/prefab/modules/reactnative/include/folly/json/dynamic-inl.h:344:17: note: candidate constructor not viable: no known conversion from 'Formatter<false, const float &>' to 'ObjectMaker &&' for 1st argument
C/C++: inline dynamic::dynamic(ObjectMaker&& maker) : type_(OBJECT) {
C/C++:                 ^
C/C++: C:/Users/MANCHEM HIMESH/.gradle/caches/9.3.1/transforms/236808c8bf210c3c94b027618281850c/workspace/transformed/react-android-0.86.2-debug/prefab/modules/reactnative/include/folly/json/dynamic-inl.h:376:17: note: candidate constructor not viable: no known conversion from 'Formatter<false, const float &>' to 'std::vector<bool>::reference' (aka '__bit_reference<vector<bool, allocator<bool>>>') for 1st argument
C/C++: inline dynamic::dynamic(std::vector<bool>::reference b)
C/C++:                 ^
C/C++: C:/Users/MANCHEM HIMESH/.gradle/caches/9.3.1/transforms/236808c8bf210c3c94b027618281850c/workspace/transformed/react-android-0.86.2-debug/prefab/modules/reactnative/include/folly/json/dynamic-inl.h:378:17: note: candidate constructor not viable: no known conversion from 'Formatter<false, const float &>' to 'VectorBoolConstRefCtorType' (aka 'std::__bit_const_reference<std::vector<bool>>') for 1st argument
C/C++: inline dynamic::dynamic(VectorBoolConstRefCtorType b)
C/C++:                 ^
C/C++: C:/Users/MANCHEM HIMESH/.gradle/caches/9.3.1/transforms/236808c8bf210c3c94b027618281850c/workspace/transformed/react-android-0.86.2-debug/prefab/modules/reactnative/include/folly/json/dynamic-inl.h:340:17: note: candidate template ignored: requirement 'is_detected_v<folly::dynamic_detail::detect_construct_string, folly::Formatter<false, const float &>>' was not satisfied [with Stringish = Formatter<false, const float &>]
C/C++: inline dynamic::dynamic(Stringish&& s) : type_(STRING) {
C/C++:                 ^
C/C++: C:/Users/MANCHEM HIMESH/.gradle/caches/9.3.1/transforms/236808c8bf210c3c94b027618281850c/workspace/transformed/react-android-0.86.2-debug/prefab/modules/reactnative/include/folly/json/dynamic-inl.h:384:10: note: candidate template ignored: substitution failure [with T = Formatter<false, const float &>]: implicit instantiation of undefined template 'folly::dynamic::NumericTypeHelper<folly::Formatter<false, const float &>>'
C/C++: dynamic::dynamic(T t) {
C/C++:          ^
C/C++: C:/Users/MANCHEM HIMESH/.gradle/caches/9.3.1/transforms/236808c8bf210c3c94b027618281850c/workspace/transformed/react-android-0.86.2-debug/prefab/modules/reactnative/include/folly/json/dynamic.h:1115:12: note: explicit constructor is not a candidate
C/C++:   explicit dynamic(Array&& r);
C/C++:            ^
C/C++: 2 errors generated.
C/C++: In file included from C:/Users/MANCHEM HIMESH/OneDrive/Desktop/AttendanceApp/node_modules/react-native-nitro-modules/android/build/generated/source/codegen/jni/react/renderer/components/NitroModulesSpec/ComponentDescriptors.cpp:11:
C/C++: In file included from C:/Users/MANCHEM HIMESH/OneDrive/Desktop/AttendanceApp/node_modules/react-native-nitro-modules/android/build/generated/source/codegen/jni/./react/renderer/components/NitroModulesSpec/ComponentDescriptors.h:13:
C/C++: In file included from C:/Users/MANCHEM HIMESH/OneDrive/Desktop/AttendanceApp/node_modules/react-native-nitro-modules/android/build/generated/source/codegen/jni/./react/renderer/components/NitroModulesSpec/ShadowNodes.h:16:
C/C++: In file included from C:/Users/MANCHEM HIMESH/.gradle/caches/9.3.1/transforms/236808c8bf210c3c94b027618281850c/workspace/transformed/react-android-0.86.2-debug/prefab/modules/reactnative/include/react/renderer/components/view/ConcreteViewShadowNode.h:10:
C/C++: In file included from C:/Users/MANCHEM HIMESH/.gradle/caches/9.3.1/transforms/236808c8bf210c3c94b027618281850c/workspace/transformed/react-android-0.86.2-debug/prefab/modules/reactnative/include/react/renderer/components/view/HostPlatformViewTraitsInitializer.h:10:
C/C++: In file included from C:/Users/MANCHEM HIMESH/.gradle/caches/9.3.1/transforms/236808c8bf210c3c94b027618281850c/workspace/transformed/react-android-0.86.2-debug/prefab/modules/reactnative/include/react/renderer/components/view/ViewProps.h:10:
C/C++: In file included from C:/Users/MANCHEM HIMESH/.gradle/caches/9.3.1/transforms/236808c8bf210c3c94b027618281850c/workspace/transformed/react-android-0.86.2-debug/prefab/modules/reactnative/include/react/renderer/components/view/HostPlatformViewProps.h:11:
C/C++: In file included from C:/Users/MANCHEM HIMESH/.gradle/caches/9.3.1/transforms/236808c8bf210c3c94b027618281850c/workspace/transformed/react-android-0.86.2-debug/prefab/modules/reactnative/include/react/renderer/components/view/NativeDrawable.h:13:
C/C++: C:/Users/MANCHEM HIMESH/.gradle/caches/9.3.1/transforms/236808c8bf210c3c94b027618281850c/workspace/transformed/react-android-0.86.2-debug/prefab/modules/reactnative/include/react/renderer/core/graphicsConversions.h:71:14: error: no member named 'format' in namespace 'std'; did you mean 'folly::format'?
C/C++:       return std::format("{}%", dimension.value);
C/C++:              ^~~~~
C/C++: C:/Users/MANCHEM HIMESH/.gradle/caches/9.3.1/transforms/236808c8bf210c3c94b027618281850c/workspace/transformed/react-android-0.86.2-debug/prefab/modules/reactnative/include/folly/Format.h:291:1: note: 'folly::format' declared here
C/C++: format(StringPiece fmt, Args&&... args) {
C/C++: ^
C/C++: In file included from C:/Users/MANCHEM HIMESH/OneDrive/Desktop/AttendanceApp/node_modules/react-native-nitro-modules/android/build/generated/source/codegen/jni/react/renderer/components/NitroModulesSpec/ComponentDescriptors.cpp:11:
C/C++: In file included from C:/Users/MANCHEM HIMESH/OneDrive/Desktop/AttendanceApp/node_modules/react-native-nitro-modules/android/build/generated/source/codegen/jni/./react/renderer/components/NitroModulesSpec/ComponentDescriptors.h:13:
C/C++: In file included from C:/Users/MANCHEM HIMESH/OneDrive/Desktop/AttendanceApp/node_modules/react-native-nitro-modules/android/build/generated/source/codegen/jni/./react/renderer/components/NitroModulesSpec/ShadowNodes.h:16:
C/C++: In file included from C:/Users/MANCHEM HIMESH/.gradle/caches/9.3.1/transforms/236808c8bf210c3c94b027618281850c/workspace/transformed/react-android-0.86.2-debug/prefab/modules/reactnative/include/react/renderer/components/view/ConcreteViewShadowNode.h:10:
C/C++: In file included from C:/Users/MANCHEM HIMESH/.gradle/caches/9.3.1/transforms/236808c8bf210c3c94b027618281850c/workspace/transformed/react-android-0.86.2-debug/prefab/modules/reactnative/include/react/renderer/components/view/HostPlatformViewTraitsInitializer.h:10:
C/C++: In file included from C:/Users/MANCHEM HIMESH/.gradle/caches/9.3.1/transforms/236808c8bf210c3c94b027618281850c/workspace/transformed/react-android-0.86.2-debug/prefab/modules/reactnative/include/react/renderer/components/view/ViewProps.h:10:
C/C++: In file included from C:/Users/MANCHEM HIMESH/.gradle/caches/9.3.1/transforms/236808c8bf210c3c94b027618281850c/workspace/transformed/react-android-0.86.2-debug/prefab/modules/reactnative/include/react/renderer/components/view/HostPlatformViewProps.h:11:
C/C++: In file included from C:/Users/MANCHEM HIMESH/.gradle/caches/9.3.1/transforms/236808c8bf210c3c94b027618281850c/workspace/transformed/react-android-0.86.2-debug/prefab/modules/reactnative/include/react/renderer/components/view/NativeDrawable.h:13:
C/C++: C:/Users/MANCHEM HIMESH/.gradle/caches/9.3.1/transforms/236808c8bf210c3c94b027618281850c/workspace/transformed/react-android-0.86.2-debug/prefab/modules/reactnative/include/react/renderer/core/graphicsConversions.h:71:14: error: no viable conversion from returned value of type 'Formatter<false, const float &>' to function return type 'folly::dynamic'
C/C++:       return std::format("{}%", dimension.value);
C/C++:              ^~~~~~~~~~~~~~~~~~~~~~~~~~~~~~~~~~~
C/C++: C:/Users/MANCHEM HIMESH/.gradle/caches/9.3.1/transforms/236808c8bf210c3c94b027618281850c/workspace/transformed/react-android-0.86.2-debug/prefab/modules/reactnative/include/folly/json/dynamic.h:238:18: note: candidate constructor not viable: no known conversion from 'Formatter<false, const float &>' to 'const ObjectMaker &' for 1st argument
C/C++:   /* implicit */ dynamic(ObjectMaker const&) = delete;
C/C++:                  ^
C/C++: C:/Users/MANCHEM HIMESH/.gradle/caches/9.3.1/transforms/236808c8bf210c3c94b027618281850c/workspace/transformed/react-android-0.86.2-debug/prefab/modules/reactnative/include/folly/json/dynamic.h:289:3: note: candidate constructor not viable: no known conversion from 'Formatter<false, const float &>' to 'const dynamic &' for 1st argument
C/C++:   dynamic(dynamic const&);
C/C++:   ^
C/C++: C:/Users/MANCHEM HIMESH/.gradle/caches/9.3.1/transforms/236808c8bf210c3c94b027618281850c/workspace/transformed/react-android-0.86.2-debug/prefab/modules/reactnative/include/folly/json/dynamic.h:290:3: note: candidate constructor not viable: no known conversion from 'Formatter<false, const float &>' to 'dynamic &&' for 1st argument
C/C++:   dynamic(dynamic&&) noexcept;
C/C++:   ^
C/C++: C:/Users/MANCHEM HIMESH/.gradle/caches/9.3.1/transforms/236808c8bf210c3c94b027618281850c/workspace/transformed/react-android-0.86.2-debug/prefab/modules/reactnative/include/folly/json/dynamic-inl.h:321:17: note: candidate constructor not viable: no known conversion from 'Formatter<false, const float &>' to 'std::nullptr_t' for 1st argument
C/C++: inline dynamic::dynamic(std::nullptr_t) : type_(NULLT) {}
C/C++:                 ^
C/C++: C:/Users/MANCHEM HIMESH/.gradle/caches/9.3.1/transforms/236808c8bf210c3c94b027618281850c/workspace/transformed/react-android-0.86.2-debug/prefab/modules/reactnative/include/folly/json/dynamic-inl.h:323:17: note: candidate constructor not viable: no known conversion from 'Formatter<false, const float &>' to 'void (*)(EmptyArrayTag)' for 1st argument
C/C++: inline dynamic::dynamic(void (*)(EmptyArrayTag)) : type_(ARRAY) {
C/C++:                 ^
C/C++: C:/Users/MANCHEM HIMESH/.gradle/caches/9.3.1/transforms/236808c8bf210c3c94b027618281850c/workspace/transformed/react-android-0.86.2-debug/prefab/modules/reactnative/include/folly/json/dynamic-inl.h:327:17: note: candidate constructor not viable: no known conversion from 'Formatter<false, const float &>' to 'ObjectMaker (*)()' for 1st argument
C/C++: inline dynamic::dynamic(ObjectMaker (*)()) : type_(OBJECT) {
C/C++:                 ^
C/C++: C:/Users/MANCHEM HIMESH/.gradle/caches/9.3.1/transforms/236808c8bf210c3c94b027618281850c/workspace/transformed/react-android-0.86.2-debug/prefab/modules/reactnative/include/folly/json/dynamic-inl.h:331:17: note: candidate constructor not viable: no known conversion from 'Formatter<false, const float &>' to 'const char *' for 1st argument
C/C++: inline dynamic::dynamic(char const* s) : type_(STRING) {
C/C++:                 ^
C/C++: C:/Users/MANCHEM HIMESH/.gradle/caches/9.3.1/transforms/236808c8bf210c3c94b027618281850c/workspace/transformed/react-android-0.86.2-debug/prefab/modules/reactnative/include/folly/json/dynamic-inl.h:335:17: note: candidate constructor not viable: no known conversion from 'Formatter<false, const float &>' to 'std::string' (aka 'basic_string<char>') for 1st argument
C/C++: inline dynamic::dynamic(std::string s) : type_(STRING) {
C/C++:                 ^
C/C++: C:/Users/MANCHEM HIMESH/.gradle/caches/9.3.1/transforms/236808c8bf210c3c94b027618281850c/workspace/transformed/react-android-0.86.2-debug/prefab/modules/reactnative/include/folly/json/dynamic-inl.h:344:17: note: candidate constructor not viable: no known conversion from 'Formatter<false, const float &>' to 'ObjectMaker &&' for 1st argument
C/C++: inline dynamic::dynamic(ObjectMaker&& maker) : type_(OBJECT) {
C/C++:                 ^
C/C++: C:/Users/MANCHEM HIMESH/.gradle/caches/9.3.1/transforms/236808c8bf210c3c94b027618281850c/workspace/transformed/react-android-0.86.2-debug/prefab/modules/reactnative/include/folly/json/dynamic-inl.h:376:17: note: candidate constructor not viable: no known conversion from 'Formatter<false, const float &>' to 'std::vector<bool>::reference' (aka '__bit_reference<vector<bool, allocator<bool>>>') for 1st argument
C/C++: inline dynamic::dynamic(std::vector<bool>::reference b)
C/C++:                 ^
C/C++: C:/Users/MANCHEM HIMESH/.gradle/caches/9.3.1/transforms/236808c8bf210c3c94b027618281850c/workspace/transformed/react-android-0.86.2-debug/prefab/modules/reactnative/include/folly/json/dynamic-inl.h:378:17: note: candidate constructor not viable: no known conversion from 'Formatter<false, const float &>' to 'VectorBoolConstRefCtorType' (aka 'std::__bit_const_reference<std::vector<bool>>') for 1st argument
C/C++: inline dynamic::dynamic(VectorBoolConstRefCtorType b)
C/C++:                 ^
C/C++: C:/Users/MANCHEM HIMESH/.gradle/caches/9.3.1/transforms/236808c8bf210c3c94b027618281850c/workspace/transformed/react-android-0.86.2-debug/prefab/modules/reactnative/include/folly/json/dynamic-inl.h:340:17: note: candidate template ignored: requirement 'is_detected_v<folly::dynamic_detail::detect_construct_string, folly::Formatter<false, const float &>>' was not satisfied [with Stringish = Formatter<false, const float &>]
C/C++: inline dynamic::dynamic(Stringish&& s) : type_(STRING) {
C/C++:                 ^
C/C++: C:/Users/MANCHEM HIMESH/.gradle/caches/9.3.1/transforms/236808c8bf210c3c94b027618281850c/workspace/transformed/react-android-0.86.2-debug/prefab/modules/reactnative/include/folly/json/dynamic-inl.h:384:10: note: candidate template ignored: substitution failure [with T = Formatter<false, const float &>]: implicit instantiation of undefined template 'folly::dynamic::NumericTypeHelper<folly::Formatter<false, const float &>>'
C/C++: dynamic::dynamic(T t) {
C/C++:          ^
C/C++: C:/Users/MANCHEM HIMESH/.gradle/caches/9.3.1/transforms/236808c8bf210c3c94b027618281850c/workspace/transformed/react-android-0.86.2-debug/prefab/modules/reactnative/include/folly/json/dynamic.h:1115:12: note: explicit constructor is not a candidate
C/C++:   explicit dynamic(Array&& r);
C/C++:            ^
C/C++: 2 errors generated.
C/C++: In file included from C:/Users/MANCHEM HIMESH/OneDrive/Desktop/AttendanceApp/node_modules/react-native-haptic-feedback/android/build/generated/source/codegen/jni/react/renderer/components/RNHapticFeedbackSpec/ShadowNodes.cpp:11:
C/C++: In file included from C:/Users/MANCHEM HIMESH/OneDrive/Desktop/AttendanceApp/node_modules/react-native-haptic-feedback/android/build/generated/source/codegen/jni/./react/renderer/components/RNHapticFeedbackSpec/ShadowNodes.h:16:
C/C++: In file included from C:/Users/MANCHEM HIMESH/.gradle/caches/9.3.1/transforms/236808c8bf210c3c94b027618281850c/workspace/transformed/react-android-0.86.2-debug/prefab/modules/reactnative/include/react/renderer/components/view/ConcreteViewShadowNode.h:10:
C/C++: In file included from C:/Users/MANCHEM HIMESH/.gradle/caches/9.3.1/transforms/236808c8bf210c3c94b027618281850c/workspace/transformed/react-android-0.86.2-debug/prefab/modules/reactnative/include/react/renderer/components/view/HostPlatformViewTraitsInitializer.h:10:
C/C++: In file included from C:/Users/MANCHEM HIMESH/.gradle/caches/9.3.1/transforms/236808c8bf210c3c94b027618281850c/workspace/transformed/react-android-0.86.2-debug/prefab/modules/reactnative/include/react/renderer/components/view/ViewProps.h:10:
C/C++: In file included from C:/Users/MANCHEM HIMESH/.gradle/caches/9.3.1/transforms/236808c8bf210c3c94b027618281850c/workspace/transformed/react-android-0.86.2-debug/prefab/modules/reactnative/include/react/renderer/components/view/HostPlatformViewProps.h:11:
C/C++: In file included from C:/Users/MANCHEM HIMESH/.gradle/caches/9.3.1/transforms/236808c8bf210c3c94b027618281850c/workspace/transformed/react-android-0.86.2-debug/prefab/modules/reactnative/include/react/renderer/components/view/NativeDrawable.h:13:
C/C++: C:/Users/MANCHEM HIMESH/.gradle/caches/9.3.1/transforms/236808c8bf210c3c94b027618281850c/workspace/transformed/react-android-0.86.2-debug/prefab/modules/reactnative/include/react/renderer/core/graphicsConversions.h:71:14: error: no member named 'format' in namespace 'std'; did you mean 'folly::format'?
C/C++:       return std::format("{}%", dimension.value);
C/C++:              ^~~~~
C/C++: C:/Users/MANCHEM HIMESH/.gradle/caches/9.3.1/transforms/236808c8bf210c3c94b027618281850c/workspace/transformed/react-android-0.86.2-debug/prefab/modules/reactnative/include/folly/Format.h:291:1: note: 'folly::format' declared here
C/C++: format(StringPiece fmt, Args&&... args) {
C/C++: ^
C/C++: In file included from C:/Users/MANCHEM HIMESH/OneDrive/Desktop/AttendanceApp/node_modules/react-native-haptic-feedback/android/build/generated/source/codegen/jni/react/renderer/components/RNHapticFeedbackSpec/ShadowNodes.cpp:11:
C/C++: In file included from C:/Users/MANCHEM HIMESH/OneDrive/Desktop/AttendanceApp/node_modules/react-native-haptic-feedback/android/build/generated/source/codegen/jni/./react/renderer/components/RNHapticFeedbackSpec/ShadowNodes.h:16:
C/C++: In file included from C:/Users/MANCHEM HIMESH/.gradle/caches/9.3.1/transforms/236808c8bf210c3c94b027618281850c/workspace/transformed/react-android-0.86.2-debug/prefab/modules/reactnative/include/react/renderer/components/view/ConcreteViewShadowNode.h:10:
C/C++: In file included from C:/Users/MANCHEM HIMESH/.gradle/caches/9.3.1/transforms/236808c8bf210c3c94b027618281850c/workspace/transformed/react-android-0.86.2-debug/prefab/modules/reactnative/include/react/renderer/components/view/HostPlatformViewTraitsInitializer.h:10:
C/C++: In file included from C:/Users/MANCHEM HIMESH/.gradle/caches/9.3.1/transforms/236808c8bf210c3c94b027618281850c/workspace/transformed/react-android-0.86.2-debug/prefab/modules/reactnative/include/react/renderer/components/view/ViewProps.h:10:
C/C++: In file included from C:/Users/MANCHEM HIMESH/.gradle/caches/9.3.1/transforms/236808c8bf210c3c94b027618281850c/workspace/transformed/react-android-0.86.2-debug/prefab/modules/reactnative/include/react/renderer/components/view/HostPlatformViewProps.h:11:
C/C++: In file included from C:/Users/MANCHEM HIMESH/.gradle/caches/9.3.1/transforms/236808c8bf210c3c94b027618281850c/workspace/transformed/react-android-0.86.2-debug/prefab/modules/reactnative/include/react/renderer/components/view/NativeDrawable.h:13:
C/C++: C:/Users/MANCHEM HIMESH/.gradle/caches/9.3.1/transforms/236808c8bf210c3c94b027618281850c/workspace/transformed/react-android-0.86.2-debug/prefab/modules/reactnative/include/react/renderer/core/graphicsConversions.h:71:14: error: no viable conversion from returned value of type 'Formatter<false, const float &>' to function return type 'folly::dynamic'
C/C++:       return std::format("{}%", dimension.value);
C/C++:              ^~~~~~~~~~~~~~~~~~~~~~~~~~~~~~~~~~~
C/C++: C:/Users/MANCHEM HIMESH/.gradle/caches/9.3.1/transforms/236808c8bf210c3c94b027618281850c/workspace/transformed/react-android-0.86.2-debug/prefab/modules/reactnative/include/folly/json/dynamic.h:238:18: note: candidate constructor not viable: no known conversion from 'Formatter<false, const float &>' to 'const ObjectMaker &' for 1st argument
C/C++:   /* implicit */ dynamic(ObjectMaker const&) = delete;
C/C++:                  ^
C/C++: C:/Users/MANCHEM HIMESH/.gradle/caches/9.3.1/transforms/236808c8bf210c3c94b027618281850c/workspace/transformed/react-android-0.86.2-debug/prefab/modules/reactnative/include/folly/json/dynamic.h:289:3: note: candidate constructor not viable: no known conversion from 'Formatter<false, const float &>' to 'const dynamic &' for 1st argument
C/C++:   dynamic(dynamic const&);
C/C++:   ^
C/C++: C:/Users/MANCHEM HIMESH/.gradle/caches/9.3.1/transforms/236808c8bf210c3c94b027618281850c/workspace/transformed/react-android-0.86.2-debug/prefab/modules/reactnative/include/folly/json/dynamic.h:290:3: note: candidate constructor not viable: no known conversion from 'Formatter<false, const float &>' to 'dynamic &&' for 1st argument
C/C++:   dynamic(dynamic&&) noexcept;
C/C++:   ^
C/C++: C:/Users/MANCHEM HIMESH/.gradle/caches/9.3.1/transforms/236808c8bf210c3c94b027618281850c/workspace/transformed/react-android-0.86.2-debug/prefab/modules/reactnative/include/folly/json/dynamic-inl.h:321:17: note: candidate constructor not viable: no known conversion from 'Formatter<false, const float &>' to 'std::nullptr_t' for 1st argument
C/C++: inline dynamic::dynamic(std::nullptr_t) : type_(NULLT) {}
C/C++:                 ^
C/C++: C:/Users/MANCHEM HIMESH/.gradle/caches/9.3.1/transforms/236808c8bf210c3c94b027618281850c/workspace/transformed/react-android-0.86.2-debug/prefab/modules/reactnative/include/folly/json/dynamic-inl.h:323:17: note: candidate constructor not viable: no known conversion from 'Formatter<false, const float &>' to 'void (*)(EmptyArrayTag)' for 1st argument
C/C++: inline dynamic::dynamic(void (*)(EmptyArrayTag)) : type_(ARRAY) {
C/C++:                 ^
C/C++: C:/Users/MANCHEM HIMESH/.gradle/caches/9.3.1/transforms/236808c8bf210c3c94b027618281850c/workspace/transformed/react-android-0.86.2-debug/prefab/modules/reactnative/include/folly/json/dynamic-inl.h:327:17: note: candidate constructor not viable: no known conversion from 'Formatter<false, const float &>' to 'ObjectMaker (*)()' for 1st argument
C/C++: inline dynamic::dynamic(ObjectMaker (*)()) : type_(OBJECT) {
C/C++:                 ^
C/C++: C:/Users/MANCHEM HIMESH/.gradle/caches/9.3.1/transforms/236808c8bf210c3c94b027618281850c/workspace/transformed/react-android-0.86.2-debug/prefab/modules/reactnative/include/folly/json/dynamic-inl.h:331:17: note: candidate constructor not viable: no known conversion from 'Formatter<false, const float &>' to 'const char *' for 1st argument
C/C++: inline dynamic::dynamic(char const* s) : type_(STRING) {
C/C++:                 ^
C/C++: C:/Users/MANCHEM HIMESH/.gradle/caches/9.3.1/transforms/236808c8bf210c3c94b027618281850c/workspace/transformed/react-android-0.86.2-debug/prefab/modules/reactnative/include/folly/json/dynamic-inl.h:335:17: note: candidate constructor not viable: no known conversion from 'Formatter<false, const float &>' to 'std::string' (aka 'basic_string<char>') for 1st argument
C/C++: inline dynamic::dynamic(std::string s) : type_(STRING) {
C/C++:                 ^
C/C++: C:/Users/MANCHEM HIMESH/.gradle/caches/9.3.1/transforms/236808c8bf210c3c94b027618281850c/workspace/transformed/react-android-0.86.2-debug/prefab/modules/reactnative/include/folly/json/dynamic-inl.h:344:17: note: candidate constructor not viable: no known conversion from 'Formatter<false, const float &>' to 'ObjectMaker &&' for 1st argument
C/C++: inline dynamic::dynamic(ObjectMaker&& maker) : type_(OBJECT) {
C/C++:                 ^
C/C++: C:/Users/MANCHEM HIMESH/.gradle/caches/9.3.1/transforms/236808c8bf210c3c94b027618281850c/workspace/transformed/react-android-0.86.2-debug/prefab/modules/reactnative/include/folly/json/dynamic-inl.h:376:17: note: candidate constructor not viable: no known conversion from 'Formatter<false, const float &>' to 'std::vector<bool>::reference' (aka '__bit_reference<vector<bool, allocator<bool>>>') for 1st argument
C/C++: inline dynamic::dynamic(std::vector<bool>::reference b)
C/C++:                 ^
C/C++: C:/Users/MANCHEM HIMESH/.gradle/caches/9.3.1/transforms/236808c8bf210c3c94b027618281850c/workspace/transformed/react-android-0.86.2-debug/prefab/modules/reactnative/include/folly/json/dynamic-inl.h:378:17: note: candidate constructor not viable: no known conversion from 'Formatter<false, const float &>' to 'VectorBoolConstRefCtorType' (aka 'std::__bit_const_reference<std::vector<bool>>') for 1st argument
C/C++: inline dynamic::dynamic(VectorBoolConstRefCtorType b)
C/C++:                 ^
C/C++: C:/Users/MANCHEM HIMESH/.gradle/caches/9.3.1/transforms/236808c8bf210c3c94b027618281850c/workspace/transformed/react-android-0.86.2-debug/prefab/modules/reactnative/include/folly/json/dynamic-inl.h:340:17: note: candidate template ignored: requirement 'is_detected_v<folly::dynamic_detail::detect_construct_string, folly::Formatter<false, const float &>>' was not satisfied [with Stringish = Formatter<false, const float &>]
C/C++: inline dynamic::dynamic(Stringish&& s) : type_(STRING) {
C/C++:                 ^
C/C++: C:/Users/MANCHEM HIMESH/.gradle/caches/9.3.1/transforms/236808c8bf210c3c94b027618281850c/workspace/transformed/react-android-0.86.2-debug/prefab/modules/reactnative/include/folly/json/dynamic-inl.h:384:10: note: candidate template ignored: substitution failure [with T = Formatter<false, const float &>]: implicit instantiation of undefined template 'folly::dynamic::NumericTypeHelper<folly::Formatter<false, const float &>>'
C/C++: dynamic::dynamic(T t) {
C/C++:          ^
C/C++: C:/Users/MANCHEM HIMESH/.gradle/caches/9.3.1/transforms/236808c8bf210c3c94b027618281850c/workspace/transformed/react-android-0.86.2-debug/prefab/modules/reactnative/include/folly/json/dynamic.h:1115:12: note: explicit constructor is not a candidate
C/C++:   explicit dynamic(Array&& r);
C/C++:            ^
C/C++: 2 errors generated.
C/C++: In file included from C:/Users/MANCHEM HIMESH/OneDrive/Desktop/AttendanceApp/node_modules/react-native-nitro-modules/android/build/generated/source/codegen/jni/react/renderer/components/NitroModulesSpec/ShadowNodes.cpp:11:
C/C++: In file included from C:/Users/MANCHEM HIMESH/OneDrive/Desktop/AttendanceApp/node_modules/react-native-nitro-modules/android/build/generated/source/codegen/jni/./react/renderer/components/NitroModulesSpec/ShadowNodes.h:16:
C/C++: In file included from C:/Users/MANCHEM HIMESH/.gradle/caches/9.3.1/transforms/236808c8bf210c3c94b027618281850c/workspace/transformed/react-android-0.86.2-debug/prefab/modules/reactnative/include/react/renderer/components/view/ConcreteViewShadowNode.h:10:
C/C++: In file included from C:/Users/MANCHEM HIMESH/.gradle/caches/9.3.1/transforms/236808c8bf210c3c94b027618281850c/workspace/transformed/react-android-0.86.2-debug/prefab/modules/reactnative/include/react/renderer/components/view/HostPlatformViewTraitsInitializer.h:10:
C/C++: In file included from C:/Users/MANCHEM HIMESH/.gradle/caches/9.3.1/transforms/236808c8bf210c3c94b027618281850c/workspace/transformed/react-android-0.86.2-debug/prefab/modules/reactnative/include/react/renderer/components/view/ViewProps.h:10:
C/C++: In file included from C:/Users/MANCHEM HIMESH/.gradle/caches/9.3.1/transforms/236808c8bf210c3c94b027618281850c/workspace/transformed/react-android-0.86.2-debug/prefab/modules/reactnative/include/react/renderer/components/view/HostPlatformViewProps.h:11:
C/C++: In file included from C:/Users/MANCHEM HIMESH/.gradle/caches/9.3.1/transforms/236808c8bf210c3c94b027618281850c/workspace/transformed/react-android-0.86.2-debug/prefab/modules/reactnative/include/react/renderer/components/view/NativeDrawable.h:13:
C/C++: C:/Users/MANCHEM HIMESH/.gradle/caches/9.3.1/transforms/236808c8bf210c3c94b027618281850c/workspace/transformed/react-android-0.86.2-debug/prefab/modules/reactnative/include/react/renderer/core/graphicsConversions.h:71:14: error: no member named 'format' in namespace 'std'; did you mean 'folly::format'?
C/C++:       return std::format("{}%", dimension.value);
C/C++:              ^~~~~
C/C++: C:/Users/MANCHEM HIMESH/.gradle/caches/9.3.1/transforms/236808c8bf210c3c94b027618281850c/workspace/transformed/react-android-0.86.2-debug/prefab/modules/reactnative/include/folly/Format.h:291:1: note: 'folly::format' declared here
C/C++: format(StringPiece fmt, Args&&... args) {
C/C++: ^
C/C++: In file included from C:/Users/MANCHEM HIMESH/OneDrive/Desktop/AttendanceApp/node_modules/react-native-nitro-modules/android/build/generated/source/codegen/jni/react/renderer/components/NitroModulesSpec/ShadowNodes.cpp:11:
C/C++: In file included from C:/Users/MANCHEM HIMESH/OneDrive/Desktop/AttendanceApp/node_modules/react-native-nitro-modules/android/build/generated/source/codegen/jni/./react/renderer/components/NitroModulesSpec/ShadowNodes.h:16:
C/C++: In file included from C:/Users/MANCHEM HIMESH/.gradle/caches/9.3.1/transforms/236808c8bf210c3c94b027618281850c/workspace/transformed/react-android-0.86.2-debug/prefab/modules/reactnative/include/react/renderer/components/view/ConcreteViewShadowNode.h:10:
C/C++: In file included from C:/Users/MANCHEM HIMESH/.gradle/caches/9.3.1/transforms/236808c8bf210c3c94b027618281850c/workspace/transformed/react-android-0.86.2-debug/prefab/modules/reactnative/include/react/renderer/components/view/HostPlatformViewTraitsInitializer.h:10:
C/C++: In file included from C:/Users/MANCHEM HIMESH/.gradle/caches/9.3.1/transforms/236808c8bf210c3c94b027618281850c/workspace/transformed/react-android-0.86.2-debug/prefab/modules/reactnative/include/react/renderer/components/view/ViewProps.h:10:
C/C++: In file included from C:/Users/MANCHEM HIMESH/.gradle/caches/9.3.1/transforms/236808c8bf210c3c94b027618281850c/workspace/transformed/react-android-0.86.2-debug/prefab/modules/reactnative/include/react/renderer/components/view/HostPlatformViewProps.h:11:
C/C++: In file included from C:/Users/MANCHEM HIMESH/.gradle/caches/9.3.1/transforms/236808c8bf210c3c94b027618281850c/workspace/transformed/react-android-0.86.2-debug/prefab/modules/reactnative/include/react/renderer/components/view/NativeDrawable.h:13:
C/C++: C:/Users/MANCHEM HIMESH/.gradle/caches/9.3.1/transforms/236808c8bf210c3c94b027618281850c/workspace/transformed/react-android-0.86.2-debug/prefab/modules/reactnative/include/react/renderer/core/graphicsConversions.h:71:14: error: no viable conversion from returned value of type 'Formatter<false, const float &>' to function return type 'folly::dynamic'
C/C++:       return std::format("{}%", dimension.value);
C/C++:              ^~~~~~~~~~~~~~~~~~~~~~~~~~~~~~~~~~~
C/C++: C:/Users/MANCHEM HIMESH/.gradle/caches/9.3.1/transforms/236808c8bf210c3c94b027618281850c/workspace/transformed/react-android-0.86.2-debug/prefab/modules/reactnative/include/folly/json/dynamic.h:238:18: note: candidate constructor not viable: no known conversion from 'Formatter<false, const float &>' to 'const ObjectMaker &' for 1st argument
C/C++:   /* implicit */ dynamic(ObjectMaker const&) = delete;
C/C++:                  ^
C/C++: C:/Users/MANCHEM HIMESH/.gradle/caches/9.3.1/transforms/236808c8bf210c3c94b027618281850c/workspace/transformed/react-android-0.86.2-debug/prefab/modules/reactnative/include/folly/json/dynamic.h:289:3: note: candidate constructor not viable: no known conversion from 'Formatter<false, const float &>' to 'const dynamic &' for 1st argument
C/C++:   dynamic(dynamic const&);
C/C++:   ^
C/C++: C:/Users/MANCHEM HIMESH/.gradle/caches/9.3.1/transforms/236808c8bf210c3c94b027618281850c/workspace/transformed/react-android-0.86.2-debug/prefab/modules/reactnative/include/folly/json/dynamic.h:290:3: note: candidate constructor not viable: no known conversion from 'Formatter<false, const float &>' to 'dynamic &&' for 1st argument
C/C++:   dynamic(dynamic&&) noexcept;
C/C++:   ^
C/C++: C:/Users/MANCHEM HIMESH/.gradle/caches/9.3.1/transforms/236808c8bf210c3c94b027618281850c/workspace/transformed/react-android-0.86.2-debug/prefab/modules/reactnative/include/folly/json/dynamic-inl.h:321:17: note: candidate constructor not viable: no known conversion from 'Formatter<false, const float &>' to 'std::nullptr_t' for 1st argument
C/C++: inline dynamic::dynamic(std::nullptr_t) : type_(NULLT) {}
C/C++:                 ^
C/C++: C:/Users/MANCHEM HIMESH/.gradle/caches/9.3.1/transforms/236808c8bf210c3c94b027618281850c/workspace/transformed/react-android-0.86.2-debug/prefab/modules/reactnative/include/folly/json/dynamic-inl.h:323:17: note: candidate constructor not viable: no known conversion from 'Formatter<false, const float &>' to 'void (*)(EmptyArrayTag)' for 1st argument
C/C++: inline dynamic::dynamic(void (*)(EmptyArrayTag)) : type_(ARRAY) {
C/C++:                 ^
C/C++: C:/Users/MANCHEM HIMESH/.gradle/caches/9.3.1/transforms/236808c8bf210c3c94b027618281850c/workspace/transformed/react-android-0.86.2-debug/prefab/modules/reactnative/include/folly/json/dynamic-inl.h:327:17: note: candidate constructor not viable: no known conversion from 'Formatter<false, const float &>' to 'ObjectMaker (*)()' for 1st argument
C/C++: inline dynamic::dynamic(ObjectMaker (*)()) : type_(OBJECT) {
C/C++:                 ^
C/C++: C:/Users/MANCHEM HIMESH/.gradle/caches/9.3.1/transforms/236808c8bf210c3c94b027618281850c/workspace/transformed/react-android-0.86.2-debug/prefab/modules/reactnative/include/folly/json/dynamic-inl.h:331:17: note: candidate constructor not viable: no known conversion from 'Formatter<false, const float &>' to 'const char *' for 1st argument
C/C++: inline dynamic::dynamic(char const* s) : type_(STRING) {
C/C++:                 ^
C/C++: C:/Users/MANCHEM HIMESH/.gradle/caches/9.3.1/transforms/236808c8bf210c3c94b027618281850c/workspace/transformed/react-android-0.86.2-debug/prefab/modules/reactnative/include/folly/json/dynamic-inl.h:335:17: note: candidate constructor not viable: no known conversion from 'Formatter<false, const float &>' to 'std::string' (aka 'basic_string<char>') for 1st argument
C/C++: inline dynamic::dynamic(std::string s) : type_(STRING) {
C/C++:                 ^
C/C++: C:/Users/MANCHEM HIMESH/.gradle/caches/9.3.1/transforms/236808c8bf210c3c94b027618281850c/workspace/transformed/react-android-0.86.2-debug/prefab/modules/reactnative/include/folly/json/dynamic-inl.h:344:17: note: candidate constructor not viable: no known conversion from 'Formatter<false, const float &>' to 'ObjectMaker &&' for 1st argument
C/C++: inline dynamic::dynamic(ObjectMaker&& maker) : type_(OBJECT) {
C/C++:                 ^
C/C++: C:/Users/MANCHEM HIMESH/.gradle/caches/9.3.1/transforms/236808c8bf210c3c94b027618281850c/workspace/transformed/react-android-0.86.2-debug/prefab/modules/reactnative/include/folly/json/dynamic-inl.h:376:17: note: candidate constructor not viable: no known conversion from 'Formatter<false, const float &>' to 'std::vector<bool>::reference' (aka '__bit_reference<vector<bool, allocator<bool>>>') for 1st argument
C/C++: inline dynamic::dynamic(std::vector<bool>::reference b)
C/C++:                 ^
C/C++: C:/Users/MANCHEM HIMESH/.gradle/caches/9.3.1/transforms/236808c8bf210c3c94b027618281850c/workspace/transformed/react-android-0.86.2-debug/prefab/modules/reactnative/include/folly/json/dynamic-inl.h:378:17: note: candidate constructor not viable: no known conversion from 'Formatter<false, const float &>' to 'VectorBoolConstRefCtorType' (aka 'std::__bit_const_reference<std::vector<bool>>') for 1st argument
C/C++: inline dynamic::dynamic(VectorBoolConstRefCtorType b)
C/C++:                 ^
C/C++: C:/Users/MANCHEM HIMESH/.gradle/caches/9.3.1/transforms/236808c8bf210c3c94b027618281850c/workspace/transformed/react-android-0.86.2-debug/prefab/modules/reactnative/include/folly/json/dynamic-inl.h:340:17: note: candidate template ignored: requirement 'is_detected_v<folly::dynamic_detail::detect_construct_string, folly::Formatter<false, const float &>>' was not satisfied [with Stringish = Formatter<false, const float &>]
C/C++: inline dynamic::dynamic(Stringish&& s) : type_(STRING) {
C/C++:                 ^
C/C++: C:/Users/MANCHEM HIMESH/.gradle/caches/9.3.1/transforms/236808c8bf210c3c94b027618281850c/workspace/transformed/react-android-0.86.2-debug/prefab/modules/reactnative/include/folly/json/dynamic-inl.h:384:10: note: candidate template ignored: substitution failure [with T = Formatter<false, const float &>]: implicit instantiation of undefined template 'folly::dynamic::NumericTypeHelper<folly::Formatter<false, const float &>>'
C/C++: dynamic::dynamic(T t) {
C/C++:          ^
C/C++: C:/Users/MANCHEM HIMESH/.gradle/caches/9.3.1/transforms/236808c8bf210c3c94b027618281850c/workspace/transformed/react-android-0.86.2-debug/prefab/modules/reactnative/include/folly/json/dynamic.h:1115:12: note: explicit constructor is not a candidate
C/C++:   explicit dynamic(Array&& r);
C/C++:            ^
C/C++: 2 errors generated.
C/C++: In file included from C:/Users/MANCHEM HIMESH/OneDrive/Desktop/AttendanceApp/node_modules/react-native-quick-crypto/android/build/generated/source/codegen/jni/react/renderer/components/QuickCrypto/ComponentDescriptors.cpp:11:
C/C++: In file included from C:/Users/MANCHEM HIMESH/OneDrive/Desktop/AttendanceApp/node_modules/react-native-quick-crypto/android/build/generated/source/codegen/jni/./react/renderer/components/QuickCrypto/ComponentDescriptors.h:13:
C/C++: In file included from C:/Users/MANCHEM HIMESH/OneDrive/Desktop/AttendanceApp/node_modules/react-native-quick-crypto/android/build/generated/source/codegen/jni/./react/renderer/components/QuickCrypto/ShadowNodes.h:16:
C/C++: In file included from C:/Users/MANCHEM HIMESH/.gradle/caches/9.3.1/transforms/236808c8bf210c3c94b027618281850c/workspace/transformed/react-android-0.86.2-debug/prefab/modules/reactnative/include/react/renderer/components/view/ConcreteViewShadowNode.h:10:
C/C++: In file included from C:/Users/MANCHEM HIMESH/.gradle/caches/9.3.1/transforms/236808c8bf210c3c94b027618281850c/workspace/transformed/react-android-0.86.2-debug/prefab/modules/reactnative/include/react/renderer/components/view/HostPlatformViewTraitsInitializer.h:10:
C/C++: In file included from C:/Users/MANCHEM HIMESH/.gradle/caches/9.3.1/transforms/236808c8bf210c3c94b027618281850c/workspace/transformed/react-android-0.86.2-debug/prefab/modules/reactnative/include/react/renderer/components/view/ViewProps.h:10:
C/C++: In file included from C:/Users/MANCHEM HIMESH/.gradle/caches/9.3.1/transforms/236808c8bf210c3c94b027618281850c/workspace/transformed/react-android-0.86.2-debug/prefab/modules/reactnative/include/react/renderer/components/view/HostPlatformViewProps.h:11:
C/C++: In file included from C:/Users/MANCHEM HIMESH/.gradle/caches/9.3.1/transforms/236808c8bf210c3c94b027618281850c/workspace/transformed/react-android-0.86.2-debug/prefab/modules/reactnative/include/react/renderer/components/view/NativeDrawable.h:13:
C/C++: C:/Users/MANCHEM HIMESH/.gradle/caches/9.3.1/transforms/236808c8bf210c3c94b027618281850c/workspace/transformed/react-android-0.86.2-debug/prefab/modules/reactnative/include/react/renderer/core/graphicsConversions.h:71:14: error: no member named 'format' in namespace 'std'; did you mean 'folly::format'?
C/C++:       return std::format("{}%", dimension.value);
C/C++:              ^~~~~
C/C++: C:/Users/MANCHEM HIMESH/.gradle/caches/9.3.1/transforms/236808c8bf210c3c94b027618281850c/workspace/transformed/react-android-0.86.2-debug/prefab/modules/reactnative/include/folly/Format.h:291:1: note: 'folly::format' declared here
C/C++: format(StringPiece fmt, Args&&... args) {
C/C++: ^
C/C++: In file included from C:/Users/MANCHEM HIMESH/OneDrive/Desktop/AttendanceApp/node_modules/react-native-quick-crypto/android/build/generated/source/codegen/jni/react/renderer/components/QuickCrypto/ComponentDescriptors.cpp:11:
C/C++: In file included from C:/Users/MANCHEM HIMESH/OneDrive/Desktop/AttendanceApp/node_modules/react-native-quick-crypto/android/build/generated/source/codegen/jni/./react/renderer/components/QuickCrypto/ComponentDescriptors.h:13:
C/C++: In file included from C:/Users/MANCHEM HIMESH/OneDrive/Desktop/AttendanceApp/node_modules/react-native-quick-crypto/android/build/generated/source/codegen/jni/./react/renderer/components/QuickCrypto/ShadowNodes.h:16:
C/C++: In file included from C:/Users/MANCHEM HIMESH/.gradle/caches/9.3.1/transforms/236808c8bf210c3c94b027618281850c/workspace/transformed/react-android-0.86.2-debug/prefab/modules/reactnative/include/react/renderer/components/view/ConcreteViewShadowNode.h:10:
C/C++: In file included from C:/Users/MANCHEM HIMESH/.gradle/caches/9.3.1/transforms/236808c8bf210c3c94b027618281850c/workspace/transformed/react-android-0.86.2-debug/prefab/modules/reactnative/include/react/renderer/components/view/HostPlatformViewTraitsInitializer.h:10:
C/C++: In file included from C:/Users/MANCHEM HIMESH/.gradle/caches/9.3.1/transforms/236808c8bf210c3c94b027618281850c/workspace/transformed/react-android-0.86.2-debug/prefab/modules/reactnative/include/react/renderer/components/view/ViewProps.h:10:
C/C++: In file included from C:/Users/MANCHEM HIMESH/.gradle/caches/9.3.1/transforms/236808c8bf210c3c94b027618281850c/workspace/transformed/react-android-0.86.2-debug/prefab/modules/reactnative/include/react/renderer/components/view/HostPlatformViewProps.h:11:
C/C++: In file included from C:/Users/MANCHEM HIMESH/.gradle/caches/9.3.1/transforms/236808c8bf210c3c94b027618281850c/workspace/transformed/react-android-0.86.2-debug/prefab/modules/reactnative/include/react/renderer/components/view/NativeDrawable.h:13:
C/C++: C:/Users/MANCHEM HIMESH/.gradle/caches/9.3.1/transforms/236808c8bf210c3c94b027618281850c/workspace/transformed/react-android-0.86.2-debug/prefab/modules/reactnative/include/react/renderer/core/graphicsConversions.h:71:14: error: no viable conversion from returned value of type 'Formatter<false, const float &>' to function return type 'folly::dynamic'
C/C++:       return std::format("{}%", dimension.value);
C/C++:              ^~~~~~~~~~~~~~~~~~~~~~~~~~~~~~~~~~~
C/C++: C:/Users/MANCHEM HIMESH/.gradle/caches/9.3.1/transforms/236808c8bf210c3c94b027618281850c/workspace/transformed/react-android-0.86.2-debug/prefab/modules/reactnative/include/folly/json/dynamic.h:238:18: note: candidate constructor not viable: no known conversion from 'Formatter<false, const float &>' to 'const ObjectMaker &' for 1st argument
C/C++:   /* implicit */ dynamic(ObjectMaker const&) = delete;
C/C++:                  ^
C/C++: C:/Users/MANCHEM HIMESH/.gradle/caches/9.3.1/transforms/236808c8bf210c3c94b027618281850c/workspace/transformed/react-android-0.86.2-debug/prefab/modules/reactnative/include/folly/json/dynamic.h:289:3: note: candidate constructor not viable: no known conversion from 'Formatter<false, const float &>' to 'const dynamic &' for 1st argument
C/C++:   dynamic(dynamic const&);
C/C++:   ^
C/C++: C:/Users/MANCHEM HIMESH/.gradle/caches/9.3.1/transforms/236808c8bf210c3c94b027618281850c/workspace/transformed/react-android-0.86.2-debug/prefab/modules/reactnative/include/folly/json/dynamic.h:290:3: note: candidate constructor not viable: no known conversion from 'Formatter<false, const float &>' to 'dynamic &&' for 1st argument
C/C++:   dynamic(dynamic&&) noexcept;
C/C++:   ^
C/C++: C:/Users/MANCHEM HIMESH/.gradle/caches/9.3.1/transforms/236808c8bf210c3c94b027618281850c/workspace/transformed/react-android-0.86.2-debug/prefab/modules/reactnative/include/folly/json/dynamic-inl.h:321:17: note: candidate constructor not viable: no known conversion from 'Formatter<false, const float &>' to 'std::nullptr_t' for 1st argument
C/C++: inline dynamic::dynamic(std::nullptr_t) : type_(NULLT) {}
C/C++:                 ^
C/C++: C:/Users/MANCHEM HIMESH/.gradle/caches/9.3.1/transforms/236808c8bf210c3c94b027618281850c/workspace/transformed/react-android-0.86.2-debug/prefab/modules/reactnative/include/folly/json/dynamic-inl.h:323:17: note: candidate constructor not viable: no known conversion from 'Formatter<false, const float &>' to 'void (*)(EmptyArrayTag)' for 1st argument
C/C++: inline dynamic::dynamic(void (*)(EmptyArrayTag)) : type_(ARRAY) {
C/C++:                 ^
C/C++: C:/Users/MANCHEM HIMESH/.gradle/caches/9.3.1/transforms/236808c8bf210c3c94b027618281850c/workspace/transformed/react-android-0.86.2-debug/prefab/modules/reactnative/include/folly/json/dynamic-inl.h:327:17: note: candidate constructor not viable: no known conversion from 'Formatter<false, const float &>' to 'ObjectMaker (*)()' for 1st argument
C/C++: inline dynamic::dynamic(ObjectMaker (*)()) : type_(OBJECT) {
C/C++:                 ^
C/C++: C:/Users/MANCHEM HIMESH/.gradle/caches/9.3.1/transforms/236808c8bf210c3c94b027618281850c/workspace/transformed/react-android-0.86.2-debug/prefab/modules/reactnative/include/folly/json/dynamic-inl.h:331:17: note: candidate constructor not viable: no known conversion from 'Formatter<false, const float &>' to 'const char *' for 1st argument
C/C++: inline dynamic::dynamic(char const* s) : type_(STRING) {
C/C++:                 ^
C/C++: C:/Users/MANCHEM HIMESH/.gradle/caches/9.3.1/transforms/236808c8bf210c3c94b027618281850c/workspace/transformed/react-android-0.86.2-debug/prefab/modules/reactnative/include/folly/json/dynamic-inl.h:335:17: note: candidate constructor not viable: no known conversion from 'Formatter<false, const float &>' to 'std::string' (aka 'basic_string<char>') for 1st argument
C/C++: inline dynamic::dynamic(std::string s) : type_(STRING) {
C/C++:                 ^
C/C++: C:/Users/MANCHEM HIMESH/.gradle/caches/9.3.1/transforms/236808c8bf210c3c94b027618281850c/workspace/transformed/react-android-0.86.2-debug/prefab/modules/reactnative/include/folly/json/dynamic-inl.h:344:17: note: candidate constructor not viable: no known conversion from 'Formatter<false, const float &>' to 'ObjectMaker &&' for 1st argument
C/C++: inline dynamic::dynamic(ObjectMaker&& maker) : type_(OBJECT) {
C/C++:                 ^
C/C++: C:/Users/MANCHEM HIMESH/.gradle/caches/9.3.1/transforms/236808c8bf210c3c94b027618281850c/workspace/transformed/react-android-0.86.2-debug/prefab/modules/reactnative/include/folly/json/dynamic-inl.h:376:17: note: candidate constructor not viable: no known conversion from 'Formatter<false, const float &>' to 'std::vector<bool>::reference' (aka '__bit_reference<vector<bool, allocator<bool>>>') for 1st argument
C/C++: inline dynamic::dynamic(std::vector<bool>::reference b)
C/C++:                 ^
C/C++: C:/Users/MANCHEM HIMESH/.gradle/caches/9.3.1/transforms/236808c8bf210c3c94b027618281850c/workspace/transformed/react-android-0.86.2-debug/prefab/modules/reactnative/include/folly/json/dynamic-inl.h:378:17: note: candidate constructor not viable: no known conversion from 'Formatter<false, const float &>' to 'VectorBoolConstRefCtorType' (aka 'std::__bit_const_reference<std::vector<bool>>') for 1st argument
C/C++: inline dynamic::dynamic(VectorBoolConstRefCtorType b)
C/C++:                 ^
C/C++: C:/Users/MANCHEM HIMESH/.gradle/caches/9.3.1/transforms/236808c8bf210c3c94b027618281850c/workspace/transformed/react-android-0.86.2-debug/prefab/modules/reactnative/include/folly/json/dynamic-inl.h:340:17: note: candidate template ignored: requirement 'is_detected_v<folly::dynamic_detail::detect_construct_string, folly::Formatter<false, const float &>>' was not satisfied [with Stringish = Formatter<false, const float &>]
C/C++: inline dynamic::dynamic(Stringish&& s) : type_(STRING) {
C/C++:                 ^
C/C++: C:/Users/MANCHEM HIMESH/.gradle/caches/9.3.1/transforms/236808c8bf210c3c94b027618281850c/workspace/transformed/react-android-0.86.2-debug/prefab/modules/reactnative/include/folly/json/dynamic-inl.h:384:10: note: candidate template ignored: substitution failure [with T = Formatter<false, const float &>]: implicit instantiation of undefined template 'folly::dynamic::NumericTypeHelper<folly::Formatter<false, const float &>>'
C/C++: dynamic::dynamic(T t) {
C/C++:          ^
C/C++: C:/Users/MANCHEM HIMESH/.gradle/caches/9.3.1/transforms/236808c8bf210c3c94b027618281850c/workspace/transformed/react-android-0.86.2-debug/prefab/modules/reactnative/include/folly/json/dynamic.h:1115:12: note: explicit constructor is not a candidate
C/C++:   explicit dynamic(Array&& r);
C/C++:            ^
C/C++: 2 errors generated.
C/C++: In file included from C:/Users/MANCHEM HIMESH/OneDrive/Desktop/AttendanceApp/node_modules/react-native-safe-area-context/android/build/generated/source/codegen/jni/react/renderer/components/safeareacontext/Props.cpp:11:
C/C++: In file included from C:/Users/MANCHEM HIMESH/OneDrive/Desktop/AttendanceApp/node_modules/react-native-safe-area-context/android/src/main/jni/../../../build/generated/source/codegen/jni/react/renderer/components/safeareacontext/Props.h:12:
C/C++: In file included from C:/Users/MANCHEM HIMESH/.gradle/caches/9.3.1/transforms/236808c8bf210c3c94b027618281850c/workspace/transformed/react-android-0.86.2-debug/prefab/modules/reactnative/include/react/renderer/components/view/ViewProps.h:10:
C/C++: In file included from C:/Users/MANCHEM HIMESH/.gradle/caches/9.3.1/transforms/236808c8bf210c3c94b027618281850c/workspace/transformed/react-android-0.86.2-debug/prefab/modules/reactnative/include/react/renderer/components/view/HostPlatformViewProps.h:11:
C/C++: In file included from C:/Users/MANCHEM HIMESH/.gradle/caches/9.3.1/transforms/236808c8bf210c3c94b027618281850c/workspace/transformed/react-android-0.86.2-debug/prefab/modules/reactnative/include/react/renderer/components/view/NativeDrawable.h:13:
C/C++: C:/Users/MANCHEM HIMESH/.gradle/caches/9.3.1/transforms/236808c8bf210c3c94b027618281850c/workspace/transformed/react-android-0.86.2-debug/prefab/modules/reactnative/include/react/renderer/core/graphicsConversions.h:71:14: error: no member named 'format' in namespace 'std'; did you mean 'folly::format'?
C/C++:       return std::format("{}%", dimension.value);
C/C++:              ^~~~~
C/C++: C:/Users/MANCHEM HIMESH/.gradle/caches/9.3.1/transforms/236808c8bf210c3c94b027618281850c/workspace/transformed/react-android-0.86.2-debug/prefab/modules/reactnative/include/folly/Format.h:291:1: note: 'folly::format' declared here
C/C++: format(StringPiece fmt, Args&&... args) {
C/C++: ^
C/C++: In file included from C:/Users/MANCHEM HIMESH/OneDrive/Desktop/AttendanceApp/node_modules/react-native-safe-area-context/android/build/generated/source/codegen/jni/react/renderer/components/safeareacontext/Props.cpp:11:
C/C++: In file included from C:/Users/MANCHEM HIMESH/OneDrive/Desktop/AttendanceApp/node_modules/react-native-safe-area-context/android/src/main/jni/../../../build/generated/source/codegen/jni/react/renderer/components/safeareacontext/Props.h:12:
C/C++: In file included from C:/Users/MANCHEM HIMESH/.gradle/caches/9.3.1/transforms/236808c8bf210c3c94b027618281850c/workspace/transformed/react-android-0.86.2-debug/prefab/modules/reactnative/include/react/renderer/components/view/ViewProps.h:10:
C/C++: In file included from C:/Users/MANCHEM HIMESH/.gradle/caches/9.3.1/transforms/236808c8bf210c3c94b027618281850c/workspace/transformed/react-android-0.86.2-debug/prefab/modules/reactnative/include/react/renderer/components/view/HostPlatformViewProps.h:11:
C/C++: In file included from C:/Users/MANCHEM HIMESH/.gradle/caches/9.3.1/transforms/236808c8bf210c3c94b027618281850c/workspace/transformed/react-android-0.86.2-debug/prefab/modules/reactnative/include/react/renderer/components/view/NativeDrawable.h:13:
C/C++: C:/Users/MANCHEM HIMESH/.gradle/caches/9.3.1/transforms/236808c8bf210c3c94b027618281850c/workspace/transformed/react-android-0.86.2-debug/prefab/modules/reactnative/include/react/renderer/core/graphicsConversions.h:71:14: error: no viable conversion from returned value of type 'Formatter<false, const float &>' to function return type 'folly::dynamic'
C/C++:       return std::format("{}%", dimension.value);
C/C++:              ^~~~~~~~~~~~~~~~~~~~~~~~~~~~~~~~~~~
C/C++: C:/Users/MANCHEM HIMESH/.gradle/caches/9.3.1/transforms/236808c8bf210c3c94b027618281850c/workspace/transformed/react-android-0.86.2-debug/prefab/modules/reactnative/include/folly/json/dynamic.h:238:18: note: candidate constructor not viable: no known conversion from 'Formatter<false, const float &>' to 'const ObjectMaker &' for 1st argument
C/C++:   /* implicit */ dynamic(ObjectMaker const&) = delete;
C/C++:                  ^
C/C++: C:/Users/MANCHEM HIMESH/.gradle/caches/9.3.1/transforms/236808c8bf210c3c94b027618281850c/workspace/transformed/react-android-0.86.2-debug/prefab/modules/reactnative/include/folly/json/dynamic.h:289:3: note: candidate constructor not viable: no known conversion from 'Formatter<false, const float &>' to 'const dynamic &' for 1st argument
C/C++:   dynamic(dynamic const&);
C/C++:   ^
C/C++: C:/Users/MANCHEM HIMESH/.gradle/caches/9.3.1/transforms/236808c8bf210c3c94b027618281850c/workspace/transformed/react-android-0.86.2-debug/prefab/modules/reactnative/include/folly/json/dynamic.h:290:3: note: candidate constructor not viable: no known conversion from 'Formatter<false, const float &>' to 'dynamic &&' for 1st argument
C/C++:   dynamic(dynamic&&) noexcept;
C/C++:   ^
C/C++: C:/Users/MANCHEM HIMESH/.gradle/caches/9.3.1/transforms/236808c8bf210c3c94b027618281850c/workspace/transformed/react-android-0.86.2-debug/prefab/modules/reactnative/include/folly/json/dynamic-inl.h:321:17: note: candidate constructor not viable: no known conversion from 'Formatter<false, const float &>' to 'std::nullptr_t' for 1st argument
C/C++: inline dynamic::dynamic(std::nullptr_t) : type_(NULLT) {}
C/C++:                 ^
C/C++: C:/Users/MANCHEM HIMESH/.gradle/caches/9.3.1/transforms/236808c8bf210c3c94b027618281850c/workspace/transformed/react-android-0.86.2-debug/prefab/modules/reactnative/include/folly/json/dynamic-inl.h:323:17: note: candidate constructor not viable: no known conversion from 'Formatter<false, const float &>' to 'void (*)(EmptyArrayTag)' for 1st argument
C/C++: inline dynamic::dynamic(void (*)(EmptyArrayTag)) : type_(ARRAY) {
C/C++:                 ^
C/C++: C:/Users/MANCHEM HIMESH/.gradle/caches/9.3.1/transforms/236808c8bf210c3c94b027618281850c/workspace/transformed/react-android-0.86.2-debug/prefab/modules/reactnative/include/folly/json/dynamic-inl.h:327:17: note: candidate constructor not viable: no known conversion from 'Formatter<false, const float &>' to 'ObjectMaker (*)()' for 1st argument
C/C++: inline dynamic::dynamic(ObjectMaker (*)()) : type_(OBJECT) {
C/C++:                 ^
C/C++: C:/Users/MANCHEM HIMESH/.gradle/caches/9.3.1/transforms/236808c8bf210c3c94b027618281850c/workspace/transformed/react-android-0.86.2-debug/prefab/modules/reactnative/include/folly/json/dynamic-inl.h:331:17: note: candidate constructor not viable: no known conversion from 'Formatter<false, const float &>' to 'const char *' for 1st argument
C/C++: inline dynamic::dynamic(char const* s) : type_(STRING) {
C/C++:                 ^
C/C++: C:/Users/MANCHEM HIMESH/.gradle/caches/9.3.1/transforms/236808c8bf210c3c94b027618281850c/workspace/transformed/react-android-0.86.2-debug/prefab/modules/reactnative/include/folly/json/dynamic-inl.h:335:17: note: candidate constructor not viable: no known conversion from 'Formatter<false, const float &>' to 'std::string' (aka 'basic_string<char>') for 1st argument
C/C++: inline dynamic::dynamic(std::string s) : type_(STRING) {
C/C++:                 ^
C/C++: C:/Users/MANCHEM HIMESH/.gradle/caches/9.3.1/transforms/236808c8bf210c3c94b027618281850c/workspace/transformed/react-android-0.86.2-debug/prefab/modules/reactnative/include/folly/json/dynamic-inl.h:344:17: note: candidate constructor not viable: no known conversion from 'Formatter<false, const float &>' to 'ObjectMaker &&' for 1st argument
C/C++: inline dynamic::dynamic(ObjectMaker&& maker) : type_(OBJECT) {
C/C++:                 ^
C/C++: C:/Users/MANCHEM HIMESH/.gradle/caches/9.3.1/transforms/236808c8bf210c3c94b027618281850c/workspace/transformed/react-android-0.86.2-debug/prefab/modules/reactnative/include/folly/json/dynamic-inl.h:376:17: note: candidate constructor not viable: no known conversion from 'Formatter<false, const float &>' to 'std::vector<bool>::reference' (aka '__bit_reference<vector<bool, allocator<bool>>>') for 1st argument
C/C++: inline dynamic::dynamic(std::vector<bool>::reference b)
C/C++:                 ^
C/C++: C:/Users/MANCHEM HIMESH/.gradle/caches/9.3.1/transforms/236808c8bf210c3c94b027618281850c/workspace/transformed/react-android-0.86.2-debug/prefab/modules/reactnative/include/folly/json/dynamic-inl.h:378:17: note: candidate constructor not viable: no known conversion from 'Formatter<false, const float &>' to 'VectorBoolConstRefCtorType' (aka 'std::__bit_const_reference<std::vector<bool>>') for 1st argument
C/C++: inline dynamic::dynamic(VectorBoolConstRefCtorType b)
C/C++:                 ^
C/C++: C:/Users/MANCHEM HIMESH/.gradle/caches/9.3.1/transforms/236808c8bf210c3c94b027618281850c/workspace/transformed/react-android-0.86.2-debug/prefab/modules/reactnative/include/folly/json/dynamic-inl.h:340:17: note: candidate template ignored: requirement 'is_detected_v<folly::dynamic_detail::detect_construct_string, folly::Formatter<false, const float &>>' was not satisfied [with Stringish = Formatter<false, const float &>]
C/C++: inline dynamic::dynamic(Stringish&& s) : type_(STRING) {
C/C++:                 ^
C/C++: C:/Users/MANCHEM HIMESH/.gradle/caches/9.3.1/transforms/236808c8bf210c3c94b027618281850c/workspace/transformed/react-android-0.86.2-debug/prefab/modules/reactnative/include/folly/json/dynamic-inl.h:384:10: note: candidate template ignored: substitution failure [with T = Formatter<false, const float &>]: implicit instantiation of undefined template 'folly::dynamic::NumericTypeHelper<folly::Formatter<false, const float &>>'
C/C++: dynamic::dynamic(T t) {
C/C++:          ^
C/C++: C:/Users/MANCHEM HIMESH/.gradle/caches/9.3.1/transforms/236808c8bf210c3c94b027618281850c/workspace/transformed/react-android-0.86.2-debug/prefab/modules/reactnative/include/folly/json/dynamic.h:1115:12: note: explicit constructor is not a candidate
C/C++:   explicit dynamic(Array&& r);
C/C++:            ^
C/C++: 2 errors generated.
C/C++: In file included from C:/Users/MANCHEM HIMESH/OneDrive/Desktop/AttendanceApp/node_modules/react-native-quick-sqlite/android/build/generated/source/codegen/jni/react/renderer/components/RNQuickSQLite/ComponentDescriptors.cpp:11:
C/C++: In file included from C:/Users/MANCHEM HIMESH/OneDrive/Desktop/AttendanceApp/node_modules/react-native-quick-sqlite/android/build/generated/source/codegen/jni/./react/renderer/components/RNQuickSQLite/ComponentDescriptors.h:13:
C/C++: In file included from C:/Users/MANCHEM HIMESH/OneDrive/Desktop/AttendanceApp/node_modules/react-native-quick-sqlite/android/build/generated/source/codegen/jni/./react/renderer/components/RNQuickSQLite/ShadowNodes.h:16:
C/C++: In file included from C:/Users/MANCHEM HIMESH/.gradle/caches/9.3.1/transforms/236808c8bf210c3c94b027618281850c/workspace/transformed/react-android-0.86.2-debug/prefab/modules/reactnative/include/react/renderer/components/view/ConcreteViewShadowNode.h:10:
C/C++: In file included from C:/Users/MANCHEM HIMESH/.gradle/caches/9.3.1/transforms/236808c8bf210c3c94b027618281850c/workspace/transformed/react-android-0.86.2-debug/prefab/modules/reactnative/include/react/renderer/components/view/HostPlatformViewTraitsInitializer.h:10:
C/C++: In file included from C:/Users/MANCHEM HIMESH/.gradle/caches/9.3.1/transforms/236808c8bf210c3c94b027618281850c/workspace/transformed/react-android-0.86.2-debug/prefab/modules/reactnative/include/react/renderer/components/view/ViewProps.h:10:
C/C++: In file included from C:/Users/MANCHEM HIMESH/.gradle/caches/9.3.1/transforms/236808c8bf210c3c94b027618281850c/workspace/transformed/react-android-0.86.2-debug/prefab/modules/reactnative/include/react/renderer/components/view/HostPlatformViewProps.h:11:
C/C++: In file included from C:/Users/MANCHEM HIMESH/.gradle/caches/9.3.1/transforms/236808c8bf210c3c94b027618281850c/workspace/transformed/react-android-0.86.2-debug/prefab/modules/reactnative/include/react/renderer/components/view/NativeDrawable.h:13:
C/C++: C:/Users/MANCHEM HIMESH/.gradle/caches/9.3.1/transforms/236808c8bf210c3c94b027618281850c/workspace/transformed/react-android-0.86.2-debug/prefab/modules/reactnative/include/react/renderer/core/graphicsConversions.h:71:14: error: no member named 'format' in namespace 'std'; did you mean 'folly::format'?
C/C++:       return std::format("{}%", dimension.value);
C/C++:              ^~~~~
C/C++: C:/Users/MANCHEM HIMESH/.gradle/caches/9.3.1/transforms/236808c8bf210c3c94b027618281850c/workspace/transformed/react-android-0.86.2-debug/prefab/modules/reactnative/include/folly/Format.h:291:1: note: 'folly::format' declared here
C/C++: format(StringPiece fmt, Args&&... args) {
C/C++: ^
C/C++: In file included from C:/Users/MANCHEM HIMESH/OneDrive/Desktop/AttendanceApp/node_modules/react-native-quick-sqlite/android/build/generated/source/codegen/jni/react/renderer/components/RNQuickSQLite/ComponentDescriptors.cpp:11:
C/C++: In file included from C:/Users/MANCHEM HIMESH/OneDrive/Desktop/AttendanceApp/node_modules/react-native-quick-sqlite/android/build/generated/source/codegen/jni/./react/renderer/components/RNQuickSQLite/ComponentDescriptors.h:13:
C/C++: In file included from C:/Users/MANCHEM HIMESH/OneDrive/Desktop/AttendanceApp/node_modules/react-native-quick-sqlite/android/build/generated/source/codegen/jni/./react/renderer/components/RNQuickSQLite/ShadowNodes.h:16:
C/C++: In file included from C:/Users/MANCHEM HIMESH/.gradle/caches/9.3.1/transforms/236808c8bf210c3c94b027618281850c/workspace/transformed/react-android-0.86.2-debug/prefab/modules/reactnative/include/react/renderer/components/view/ConcreteViewShadowNode.h:10:
C/C++: In file included from C:/Users/MANCHEM HIMESH/.gradle/caches/9.3.1/transforms/236808c8bf210c3c94b027618281850c/workspace/transformed/react-android-0.86.2-debug/prefab/modules/reactnative/include/react/renderer/components/view/HostPlatformViewTraitsInitializer.h:10:
C/C++: In file included from C:/Users/MANCHEM HIMESH/.gradle/caches/9.3.1/transforms/236808c8bf210c3c94b027618281850c/workspace/transformed/react-android-0.86.2-debug/prefab/modules/reactnative/include/react/renderer/components/view/ViewProps.h:10:
C/C++: In file included from C:/Users/MANCHEM HIMESH/.gradle/caches/9.3.1/transforms/236808c8bf210c3c94b027618281850c/workspace/transformed/react-android-0.86.2-debug/prefab/modules/reactnative/include/react/renderer/components/view/HostPlatformViewProps.h:11:
C/C++: In file included from C:/Users/MANCHEM HIMESH/.gradle/caches/9.3.1/transforms/236808c8bf210c3c94b027618281850c/workspace/transformed/react-android-0.86.2-debug/prefab/modules/reactnative/include/react/renderer/components/view/NativeDrawable.h:13:
C/C++: C:/Users/MANCHEM HIMESH/.gradle/caches/9.3.1/transforms/236808c8bf210c3c94b027618281850c/workspace/transformed/react-android-0.86.2-debug/prefab/modules/reactnative/include/react/renderer/core/graphicsConversions.h:71:14: error: no viable conversion from returned value of type 'Formatter<false, const float &>' to function return type 'folly::dynamic'
C/C++:       return std::format("{}%", dimension.value);
C/C++:              ^~~~~~~~~~~~~~~~~~~~~~~~~~~~~~~~~~~
C/C++: C:/Users/MANCHEM HIMESH/.gradle/caches/9.3.1/transforms/236808c8bf210c3c94b027618281850c/workspace/transformed/react-android-0.86.2-debug/prefab/modules/reactnative/include/folly/json/dynamic.h:238:18: note: candidate constructor not viable: no known conversion from 'Formatter<false, const float &>' to 'const ObjectMaker &' for 1st argument
C/C++:   /* implicit */ dynamic(ObjectMaker const&) = delete;
C/C++:                  ^
C/C++: C:/Users/MANCHEM HIMESH/.gradle/caches/9.3.1/transforms/236808c8bf210c3c94b027618281850c/workspace/transformed/react-android-0.86.2-debug/prefab/modules/reactnative/include/folly/json/dynamic.h:289:3: note: candidate constructor not viable: no known conversion from 'Formatter<false, const float &>' to 'const dynamic &' for 1st argument
C/C++:   dynamic(dynamic const&);
C/C++:   ^
C/C++: C:/Users/MANCHEM HIMESH/.gradle/caches/9.3.1/transforms/236808c8bf210c3c94b027618281850c/workspace/transformed/react-android-0.86.2-debug/prefab/modules/reactnative/include/folly/json/dynamic.h:290:3: note: candidate constructor not viable: no known conversion from 'Formatter<false, const float &>' to 'dynamic &&' for 1st argument
C/C++:   dynamic(dynamic&&) noexcept;
C/C++:   ^
C/C++: C:/Users/MANCHEM HIMESH/.gradle/caches/9.3.1/transforms/236808c8bf210c3c94b027618281850c/workspace/transformed/react-android-0.86.2-debug/prefab/modules/reactnative/include/folly/json/dynamic-inl.h:321:17: note: candidate constructor not viable: no known conversion from 'Formatter<false, const float &>' to 'std::nullptr_t' for 1st argument
C/C++: inline dynamic::dynamic(std::nullptr_t) : type_(NULLT) {}
C/C++:                 ^
C/C++: C:/Users/MANCHEM HIMESH/.gradle/caches/9.3.1/transforms/236808c8bf210c3c94b027618281850c/workspace/transformed/react-android-0.86.2-debug/prefab/modules/reactnative/include/folly/json/dynamic-inl.h:323:17: note: candidate constructor not viable: no known conversion from 'Formatter<false, const float &>' to 'void (*)(EmptyArrayTag)' for 1st argument
C/C++: inline dynamic::dynamic(void (*)(EmptyArrayTag)) : type_(ARRAY) {
C/C++:                 ^
C/C++: C:/Users/MANCHEM HIMESH/.gradle/caches/9.3.1/transforms/236808c8bf210c3c94b027618281850c/workspace/transformed/react-android-0.86.2-debug/prefab/modules/reactnative/include/folly/json/dynamic-inl.h:327:17: note: candidate constructor not viable: no known conversion from 'Formatter<false, const float &>' to 'ObjectMaker (*)()' for 1st argument
C/C++: inline dynamic::dynamic(ObjectMaker (*)()) : type_(OBJECT) {
C/C++:                 ^
C/C++: C:/Users/MANCHEM HIMESH/.gradle/caches/9.3.1/transforms/236808c8bf210c3c94b027618281850c/workspace/transformed/react-android-0.86.2-debug/prefab/modules/reactnative/include/folly/json/dynamic-inl.h:331:17: note: candidate constructor not viable: no known conversion from 'Formatter<false, const float &>' to 'const char *' for 1st argument
C/C++: inline dynamic::dynamic(char const* s) : type_(STRING) {
C/C++:                 ^
C/C++: C:/Users/MANCHEM HIMESH/.gradle/caches/9.3.1/transforms/236808c8bf210c3c94b027618281850c/workspace/transformed/react-android-0.86.2-debug/prefab/modules/reactnative/include/folly/json/dynamic-inl.h:335:17: note: candidate constructor not viable: no known conversion from 'Formatter<false, const float &>' to 'std::string' (aka 'basic_string<char>') for 1st argument
C/C++: inline dynamic::dynamic(std::string s) : type_(STRING) {
C/C++:                 ^
C/C++: C:/Users/MANCHEM HIMESH/.gradle/caches/9.3.1/transforms/236808c8bf210c3c94b027618281850c/workspace/transformed/react-android-0.86.2-debug/prefab/modules/reactnative/include/folly/json/dynamic-inl.h:344:17: note: candidate constructor not viable: no known conversion from 'Formatter<false, const float &>' to 'ObjectMaker &&' for 1st argument
C/C++: inline dynamic::dynamic(ObjectMaker&& maker) : type_(OBJECT) {
C/C++:                 ^
C/C++: C:/Users/MANCHEM HIMESH/.gradle/caches/9.3.1/transforms/236808c8bf210c3c94b027618281850c/workspace/transformed/react-android-0.86.2-debug/prefab/modules/reactnative/include/folly/json/dynamic-inl.h:376:17: note: candidate constructor not viable: no known conversion from 'Formatter<false, const float &>' to 'std::vector<bool>::reference' (aka '__bit_reference<vector<bool, allocator<bool>>>') for 1st argument
C/C++: inline dynamic::dynamic(std::vector<bool>::reference b)
C/C++:                 ^
C/C++: C:/Users/MANCHEM HIMESH/.gradle/caches/9.3.1/transforms/236808c8bf210c3c94b027618281850c/workspace/transformed/react-android-0.86.2-debug/prefab/modules/reactnative/include/folly/json/dynamic-inl.h:378:17: note: candidate constructor not viable: no known conversion from 'Formatter<false, const float &>' to 'VectorBoolConstRefCtorType' (aka 'std::__bit_const_reference<std::vector<bool>>') for 1st argument
C/C++: inline dynamic::dynamic(VectorBoolConstRefCtorType b)
C/C++:                 ^
C/C++: C:/Users/MANCHEM HIMESH/.gradle/caches/9.3.1/transforms/236808c8bf210c3c94b027618281850c/workspace/transformed/react-android-0.86.2-debug/prefab/modules/reactnative/include/folly/json/dynamic-inl.h:340:17: note: candidate template ignored: requirement 'is_detected_v<folly::dynamic_detail::detect_construct_string, folly::Formatter<false, const float &>>' was not satisfied [with Stringish = Formatter<false, const float &>]
C/C++: inline dynamic::dynamic(Stringish&& s) : type_(STRING) {
C/C++:                 ^
C/C++: C:/Users/MANCHEM HIMESH/.gradle/caches/9.3.1/transforms/236808c8bf210c3c94b027618281850c/workspace/transformed/react-android-0.86.2-debug/prefab/modules/reactnative/include/folly/json/dynamic-inl.h:384:10: note: candidate template ignored: substitution failure [with T = Formatter<false, const float &>]: implicit instantiation of undefined template 'folly::dynamic::NumericTypeHelper<folly::Formatter<false, const float &>>'
C/C++: dynamic::dynamic(T t) {
C/C++:          ^
C/C++: C:/Users/MANCHEM HIMESH/.gradle/caches/9.3.1/transforms/236808c8bf210c3c94b027618281850c/workspace/transformed/react-android-0.86.2-debug/prefab/modules/reactnative/include/folly/json/dynamic.h:1115:12: note: explicit constructor is not a candidate
C/C++:   explicit dynamic(Array&& r);
C/C++:            ^
C/C++: 2 errors generated.
C/C++: In file included from C:/Users/MANCHEM HIMESH/OneDrive/Desktop/AttendanceApp/node_modules/react-native-quick-sqlite/android/build/generated/source/codegen/jni/react/renderer/components/RNQuickSQLite/ShadowNodes.cpp:11:
C/C++: In file included from C:/Users/MANCHEM HIMESH/OneDrive/Desktop/AttendanceApp/node_modules/react-native-quick-sqlite/android/build/generated/source/codegen/jni/./react/renderer/components/RNQuickSQLite/ShadowNodes.h:16:
C/C++: In file included from C:/Users/MANCHEM HIMESH/.gradle/caches/9.3.1/transforms/236808c8bf210c3c94b027618281850c/workspace/transformed/react-android-0.86.2-debug/prefab/modules/reactnative/include/react/renderer/components/view/ConcreteViewShadowNode.h:10:
C/C++: In file included from C:/Users/MANCHEM HIMESH/.gradle/caches/9.3.1/transforms/236808c8bf210c3c94b027618281850c/workspace/transformed/react-android-0.86.2-debug/prefab/modules/reactnative/include/react/renderer/components/view/HostPlatformViewTraitsInitializer.h:10:
C/C++: In file included from C:/Users/MANCHEM HIMESH/.gradle/caches/9.3.1/transforms/236808c8bf210c3c94b027618281850c/workspace/transformed/react-android-0.86.2-debug/prefab/modules/reactnative/include/react/renderer/components/view/ViewProps.h:10:
C/C++: In file included from C:/Users/MANCHEM HIMESH/.gradle/caches/9.3.1/transforms/236808c8bf210c3c94b027618281850c/workspace/transformed/react-android-0.86.2-debug/prefab/modules/reactnative/include/react/renderer/components/view/HostPlatformViewProps.h:11:
C/C++: In file included from C:/Users/MANCHEM HIMESH/.gradle/caches/9.3.1/transforms/236808c8bf210c3c94b027618281850c/workspace/transformed/react-android-0.86.2-debug/prefab/modules/reactnative/include/react/renderer/components/view/NativeDrawable.h:13:
C/C++: C:/Users/MANCHEM HIMESH/.gradle/caches/9.3.1/transforms/236808c8bf210c3c94b027618281850c/workspace/transformed/react-android-0.86.2-debug/prefab/modules/reactnative/include/react/renderer/core/graphicsConversions.h:71:14: error: no member named 'format' in namespace 'std'; did you mean 'folly::format'?
C/C++:       return std::format("{}%", dimension.value);
C/C++:              ^~~~~
C/C++: C:/Users/MANCHEM HIMESH/.gradle/caches/9.3.1/transforms/236808c8bf210c3c94b027618281850c/workspace/transformed/react-android-0.86.2-debug/prefab/modules/reactnative/include/folly/Format.h:291:1: note: 'folly::format' declared here
C/C++: format(StringPiece fmt, Args&&... args) {
C/C++: ^
C/C++: In file included from C:/Users/MANCHEM HIMESH/OneDrive/Desktop/AttendanceApp/node_modules/react-native-quick-sqlite/android/build/generated/source/codegen/jni/react/renderer/components/RNQuickSQLite/ShadowNodes.cpp:11:
C/C++: In file included from C:/Users/MANCHEM HIMESH/OneDrive/Desktop/AttendanceApp/node_modules/react-native-quick-sqlite/android/build/generated/source/codegen/jni/./react/renderer/components/RNQuickSQLite/ShadowNodes.h:16:
C/C++: In file included from C:/Users/MANCHEM HIMESH/.gradle/caches/9.3.1/transforms/236808c8bf210c3c94b027618281850c/workspace/transformed/react-android-0.86.2-debug/prefab/modules/reactnative/include/react/renderer/components/view/ConcreteViewShadowNode.h:10:
C/C++: In file included from C:/Users/MANCHEM HIMESH/.gradle/caches/9.3.1/transforms/236808c8bf210c3c94b027618281850c/workspace/transformed/react-android-0.86.2-debug/prefab/modules/reactnative/include/react/renderer/components/view/HostPlatformViewTraitsInitializer.h:10:
C/C++: In file included from C:/Users/MANCHEM HIMESH/.gradle/caches/9.3.1/transforms/236808c8bf210c3c94b027618281850c/workspace/transformed/react-android-0.86.2-debug/prefab/modules/reactnative/include/react/renderer/components/view/ViewProps.h:10:
C/C++: In file included from C:/Users/MANCHEM HIMESH/.gradle/caches/9.3.1/transforms/236808c8bf210c3c94b027618281850c/workspace/transformed/react-android-0.86.2-debug/prefab/modules/reactnative/include/react/renderer/components/view/HostPlatformViewProps.h:11:
C/C++: In file included from C:/Users/MANCHEM HIMESH/.gradle/caches/9.3.1/transforms/236808c8bf210c3c94b027618281850c/workspace/transformed/react-android-0.86.2-debug/prefab/modules/reactnative/include/react/renderer/components/view/NativeDrawable.h:13:
C/C++: C:/Users/MANCHEM HIMESH/.gradle/caches/9.3.1/transforms/236808c8bf210c3c94b027618281850c/workspace/transformed/react-android-0.86.2-debug/prefab/modules/reactnative/include/react/renderer/core/graphicsConversions.h:71:14: error: no viable conversion from returned value of type 'Formatter<false, const float &>' to function return type 'folly::dynamic'
C/C++:       return std::format("{}%", dimension.value);
C/C++:              ^~~~~~~~~~~~~~~~~~~~~~~~~~~~~~~~~~~
C/C++: C:/Users/MANCHEM HIMESH/.gradle/caches/9.3.1/transforms/236808c8bf210c3c94b027618281850c/workspace/transformed/react-android-0.86.2-debug/prefab/modules/reactnative/include/folly/json/dynamic.h:238:18: note: candidate constructor not viable: no known conversion from 'Formatter<false, const float &>' to 'const ObjectMaker &' for 1st argument
C/C++:   /* implicit */ dynamic(ObjectMaker const&) = delete;
C/C++:                  ^
C/C++: C:/Users/MANCHEM HIMESH/.gradle/caches/9.3.1/transforms/236808c8bf210c3c94b027618281850c/workspace/transformed/react-android-0.86.2-debug/prefab/modules/reactnative/include/folly/json/dynamic.h:289:3: note: candidate constructor not viable: no known conversion from 'Formatter<false, const float &>' to 'const dynamic &' for 1st argument
C/C++:   dynamic(dynamic const&);
C/C++:   ^
C/C++: C:/Users/MANCHEM HIMESH/.gradle/caches/9.3.1/transforms/236808c8bf210c3c94b027618281850c/workspace/transformed/react-android-0.86.2-debug/prefab/modules/reactnative/include/folly/json/dynamic.h:290:3: note: candidate constructor not viable: no known conversion from 'Formatter<false, const float &>' to 'dynamic &&' for 1st argument
C/C++:   dynamic(dynamic&&) noexcept;
C/C++:   ^
C/C++: C:/Users/MANCHEM HIMESH/.gradle/caches/9.3.1/transforms/236808c8bf210c3c94b027618281850c/workspace/transformed/react-android-0.86.2-debug/prefab/modules/reactnative/include/folly/json/dynamic-inl.h:321:17: note: candidate constructor not viable: no known conversion from 'Formatter<false, const float &>' to 'std::nullptr_t' for 1st argument
C/C++: inline dynamic::dynamic(std::nullptr_t) : type_(NULLT) {}
C/C++:                 ^
C/C++: C:/Users/MANCHEM HIMESH/.gradle/caches/9.3.1/transforms/236808c8bf210c3c94b027618281850c/workspace/transformed/react-android-0.86.2-debug/prefab/modules/reactnative/include/folly/json/dynamic-inl.h:323:17: note: candidate constructor not viable: no known conversion from 'Formatter<false, const float &>' to 'void (*)(EmptyArrayTag)' for 1st argument
C/C++: inline dynamic::dynamic(void (*)(EmptyArrayTag)) : type_(ARRAY) {
C/C++:                 ^
C/C++: C:/Users/MANCHEM HIMESH/.gradle/caches/9.3.1/transforms/236808c8bf210c3c94b027618281850c/workspace/transformed/react-android-0.86.2-debug/prefab/modules/reactnative/include/folly/json/dynamic-inl.h:327:17: note: candidate constructor not viable: no known conversion from 'Formatter<false, const float &>' to 'ObjectMaker (*)()' for 1st argument
C/C++: inline dynamic::dynamic(ObjectMaker (*)()) : type_(OBJECT) {
C/C++:                 ^
C/C++: C:/Users/MANCHEM HIMESH/.gradle/caches/9.3.1/transforms/236808c8bf210c3c94b027618281850c/workspace/transformed/react-android-0.86.2-debug/prefab/modules/reactnative/include/folly/json/dynamic-inl.h:331:17: note: candidate constructor not viable: no known conversion from 'Formatter<false, const float &>' to 'const char *' for 1st argument
C/C++: inline dynamic::dynamic(char const* s) : type_(STRING) {
C/C++:                 ^
C/C++: C:/Users/MANCHEM HIMESH/.gradle/caches/9.3.1/transforms/236808c8bf210c3c94b027618281850c/workspace/transformed/react-android-0.86.2-debug/prefab/modules/reactnative/include/folly/json/dynamic-inl.h:335:17: note: candidate constructor not viable: no known conversion from 'Formatter<false, const float &>' to 'std::string' (aka 'basic_string<char>') for 1st argument
C/C++: inline dynamic::dynamic(std::string s) : type_(STRING) {
C/C++:                 ^
C/C++: C:/Users/MANCHEM HIMESH/.gradle/caches/9.3.1/transforms/236808c8bf210c3c94b027618281850c/workspace/transformed/react-android-0.86.2-debug/prefab/modules/reactnative/include/folly/json/dynamic-inl.h:344:17: note: candidate constructor not viable: no known conversion from 'Formatter<false, const float &>' to 'ObjectMaker &&' for 1st argument
C/C++: inline dynamic::dynamic(ObjectMaker&& maker) : type_(OBJECT) {
C/C++:                 ^
C/C++: C:/Users/MANCHEM HIMESH/.gradle/caches/9.3.1/transforms/236808c8bf210c3c94b027618281850c/workspace/transformed/react-android-0.86.2-debug/prefab/modules/reactnative/include/folly/json/dynamic-inl.h:376:17: note: candidate constructor not viable: no known conversion from 'Formatter<false, const float &>' to 'std::vector<bool>::reference' (aka '__bit_reference<vector<bool, allocator<bool>>>') for 1st argument
C/C++: inline dynamic::dynamic(std::vector<bool>::reference b)
C/C++:                 ^
C/C++: C:/Users/MANCHEM HIMESH/.gradle/caches/9.3.1/transforms/236808c8bf210c3c94b027618281850c/workspace/transformed/react-android-0.86.2-debug/prefab/modules/reactnative/include/folly/json/dynamic-inl.h:378:17: note: candidate constructor not viable: no known conversion from 'Formatter<false, const float &>' to 'VectorBoolConstRefCtorType' (aka 'std::__bit_const_reference<std::vector<bool>>') for 1st argument
C/C++: inline dynamic::dynamic(VectorBoolConstRefCtorType b)
C/C++:                 ^
C/C++: C:/Users/MANCHEM HIMESH/.gradle/caches/9.3.1/transforms/236808c8bf210c3c94b027618281850c/workspace/transformed/react-android-0.86.2-debug/prefab/modules/reactnative/include/folly/json/dynamic-inl.h:340:17: note: candidate template ignored: requirement 'is_detected_v<folly::dynamic_detail::detect_construct_string, folly::Formatter<false, const float &>>' was not satisfied [with Stringish = Formatter<false, const float &>]
C/C++: inline dynamic::dynamic(Stringish&& s) : type_(STRING) {
C/C++:                 ^
C/C++: C:/Users/MANCHEM HIMESH/.gradle/caches/9.3.1/transforms/236808c8bf210c3c94b027618281850c/workspace/transformed/react-android-0.86.2-debug/prefab/modules/reactnative/include/folly/json/dynamic-inl.h:384:10: note: candidate template ignored: substitution failure [with T = Formatter<false, const float &>]: implicit instantiation of undefined template 'folly::dynamic::NumericTypeHelper<folly::Formatter<false, const float &>>'
C/C++: dynamic::dynamic(T t) {
C/C++:          ^
C/C++: C:/Users/MANCHEM HIMESH/.gradle/caches/9.3.1/transforms/236808c8bf210c3c94b027618281850c/workspace/transformed/react-android-0.86.2-debug/prefab/modules/reactnative/include/folly/json/dynamic.h:1115:12: note: explicit constructor is not a candidate
C/C++:   explicit dynamic(Array&& r);
C/C++:            ^
C/C++: 2 errors generated.
C/C++: In file included from C:/Users/MANCHEM HIMESH/OneDrive/Desktop/AttendanceApp/node_modules/react-native-safe-area-context/common/cpp/react/renderer/components/safeareacontext/RNCSafeAreaViewState.cpp:1:
C/C++: In file included from C:/Users/MANCHEM HIMESH/OneDrive/Desktop/AttendanceApp/node_modules/react-native-safe-area-context/common/cpp/react/renderer/components/safeareacontext/RNCSafeAreaViewState.h:3:
C/C++: In file included from C:/Users/MANCHEM HIMESH/OneDrive/Desktop/AttendanceApp/node_modules/react-native-safe-area-context/android/src/main/jni/../../../build/generated/source/codegen/jni/react/renderer/components/safeareacontext/Props.h:12:
C/C++: In file included from C:/Users/MANCHEM HIMESH/.gradle/caches/9.3.1/transforms/236808c8bf210c3c94b027618281850c/workspace/transformed/react-android-0.86.2-debug/prefab/modules/reactnative/include/react/renderer/components/view/ViewProps.h:10:
C/C++: In file included from C:/Users/MANCHEM HIMESH/.gradle/caches/9.3.1/transforms/236808c8bf210c3c94b027618281850c/workspace/transformed/react-android-0.86.2-debug/prefab/modules/reactnative/include/react/renderer/components/view/HostPlatformViewProps.h:11:
C/C++: In file included from C:/Users/MANCHEM HIMESH/.gradle/caches/9.3.1/transforms/236808c8bf210c3c94b027618281850c/workspace/transformed/react-android-0.86.2-debug/prefab/modules/reactnative/include/react/renderer/components/view/NativeDrawable.h:13:
C/C++: C:/Users/MANCHEM HIMESH/.gradle/caches/9.3.1/transforms/236808c8bf210c3c94b027618281850c/workspace/transformed/react-android-0.86.2-debug/prefab/modules/reactnative/include/react/renderer/core/graphicsConversions.h:71:14: error: no member named 'format' in namespace 'std'; did you mean 'folly::format'?
C/C++:       return std::format("{}%", dimension.value);
C/C++:              ^~~~~
C/C++: C:/Users/MANCHEM HIMESH/.gradle/caches/9.3.1/transforms/236808c8bf210c3c94b027618281850c/workspace/transformed/react-android-0.86.2-debug/prefab/modules/reactnative/include/folly/Format.h:291:1: note: 'folly::format' declared here
C/C++: format(StringPiece fmt, Args&&... args) {
C/C++: ^
C/C++: In file included from C:/Users/MANCHEM HIMESH/OneDrive/Desktop/AttendanceApp/node_modules/react-native-safe-area-context/common/cpp/react/renderer/components/safeareacontext/RNCSafeAreaViewState.cpp:1:
C/C++: In file included from C:/Users/MANCHEM HIMESH/OneDrive/Desktop/AttendanceApp/node_modules/react-native-safe-area-context/common/cpp/react/renderer/components/safeareacontext/RNCSafeAreaViewState.h:3:
C/C++: In file included from C:/Users/MANCHEM HIMESH/OneDrive/Desktop/AttendanceApp/node_modules/react-native-safe-area-context/android/src/main/jni/../../../build/generated/source/codegen/jni/react/renderer/components/safeareacontext/Props.h:12:
C/C++: In file included from C:/Users/MANCHEM HIMESH/.gradle/caches/9.3.1/transforms/236808c8bf210c3c94b027618281850c/workspace/transformed/react-android-0.86.2-debug/prefab/modules/reactnative/include/react/renderer/components/view/ViewProps.h:10:
C/C++: In file included from C:/Users/MANCHEM HIMESH/.gradle/caches/9.3.1/transforms/236808c8bf210c3c94b027618281850c/workspace/transformed/react-android-0.86.2-debug/prefab/modules/reactnative/include/react/renderer/components/view/HostPlatformViewProps.h:11:
C/C++: In file included from C:/Users/MANCHEM HIMESH/.gradle/caches/9.3.1/transforms/236808c8bf210c3c94b027618281850c/workspace/transformed/react-android-0.86.2-debug/prefab/modules/reactnative/include/react/renderer/components/view/NativeDrawable.h:13:
C/C++: C:/Users/MANCHEM HIMESH/.gradle/caches/9.3.1/transforms/236808c8bf210c3c94b027618281850c/workspace/transformed/react-android-0.86.2-debug/prefab/modules/reactnative/include/react/renderer/core/graphicsConversions.h:71:14: error: no viable conversion from returned value of type 'Formatter<false, const float &>' to function return type 'folly::dynamic'
C/C++:       return std::format("{}%", dimension.value);
C/C++:              ^~~~~~~~~~~~~~~~~~~~~~~~~~~~~~~~~~~
C/C++: C:/Users/MANCHEM HIMESH/.gradle/caches/9.3.1/transforms/236808c8bf210c3c94b027618281850c/workspace/transformed/react-android-0.86.2-debug/prefab/modules/reactnative/include/folly/json/dynamic.h:238:18: note: candidate constructor not viable: no known conversion from 'Formatter<false, const float &>' to 'const ObjectMaker &' for 1st argument
C/C++:   /* implicit */ dynamic(ObjectMaker const&) = delete;
C/C++:                  ^
C/C++: C:/Users/MANCHEM HIMESH/.gradle/caches/9.3.1/transforms/236808c8bf210c3c94b027618281850c/workspace/transformed/react-android-0.86.2-debug/prefab/modules/reactnative/include/folly/json/dynamic.h:289:3: note: candidate constructor not viable: no known conversion from 'Formatter<false, const float &>' to 'const dynamic &' for 1st argument
C/C++:   dynamic(dynamic const&);
C/C++:   ^
C/C++: C:/Users/MANCHEM HIMESH/.gradle/caches/9.3.1/transforms/236808c8bf210c3c94b027618281850c/workspace/transformed/react-android-0.86.2-debug/prefab/modules/reactnative/include/folly/json/dynamic.h:290:3: note: candidate constructor not viable: no known conversion from 'Formatter<false, const float &>' to 'dynamic &&' for 1st argument
C/C++:   dynamic(dynamic&&) noexcept;
C/C++:   ^
C/C++: C:/Users/MANCHEM HIMESH/.gradle/caches/9.3.1/transforms/236808c8bf210c3c94b027618281850c/workspace/transformed/react-android-0.86.2-debug/prefab/modules/reactnative/include/folly/json/dynamic-inl.h:321:17: note: candidate constructor not viable: no known conversion from 'Formatter<false, const float &>' to 'std::nullptr_t' for 1st argument
C/C++: inline dynamic::dynamic(std::nullptr_t) : type_(NULLT) {}
C/C++:                 ^
C/C++: C:/Users/MANCHEM HIMESH/.gradle/caches/9.3.1/transforms/236808c8bf210c3c94b027618281850c/workspace/transformed/react-android-0.86.2-debug/prefab/modules/reactnative/include/folly/json/dynamic-inl.h:323:17: note: candidate constructor not viable: no known conversion from 'Formatter<false, const float &>' to 'void (*)(EmptyArrayTag)' for 1st argument
C/C++: inline dynamic::dynamic(void (*)(EmptyArrayTag)) : type_(ARRAY) {
C/C++:                 ^
C/C++: C:/Users/MANCHEM HIMESH/.gradle/caches/9.3.1/transforms/236808c8bf210c3c94b027618281850c/workspace/transformed/react-android-0.86.2-debug/prefab/modules/reactnative/include/folly/json/dynamic-inl.h:327:17: note: candidate constructor not viable: no known conversion from 'Formatter<false, const float &>' to 'ObjectMaker (*)()' for 1st argument
C/C++: inline dynamic::dynamic(ObjectMaker (*)()) : type_(OBJECT) {
C/C++:                 ^
C/C++: C:/Users/MANCHEM HIMESH/.gradle/caches/9.3.1/transforms/236808c8bf210c3c94b027618281850c/workspace/transformed/react-android-0.86.2-debug/prefab/modules/reactnative/include/folly/json/dynamic-inl.h:331:17: note: candidate constructor not viable: no known conversion from 'Formatter<false, const float &>' to 'const char *' for 1st argument
C/C++: inline dynamic::dynamic(char const* s) : type_(STRING) {
C/C++:                 ^
C/C++: C:/Users/MANCHEM HIMESH/.gradle/caches/9.3.1/transforms/236808c8bf210c3c94b027618281850c/workspace/transformed/react-android-0.86.2-debug/prefab/modules/reactnative/include/folly/json/dynamic-inl.h:335:17: note: candidate constructor not viable: no known conversion from 'Formatter<false, const float &>' to 'std::string' (aka 'basic_string<char>') for 1st argument
C/C++: inline dynamic::dynamic(std::string s) : type_(STRING) {
C/C++:                 ^
C/C++: C:/Users/MANCHEM HIMESH/.gradle/caches/9.3.1/transforms/236808c8bf210c3c94b027618281850c/workspace/transformed/react-android-0.86.2-debug/prefab/modules/reactnative/include/folly/json/dynamic-inl.h:344:17: note: candidate constructor not viable: no known conversion from 'Formatter<false, const float &>' to 'ObjectMaker &&' for 1st argument
C/C++: inline dynamic::dynamic(ObjectMaker&& maker) : type_(OBJECT) {
C/C++:                 ^
C/C++: C:/Users/MANCHEM HIMESH/.gradle/caches/9.3.1/transforms/236808c8bf210c3c94b027618281850c/workspace/transformed/react-android-0.86.2-debug/prefab/modules/reactnative/include/folly/json/dynamic-inl.h:376:17: note: candidate constructor not viable: no known conversion from 'Formatter<false, const float &>' to 'std::vector<bool>::reference' (aka '__bit_reference<vector<bool, allocator<bool>>>') for 1st argument
C/C++: inline dynamic::dynamic(std::vector<bool>::reference b)
C/C++:                 ^
C/C++: C:/Users/MANCHEM HIMESH/.gradle/caches/9.3.1/transforms/236808c8bf210c3c94b027618281850c/workspace/transformed/react-android-0.86.2-debug/prefab/modules/reactnative/include/folly/json/dynamic-inl.h:378:17: note: candidate constructor not viable: no known conversion from 'Formatter<false, const float &>' to 'VectorBoolConstRefCtorType' (aka 'std::__bit_const_reference<std::vector<bool>>') for 1st argument
C/C++: inline dynamic::dynamic(VectorBoolConstRefCtorType b)
C/C++:                 ^
C/C++: C:/Users/MANCHEM HIMESH/.gradle/caches/9.3.1/transforms/236808c8bf210c3c94b027618281850c/workspace/transformed/react-android-0.86.2-debug/prefab/modules/reactnative/include/folly/json/dynamic-inl.h:340:17: note: candidate template ignored: requirement 'is_detected_v<folly::dynamic_detail::detect_construct_string, folly::Formatter<false, const float &>>' was not satisfied [with Stringish = Formatter<false, const float &>]
C/C++: inline dynamic::dynamic(Stringish&& s) : type_(STRING) {
C/C++:                 ^
C/C++: C:/Users/MANCHEM HIMESH/.gradle/caches/9.3.1/transforms/236808c8bf210c3c94b027618281850c/workspace/transformed/react-android-0.86.2-debug/prefab/modules/reactnative/include/folly/json/dynamic-inl.h:384:10: note: candidate template ignored: substitution failure [with T = Formatter<false, const float &>]: implicit instantiation of undefined template 'folly::dynamic::NumericTypeHelper<folly::Formatter<false, const float &>>'
C/C++: dynamic::dynamic(T t) {
C/C++:          ^
C/C++: C:/Users/MANCHEM HIMESH/.gradle/caches/9.3.1/transforms/236808c8bf210c3c94b027618281850c/workspace/transformed/react-android-0.86.2-debug/prefab/modules/reactnative/include/folly/json/dynamic.h:1115:12: note: explicit constructor is not a candidate
C/C++:   explicit dynamic(Array&& r);
C/C++:            ^
C/C++: 2 errors generated.
C/C++: In file included from C:/Users/MANCHEM HIMESH/OneDrive/Desktop/AttendanceApp/node_modules/react-native-quick-crypto/android/build/generated/source/codegen/jni/react/renderer/components/QuickCrypto/ShadowNodes.cpp:11:
C/C++: In file included from C:/Users/MANCHEM HIMESH/OneDrive/Desktop/AttendanceApp/node_modules/react-native-quick-crypto/android/build/generated/source/codegen/jni/./react/renderer/components/QuickCrypto/ShadowNodes.h:16:
C/C++: In file included from C:/Users/MANCHEM HIMESH/.gradle/caches/9.3.1/transforms/236808c8bf210c3c94b027618281850c/workspace/transformed/react-android-0.86.2-debug/prefab/modules/reactnative/include/react/renderer/components/view/ConcreteViewShadowNode.h:10:
C/C++: In file included from C:/Users/MANCHEM HIMESH/.gradle/caches/9.3.1/transforms/236808c8bf210c3c94b027618281850c/workspace/transformed/react-android-0.86.2-debug/prefab/modules/reactnative/include/react/renderer/components/view/HostPlatformViewTraitsInitializer.h:10:
C/C++: In file included from C:/Users/MANCHEM HIMESH/.gradle/caches/9.3.1/transforms/236808c8bf210c3c94b027618281850c/workspace/transformed/react-android-0.86.2-debug/prefab/modules/reactnative/include/react/renderer/components/view/ViewProps.h:10:
C/C++: In file included from C:/Users/MANCHEM HIMESH/.gradle/caches/9.3.1/transforms/236808c8bf210c3c94b027618281850c/workspace/transformed/react-android-0.86.2-debug/prefab/modules/reactnative/include/react/renderer/components/view/HostPlatformViewProps.h:11:
C/C++: In file included from C:/Users/MANCHEM HIMESH/.gradle/caches/9.3.1/transforms/236808c8bf210c3c94b027618281850c/workspace/transformed/react-android-0.86.2-debug/prefab/modules/reactnative/include/react/renderer/components/view/NativeDrawable.h:13:
C/C++: C:/Users/MANCHEM HIMESH/.gradle/caches/9.3.1/transforms/236808c8bf210c3c94b027618281850c/workspace/transformed/react-android-0.86.2-debug/prefab/modules/reactnative/include/react/renderer/core/graphicsConversions.h:71:14: error: no member named 'format' in namespace 'std'; did you mean 'folly::format'?
C/C++:       return std::format("{}%", dimension.value);
C/C++:              ^~~~~
C/C++: C:/Users/MANCHEM HIMESH/.gradle/caches/9.3.1/transforms/236808c8bf210c3c94b027618281850c/workspace/transformed/react-android-0.86.2-debug/prefab/modules/reactnative/include/folly/Format.h:291:1: note: 'folly::format' declared here
C/C++: format(StringPiece fmt, Args&&... args) {
C/C++: ^
C/C++: In file included from C:/Users/MANCHEM HIMESH/OneDrive/Desktop/AttendanceApp/node_modules/react-native-quick-crypto/android/build/generated/source/codegen/jni/react/renderer/components/QuickCrypto/ShadowNodes.cpp:11:
C/C++: In file included from C:/Users/MANCHEM HIMESH/OneDrive/Desktop/AttendanceApp/node_modules/react-native-quick-crypto/android/build/generated/source/codegen/jni/./react/renderer/components/QuickCrypto/ShadowNodes.h:16:
C/C++: In file included from C:/Users/MANCHEM HIMESH/.gradle/caches/9.3.1/transforms/236808c8bf210c3c94b027618281850c/workspace/transformed/react-android-0.86.2-debug/prefab/modules/reactnative/include/react/renderer/components/view/ConcreteViewShadowNode.h:10:
C/C++: In file included from C:/Users/MANCHEM HIMESH/.gradle/caches/9.3.1/transforms/236808c8bf210c3c94b027618281850c/workspace/transformed/react-android-0.86.2-debug/prefab/modules/reactnative/include/react/renderer/components/view/HostPlatformViewTraitsInitializer.h:10:
C/C++: In file included from C:/Users/MANCHEM HIMESH/.gradle/caches/9.3.1/transforms/236808c8bf210c3c94b027618281850c/workspace/transformed/react-android-0.86.2-debug/prefab/modules/reactnative/include/react/renderer/components/view/ViewProps.h:10:
C/C++: In file included from C:/Users/MANCHEM HIMESH/.gradle/caches/9.3.1/transforms/236808c8bf210c3c94b027618281850c/workspace/transformed/react-android-0.86.2-debug/prefab/modules/reactnative/include/react/renderer/components/view/HostPlatformViewProps.h:11:
C/C++: In file included from C:/Users/MANCHEM HIMESH/.gradle/caches/9.3.1/transforms/236808c8bf210c3c94b027618281850c/workspace/transformed/react-android-0.86.2-debug/prefab/modules/reactnative/include/react/renderer/components/view/NativeDrawable.h:13:
C/C++: C:/Users/MANCHEM HIMESH/.gradle/caches/9.3.1/transforms/236808c8bf210c3c94b027618281850c/workspace/transformed/react-android-0.86.2-debug/prefab/modules/reactnative/include/react/renderer/core/graphicsConversions.h:71:14: error: no viable conversion from returned value of type 'Formatter<false, const float &>' to function return type 'folly::dynamic'
C/C++:       return std::format("{}%", dimension.value);
C/C++:              ^~~~~~~~~~~~~~~~~~~~~~~~~~~~~~~~~~~
C/C++: C:/Users/MANCHEM HIMESH/.gradle/caches/9.3.1/transforms/236808c8bf210c3c94b027618281850c/workspace/transformed/react-android-0.86.2-debug/prefab/modules/reactnative/include/folly/json/dynamic.h:238:18: note: candidate constructor not viable: no known conversion from 'Formatter<false, const float &>' to 'const ObjectMaker &' for 1st argument
C/C++:   /* implicit */ dynamic(ObjectMaker const&) = delete;
C/C++:                  ^
C/C++: C:/Users/MANCHEM HIMESH/.gradle/caches/9.3.1/transforms/236808c8bf210c3c94b027618281850c/workspace/transformed/react-android-0.86.2-debug/prefab/modules/reactnative/include/folly/json/dynamic.h:289:3: note: candidate constructor not viable: no known conversion from 'Formatter<false, const float &>' to 'const dynamic &' for 1st argument
C/C++:   dynamic(dynamic const&);
C/C++:   ^
C/C++: C:/Users/MANCHEM HIMESH/.gradle/caches/9.3.1/transforms/236808c8bf210c3c94b027618281850c/workspace/transformed/react-android-0.86.2-debug/prefab/modules/reactnative/include/folly/json/dynamic.h:290:3: note: candidate constructor not viable: no known conversion from 'Formatter<false, const float &>' to 'dynamic &&' for 1st argument
C/C++:   dynamic(dynamic&&) noexcept;
C/C++:   ^
C/C++: C:/Users/MANCHEM HIMESH/.gradle/caches/9.3.1/transforms/236808c8bf210c3c94b027618281850c/workspace/transformed/react-android-0.86.2-debug/prefab/modules/reactnative/include/folly/json/dynamic-inl.h:321:17: note: candidate constructor not viable: no known conversion from 'Formatter<false, const float &>' to 'std::nullptr_t' for 1st argument
C/C++: inline dynamic::dynamic(std::nullptr_t) : type_(NULLT) {}
C/C++:                 ^
C/C++: C:/Users/MANCHEM HIMESH/.gradle/caches/9.3.1/transforms/236808c8bf210c3c94b027618281850c/workspace/transformed/react-android-0.86.2-debug/prefab/modules/reactnative/include/folly/json/dynamic-inl.h:323:17: note: candidate constructor not viable: no known conversion from 'Formatter<false, const float &>' to 'void (*)(EmptyArrayTag)' for 1st argument
C/C++: inline dynamic::dynamic(void (*)(EmptyArrayTag)) : type_(ARRAY) {
C/C++:                 ^
C/C++: C:/Users/MANCHEM HIMESH/.gradle/caches/9.3.1/transforms/236808c8bf210c3c94b027618281850c/workspace/transformed/react-android-0.86.2-debug/prefab/modules/reactnative/include/folly/json/dynamic-inl.h:327:17: note: candidate constructor not viable: no known conversion from 'Formatter<false, const float &>' to 'ObjectMaker (*)()' for 1st argument
C/C++: inline dynamic::dynamic(ObjectMaker (*)()) : type_(OBJECT) {
C/C++:                 ^
C/C++: C:/Users/MANCHEM HIMESH/.gradle/caches/9.3.1/transforms/236808c8bf210c3c94b027618281850c/workspace/transformed/react-android-0.86.2-debug/prefab/modules/reactnative/include/folly/json/dynamic-inl.h:331:17: note: candidate constructor not viable: no known conversion from 'Formatter<false, const float &>' to 'const char *' for 1st argument
C/C++: inline dynamic::dynamic(char const* s) : type_(STRING) {
C/C++:                 ^
C/C++: C:/Users/MANCHEM HIMESH/.gradle/caches/9.3.1/transforms/236808c8bf210c3c94b027618281850c/workspace/transformed/react-android-0.86.2-debug/prefab/modules/reactnative/include/folly/json/dynamic-inl.h:335:17: note: candidate constructor not viable: no known conversion from 'Formatter<false, const float &>' to 'std::string' (aka 'basic_string<char>') for 1st argument
C/C++: inline dynamic::dynamic(std::string s) : type_(STRING) {
C/C++:                 ^
C/C++: C:/Users/MANCHEM HIMESH/.gradle/caches/9.3.1/transforms/236808c8bf210c3c94b027618281850c/workspace/transformed/react-android-0.86.2-debug/prefab/modules/reactnative/include/folly/json/dynamic-inl.h:344:17: note: candidate constructor not viable: no known conversion from 'Formatter<false, const float &>' to 'ObjectMaker &&' for 1st argument
C/C++: inline dynamic::dynamic(ObjectMaker&& maker) : type_(OBJECT) {
C/C++:                 ^
C/C++: C:/Users/MANCHEM HIMESH/.gradle/caches/9.3.1/transforms/236808c8bf210c3c94b027618281850c/workspace/transformed/react-android-0.86.2-debug/prefab/modules/reactnative/include/folly/json/dynamic-inl.h:376:17: note: candidate constructor not viable: no known conversion from 'Formatter<false, const float &>' to 'std::vector<bool>::reference' (aka '__bit_reference<vector<bool, allocator<bool>>>') for 1st argument
C/C++: inline dynamic::dynamic(std::vector<bool>::reference b)
C/C++:                 ^
C/C++: C:/Users/MANCHEM HIMESH/.gradle/caches/9.3.1/transforms/236808c8bf210c3c94b027618281850c/workspace/transformed/react-android-0.86.2-debug/prefab/modules/reactnative/include/folly/json/dynamic-inl.h:378:17: note: candidate constructor not viable: no known conversion from 'Formatter<false, const float &>' to 'VectorBoolConstRefCtorType' (aka 'std::__bit_const_reference<std::vector<bool>>') for 1st argument
C/C++: inline dynamic::dynamic(VectorBoolConstRefCtorType b)
C/C++:                 ^
C/C++: C:/Users/MANCHEM HIMESH/.gradle/caches/9.3.1/transforms/236808c8bf210c3c94b027618281850c/workspace/transformed/react-android-0.86.2-debug/prefab/modules/reactnative/include/folly/json/dynamic-inl.h:340:17: note: candidate template ignored: requirement 'is_detected_v<folly::dynamic_detail::detect_construct_string, folly::Formatter<false, const float &>>' was not satisfied [with Stringish = Formatter<false, const float &>]
C/C++: inline dynamic::dynamic(Stringish&& s) : type_(STRING) {
C/C++:                 ^
C/C++: C:/Users/MANCHEM HIMESH/.gradle/caches/9.3.1/transforms/236808c8bf210c3c94b027618281850c/workspace/transformed/react-android-0.86.2-debug/prefab/modules/reactnative/include/folly/json/dynamic-inl.h:384:10: note: candidate template ignored: substitution failure [with T = Formatter<false, const float &>]: implicit instantiation of undefined template 'folly::dynamic::NumericTypeHelper<folly::Formatter<false, const float &>>'
C/C++: dynamic::dynamic(T t) {
C/C++:          ^
C/C++: C:/Users/MANCHEM HIMESH/.gradle/caches/9.3.1/transforms/236808c8bf210c3c94b027618281850c/workspace/transformed/react-android-0.86.2-debug/prefab/modules/reactnative/include/folly/json/dynamic.h:1115:12: note: explicit constructor is not a candidate
C/C++:   explicit dynamic(Array&& r);
C/C++:            ^
C/C++: 2 errors generated.
C/C++: In file included from C:/Users/MANCHEM HIMESH/OneDrive/Desktop/AttendanceApp/node_modules/react-native-safe-area-context/android/build/generated/source/codegen/jni/react/renderer/components/safeareacontext/ShadowNodes.cpp:11:
C/C++: In file included from C:/Users/MANCHEM HIMESH/OneDrive/Desktop/AttendanceApp/node_modules/react-native-safe-area-context/android/src/main/jni/../../../build/generated/source/codegen/jni/react/renderer/components/safeareacontext/ShadowNodes.h:14:
C/C++: In file included from C:/Users/MANCHEM HIMESH/OneDrive/Desktop/AttendanceApp/node_modules/react-native-safe-area-context/android/src/main/jni/../../../build/generated/source/codegen/jni/react/renderer/components/safeareacontext/Props.h:12:
C/C++: In file included from C:/Users/MANCHEM HIMESH/.gradle/caches/9.3.1/transforms/236808c8bf210c3c94b027618281850c/workspace/transformed/react-android-0.86.2-debug/prefab/modules/reactnative/include/react/renderer/components/view/ViewProps.h:10:
C/C++: In file included from C:/Users/MANCHEM HIMESH/.gradle/caches/9.3.1/transforms/236808c8bf210c3c94b027618281850c/workspace/transformed/react-android-0.86.2-debug/prefab/modules/reactnative/include/react/renderer/components/view/HostPlatformViewProps.h:11:
C/C++: In file included from C:/Users/MANCHEM HIMESH/.gradle/caches/9.3.1/transforms/236808c8bf210c3c94b027618281850c/workspace/transformed/react-android-0.86.2-debug/prefab/modules/reactnative/include/react/renderer/components/view/NativeDrawable.h:13:
C/C++: C:/Users/MANCHEM HIMESH/.gradle/caches/9.3.1/transforms/236808c8bf210c3c94b027618281850c/workspace/transformed/react-android-0.86.2-debug/prefab/modules/reactnative/include/react/renderer/core/graphicsConversions.h:71:14: error: no member named 'format' in namespace 'std'; did you mean 'folly::format'?
C/C++:       return std::format("{}%", dimension.value);
C/C++:              ^~~~~
C/C++: C:/Users/MANCHEM HIMESH/.gradle/caches/9.3.1/transforms/236808c8bf210c3c94b027618281850c/workspace/transformed/react-android-0.86.2-debug/prefab/modules/reactnative/include/folly/Format.h:291:1: note: 'folly::format' declared here
C/C++: format(StringPiece fmt, Args&&... args) {
C/C++: ^
C/C++: In file included from C:/Users/MANCHEM HIMESH/OneDrive/Desktop/AttendanceApp/node_modules/react-native-safe-area-context/android/build/generated/source/codegen/jni/react/renderer/components/safeareacontext/ShadowNodes.cpp:11:
C/C++: In file included from C:/Users/MANCHEM HIMESH/OneDrive/Desktop/AttendanceApp/node_modules/react-native-safe-area-context/android/src/main/jni/../../../build/generated/source/codegen/jni/react/renderer/components/safeareacontext/ShadowNodes.h:14:
C/C++: In file included from C:/Users/MANCHEM HIMESH/OneDrive/Desktop/AttendanceApp/node_modules/react-native-safe-area-context/android/src/main/jni/../../../build/generated/source/codegen/jni/react/renderer/components/safeareacontext/Props.h:12:
C/C++: In file included from C:/Users/MANCHEM HIMESH/.gradle/caches/9.3.1/transforms/236808c8bf210c3c94b027618281850c/workspace/transformed/react-android-0.86.2-debug/prefab/modules/reactnative/include/react/renderer/components/view/ViewProps.h:10:
C/C++: In file included from C:/Users/MANCHEM HIMESH/.gradle/caches/9.3.1/transforms/236808c8bf210c3c94b027618281850c/workspace/transformed/react-android-0.86.2-debug/prefab/modules/reactnative/include/react/renderer/components/view/HostPlatformViewProps.h:11:
C/C++: In file included from C:/Users/MANCHEM HIMESH/.gradle/caches/9.3.1/transforms/236808c8bf210c3c94b027618281850c/workspace/transformed/react-android-0.86.2-debug/prefab/modules/reactnative/include/react/renderer/components/view/NativeDrawable.h:13:
C/C++: C:/Users/MANCHEM HIMESH/.gradle/caches/9.3.1/transforms/236808c8bf210c3c94b027618281850c/workspace/transformed/react-android-0.86.2-debug/prefab/modules/reactnative/include/react/renderer/core/graphicsConversions.h:71:14: error: no viable conversion from returned value of type 'Formatter<false, const float &>' to function return type 'folly::dynamic'
C/C++:       return std::format("{}%", dimension.value);
C/C++:              ^~~~~~~~~~~~~~~~~~~~~~~~~~~~~~~~~~~
C/C++: C:/Users/MANCHEM HIMESH/.gradle/caches/9.3.1/transforms/236808c8bf210c3c94b027618281850c/workspace/transformed/react-android-0.86.2-debug/prefab/modules/reactnative/include/folly/json/dynamic.h:238:18: note: candidate constructor not viable: no known conversion from 'Formatter<false, const float &>' to 'const ObjectMaker &' for 1st argument
C/C++:   /* implicit */ dynamic(ObjectMaker const&) = delete;
C/C++:                  ^
C/C++: C:/Users/MANCHEM HIMESH/.gradle/caches/9.3.1/transforms/236808c8bf210c3c94b027618281850c/workspace/transformed/react-android-0.86.2-debug/prefab/modules/reactnative/include/folly/json/dynamic.h:289:3: note: candidate constructor not viable: no known conversion from 'Formatter<false, const float &>' to 'const dynamic &' for 1st argument
C/C++:   dynamic(dynamic const&);
C/C++:   ^
C/C++: C:/Users/MANCHEM HIMESH/.gradle/caches/9.3.1/transforms/236808c8bf210c3c94b027618281850c/workspace/transformed/react-android-0.86.2-debug/prefab/modules/reactnative/include/folly/json/dynamic.h:290:3: note: candidate constructor not viable: no known conversion from 'Formatter<false, const float &>' to 'dynamic &&' for 1st argument
C/C++:   dynamic(dynamic&&) noexcept;
C/C++:   ^
C/C++: C:/Users/MANCHEM HIMESH/.gradle/caches/9.3.1/transforms/236808c8bf210c3c94b027618281850c/workspace/transformed/react-android-0.86.2-debug/prefab/modules/reactnative/include/folly/json/dynamic-inl.h:321:17: note: candidate constructor not viable: no known conversion from 'Formatter<false, const float &>' to 'std::nullptr_t' for 1st argument
C/C++: inline dynamic::dynamic(std::nullptr_t) : type_(NULLT) {}
C/C++:                 ^
C/C++: C:/Users/MANCHEM HIMESH/.gradle/caches/9.3.1/transforms/236808c8bf210c3c94b027618281850c/workspace/transformed/react-android-0.86.2-debug/prefab/modules/reactnative/include/folly/json/dynamic-inl.h:323:17: note: candidate constructor not viable: no known conversion from 'Formatter<false, const float &>' to 'void (*)(EmptyArrayTag)' for 1st argument
C/C++: inline dynamic::dynamic(void (*)(EmptyArrayTag)) : type_(ARRAY) {
C/C++:                 ^
C/C++: C:/Users/MANCHEM HIMESH/.gradle/caches/9.3.1/transforms/236808c8bf210c3c94b027618281850c/workspace/transformed/react-android-0.86.2-debug/prefab/modules/reactnative/include/folly/json/dynamic-inl.h:327:17: note: candidate constructor not viable: no known conversion from 'Formatter<false, const float &>' to 'ObjectMaker (*)()' for 1st argument
C/C++: inline dynamic::dynamic(ObjectMaker (*)()) : type_(OBJECT) {
C/C++:                 ^
C/C++: C:/Users/MANCHEM HIMESH/.gradle/caches/9.3.1/transforms/236808c8bf210c3c94b027618281850c/workspace/transformed/react-android-0.86.2-debug/prefab/modules/reactnative/include/folly/json/dynamic-inl.h:331:17: note: candidate constructor not viable: no known conversion from 'Formatter<false, const float &>' to 'const char *' for 1st argument
C/C++: inline dynamic::dynamic(char const* s) : type_(STRING) {
C/C++:                 ^
C/C++: C:/Users/MANCHEM HIMESH/.gradle/caches/9.3.1/transforms/236808c8bf210c3c94b027618281850c/workspace/transformed/react-android-0.86.2-debug/prefab/modules/reactnative/include/folly/json/dynamic-inl.h:335:17: note: candidate constructor not viable: no known conversion from 'Formatter<false, const float &>' to 'std::string' (aka 'basic_string<char>') for 1st argument
C/C++: inline dynamic::dynamic(std::string s) : type_(STRING) {
C/C++:                 ^
C/C++: C:/Users/MANCHEM HIMESH/.gradle/caches/9.3.1/transforms/236808c8bf210c3c94b027618281850c/workspace/transformed/react-android-0.86.2-debug/prefab/modules/reactnative/include/folly/json/dynamic-inl.h:344:17: note: candidate constructor not viable: no known conversion from 'Formatter<false, const float &>' to 'ObjectMaker &&' for 1st argument
C/C++: inline dynamic::dynamic(ObjectMaker&& maker) : type_(OBJECT) {
C/C++:                 ^
C/C++: C:/Users/MANCHEM HIMESH/.gradle/caches/9.3.1/transforms/236808c8bf210c3c94b027618281850c/workspace/transformed/react-android-0.86.2-debug/prefab/modules/reactnative/include/folly/json/dynamic-inl.h:376:17: note: candidate constructor not viable: no known conversion from 'Formatter<false, const float &>' to 'std::vector<bool>::reference' (aka '__bit_reference<vector<bool, allocator<bool>>>') for 1st argument
C/C++: inline dynamic::dynamic(std::vector<bool>::reference b)
C/C++:                 ^
C/C++: C:/Users/MANCHEM HIMESH/.gradle/caches/9.3.1/transforms/236808c8bf210c3c94b027618281850c/workspace/transformed/react-android-0.86.2-debug/prefab/modules/reactnative/include/folly/json/dynamic-inl.h:378:17: note: candidate constructor not viable: no known conversion from 'Formatter<false, const float &>' to 'VectorBoolConstRefCtorType' (aka 'std::__bit_const_reference<std::vector<bool>>') for 1st argument
C/C++: inline dynamic::dynamic(VectorBoolConstRefCtorType b)
C/C++:                 ^
C/C++: C:/Users/MANCHEM HIMESH/.gradle/caches/9.3.1/transforms/236808c8bf210c3c94b027618281850c/workspace/transformed/react-android-0.86.2-debug/prefab/modules/reactnative/include/folly/json/dynamic-inl.h:340:17: note: candidate template ignored: requirement 'is_detected_v<folly::dynamic_detail::detect_construct_string, folly::Formatter<false, const float &>>' was not satisfied [with Stringish = Formatter<false, const float &>]
C/C++: inline dynamic::dynamic(Stringish&& s) : type_(STRING) {
C/C++:                 ^
C/C++: C:/Users/MANCHEM HIMESH/.gradle/caches/9.3.1/transforms/236808c8bf210c3c94b027618281850c/workspace/transformed/react-android-0.86.2-debug/prefab/modules/reactnative/include/folly/json/dynamic-inl.h:384:10: note: candidate template ignored: substitution failure [with T = Formatter<false, const float &>]: implicit instantiation of undefined template 'folly::dynamic::NumericTypeHelper<folly::Formatter<false, const float &>>'
C/C++: dynamic::dynamic(T t) {
C/C++:          ^
C/C++: C:/Users/MANCHEM HIMESH/.gradle/caches/9.3.1/transforms/236808c8bf210c3c94b027618281850c/workspace/transformed/react-android-0.86.2-debug/prefab/modules/reactnative/include/folly/json/dynamic.h:1115:12: note: explicit constructor is not a candidate
C/C++:   explicit dynamic(Array&& r);
C/C++:            ^
C/C++: 2 errors generated.
C/C++: In file included from C:/Users/MANCHEM HIMESH/OneDrive/Desktop/AttendanceApp/node_modules/react-native-safe-area-context/android/build/generated/source/codegen/jni/react/renderer/components/safeareacontext/ComponentDescriptors.cpp:11:
C/C++: In file included from C:/Users/MANCHEM HIMESH/OneDrive/Desktop/AttendanceApp/node_modules/react-native-safe-area-context/android/src/main/jni/../../../build/generated/source/codegen/jni/react/renderer/components/safeareacontext/ComponentDescriptors.h:13:
C/C++: In file included from C:/Users/MANCHEM HIMESH/OneDrive/Desktop/AttendanceApp/node_modules/react-native-safe-area-context/android/src/main/jni/../../../build/generated/source/codegen/jni/react/renderer/components/safeareacontext/ShadowNodes.h:14:
C/C++: In file included from C:/Users/MANCHEM HIMESH/OneDrive/Desktop/AttendanceApp/node_modules/react-native-safe-area-context/android/src/main/jni/../../../build/generated/source/codegen/jni/react/renderer/components/safeareacontext/Props.h:12:
C/C++: In file included from C:/Users/MANCHEM HIMESH/.gradle/caches/9.3.1/transforms/236808c8bf210c3c94b027618281850c/workspace/transformed/react-android-0.86.2-debug/prefab/modules/reactnative/include/react/renderer/components/view/ViewProps.h:10:
C/C++: In file included from C:/Users/MANCHEM HIMESH/.gradle/caches/9.3.1/transforms/236808c8bf210c3c94b027618281850c/workspace/transformed/react-android-0.86.2-debug/prefab/modules/reactnative/include/react/renderer/components/view/HostPlatformViewProps.h:11:
C/C++: In file included from C:/Users/MANCHEM HIMESH/.gradle/caches/9.3.1/transforms/236808c8bf210c3c94b027618281850c/workspace/transformed/react-android-0.86.2-debug/prefab/modules/reactnative/include/react/renderer/components/view/NativeDrawable.h:13:
C/C++: C:/Users/MANCHEM HIMESH/.gradle/caches/9.3.1/transforms/236808c8bf210c3c94b027618281850c/workspace/transformed/react-android-0.86.2-debug/prefab/modules/reactnative/include/react/renderer/core/graphicsConversions.h:71:14: error: no member named 'format' in namespace 'std'; did you mean 'folly::format'?
C/C++:       return std::format("{}%", dimension.value);
C/C++:              ^~~~~
C/C++: C:/Users/MANCHEM HIMESH/.gradle/caches/9.3.1/transforms/236808c8bf210c3c94b027618281850c/workspace/transformed/react-android-0.86.2-debug/prefab/modules/reactnative/include/folly/Format.h:291:1: note: 'folly::format' declared here
C/C++: format(StringPiece fmt, Args&&... args) {
C/C++: ^
C/C++: In file included from C:/Users/MANCHEM HIMESH/OneDrive/Desktop/AttendanceApp/node_modules/react-native-safe-area-context/android/build/generated/source/codegen/jni/react/renderer/components/safeareacontext/ComponentDescriptors.cpp:11:
C/C++: In file included from C:/Users/MANCHEM HIMESH/OneDrive/Desktop/AttendanceApp/node_modules/react-native-safe-area-context/android/src/main/jni/../../../build/generated/source/codegen/jni/react/renderer/components/safeareacontext/ComponentDescriptors.h:13:
C/C++: In file included from C:/Users/MANCHEM HIMESH/OneDrive/Desktop/AttendanceApp/node_modules/react-native-safe-area-context/android/src/main/jni/../../../build/generated/source/codegen/jni/react/renderer/components/safeareacontext/ShadowNodes.h:14:
C/C++: In file included from C:/Users/MANCHEM HIMESH/OneDrive/Desktop/AttendanceApp/node_modules/react-native-safe-area-context/android/src/main/jni/../../../build/generated/source/codegen/jni/react/renderer/components/safeareacontext/Props.h:12:
C/C++: In file included from C:/Users/MANCHEM HIMESH/.gradle/caches/9.3.1/transforms/236808c8bf210c3c94b027618281850c/workspace/transformed/react-android-0.86.2-debug/prefab/modules/reactnative/include/react/renderer/components/view/ViewProps.h:10:
C/C++: In file included from C:/Users/MANCHEM HIMESH/.gradle/caches/9.3.1/transforms/236808c8bf210c3c94b027618281850c/workspace/transformed/react-android-0.86.2-debug/prefab/modules/reactnative/include/react/renderer/components/view/HostPlatformViewProps.h:11:
C/C++: In file included from C:/Users/MANCHEM HIMESH/.gradle/caches/9.3.1/transforms/236808c8bf210c3c94b027618281850c/workspace/transformed/react-android-0.86.2-debug/prefab/modules/reactnative/include/react/renderer/components/view/NativeDrawable.h:13:
C/C++: C:/Users/MANCHEM HIMESH/.gradle/caches/9.3.1/transforms/236808c8bf210c3c94b027618281850c/workspace/transformed/react-android-0.86.2-debug/prefab/modules/reactnative/include/react/renderer/core/graphicsConversions.h:71:14: error: no viable conversion from returned value of type 'Formatter<false, const float &>' to function return type 'folly::dynamic'
C/C++:       return std::format("{}%", dimension.value);
C/C++:              ^~~~~~~~~~~~~~~~~~~~~~~~~~~~~~~~~~~
C/C++: C:/Users/MANCHEM HIMESH/.gradle/caches/9.3.1/transforms/236808c8bf210c3c94b027618281850c/workspace/transformed/react-android-0.86.2-debug/prefab/modules/reactnative/include/folly/json/dynamic.h:238:18: note: candidate constructor not viable: no known conversion from 'Formatter<false, const float &>' to 'const ObjectMaker &' for 1st argument
C/C++:   /* implicit */ dynamic(ObjectMaker const&) = delete;
C/C++:                  ^
C/C++: C:/Users/MANCHEM HIMESH/.gradle/caches/9.3.1/transforms/236808c8bf210c3c94b027618281850c/workspace/transformed/react-android-0.86.2-debug/prefab/modules/reactnative/include/folly/json/dynamic.h:289:3: note: candidate constructor not viable: no known conversion from 'Formatter<false, const float &>' to 'const dynamic &' for 1st argument
C/C++:   dynamic(dynamic const&);
C/C++:   ^
C/C++: C:/Users/MANCHEM HIMESH/.gradle/caches/9.3.1/transforms/236808c8bf210c3c94b027618281850c/workspace/transformed/react-android-0.86.2-debug/prefab/modules/reactnative/include/folly/json/dynamic.h:290:3: note: candidate constructor not viable: no known conversion from 'Formatter<false, const float &>' to 'dynamic &&' for 1st argument
C/C++:   dynamic(dynamic&&) noexcept;
C/C++:   ^
C/C++: C:/Users/MANCHEM HIMESH/.gradle/caches/9.3.1/transforms/236808c8bf210c3c94b027618281850c/workspace/transformed/react-android-0.86.2-debug/prefab/modules/reactnative/include/folly/json/dynamic-inl.h:321:17: note: candidate constructor not viable: no known conversion from 'Formatter<false, const float &>' to 'std::nullptr_t' for 1st argument
C/C++: inline dynamic::dynamic(std::nullptr_t) : type_(NULLT) {}
C/C++:                 ^
C/C++: C:/Users/MANCHEM HIMESH/.gradle/caches/9.3.1/transforms/236808c8bf210c3c94b027618281850c/workspace/transformed/react-android-0.86.2-debug/prefab/modules/reactnative/include/folly/json/dynamic-inl.h:323:17: note: candidate constructor not viable: no known conversion from 'Formatter<false, const float &>' to 'void (*)(EmptyArrayTag)' for 1st argument
C/C++: inline dynamic::dynamic(void (*)(EmptyArrayTag)) : type_(ARRAY) {
C/C++:                 ^
C/C++: C:/Users/MANCHEM HIMESH/.gradle/caches/9.3.1/transforms/236808c8bf210c3c94b027618281850c/workspace/transformed/react-android-0.86.2-debug/prefab/modules/reactnative/include/folly/json/dynamic-inl.h:327:17: note: candidate constructor not viable: no known conversion from 'Formatter<false, const float &>' to 'ObjectMaker (*)()' for 1st argument
C/C++: inline dynamic::dynamic(ObjectMaker (*)()) : type_(OBJECT) {
C/C++:                 ^
C/C++: C:/Users/MANCHEM HIMESH/.gradle/caches/9.3.1/transforms/236808c8bf210c3c94b027618281850c/workspace/transformed/react-android-0.86.2-debug/prefab/modules/reactnative/include/folly/json/dynamic-inl.h:331:17: note: candidate constructor not viable: no known conversion from 'Formatter<false, const float &>' to 'const char *' for 1st argument
C/C++: inline dynamic::dynamic(char const* s) : type_(STRING) {
C/C++:                 ^
C/C++: C:/Users/MANCHEM HIMESH/.gradle/caches/9.3.1/transforms/236808c8bf210c3c94b027618281850c/workspace/transformed/react-android-0.86.2-debug/prefab/modules/reactnative/include/folly/json/dynamic-inl.h:335:17: note: candidate constructor not viable: no known conversion from 'Formatter<false, const float &>' to 'std::string' (aka 'basic_string<char>') for 1st argument
C/C++: inline dynamic::dynamic(std::string s) : type_(STRING) {
C/C++:                 ^
C/C++: C:/Users/MANCHEM HIMESH/.gradle/caches/9.3.1/transforms/236808c8bf210c3c94b027618281850c/workspace/transformed/react-android-0.86.2-debug/prefab/modules/reactnative/include/folly/json/dynamic-inl.h:344:17: note: candidate constructor not viable: no known conversion from 'Formatter<false, const float &>' to 'ObjectMaker &&' for 1st argument
C/C++: inline dynamic::dynamic(ObjectMaker&& maker) : type_(OBJECT) {
C/C++:                 ^
C/C++: C:/Users/MANCHEM HIMESH/.gradle/caches/9.3.1/transforms/236808c8bf210c3c94b027618281850c/workspace/transformed/react-android-0.86.2-debug/prefab/modules/reactnative/include/folly/json/dynamic-inl.h:376:17: note: candidate constructor not viable: no known conversion from 'Formatter<false, const float &>' to 'std::vector<bool>::reference' (aka '__bit_reference<vector<bool, allocator<bool>>>') for 1st argument
C/C++: inline dynamic::dynamic(std::vector<bool>::reference b)
C/C++:                 ^
C/C++: C:/Users/MANCHEM HIMESH/.gradle/caches/9.3.1/transforms/236808c8bf210c3c94b027618281850c/workspace/transformed/react-android-0.86.2-debug/prefab/modules/reactnative/include/folly/json/dynamic-inl.h:378:17: note: candidate constructor not viable: no known conversion from 'Formatter<false, const float &>' to 'VectorBoolConstRefCtorType' (aka 'std::__bit_const_reference<std::vector<bool>>') for 1st argument
C/C++: inline dynamic::dynamic(VectorBoolConstRefCtorType b)
C/C++:                 ^
C/C++: C:/Users/MANCHEM HIMESH/.gradle/caches/9.3.1/transforms/236808c8bf210c3c94b027618281850c/workspace/transformed/react-android-0.86.2-debug/prefab/modules/reactnative/include/folly/json/dynamic-inl.h:340:17: note: candidate template ignored: requirement 'is_detected_v<folly::dynamic_detail::detect_construct_string, folly::Formatter<false, const float &>>' was not satisfied [with Stringish = Formatter<false, const float &>]
C/C++: inline dynamic::dynamic(Stringish&& s) : type_(STRING) {
C/C++:                 ^
C/C++: C:/Users/MANCHEM HIMESH/.gradle/caches/9.3.1/transforms/236808c8bf210c3c94b027618281850c/workspace/transformed/react-android-0.86.2-debug/prefab/modules/reactnative/include/folly/json/dynamic-inl.h:384:10: note: candidate template ignored: substitution failure [with T = Formatter<false, const float &>]: implicit instantiation of undefined template 'folly::dynamic::NumericTypeHelper<folly::Formatter<false, const float &>>'
C/C++: dynamic::dynamic(T t) {
C/C++:          ^
C/C++: C:/Users/MANCHEM HIMESH/.gradle/caches/9.3.1/transforms/236808c8bf210c3c94b027618281850c/workspace/transformed/react-android-0.86.2-debug/prefab/modules/reactnative/include/folly/json/dynamic.h:1115:12: note: explicit constructor is not a candidate
C/C++:   explicit dynamic(Array&& r);
C/C++:            ^
C/C++: 2 errors generated.
C/C++: In file included from C:/Users/MANCHEM HIMESH/OneDrive/Desktop/AttendanceApp/android/app/build/generated/autolinking/src/main/jni/autolinking.cpp:17:
C/C++: In file included from C:/Users/MANCHEM HIMESH/OneDrive/Desktop/AttendanceApp/node_modules/react-native-safe-area-context/android/src/main/jni/safeareacontext.h:6:
C/C++: In file included from C:/Users/MANCHEM HIMESH/OneDrive/Desktop/AttendanceApp/node_modules/react-native-safe-area-context/android/src/main/jni/../../../../common/cpp/react/renderer/components/safeareacontext/RNCSafeAreaViewComponentDescriptor.h:3:
C/C++: In file included from C:/Users/MANCHEM HIMESH/OneDrive/Desktop/AttendanceApp/node_modules/react-native-safe-area-context/android/src/main/jni/../../../../common/cpp/react/renderer/components/safeareacontext/RNCSafeAreaViewShadowNode.h:5:
C/C++: In file included from C:/Users/MANCHEM HIMESH/OneDrive/Desktop/AttendanceApp/node_modules/react-native-safe-area-context/android/src/main/jni/../../../build/generated/source/codegen/jni/react/renderer/components/safeareacontext/Props.h:12:
C/C++: In file included from C:/Users/MANCHEM HIMESH/.gradle/caches/9.3.1/transforms/236808c8bf210c3c94b027618281850c/workspace/transformed/react-android-0.86.2-debug/prefab/modules/reactnative/include/react/renderer/components/view/ViewProps.h:10:
C/C++: In file included from C:/Users/MANCHEM HIMESH/.gradle/caches/9.3.1/transforms/236808c8bf210c3c94b027618281850c/workspace/transformed/react-android-0.86.2-debug/prefab/modules/reactnative/include/react/renderer/components/view/HostPlatformViewProps.h:11:
C/C++: In file included from C:/Users/MANCHEM HIMESH/.gradle/caches/9.3.1/transforms/236808c8bf210c3c94b027618281850c/workspace/transformed/react-android-0.86.2-debug/prefab/modules/reactnative/include/react/renderer/components/view/NativeDrawable.h:13:
C/C++: C:/Users/MANCHEM HIMESH/.gradle/caches/9.3.1/transforms/236808c8bf210c3c94b027618281850c/workspace/transformed/react-android-0.86.2-debug/prefab/modules/reactnative/include/react/renderer/core/graphicsConversions.h:71:14: error: no member named 'format' in namespace 'std'; did you mean 'folly::format'?
C/C++:       return std::format("{}%", dimension.value);
C/C++:              ^~~~~
C/C++: C:/Users/MANCHEM HIMESH/.gradle/caches/9.3.1/transforms/236808c8bf210c3c94b027618281850c/workspace/transformed/react-android-0.86.2-debug/prefab/modules/reactnative/include/folly/Format.h:291:1: note: 'folly::format' declared here
C/C++: format(StringPiece fmt, Args&&... args) {
C/C++: ^
C/C++: In file included from C:/Users/MANCHEM HIMESH/OneDrive/Desktop/AttendanceApp/android/app/build/generated/autolinking/src/main/jni/autolinking.cpp:17:
C/C++: In file included from C:/Users/MANCHEM HIMESH/OneDrive/Desktop/AttendanceApp/node_modules/react-native-safe-area-context/android/src/main/jni/safeareacontext.h:6:
C/C++: In file included from C:/Users/MANCHEM HIMESH/OneDrive/Desktop/AttendanceApp/node_modules/react-native-safe-area-context/android/src/main/jni/../../../../common/cpp/react/renderer/components/safeareacontext/RNCSafeAreaViewComponentDescriptor.h:3:
C/C++: In file included from C:/Users/MANCHEM HIMESH/OneDrive/Desktop/AttendanceApp/node_modules/react-native-safe-area-context/android/src/main/jni/../../../../common/cpp/react/renderer/components/safeareacontext/RNCSafeAreaViewShadowNode.h:5:
C/C++: In file included from C:/Users/MANCHEM HIMESH/OneDrive/Desktop/AttendanceApp/node_modules/react-native-safe-area-context/android/src/main/jni/../../../build/generated/source/codegen/jni/react/renderer/components/safeareacontext/Props.h:12:
C/C++: In file included from C:/Users/MANCHEM HIMESH/.gradle/caches/9.3.1/transforms/236808c8bf210c3c94b027618281850c/workspace/transformed/react-android-0.86.2-debug/prefab/modules/reactnative/include/react/renderer/components/view/ViewProps.h:10:
C/C++: In file included from C:/Users/MANCHEM HIMESH/.gradle/caches/9.3.1/transforms/236808c8bf210c3c94b027618281850c/workspace/transformed/react-android-0.86.2-debug/prefab/modules/reactnative/include/react/renderer/components/view/HostPlatformViewProps.h:11:
C/C++: In file included from C:/Users/MANCHEM HIMESH/.gradle/caches/9.3.1/transforms/236808c8bf210c3c94b027618281850c/workspace/transformed/react-android-0.86.2-debug/prefab/modules/reactnative/include/react/renderer/components/view/NativeDrawable.h:13:
C/C++: C:/Users/MANCHEM HIMESH/.gradle/caches/9.3.1/transforms/236808c8bf210c3c94b027618281850c/workspace/transformed/react-android-0.86.2-debug/prefab/modules/reactnative/include/react/renderer/core/graphicsConversions.h:71:14: error: no viable conversion from returned value of type 'Formatter<false, const float &>' to function return type 'folly::dynamic'
C/C++:       return std::format("{}%", dimension.value);
C/C++:              ^~~~~~~~~~~~~~~~~~~~~~~~~~~~~~~~~~~
C/C++: C:/Users/MANCHEM HIMESH/.gradle/caches/9.3.1/transforms/236808c8bf210c3c94b027618281850c/workspace/transformed/react-android-0.86.2-debug/prefab/modules/reactnative/include/folly/json/dynamic.h:238:18: note: candidate constructor not viable: no known conversion from 'Formatter<false, const float &>' to 'const ObjectMaker &' for 1st argument
C/C++:   /* implicit */ dynamic(ObjectMaker const&) = delete;
C/C++:                  ^
C/C++: C:/Users/MANCHEM HIMESH/.gradle/caches/9.3.1/transforms/236808c8bf210c3c94b027618281850c/workspace/transformed/react-android-0.86.2-debug/prefab/modules/reactnative/include/folly/json/dynamic.h:289:3: note: candidate constructor not viable: no known conversion from 'Formatter<false, const float &>' to 'const dynamic &' for 1st argument
C/C++:   dynamic(dynamic const&);
C/C++:   ^
C/C++: C:/Users/MANCHEM HIMESH/.gradle/caches/9.3.1/transforms/236808c8bf210c3c94b027618281850c/workspace/transformed/react-android-0.86.2-debug/prefab/modules/reactnative/include/folly/json/dynamic.h:290:3: note: candidate constructor not viable: no known conversion from 'Formatter<false, const float &>' to 'dynamic &&' for 1st argument
C/C++:   dynamic(dynamic&&) noexcept;
C/C++:   ^
C/C++: C:/Users/MANCHEM HIMESH/.gradle/caches/9.3.1/transforms/236808c8bf210c3c94b027618281850c/workspace/transformed/react-android-0.86.2-debug/prefab/modules/reactnative/include/folly/json/dynamic-inl.h:321:17: note: candidate constructor not viable: no known conversion from 'Formatter<false, const float &>' to 'std::nullptr_t' for 1st argument
C/C++: inline dynamic::dynamic(std::nullptr_t) : type_(NULLT) {}
C/C++:                 ^
C/C++: C:/Users/MANCHEM HIMESH/.gradle/caches/9.3.1/transforms/236808c8bf210c3c94b027618281850c/workspace/transformed/react-android-0.86.2-debug/prefab/modules/reactnative/include/folly/json/dynamic-inl.h:323:17: note: candidate constructor not viable: no known conversion from 'Formatter<false, const float &>' to 'void (*)(EmptyArrayTag)' for 1st argument
C/C++: inline dynamic::dynamic(void (*)(EmptyArrayTag)) : type_(ARRAY) {
C/C++:                 ^
C/C++: C:/Users/MANCHEM HIMESH/.gradle/caches/9.3.1/transforms/236808c8bf210c3c94b027618281850c/workspace/transformed/react-android-0.86.2-debug/prefab/modules/reactnative/include/folly/json/dynamic-inl.h:327:17: note: candidate constructor not viable: no known conversion from 'Formatter<false, const float &>' to 'ObjectMaker (*)()' for 1st argument
C/C++: inline dynamic::dynamic(ObjectMaker (*)()) : type_(OBJECT) {
C/C++:                 ^
C/C++: C:/Users/MANCHEM HIMESH/.gradle/caches/9.3.1/transforms/236808c8bf210c3c94b027618281850c/workspace/transformed/react-android-0.86.2-debug/prefab/modules/reactnative/include/folly/json/dynamic-inl.h:331:17: note: candidate constructor not viable: no known conversion from 'Formatter<false, const float &>' to 'const char *' for 1st argument
C/C++: inline dynamic::dynamic(char const* s) : type_(STRING) {
C/C++:                 ^
C/C++: C:/Users/MANCHEM HIMESH/.gradle/caches/9.3.1/transforms/236808c8bf210c3c94b027618281850c/workspace/transformed/react-android-0.86.2-debug/prefab/modules/reactnative/include/folly/json/dynamic-inl.h:335:17: note: candidate constructor not viable: no known conversion from 'Formatter<false, const float &>' to 'std::string' (aka 'basic_string<char>') for 1st argument
C/C++: inline dynamic::dynamic(std::string s) : type_(STRING) {
C/C++:                 ^
C/C++: C:/Users/MANCHEM HIMESH/.gradle/caches/9.3.1/transforms/236808c8bf210c3c94b027618281850c/workspace/transformed/react-android-0.86.2-debug/prefab/modules/reactnative/include/folly/json/dynamic-inl.h:344:17: note: candidate constructor not viable: no known conversion from 'Formatter<false, const float &>' to 'ObjectMaker &&' for 1st argument
C/C++: inline dynamic::dynamic(ObjectMaker&& maker) : type_(OBJECT) {
C/C++:                 ^
C/C++: C:/Users/MANCHEM HIMESH/.gradle/caches/9.3.1/transforms/236808c8bf210c3c94b027618281850c/workspace/transformed/react-android-0.86.2-debug/prefab/modules/reactnative/include/folly/json/dynamic-inl.h:376:17: note: candidate constructor not viable: no known conversion from 'Formatter<false, const float &>' to 'std::vector<bool>::reference' (aka '__bit_reference<vector<bool, allocator<bool>>>') for 1st argument
C/C++: inline dynamic::dynamic(std::vector<bool>::reference b)
C/C++:                 ^
C/C++: C:/Users/MANCHEM HIMESH/.gradle/caches/9.3.1/transforms/236808c8bf210c3c94b027618281850c/workspace/transformed/react-android-0.86.2-debug/prefab/modules/reactnative/include/folly/json/dynamic-inl.h:378:17: note: candidate constructor not viable: no known conversion from 'Formatter<false, const float &>' to 'VectorBoolConstRefCtorType' (aka 'std::__bit_const_reference<std::vector<bool>>') for 1st argument
C/C++: inline dynamic::dynamic(VectorBoolConstRefCtorType b)
C/C++:                 ^
C/C++: C:/Users/MANCHEM HIMESH/.gradle/caches/9.3.1/transforms/236808c8bf210c3c94b027618281850c/workspace/transformed/react-android-0.86.2-debug/prefab/modules/reactnative/include/folly/json/dynamic-inl.h:340:17: note: candidate template ignored: requirement 'is_detected_v<folly::dynamic_detail::detect_construct_string, folly::Formatter<false, const float &>>' was not satisfied [with Stringish = Formatter<false, const float &>]
C/C++: inline dynamic::dynamic(Stringish&& s) : type_(STRING) {
C/C++:                 ^
C/C++: C:/Users/MANCHEM HIMESH/.gradle/caches/9.3.1/transforms/236808c8bf210c3c94b027618281850c/workspace/transformed/react-android-0.86.2-debug/prefab/modules/reactnative/include/folly/json/dynamic-inl.h:384:10: note: candidate template ignored: substitution failure [with T = Formatter<false, const float &>]: implicit instantiation of undefined template 'folly::dynamic::NumericTypeHelper<folly::Formatter<false, const float &>>'
C/C++: dynamic::dynamic(T t) {
C/C++:          ^
C/C++: C:/Users/MANCHEM HIMESH/.gradle/caches/9.3.1/transforms/236808c8bf210c3c94b027618281850c/workspace/transformed/react-android-0.86.2-debug/prefab/modules/reactnative/include/folly/json/dynamic.h:1115:12: note: explicit constructor is not a candidate
C/C++:   explicit dynamic(Array&& r);
C/C++:            ^
C/C++: 2 errors generated.

> Task :app:buildCMakeDebug[arm64-v8a] FAILED

[Incubating] Problems report is available at: file:///C:/Users/MANCHEM%20HIMESH/OneDrive/Desktop/AttendanceApp/android/build/reports/problems/problems-report.html
.\gradlew : 
At line:1 char:1
+ .\gradlew assembleDebug 
--console=plain > 
build_output.log 2>&1
+ ~~~~~~~~~~~~~~~~~~~~~~~~~~~
~~~~~~~~~~~~~~~~~~~~~~~~~~~~~
~~~~~~~
    + CategoryInfo           
   : NotSpecified: (:String  
  ) [], RemoteException
    + FullyQualifiedErrorId  
   : NativeCommandError
 
FAILURE: Build failed with 
an exception.

* What went wrong:
Execution failed for task ':a
pp:buildCMakeDebug[arm64-v8a]
'.
> com.android.ide.common.proc
ess.ProcessException: ninja: 
Entering directory 
`C:\Users\MANCHEM HIMESH\OneD
rive\Desktop\AttendanceApp\an
droid\app\.cxx\Debug\2u6k3s5l
\arm64-v8a'
  [0/2] Re-checking globbed 
directories...
  [1/29] Building CXX object 
RNGetRandomValuesSpec_autolin
ked_build/CMakeFiles/react_co
degen_RNGetRandomValuesSpec.d
ir/react/renderer/components/
RNGetRandomValuesSpec/Props.c
pp.o
  FAILED: RNGetRandomValuesSp
ec_autolinked_build/CMakeFile
s/react_codegen_RNGetRandomVa
luesSpec.dir/react/renderer/c
omponents/RNGetRandomValuesSp
ec/Props.cpp.o 
  C:\Users\MANCHE~1\AppData\L
ocal\Android\Sdk\ndk\261~1.10
9\TOOLCH~1\llvm\prebuilt\WIND
OW~1\bin\CLANG_~1.EXE --targe
t=aarch64-none-linux-android2
4 
--sysroot="C:/Users/MANCHEM H
IMESH/AppData/Local/Android/S
dk/ndk/26.1.10909125/toolchai
ns/llvm/prebuilt/windows-x86_
64/sysroot" 
-DRN_SERIALIZABLE_STATE 
-I"C:/Users/MANCHEM HIMESH/On
eDrive/Desktop/AttendanceApp/
node_modules/react-native-get
-random-values/android/build/
generated/source/codegen/jni/
." -I"C:/Users/MANCHEM HIMESH
/OneDrive/Desktop/AttendanceA
pp/node_modules/react-native-
get-random-values/android/bui
ld/generated/source/codegen/j
ni/react/renderer/components/
RNGetRandomValuesSpec" 
-isystem "C:/Users/MANCHEM HI
MESH/.gradle/caches/9.3.1/tra
nsforms/5f0fade6957df6709b3ef
496f25cded4/workspace/transfo
rmed/fbjni-0.7.0/prefab/modul
es/fbjni/include" -isystem 
"C:/Users/MANCHEM HIMESH/.gra
dle/caches/9.3.1/transforms/2
36808c8bf210c3c94b02761828185
0c/workspace/transformed/reac
t-android-0.86.2-debug/prefab
/modules/jsi/include" 
-isystem "C:/Users/MANCHEM HI
MESH/.gradle/caches/9.3.1/tra
nsforms/236808c8bf210c3c94b02
7618281850c/workspace/transfo
rmed/react-android-0.86.2-deb
ug/prefab/modules/reactnative
/include" -g -DANDROID 
-fdata-sections 
-ffunction-sections 
-funwind-tables 
-fstack-protector-strong 
-no-canonical-prefixes 
-D_FORTIFY_SOURCE=2 -Wformat 
-Werror=format-security   
-fno-limit-debug-info  -fPIC 
-Wall -Werror -fexceptions 
-frtti -std=c++20 
-DFOLLY_NO_CONFIG=1 
-DLOG_TAG=\"ReactNative\" 
-DFOLLY_HAVE_CLOCK_GETTIME=1 
-DFOLLY_USE_LIBCPP=1 
-DFOLLY_CFG_NO_COROUTINES=1 
-DFOLLY_MOBILE=1 
-DFOLLY_HAVE_RECVMMSG=1 
-DFOLLY_HAVE_PTHREAD=1 -DFOLL
Y_HAVE_XSI_STRERROR_R=1 -MD 
-MT RNGetRandomValuesSpec_aut
olinked_build/CMakeFiles/reac
t_codegen_RNGetRandomValuesSp
ec.dir/react/renderer/compone
nts/RNGetRandomValuesSpec/Pro
ps.cpp.o -MF RNGetRandomValue
sSpec_autolinked_build\CMakeF
iles\react_codegen_RNGetRando
mValuesSpec.dir\react\rendere
r\components\RNGetRandomValue
sSpec\Props.cpp.o.d -o RNGetR
andomValuesSpec_autolinked_bu
ild/CMakeFiles/react_codegen_
RNGetRandomValuesSpec.dir/rea
ct/renderer/components/RNGetR
andomValuesSpec/Props.cpp.o 
-c "C:/Users/MANCHEM HIMESH/O
neDrive/Desktop/AttendanceApp
/node_modules/react-native-ge
t-random-values/android/build
/generated/source/codegen/jni
/react/renderer/components/RN
GetRandomValuesSpec/Props.cpp
"
  In file included from 
C:/Users/MANCHEM HIMESH/OneDr
ive/Desktop/AttendanceApp/nod
e_modules/react-native-get-ra
ndom-values/android/build/gen
erated/source/codegen/jni/rea
ct/renderer/components/RNGetR
andomValuesSpec/Props.cpp:13:
  In file included from 
C:/Users/MANCHEM HIMESH/.grad
le/caches/9.3.1/transforms/23
6808c8bf210c3c94b027618281850
c/workspace/transformed/react
-android-0.86.2-debug/prefab/
modules/reactnative/include/r
eact/renderer/core/propsConve
rsions.h:15:
  C:/Users/MANCHEM HIMESH/.gr
adle/caches/9.3.1/transforms/
236808c8bf210c3c94b0276182818
50c/workspace/transformed/rea
ct-android-0.86.2-debug/prefa
b/modules/reactnative/include
/react/renderer/core/graphics
Conversions.h:71:14: error: 
no member named 'format' in 
namespace 'std'; did you 
mean 'folly::format'?
        return 
std::format("{}%", 
dimension.value);
               ^~~~~
  C:/Users/MANCHEM HIMESH/.gr
adle/caches/9.3.1/transforms/
236808c8bf210c3c94b0276182818
50c/workspace/transformed/rea
ct-android-0.86.2-debug/prefa
b/modules/reactnative/include
/folly/Format.h:291:1: note: 
'folly::format' declared here
  format(StringPiece fmt, 
Args&&... args) {
  ^
  In file included from 
C:/Users/MANCHEM HIMESH/OneDr
ive/Desktop/AttendanceApp/nod
e_modules/react-native-get-ra
ndom-values/android/build/gen
erated/source/codegen/jni/rea
ct/renderer/components/RNGetR
andomValuesSpec/Props.cpp:13:
  In file included from 
C:/Users/MANCHEM HIMESH/.grad
le/caches/9.3.1/transforms/23
6808c8bf210c3c94b027618281850
c/workspace/transformed/react
-android-0.86.2-debug/prefab/
modules/reactnative/include/r
eact/renderer/core/propsConve
rsions.h:15:
  C:/Users/MANCHEM HIMESH/.gr
adle/caches/9.3.1/transforms/
236808c8bf210c3c94b0276182818
50c/workspace/transformed/rea
ct-android-0.86.2-debug/prefa
b/modules/reactnative/include
/react/renderer/core/graphics
Conversions.h:71:14: error: 
no viable conversion from 
returned value of type 
'Formatter<false, const 
float &>' to function return 
type 'folly::dynamic'
        return 
std::format("{}%", 
dimension.value);
               ^~~~~~~~~~~~~~
~~~~~~~~~~~~~~~~~~~~~
  C:/Users/MANCHEM HIMESH/.gr
adle/caches/9.3.1/transforms/
236808c8bf210c3c94b0276182818
50c/workspace/transformed/rea
ct-android-0.86.2-debug/prefa
b/modules/reactnative/include
/folly/json/dynamic.h:238:18:
 note: candidate constructor 
not viable: no known 
conversion from 
'Formatter<false, const 
float &>' to 'const 
ObjectMaker &' for 1st 
argument
    /* implicit */ 
dynamic(ObjectMaker const&) 
= delete;
                   ^
  C:/Users/MANCHEM HIMESH/.gr
adle/caches/9.3.1/transforms/
236808c8bf210c3c94b0276182818
50c/workspace/transformed/rea
ct-android-0.86.2-debug/prefa
b/modules/reactnative/include
/folly/json/dynamic.h:289:3: 
note: candidate constructor 
not viable: no known 
conversion from 
'Formatter<false, const 
float &>' to 'const dynamic 
&' for 1st argument
    dynamic(dynamic const&);
    ^
  C:/Users/MANCHEM HIMESH/.gr
adle/caches/9.3.1/transforms/
236808c8bf210c3c94b0276182818
50c/workspace/transformed/rea
ct-android-0.86.2-debug/prefa
b/modules/reactnative/include
/folly/json/dynamic.h:290:3: 
note: candidate constructor 
not viable: no known 
conversion from 
'Formatter<false, const 
float &>' to 'dynamic &&' 
for 1st argument
    dynamic(dynamic&&) 
noexcept;
    ^
  C:/Users/MANCHEM HIMESH/.gr
adle/caches/9.3.1/transforms/
236808c8bf210c3c94b0276182818
50c/workspace/transformed/rea
ct-android-0.86.2-debug/prefa
b/modules/reactnative/include
/folly/json/dynamic-inl.h:321
:17: note: candidate 
constructor not viable: no 
known conversion from 
'Formatter<false, const 
float &>' to 
'std::nullptr_t' for 1st 
argument
  inline dynamic::dynamic(std
::nullptr_t) : type_(NULLT) 
{}
                  ^
  C:/Users/MANCHEM HIMESH/.gr
adle/caches/9.3.1/transforms/
236808c8bf210c3c94b0276182818
50c/workspace/transformed/rea
ct-android-0.86.2-debug/prefa
b/modules/reactnative/include
/folly/json/dynamic-inl.h:323
:17: note: candidate 
constructor not viable: no 
known conversion from 
'Formatter<false, const 
float &>' to 'void 
(*)(EmptyArrayTag)' for 1st 
argument
  inline 
dynamic::dynamic(void 
(*)(EmptyArrayTag)) : 
type_(ARRAY) {
                  ^
  C:/Users/MANCHEM HIMESH/.gr
adle/caches/9.3.1/transforms/
236808c8bf210c3c94b0276182818
50c/workspace/transformed/rea
ct-android-0.86.2-debug/prefa
b/modules/reactnative/include
/folly/json/dynamic-inl.h:327
:17: note: candidate 
constructor not viable: no 
known conversion from 
'Formatter<false, const 
float &>' to 'ObjectMaker 
(*)()' for 1st argument
  inline 
dynamic::dynamic(ObjectMaker 
(*)()) : type_(OBJECT) {
                  ^
  C:/Users/MANCHEM HIMESH/.gr
adle/caches/9.3.1/transforms/
236808c8bf210c3c94b0276182818
50c/workspace/transformed/rea
ct-android-0.86.2-debug/prefa
b/modules/reactnative/include
/folly/json/dynamic-inl.h:331
:17: note: candidate 
constructor not viable: no 
known conversion from 
'Formatter<false, const 
float &>' to 'const char *' 
for 1st argument
  inline 
dynamic::dynamic(char const* 
s) : type_(STRING) {
                  ^
  C:/Users/MANCHEM HIMESH/.gr
adle/caches/9.3.1/transforms/
236808c8bf210c3c94b0276182818
50c/workspace/transformed/rea
ct-android-0.86.2-debug/prefa
b/modules/reactnative/include
/folly/json/dynamic-inl.h:335
:17: note: candidate 
constructor not viable: no 
known conversion from 
'Formatter<false, const 
float &>' to 'std::string' 
(aka 'basic_string<char>') 
for 1st argument
  inline 
dynamic::dynamic(std::string 
s) : type_(STRING) {
                  ^
  C:/Users/MANCHEM HIMESH/.gr
adle/caches/9.3.1/transforms/
236808c8bf210c3c94b0276182818
50c/workspace/transformed/rea
ct-android-0.86.2-debug/prefa
b/modules/reactnative/include
/folly/json/dynamic-inl.h:344
:17: note: candidate 
constructor not viable: no 
known conversion from 
'Formatter<false, const 
float &>' to 'ObjectMaker 
&&' for 1st argument
  inline dynamic::dynamic(Obj
ectMaker&& maker) : 
type_(OBJECT) {
                  ^
  C:/Users/MANCHEM HIMESH/.gr
adle/caches/9.3.1/transforms/
236808c8bf210c3c94b0276182818
50c/workspace/transformed/rea
ct-android-0.86.2-debug/prefa
b/modules/reactnative/include
/folly/json/dynamic-inl.h:376
:17: note: candidate 
constructor not viable: no 
known conversion from 
'Formatter<false, const 
float &>' to 'std::vector<boo
l>::reference' (aka '__bit_re
ference<vector<bool, 
allocator<bool>>>') for 1st 
argument
  inline dynamic::dynamic(std
::vector<bool>::reference b)
                  ^
  C:/Users/MANCHEM HIMESH/.gr
adle/caches/9.3.1/transforms/
236808c8bf210c3c94b0276182818
50c/workspace/transformed/rea
ct-android-0.86.2-debug/prefa
b/modules/reactnative/include
/folly/json/dynamic-inl.h:378
:17: note: candidate 
constructor not viable: no 
known conversion from 
'Formatter<false, const 
float &>' to 
'VectorBoolConstRefCtorType' 
(aka 'std::__bit_const_refere
nce<std::vector<bool>>') for 
1st argument
  inline dynamic::dynamic(Vec
torBoolConstRefCtorType b)
                  ^
  C:/Users/MANCHEM HIMESH/.gr
adle/caches/9.3.1/transforms/
236808c8bf210c3c94b0276182818
50c/workspace/transformed/rea
ct-android-0.86.2-debug/prefa
b/modules/reactnative/include
/folly/json/dynamic-inl.h:340
:17: note: candidate 
template ignored: 
requirement 'is_detected_v<fo
lly::dynamic_detail::detect_c
onstruct_string, 
folly::Formatter<false, 
const float &>>' was not 
satisfied [with Stringish = 
Formatter<false, const float 
&>]
  inline 
dynamic::dynamic(Stringish&& 
s) : type_(STRING) {
                  ^
  C:/Users/MANCHEM HIMESH/.gr
adle/caches/9.3.1/transforms/
236808c8bf210c3c94b0276182818
50c/workspace/transformed/rea
ct-android-0.86.2-debug/prefa
b/modules/reactnative/include
/folly/json/dynamic-inl.h:384
:10: note: candidate 
template ignored: 
substitution failure [with T 
= Formatter<false, const 
float &>]: implicit 
instantiation of undefined 
template 'folly::dynamic::Num
ericTypeHelper<folly::Formatt
er<false, const float &>>'
  dynamic::dynamic(T t) {
           ^
  C:/Users/MANCHEM HIMESH/.gr
adle/caches/9.3.1/transforms/
236808c8bf210c3c94b0276182818
50c/workspace/transformed/rea
ct-android-0.86.2-debug/prefa
b/modules/reactnative/include
/folly/json/dynamic.h:1115:12
: note: explicit constructor 
is not a candidate
    explicit dynamic(Array&& 
r);
             ^
  2 errors generated.
  [2/29] Building CXX object 
RNCNetInfoSpec_autolinked_bui
ld/CMakeFiles/react_codegen_R
NCNetInfoSpec.dir/react/rende
rer/components/RNCNetInfoSpec
/Props.cpp.o
  FAILED: RNCNetInfoSpec_auto
linked_build/CMakeFiles/react
_codegen_RNCNetInfoSpec.dir/r
eact/renderer/components/RNCN
etInfoSpec/Props.cpp.o 
  C:\Users\MANCHE~1\AppData\L
ocal\Android\Sdk\ndk\261~1.10
9\TOOLCH~1\llvm\prebuilt\WIND
OW~1\bin\CLANG_~1.EXE --targe
t=aarch64-none-linux-android2
4 
--sysroot="C:/Users/MANCHEM H
IMESH/AppData/Local/Android/S
dk/ndk/26.1.10909125/toolchai
ns/llvm/prebuilt/windows-x86_
64/sysroot" 
-DRN_SERIALIZABLE_STATE 
-I"C:/Users/MANCHEM HIMESH/On
eDrive/Desktop/AttendanceApp/
node_modules/@react-native-co
mmunity/netinfo/android/build
/generated/source/codegen/jni
/." -I"C:/Users/MANCHEM HIMES
H/OneDrive/Desktop/Attendance
App/node_modules/@react-nativ
e-community/netinfo/android/b
uild/generated/source/codegen
/jni/react/renderer/component
s/RNCNetInfoSpec" -isystem 
"C:/Users/MANCHEM HIMESH/.gra
dle/caches/9.3.1/transforms/5
f0fade6957df6709b3ef496f25cde
d4/workspace/transformed/fbjn
i-0.7.0/prefab/modules/fbjni/
include" -isystem 
"C:/Users/MANCHEM HIMESH/.gra
dle/caches/9.3.1/transforms/2
36808c8bf210c3c94b02761828185
0c/workspace/transformed/reac
t-android-0.86.2-debug/prefab
/modules/jsi/include" 
-isystem "C:/Users/MANCHEM HI
MESH/.gradle/caches/9.3.1/tra
nsforms/236808c8bf210c3c94b02
7618281850c/workspace/transfo
rmed/react-android-0.86.2-deb
ug/prefab/modules/reactnative
/include" -g -DANDROID 
-fdata-sections 
-ffunction-sections 
-funwind-tables 
-fstack-protector-strong 
-no-canonical-prefixes 
-D_FORTIFY_SOURCE=2 -Wformat 
-Werror=format-security   
-fno-limit-debug-info  -fPIC 
-Wall -Werror -fexceptions 
-frtti -std=c++20 
-DFOLLY_NO_CONFIG=1 
-DLOG_TAG=\"ReactNative\" 
-DFOLLY_HAVE_CLOCK_GETTIME=1 
-DFOLLY_USE_LIBCPP=1 
-DFOLLY_CFG_NO_COROUTINES=1 
-DFOLLY_MOBILE=1 
-DFOLLY_HAVE_RECVMMSG=1 
-DFOLLY_HAVE_PTHREAD=1 -DFOLL
Y_HAVE_XSI_STRERROR_R=1 -MD 
-MT RNCNetInfoSpec_autolinked
_build/CMakeFiles/react_codeg
en_RNCNetInfoSpec.dir/react/r
enderer/components/RNCNetInfo
Spec/Props.cpp.o -MF RNCNetIn
foSpec_autolinked_build\CMake
Files\react_codegen_RNCNetInf
oSpec.dir\react\renderer\comp
onents\RNCNetInfoSpec\Props.c
pp.o.d -o RNCNetInfoSpec_auto
linked_build/CMakeFiles/react
_codegen_RNCNetInfoSpec.dir/r
eact/renderer/components/RNCN
etInfoSpec/Props.cpp.o -c 
"C:/Users/MANCHEM HIMESH/OneD
rive/Desktop/AttendanceApp/no
de_modules/@react-native-comm
unity/netinfo/android/build/g
enerated/source/codegen/jni/r
eact/renderer/components/RNCN
etInfoSpec/Props.cpp"
  In file included from 
C:/Users/MANCHEM HIMESH/OneDr
ive/Desktop/AttendanceApp/nod
e_modules/@react-native-commu
nity/netinfo/android/build/ge
nerated/source/codegen/jni/re
act/renderer/components/RNCNe
tInfoSpec/Props.cpp:13:
  In file included from 
C:/Users/MANCHEM HIMESH/.grad
le/caches/9.3.1/transforms/23
6808c8bf210c3c94b027618281850
c/workspace/transformed/react
-android-0.86.2-debug/prefab/
modules/reactnative/include/r
eact/renderer/core/propsConve
rsions.h:15:
  C:/Users/MANCHEM HIMESH/.gr
adle/caches/9.3.1/transforms/
236808c8bf210c3c94b0276182818
50c/workspace/transformed/rea
ct-android-0.86.2-debug/prefa
b/modules/reactnative/include
/react/renderer/core/graphics
Conversions.h:71:14: error: 
no member named 'format' in 
namespace 'std'; did you 
mean 'folly::format'?
        return 
std::format("{}%", 
dimension.value);
               ^~~~~
  C:/Users/MANCHEM HIMESH/.gr
adle/caches/9.3.1/transforms/
236808c8bf210c3c94b0276182818
50c/workspace/transformed/rea
ct-android-0.86.2-debug/prefa
b/modules/reactnative/include
/folly/Format.h:291:1: note: 
'folly::format' declared here
  format(StringPiece fmt, 
Args&&... args) {
  ^
  In file included from 
C:/Users/MANCHEM HIMESH/OneDr
ive/Desktop/AttendanceApp/nod
e_modules/@react-native-commu
nity/netinfo/android/build/ge
nerated/source/codegen/jni/re
act/renderer/components/RNCNe
tInfoSpec/Props.cpp:13:
  In file included from 
C:/Users/MANCHEM HIMESH/.grad
le/caches/9.3.1/transforms/23
6808c8bf210c3c94b027618281850
c/workspace/transformed/react
-android-0.86.2-debug/prefab/
modules/reactnative/include/r
eact/renderer/core/propsConve
rsions.h:15:
  C:/Users/MANCHEM HIMESH/.gr
adle/caches/9.3.1/transforms/
236808c8bf210c3c94b0276182818
50c/workspace/transformed/rea
ct-android-0.86.2-debug/prefa
b/modules/reactnative/include
/react/renderer/core/graphics
Conversions.h:71:14: error: 
no viable conversion from 
returned value of type 
'Formatter<false, const 
float &>' to function return 
type 'folly::dynamic'
        return 
std::format("{}%", 
dimension.value);
               ^~~~~~~~~~~~~~
~~~~~~~~~~~~~~~~~~~~~
  C:/Users/MANCHEM HIMESH/.gr
adle/caches/9.3.1/transforms/
236808c8bf210c3c94b0276182818
50c/workspace/transformed/rea
ct-android-0.86.2-debug/prefa
b/modules/reactnative/include
/folly/json/dynamic.h:238:18:
 note: candidate constructor 
not viable: no known 
conversion from 
'Formatter<false, const 
float &>' to 'const 
ObjectMaker &' for 1st 
argument
    /* implicit */ 
dynamic(ObjectMaker const&) 
= delete;
                   ^
  C:/Users/MANCHEM HIMESH/.gr
adle/caches/9.3.1/transforms/
236808c8bf210c3c94b0276182818
50c/workspace/transformed/rea
ct-android-0.86.2-debug/prefa
b/modules/reactnative/include
/folly/json/dynamic.h:289:3: 
note: candidate constructor 
not viable: no known 
conversion from 
'Formatter<false, const 
float &>' to 'const dynamic 
&' for 1st argument
    dynamic(dynamic const&);
    ^
  C:/Users/MANCHEM HIMESH/.gr
adle/caches/9.3.1/transforms/
236808c8bf210c3c94b0276182818
50c/workspace/transformed/rea
ct-android-0.86.2-debug/prefa
b/modules/reactnative/include
/folly/json/dynamic.h:290:3: 
note: candidate constructor 
not viable: no known 
conversion from 
'Formatter<false, const 
float &>' to 'dynamic &&' 
for 1st argument
    dynamic(dynamic&&) 
noexcept;
    ^
  C:/Users/MANCHEM HIMESH/.gr
adle/caches/9.3.1/transforms/
236808c8bf210c3c94b0276182818
50c/workspace/transformed/rea
ct-android-0.86.2-debug/prefa
b/modules/reactnative/include
/folly/json/dynamic-inl.h:321
:17: note: candidate 
constructor not viable: no 
known conversion from 
'Formatter<false, const 
float &>' to 
'std::nullptr_t' for 1st 
argument
  inline dynamic::dynamic(std
::nullptr_t) : type_(NULLT) 
{}
                  ^
  C:/Users/MANCHEM HIMESH/.gr
adle/caches/9.3.1/transforms/
236808c8bf210c3c94b0276182818
50c/workspace/transformed/rea
ct-android-0.86.2-debug/prefa
b/modules/reactnative/include
/folly/json/dynamic-inl.h:323
:17: note: candidate 
constructor not viable: no 
known conversion from 
'Formatter<false, const 
float &>' to 'void 
(*)(EmptyArrayTag)' for 1st 
argument
  inline 
dynamic::dynamic(void 
(*)(EmptyArrayTag)) : 
type_(ARRAY) {
                  ^
  C:/Users/MANCHEM HIMESH/.gr
adle/caches/9.3.1/transforms/
236808c8bf210c3c94b0276182818
50c/workspace/transformed/rea
ct-android-0.86.2-debug/prefa
b/modules/reactnative/include
/folly/json/dynamic-inl.h:327
:17: note: candidate 
constructor not viable: no 
known conversion from 
'Formatter<false, const 
float &>' to 'ObjectMaker 
(*)()' for 1st argument
  inline 
dynamic::dynamic(ObjectMaker 
(*)()) : type_(OBJECT) {
                  ^
  C:/Users/MANCHEM HIMESH/.gr
adle/caches/9.3.1/transforms/
236808c8bf210c3c94b0276182818
50c/workspace/transformed/rea
ct-android-0.86.2-debug/prefa
b/modules/reactnative/include
/folly/json/dynamic-inl.h:331
:17: note: candidate 
constructor not viable: no 
known conversion from 
'Formatter<false, const 
float &>' to 'const char *' 
for 1st argument
  inline 
dynamic::dynamic(char const* 
s) : type_(STRING) {
                  ^
  C:/Users/MANCHEM HIMESH/.gr
adle/caches/9.3.1/transforms/
236808c8bf210c3c94b0276182818
50c/workspace/transformed/rea
ct-android-0.86.2-debug/prefa
b/modules/reactnative/include
/folly/json/dynamic-inl.h:335
:17: note: candidate 
constructor not viable: no 
known conversion from 
'Formatter<false, const 
float &>' to 'std::string' 
(aka 'basic_string<char>') 
for 1st argument
  inline 
dynamic::dynamic(std::string 
s) : type_(STRING) {
                  ^
  C:/Users/MANCHEM HIMESH/.gr
adle/caches/9.3.1/transforms/
236808c8bf210c3c94b0276182818
50c/workspace/transformed/rea
ct-android-0.86.2-debug/prefa
b/modules/reactnative/include
/folly/json/dynamic-inl.h:344
:17: note: candidate 
constructor not viable: no 
known conversion from 
'Formatter<false, const 
float &>' to 'ObjectMaker 
&&' for 1st argument
  inline dynamic::dynamic(Obj
ectMaker&& maker) : 
type_(OBJECT) {
                  ^
  C:/Users/MANCHEM HIMESH/.gr
adle/caches/9.3.1/transforms/
236808c8bf210c3c94b0276182818
50c/workspace/transformed/rea
ct-android-0.86.2-debug/prefa
b/modules/reactnative/include
/folly/json/dynamic-inl.h:376
:17: note: candidate 
constructor not viable: no 
known conversion from 
'Formatter<false, const 
float &>' to 'std::vector<boo
l>::reference' (aka '__bit_re
ference<vector<bool, 
allocator<bool>>>') for 1st 
argument
  inline dynamic::dynamic(std
::vector<bool>::reference b)
                  ^
  C:/Users/MANCHEM HIMESH/.gr
adle/caches/9.3.1/transforms/
236808c8bf210c3c94b0276182818
50c/workspace/transformed/rea
ct-android-0.86.2-debug/prefa
b/modules/reactnative/include
/folly/json/dynamic-inl.h:378
:17: note: candidate 
constructor not viable: no 
known conversion from 
'Formatter<false, const 
float &>' to 
'VectorBoolConstRefCtorType' 
(aka 'std::__bit_const_refere
nce<std::vector<bool>>') for 
1st argument
  inline dynamic::dynamic(Vec
torBoolConstRefCtorType b)
                  ^
  C:/Users/MANCHEM HIMESH/.gr
adle/caches/9.3.1/transforms/
236808c8bf210c3c94b0276182818
50c/workspace/transformed/rea
ct-android-0.86.2-debug/prefa
b/modules/reactnative/include
/folly/json/dynamic-inl.h:340
:17: note: candidate 
template ignored: 
requirement 'is_detected_v<fo
lly::dynamic_detail::detect_c
onstruct_string, 
folly::Formatter<false, 
const float &>>' was not 
satisfied [with Stringish = 
Formatter<false, const float 
&>]
  inline 
dynamic::dynamic(Stringish&& 
s) : type_(STRING) {
                  ^
  C:/Users/MANCHEM HIMESH/.gr
adle/caches/9.3.1/transforms/
236808c8bf210c3c94b0276182818
50c/workspace/transformed/rea
ct-android-0.86.2-debug/prefa
b/modules/reactnative/include
/folly/json/dynamic-inl.h:384
:10: note: candidate 
template ignored: 
substitution failure [with T 
= Formatter<false, const 
float &>]: implicit 
instantiation of undefined 
template 'folly::dynamic::Num
ericTypeHelper<folly::Formatt
er<false, const float &>>'
  dynamic::dynamic(T t) {
           ^
  C:/Users/MANCHEM HIMESH/.gr
adle/caches/9.3.1/transforms/
236808c8bf210c3c94b0276182818
50c/workspace/transformed/rea
ct-android-0.86.2-debug/prefa
b/modules/reactnative/include
/folly/json/dynamic.h:1115:12
: note: explicit constructor 
is not a candidate
    explicit dynamic(Array&& 
r);
             ^
  2 errors generated.
  [3/29] Building CXX object 
AsyncStorageSpec_autolinked_b
uild/CMakeFiles/react_codegen
_AsyncStorageSpec.dir/react/r
enderer/components/AsyncStora
geSpec/Props.cpp.o
  FAILED: AsyncStorageSpec_au
tolinked_build/CMakeFiles/rea
ct_codegen_AsyncStorageSpec.d
ir/react/renderer/components/
AsyncStorageSpec/Props.cpp.o 
  C:\Users\MANCHE~1\AppData\L
ocal\Android\Sdk\ndk\261~1.10
9\TOOLCH~1\llvm\prebuilt\WIND
OW~1\bin\CLANG_~1.EXE --targe
t=aarch64-none-linux-android2
4 
--sysroot="C:/Users/MANCHEM H
IMESH/AppData/Local/Android/S
dk/ndk/26.1.10909125/toolchai
ns/llvm/prebuilt/windows-x86_
64/sysroot" 
-DRN_SERIALIZABLE_STATE 
-I"C:/Users/MANCHEM HIMESH/On
eDrive/Desktop/AttendanceApp/
node_modules/@react-native-as
ync-storage/async-storage/and
roid/build/generated/source/c
odegen/jni/." 
-I"C:/Users/MANCHEM HIMESH/On
eDrive/Desktop/AttendanceApp/
node_modules/@react-native-as
ync-storage/async-storage/and
roid/build/generated/source/c
odegen/jni/react/renderer/com
ponents/AsyncStorageSpec" 
-isystem "C:/Users/MANCHEM HI
MESH/.gradle/caches/9.3.1/tra
nsforms/5f0fade6957df6709b3ef
496f25cded4/workspace/transfo
rmed/fbjni-0.7.0/prefab/modul
es/fbjni/include" -isystem 
"C:/Users/MANCHEM HIMESH/.gra
dle/caches/9.3.1/transforms/2
36808c8bf210c3c94b02761828185
0c/workspace/transformed/reac
t-android-0.86.2-debug/prefab
/modules/jsi/include" 
-isystem "C:/Users/MANCHEM HI
MESH/.gradle/caches/9.3.1/tra
nsforms/236808c8bf210c3c94b02
7618281850c/workspace/transfo
rmed/react-android-0.86.2-deb
ug/prefab/modules/reactnative
/include" -g -DANDROID 
-fdata-sections 
-ffunction-sections 
-funwind-tables 
-fstack-protector-strong 
-no-canonical-prefixes 
-D_FORTIFY_SOURCE=2 -Wformat 
-Werror=format-security   
-fno-limit-debug-info  -fPIC 
-Wall -Werror -fexceptions 
-frtti -std=c++20 
-DFOLLY_NO_CONFIG=1 
-DLOG_TAG=\"ReactNative\" 
-DFOLLY_HAVE_CLOCK_GETTIME=1 
-DFOLLY_USE_LIBCPP=1 
-DFOLLY_CFG_NO_COROUTINES=1 
-DFOLLY_MOBILE=1 
-DFOLLY_HAVE_RECVMMSG=1 
-DFOLLY_HAVE_PTHREAD=1 -DFOLL
Y_HAVE_XSI_STRERROR_R=1 -MD 
-MT AsyncStorageSpec_autolink
ed_build/CMakeFiles/react_cod
egen_AsyncStorageSpec.dir/rea
ct/renderer/components/AsyncS
torageSpec/Props.cpp.o -MF As
yncStorageSpec_autolinked_bui
ld\CMakeFiles\react_codegen_A
syncStorageSpec.dir\react\ren
derer\components\AsyncStorage
Spec\Props.cpp.o.d -o AsyncSt
orageSpec_autolinked_build/CM
akeFiles/react_codegen_AsyncS
torageSpec.dir/react/renderer
/components/AsyncStorageSpec/
Props.cpp.o -c 
"C:/Users/MANCHEM HIMESH/OneD
rive/Desktop/AttendanceApp/no
de_modules/@react-native-asyn
c-storage/async-storage/andro
id/build/generated/source/cod
egen/jni/react/renderer/compo
nents/AsyncStorageSpec/Props.
cpp"
  In file included from 
C:/Users/MANCHEM HIMESH/OneDr
ive/Desktop/AttendanceApp/nod
e_modules/@react-native-async
-storage/async-storage/androi
d/build/generated/source/code
gen/jni/react/renderer/compon
ents/AsyncStorageSpec/Props.c
pp:13:
  In file included from 
C:/Users/MANCHEM HIMESH/.grad
le/caches/9.3.1/transforms/23
6808c8bf210c3c94b027618281850
c/workspace/transformed/react
-android-0.86.2-debug/prefab/
modules/reactnative/include/r
eact/renderer/core/propsConve
rsions.h:15:
  C:/Users/MANCHEM HIMESH/.gr
adle/caches/9.3.1/transforms/
236808c8bf210c3c94b0276182818
50c/workspace/transformed/rea
ct-android-0.86.2-debug/prefa
b/modules/reactnative/include
/react/renderer/core/graphics
Conversions.h:71:14: error: 
no member named 'format' in 
namespace 'std'; did you 
mean 'folly::format'?
        return 
std::format("{}%", 
dimension.value);
               ^~~~~
  C:/Users/MANCHEM HIMESH/.gr
adle/caches/9.3.1/transforms/
236808c8bf210c3c94b0276182818
50c/workspace/transformed/rea
ct-android-0.86.2-debug/prefa
b/modules/reactnative/include
/folly/Format.h:291:1: note: 
'folly::format' declared here
  format(StringPiece fmt, 
Args&&... args) {
  ^
  In file included from 
C:/Users/MANCHEM HIMESH/OneDr
ive/Desktop/AttendanceApp/nod
e_modules/@react-native-async
-storage/async-storage/androi
d/build/generated/source/code
gen/jni/react/renderer/compon
ents/AsyncStorageSpec/Props.c
pp:13:
  In file included from 
C:/Users/MANCHEM HIMESH/.grad
le/caches/9.3.1/transforms/23
6808c8bf210c3c94b027618281850
c/workspace/transformed/react
-android-0.86.2-debug/prefab/
modules/reactnative/include/r
eact/renderer/core/propsConve
rsions.h:15:
  C:/Users/MANCHEM HIMESH/.gr
adle/caches/9.3.1/transforms/
236808c8bf210c3c94b0276182818
50c/workspace/transformed/rea
ct-android-0.86.2-debug/prefa
b/modules/reactnative/include
/react/renderer/core/graphics
Conversions.h:71:14: error: 
no viable conversion from 
returned value of type 
'Formatter<false, const 
float &>' to function return 
type 'folly::dynamic'
        return 
std::format("{}%", 
dimension.value);
               ^~~~~~~~~~~~~~
~~~~~~~~~~~~~~~~~~~~~
  C:/Users/MANCHEM HIMESH/.gr
adle/caches/9.3.1/transforms/
236808c8bf210c3c94b0276182818
50c/workspace/transformed/rea
ct-android-0.86.2-debug/prefa
b/modules/reactnative/include
/folly/json/dynamic.h:238:18:
 note: candidate constructor 
not viable: no known 
conversion from 
'Formatter<false, const 
float &>' to 'const 
ObjectMaker &' for 1st 
argument
    /* implicit */ 
dynamic(ObjectMaker const&) 
= delete;
                   ^
  C:/Users/MANCHEM HIMESH/.gr
adle/caches/9.3.1/transforms/
236808c8bf210c3c94b0276182818
50c/workspace/transformed/rea
ct-android-0.86.2-debug/prefa
b/modules/reactnative/include
/folly/json/dynamic.h:289:3: 
note: candidate constructor 
not viable: no known 
conversion from 
'Formatter<false, const 
float &>' to 'const dynamic 
&' for 1st argument
    dynamic(dynamic const&);
    ^
  C:/Users/MANCHEM HIMESH/.gr
adle/caches/9.3.1/transforms/
236808c8bf210c3c94b0276182818
50c/workspace/transformed/rea
ct-android-0.86.2-debug/prefa
b/modules/reactnative/include
/folly/json/dynamic.h:290:3: 
note: candidate constructor 
not viable: no known 
conversion from 
'Formatter<false, const 
float &>' to 'dynamic &&' 
for 1st argument
    dynamic(dynamic&&) 
noexcept;
    ^
  C:/Users/MANCHEM HIMESH/.gr
adle/caches/9.3.1/transforms/
236808c8bf210c3c94b0276182818
50c/workspace/transformed/rea
ct-android-0.86.2-debug/prefa
b/modules/reactnative/include
/folly/json/dynamic-inl.h:321
:17: note: candidate 
constructor not viable: no 
known conversion from 
'Formatter<false, const 
float &>' to 
'std::nullptr_t' for 1st 
argument
  inline dynamic::dynamic(std
::nullptr_t) : type_(NULLT) 
{}
                  ^
  C:/Users/MANCHEM HIMESH/.gr
adle/caches/9.3.1/transforms/
236808c8bf210c3c94b0276182818
50c/workspace/transformed/rea
ct-android-0.86.2-debug/prefa
b/modules/reactnative/include
/folly/json/dynamic-inl.h:323
:17: note: candidate 
constructor not viable: no 
known conversion from 
'Formatter<false, const 
float &>' to 'void 
(*)(EmptyArrayTag)' for 1st 
argument
  inline 
dynamic::dynamic(void 
(*)(EmptyArrayTag)) : 
type_(ARRAY) {
                  ^
  C:/Users/MANCHEM HIMESH/.gr
adle/caches/9.3.1/transforms/
236808c8bf210c3c94b0276182818
50c/workspace/transformed/rea
ct-android-0.86.2-debug/prefa
b/modules/reactnative/include
/folly/json/dynamic-inl.h:327
:17: note: candidate 
constructor not viable: no 
known conversion from 
'Formatter<false, const 
float &>' to 'ObjectMaker 
(*)()' for 1st argument
  inline 
dynamic::dynamic(ObjectMaker 
(*)()) : type_(OBJECT) {
                  ^
  C:/Users/MANCHEM HIMESH/.gr
adle/caches/9.3.1/transforms/
236808c8bf210c3c94b0276182818
50c/workspace/transformed/rea
ct-android-0.86.2-debug/prefa
b/modules/reactnative/include
/folly/json/dynamic-inl.h:331
:17: note: candidate 
constructor not viable: no 
known conversion from 
'Formatter<false, const 
float &>' to 'const char *' 
for 1st argument
  inline 
dynamic::dynamic(char const* 
s) : type_(STRING) {
                  ^
  C:/Users/MANCHEM HIMESH/.gr
adle/caches/9.3.1/transforms/
236808c8bf210c3c94b0276182818
50c/workspace/transformed/rea
ct-android-0.86.2-debug/prefa
b/modules/reactnative/include
/folly/json/dynamic-inl.h:335
:17: note: candidate 
constructor not viable: no 
known conversion from 
'Formatter<false, const 
float &>' to 'std::string' 
(aka 'basic_string<char>') 
for 1st argument
  inline 
dynamic::dynamic(std::string 
s) : type_(STRING) {
                  ^
  C:/Users/MANCHEM HIMESH/.gr
adle/caches/9.3.1/transforms/
236808c8bf210c3c94b0276182818
50c/workspace/transformed/rea
ct-android-0.86.2-debug/prefa
b/modules/reactnative/include
/folly/json/dynamic-inl.h:344
:17: note: candidate 
constructor not viable: no 
known conversion from 
'Formatter<false, const 
float &>' to 'ObjectMaker 
&&' for 1st argument
  inline dynamic::dynamic(Obj
ectMaker&& maker) : 
type_(OBJECT) {
                  ^
  C:/Users/MANCHEM HIMESH/.gr
adle/caches/9.3.1/transforms/
236808c8bf210c3c94b0276182818
50c/workspace/transformed/rea
ct-android-0.86.2-debug/prefa
b/modules/reactnative/include
/folly/json/dynamic-inl.h:376
:17: note: candidate 
constructor not viable: no 
known conversion from 
'Formatter<false, const 
float &>' to 'std::vector<boo
l>::reference' (aka '__bit_re
ference<vector<bool, 
allocator<bool>>>') for 1st 
argument
  inline dynamic::dynamic(std
::vector<bool>::reference b)
                  ^
  C:/Users/MANCHEM HIMESH/.gr
adle/caches/9.3.1/transforms/
236808c8bf210c3c94b0276182818
50c/workspace/transformed/rea
ct-android-0.86.2-debug/prefa
b/modules/reactnative/include
/folly/json/dynamic-inl.h:378
:17: note: candidate 
constructor not viable: no 
known conversion from 
'Formatter<false, const 
float &>' to 
'VectorBoolConstRefCtorType' 
(aka 'std::__bit_const_refere
nce<std::vector<bool>>') for 
1st argument
  inline dynamic::dynamic(Vec
torBoolConstRefCtorType b)
                  ^
  C:/Users/MANCHEM HIMESH/.gr
adle/caches/9.3.1/transforms/
236808c8bf210c3c94b0276182818
50c/workspace/transformed/rea
ct-android-0.86.2-debug/prefa
b/modules/reactnative/include
/folly/json/dynamic-inl.h:340
:17: note: candidate 
template ignored: 
requirement 'is_detected_v<fo
lly::dynamic_detail::detect_c
onstruct_string, 
folly::Formatter<false, 
const float &>>' was not 
satisfied [with Stringish = 
Formatter<false, const float 
&>]
  inline 
dynamic::dynamic(Stringish&& 
s) : type_(STRING) {
                  ^
  C:/Users/MANCHEM HIMESH/.gr
adle/caches/9.3.1/transforms/
236808c8bf210c3c94b0276182818
50c/workspace/transformed/rea
ct-android-0.86.2-debug/prefa
b/modules/reactnative/include
/folly/json/dynamic-inl.h:384
:10: note: candidate 
template ignored: 
substitution failure [with T 
= Formatter<false, const 
float &>]: implicit 
instantiation of undefined 
template 'folly::dynamic::Num
ericTypeHelper<folly::Formatt
er<false, const float &>>'
  dynamic::dynamic(T t) {
           ^
  C:/Users/MANCHEM HIMESH/.gr
adle/caches/9.3.1/transforms/
236808c8bf210c3c94b0276182818
50c/workspace/transformed/rea
ct-android-0.86.2-debug/prefa
b/modules/reactnative/include
/folly/json/dynamic.h:1115:12
: note: explicit constructor 
is not a candidate
    explicit dynamic(Array&& 
r);
             ^
  2 errors generated.
  [4/29] Building CXX object 
RNHapticFeedbackSpec_autolink
ed_build/CMakeFiles/react_cod
egen_RNHapticFeedbackSpec.dir
/react/renderer/components/RN
HapticFeedbackSpec/Props.cpp.
o
  FAILED: RNHapticFeedbackSpe
c_autolinked_build/CMakeFiles
/react_codegen_RNHapticFeedba
ckSpec.dir/react/renderer/com
ponents/RNHapticFeedbackSpec/
Props.cpp.o 
  C:\Users\MANCHE~1\AppData\L
ocal\Android\Sdk\ndk\261~1.10
9\TOOLCH~1\llvm\prebuilt\WIND
OW~1\bin\CLANG_~1.EXE --targe
t=aarch64-none-linux-android2
4 
--sysroot="C:/Users/MANCHEM H
IMESH/AppData/Local/Android/S
dk/ndk/26.1.10909125/toolchai
ns/llvm/prebuilt/windows-x86_
64/sysroot" 
-DRN_SERIALIZABLE_STATE 
-I"C:/Users/MANCHEM HIMESH/On
eDrive/Desktop/AttendanceApp/
node_modules/react-native-hap
tic-feedback/android/build/ge
nerated/source/codegen/jni/."
 -I"C:/Users/MANCHEM HIMESH/O
neDrive/Desktop/AttendanceApp
/node_modules/react-native-ha
ptic-feedback/android/build/g
enerated/source/codegen/jni/r
eact/renderer/components/RNHa
pticFeedbackSpec" -isystem 
"C:/Users/MANCHEM HIMESH/.gra
dle/caches/9.3.1/transforms/5
f0fade6957df6709b3ef496f25cde
d4/workspace/transformed/fbjn
i-0.7.0/prefab/modules/fbjni/
include" -isystem 
"C:/Users/MANCHEM HIMESH/.gra
dle/caches/9.3.1/transforms/2
36808c8bf210c3c94b02761828185
0c/workspace/transformed/reac
t-android-0.86.2-debug/prefab
/modules/jsi/include" 
-isystem "C:/Users/MANCHEM HI
MESH/.gradle/caches/9.3.1/tra
nsforms/236808c8bf210c3c94b02
7618281850c/workspace/transfo
rmed/react-android-0.86.2-deb
ug/prefab/modules/reactnative
/include" -g -DANDROID 
-fdata-sections 
-ffunction-sections 
-funwind-tables 
-fstack-protector-strong 
-no-canonical-prefixes 
-D_FORTIFY_SOURCE=2 -Wformat 
-Werror=format-security   
-fno-limit-debug-info  -fPIC 
-Wall -Werror -fexceptions 
-frtti -std=c++20 
-DFOLLY_NO_CONFIG=1 
-DLOG_TAG=\"ReactNative\" 
-DFOLLY_HAVE_CLOCK_GETTIME=1 
-DFOLLY_USE_LIBCPP=1 
-DFOLLY_CFG_NO_COROUTINES=1 
-DFOLLY_MOBILE=1 
-DFOLLY_HAVE_RECVMMSG=1 
-DFOLLY_HAVE_PTHREAD=1 -DFOLL
Y_HAVE_XSI_STRERROR_R=1 -MD 
-MT RNHapticFeedbackSpec_auto
linked_build/CMakeFiles/react
_codegen_RNHapticFeedbackSpec
.dir/react/renderer/component
s/RNHapticFeedbackSpec/Props.
cpp.o -MF RNHapticFeedbackSpe
c_autolinked_build\CMakeFiles
\react_codegen_RNHapticFeedba
ckSpec.dir\react\renderer\com
ponents\RNHapticFeedbackSpec\
Props.cpp.o.d -o RNHapticFeed
backSpec_autolinked_build/CMa
keFiles/react_codegen_RNHapti
cFeedbackSpec.dir/react/rende
rer/components/RNHapticFeedba
ckSpec/Props.cpp.o -c 
"C:/Users/MANCHEM HIMESH/OneD
rive/Desktop/AttendanceApp/no
de_modules/react-native-hapti
c-feedback/android/build/gene
rated/source/codegen/jni/reac
t/renderer/components/RNHapti
cFeedbackSpec/Props.cpp"
  In file included from 
C:/Users/MANCHEM HIMESH/OneDr
ive/Desktop/AttendanceApp/nod
e_modules/react-native-haptic
-feedback/android/build/gener
ated/source/codegen/jni/react
/renderer/components/RNHaptic
FeedbackSpec/Props.cpp:13:
  In file included from 
C:/Users/MANCHEM HIMESH/.grad
le/caches/9.3.1/transforms/23
6808c8bf210c3c94b027618281850
c/workspace/transformed/react
-android-0.86.2-debug/prefab/
modules/reactnative/include/r
eact/renderer/core/propsConve
rsions.h:15:
  C:/Users/MANCHEM HIMESH/.gr
adle/caches/9.3.1/transforms/
236808c8bf210c3c94b0276182818
50c/workspace/transformed/rea
ct-android-0.86.2-debug/prefa
b/modules/reactnative/include
/react/renderer/core/graphics
Conversions.h:71:14: error: 
no member named 'format' in 
namespace 'std'; did you 
mean 'folly::format'?
        return 
std::format("{}%", 
dimension.value);
               ^~~~~
  C:/Users/MANCHEM HIMESH/.gr
adle/caches/9.3.1/transforms/
236808c8bf210c3c94b0276182818
50c/workspace/transformed/rea
ct-android-0.86.2-debug/prefa
b/modules/reactnative/include
/folly/Format.h:291:1: note: 
'folly::format' declared here
  format(StringPiece fmt, 
Args&&... args) {
  ^
  In file included from 
C:/Users/MANCHEM HIMESH/OneDr
ive/Desktop/AttendanceApp/nod
e_modules/react-native-haptic
-feedback/android/build/gener
ated/source/codegen/jni/react
/renderer/components/RNHaptic
FeedbackSpec/Props.cpp:13:
  In file included from 
C:/Users/MANCHEM HIMESH/.grad
le/caches/9.3.1/transforms/23
6808c8bf210c3c94b027618281850
c/workspace/transformed/react
-android-0.86.2-debug/prefab/
modules/reactnative/include/r
eact/renderer/core/propsConve
rsions.h:15:
  C:/Users/MANCHEM HIMESH/.gr
adle/caches/9.3.1/transforms/
236808c8bf210c3c94b0276182818
50c/workspace/transformed/rea
ct-android-0.86.2-debug/prefa
b/modules/reactnative/include
/react/renderer/core/graphics
Conversions.h:71:14: error: 
no viable conversion from 
returned value of type 
'Formatter<false, const 
float &>' to function return 
type 'folly::dynamic'
        return 
std::format("{}%", 
dimension.value);
               ^~~~~~~~~~~~~~
~~~~~~~~~~~~~~~~~~~~~
  C:/Users/MANCHEM HIMESH/.gr
adle/caches/9.3.1/transforms/
236808c8bf210c3c94b0276182818
50c/workspace/transformed/rea
ct-android-0.86.2-debug/prefa
b/modules/reactnative/include
/folly/json/dynamic.h:238:18:
 note: candidate constructor 
not viable: no known 
conversion from 
'Formatter<false, const 
float &>' to 'const 
ObjectMaker &' for 1st 
argument
    /* implicit */ 
dynamic(ObjectMaker const&) 
= delete;
                   ^
  C:/Users/MANCHEM HIMESH/.gr
adle/caches/9.3.1/transforms/
236808c8bf210c3c94b0276182818
50c/workspace/transformed/rea
ct-android-0.86.2-debug/prefa
b/modules/reactnative/include
/folly/json/dynamic.h:289:3: 
note: candidate constructor 
not viable: no known 
conversion from 
'Formatter<false, const 
float &>' to 'const dynamic 
&' for 1st argument
    dynamic(dynamic const&);
    ^
  C:/Users/MANCHEM HIMESH/.gr
adle/caches/9.3.1/transforms/
236808c8bf210c3c94b0276182818
50c/workspace/transformed/rea
ct-android-0.86.2-debug/prefa
b/modules/reactnative/include
/folly/json/dynamic.h:290:3: 
note: candidate constructor 
not viable: no known 
conversion from 
'Formatter<false, const 
float &>' to 'dynamic &&' 
for 1st argument
    dynamic(dynamic&&) 
noexcept;
    ^
  C:/Users/MANCHEM HIMESH/.gr
adle/caches/9.3.1/transforms/
236808c8bf210c3c94b0276182818
50c/workspace/transformed/rea
ct-android-0.86.2-debug/prefa
b/modules/reactnative/include
/folly/json/dynamic-inl.h:321
:17: note: candidate 
constructor not viable: no 
known conversion from 
'Formatter<false, const 
float &>' to 
'std::nullptr_t' for 1st 
argument
  inline dynamic::dynamic(std
::nullptr_t) : type_(NULLT) 
{}
                  ^
  C:/Users/MANCHEM HIMESH/.gr
adle/caches/9.3.1/transforms/
236808c8bf210c3c94b0276182818
50c/workspace/transformed/rea
ct-android-0.86.2-debug/prefa
b/modules/reactnative/include
/folly/json/dynamic-inl.h:323
:17: note: candidate 
constructor not viable: no 
known conversion from 
'Formatter<false, const 
float &>' to 'void 
(*)(EmptyArrayTag)' for 1st 
argument
  inline 
dynamic::dynamic(void 
(*)(EmptyArrayTag)) : 
type_(ARRAY) {
                  ^
  C:/Users/MANCHEM HIMESH/.gr
adle/caches/9.3.1/transforms/
236808c8bf210c3c94b0276182818
50c/workspace/transformed/rea
ct-android-0.86.2-debug/prefa
b/modules/reactnative/include
/folly/json/dynamic-inl.h:327
:17: note: candidate 
constructor not viable: no 
known conversion from 
'Formatter<false, const 
float &>' to 'ObjectMaker 
(*)()' for 1st argument
  inline 
dynamic::dynamic(ObjectMaker 
(*)()) : type_(OBJECT) {
                  ^
  C:/Users/MANCHEM HIMESH/.gr
adle/caches/9.3.1/transforms/
236808c8bf210c3c94b0276182818
50c/workspace/transformed/rea
ct-android-0.86.2-debug/prefa
b/modules/reactnative/include
/folly/json/dynamic-inl.h:331
:17: note: candidate 
constructor not viable: no 
known conversion from 
'Formatter<false, const 
float &>' to 'const char *' 
for 1st argument
  inline 
dynamic::dynamic(char const* 
s) : type_(STRING) {
                  ^
  C:/Users/MANCHEM HIMESH/.gr
adle/caches/9.3.1/transforms/
236808c8bf210c3c94b0276182818
50c/workspace/transformed/rea
ct-android-0.86.2-debug/prefa
b/modules/reactnative/include
/folly/json/dynamic-inl.h:335
:17: note: candidate 
constructor not viable: no 
known conversion from 
'Formatter<false, const 
float &>' to 'std::string' 
(aka 'basic_string<char>') 
for 1st argument
  inline 
dynamic::dynamic(std::string 
s) : type_(STRING) {
                  ^
  C:/Users/MANCHEM HIMESH/.gr
adle/caches/9.3.1/transforms/
236808c8bf210c3c94b0276182818
50c/workspace/transformed/rea
ct-android-0.86.2-debug/prefa
b/modules/reactnative/include
/folly/json/dynamic-inl.h:344
:17: note: candidate 
constructor not viable: no 
known conversion from 
'Formatter<false, const 
float &>' to 'ObjectMaker 
&&' for 1st argument
  inline dynamic::dynamic(Obj
ectMaker&& maker) : 
type_(OBJECT) {
                  ^
  C:/Users/MANCHEM HIMESH/.gr
adle/caches/9.3.1/transforms/
236808c8bf210c3c94b0276182818
50c/workspace/transformed/rea
ct-android-0.86.2-debug/prefa
b/modules/reactnative/include
/folly/json/dynamic-inl.h:376
:17: note: candidate 
constructor not viable: no 
known conversion from 
'Formatter<false, const 
float &>' to 'std::vector<boo
l>::reference' (aka '__bit_re
ference<vector<bool, 
allocator<bool>>>') for 1st 
argument
  inline dynamic::dynamic(std
::vector<bool>::reference b)
                  ^
  C:/Users/MANCHEM HIMESH/.gr
adle/caches/9.3.1/transforms/
236808c8bf210c3c94b0276182818
50c/workspace/transformed/rea
ct-android-0.86.2-debug/prefa
b/modules/reactnative/include
/folly/json/dynamic-inl.h:378
:17: note: candidate 
constructor not viable: no 
known conversion from 
'Formatter<false, const 
float &>' to 
'VectorBoolConstRefCtorType' 
(aka 'std::__bit_const_refere
nce<std::vector<bool>>') for 
1st argument
  inline dynamic::dynamic(Vec
torBoolConstRefCtorType b)
                  ^
  C:/Users/MANCHEM HIMESH/.gr
adle/caches/9.3.1/transforms/
236808c8bf210c3c94b0276182818
50c/workspace/transformed/rea
ct-android-0.86.2-debug/prefa
b/modules/reactnative/include
/folly/json/dynamic-inl.h:340
:17: note: candidate 
template ignored: 
requirement 'is_detected_v<fo
lly::dynamic_detail::detect_c
onstruct_string, 
folly::Formatter<false, 
const float &>>' was not 
satisfied [with Stringish = 
Formatter<false, const float 
&>]
  inline 
dynamic::dynamic(Stringish&& 
s) : type_(STRING) {
                  ^
  C:/Users/MANCHEM HIMESH/.gr
adle/caches/9.3.1/transforms/
236808c8bf210c3c94b0276182818
50c/workspace/transformed/rea
ct-android-0.86.2-debug/prefa
b/modules/reactnative/include
/folly/json/dynamic-inl.h:384
:10: note: candidate 
template ignored: 
substitution failure [with T 
= Formatter<false, const 
float &>]: implicit 
instantiation of undefined 
template 'folly::dynamic::Num
ericTypeHelper<folly::Formatt
er<false, const float &>>'
  dynamic::dynamic(T t) {
           ^
  C:/Users/MANCHEM HIMESH/.gr
adle/caches/9.3.1/transforms/
236808c8bf210c3c94b0276182818
50c/workspace/transformed/rea
ct-android-0.86.2-debug/prefa
b/modules/reactnative/include
/folly/json/dynamic.h:1115:12
: note: explicit constructor 
is not a candidate
    explicit dynamic(Array&& 
r);
             ^
  2 errors generated.
  [5/29] Building CXX object 
NitroModulesSpec_autolinked_b
uild/CMakeFiles/react_codegen
_NitroModulesSpec.dir/react/r
enderer/components/NitroModul
esSpec/Props.cpp.o
  FAILED: NitroModulesSpec_au
tolinked_build/CMakeFiles/rea
ct_codegen_NitroModulesSpec.d
ir/react/renderer/components/
NitroModulesSpec/Props.cpp.o 
  C:\Users\MANCHE~1\AppData\L
ocal\Android\Sdk\ndk\261~1.10
9\TOOLCH~1\llvm\prebuilt\WIND
OW~1\bin\CLANG_~1.EXE --targe
t=aarch64-none-linux-android2
4 
--sysroot="C:/Users/MANCHEM H
IMESH/AppData/Local/Android/S
dk/ndk/26.1.10909125/toolchai
ns/llvm/prebuilt/windows-x86_
64/sysroot" 
-DRN_SERIALIZABLE_STATE 
-I"C:/Users/MANCHEM HIMESH/On
eDrive/Desktop/AttendanceApp/
node_modules/react-native-nit
ro-modules/android/build/gene
rated/source/codegen/jni/." 
-I"C:/Users/MANCHEM HIMESH/On
eDrive/Desktop/AttendanceApp/
node_modules/react-native-nit
ro-modules/android/build/gene
rated/source/codegen/jni/reac
t/renderer/components/NitroMo
dulesSpec" -isystem 
"C:/Users/MANCHEM HIMESH/.gra
dle/caches/9.3.1/transforms/5
f0fade6957df6709b3ef496f25cde
d4/workspace/transformed/fbjn
i-0.7.0/prefab/modules/fbjni/
include" -isystem 
"C:/Users/MANCHEM HIMESH/.gra
dle/caches/9.3.1/transforms/2
36808c8bf210c3c94b02761828185
0c/workspace/transformed/reac
t-android-0.86.2-debug/prefab
/modules/jsi/include" 
-isystem "C:/Users/MANCHEM HI
MESH/.gradle/caches/9.3.1/tra
nsforms/236808c8bf210c3c94b02
7618281850c/workspace/transfo
rmed/react-android-0.86.2-deb
ug/prefab/modules/reactnative
/include" -g -DANDROID 
-fdata-sections 
-ffunction-sections 
-funwind-tables 
-fstack-protector-strong 
-no-canonical-prefixes 
-D_FORTIFY_SOURCE=2 -Wformat 
-Werror=format-security   
-fno-limit-debug-info  -fPIC 
-Wall -Werror -fexceptions 
-frtti -std=c++20 
-DFOLLY_NO_CONFIG=1 
-DLOG_TAG=\"ReactNative\" 
-DFOLLY_HAVE_CLOCK_GETTIME=1 
-DFOLLY_USE_LIBCPP=1 
-DFOLLY_CFG_NO_COROUTINES=1 
-DFOLLY_MOBILE=1 
-DFOLLY_HAVE_RECVMMSG=1 
-DFOLLY_HAVE_PTHREAD=1 -DFOLL
Y_HAVE_XSI_STRERROR_R=1 -MD 
-MT NitroModulesSpec_autolink
ed_build/CMakeFiles/react_cod
egen_NitroModulesSpec.dir/rea
ct/renderer/components/NitroM
odulesSpec/Props.cpp.o -MF Ni
troModulesSpec_autolinked_bui
ld\CMakeFiles\react_codegen_N
itroModulesSpec.dir\react\ren
derer\components\NitroModules
Spec\Props.cpp.o.d -o NitroMo
dulesSpec_autolinked_build/CM
akeFiles/react_codegen_NitroM
odulesSpec.dir/react/renderer
/components/NitroModulesSpec/
Props.cpp.o -c 
"C:/Users/MANCHEM HIMESH/OneD
rive/Desktop/AttendanceApp/no
de_modules/react-native-nitro
-modules/android/build/genera
ted/source/codegen/jni/react/
renderer/components/NitroModu
lesSpec/Props.cpp"
  In file included from 
C:/Users/MANCHEM HIMESH/OneDr
ive/Desktop/AttendanceApp/nod
e_modules/react-native-nitro-
modules/android/build/generat
ed/source/codegen/jni/react/r
enderer/components/NitroModul
esSpec/Props.cpp:13:
  In file included from 
C:/Users/MANCHEM HIMESH/.grad
le/caches/9.3.1/transforms/23
6808c8bf210c3c94b027618281850
c/workspace/transformed/react
-android-0.86.2-debug/prefab/
modules/reactnative/include/r
eact/renderer/core/propsConve
rsions.h:15:
  C:/Users/MANCHEM HIMESH/.gr
adle/caches/9.3.1/transforms/
236808c8bf210c3c94b0276182818
50c/workspace/transformed/rea
ct-android-0.86.2-debug/prefa
b/modules/reactnative/include
/react/renderer/core/graphics
Conversions.h:71:14: error: 
no member named 'format' in 
namespace 'std'; did you 
mean 'folly::format'?
        return 
std::format("{}%", 
dimension.value);
               ^~~~~
  C:/Users/MANCHEM HIMESH/.gr
adle/caches/9.3.1/transforms/
236808c8bf210c3c94b0276182818
50c/workspace/transformed/rea
ct-android-0.86.2-debug/prefa
b/modules/reactnative/include
/folly/Format.h:291:1: note: 
'folly::format' declared here
  format(StringPiece fmt, 
Args&&... args) {
  ^
  In file included from 
C:/Users/MANCHEM HIMESH/OneDr
ive/Desktop/AttendanceApp/nod
e_modules/react-native-nitro-
modules/android/build/generat
ed/source/codegen/jni/react/r
enderer/components/NitroModul
esSpec/Props.cpp:13:
  In file included from 
C:/Users/MANCHEM HIMESH/.grad
le/caches/9.3.1/transforms/23
6808c8bf210c3c94b027618281850
c/workspace/transformed/react
-android-0.86.2-debug/prefab/
modules/reactnative/include/r
eact/renderer/core/propsConve
rsions.h:15:
  C:/Users/MANCHEM HIMESH/.gr
adle/caches/9.3.1/transforms/
236808c8bf210c3c94b0276182818
50c/workspace/transformed/rea
ct-android-0.86.2-debug/prefa
b/modules/reactnative/include
/react/renderer/core/graphics
Conversions.h:71:14: error: 
no viable conversion from 
returned value of type 
'Formatter<false, const 
float &>' to function return 
type 'folly::dynamic'
        return 
std::format("{}%", 
dimension.value);
               ^~~~~~~~~~~~~~
~~~~~~~~~~~~~~~~~~~~~
  C:/Users/MANCHEM HIMESH/.gr
adle/caches/9.3.1/transforms/
236808c8bf210c3c94b0276182818
50c/workspace/transformed/rea
ct-android-0.86.2-debug/prefa
b/modules/reactnative/include
/folly/json/dynamic.h:238:18:
 note: candidate constructor 
not viable: no known 
conversion from 
'Formatter<false, const 
float &>' to 'const 
ObjectMaker &' for 1st 
argument
    /* implicit */ 
dynamic(ObjectMaker const&) 
= delete;
                   ^
  C:/Users/MANCHEM HIMESH/.gr
adle/caches/9.3.1/transforms/
236808c8bf210c3c94b0276182818
50c/workspace/transformed/rea
ct-android-0.86.2-debug/prefa
b/modules/reactnative/include
/folly/json/dynamic.h:289:3: 
note: candidate constructor 
not viable: no known 
conversion from 
'Formatter<false, const 
float &>' to 'const dynamic 
&' for 1st argument
    dynamic(dynamic const&);
    ^
  C:/Users/MANCHEM HIMESH/.gr
adle/caches/9.3.1/transforms/
236808c8bf210c3c94b0276182818
50c/workspace/transformed/rea
ct-android-0.86.2-debug/prefa
b/modules/reactnative/include
/folly/json/dynamic.h:290:3: 
note: candidate constructor 
not viable: no known 
conversion from 
'Formatter<false, const 
float &>' to 'dynamic &&' 
for 1st argument
    dynamic(dynamic&&) 
noexcept;
    ^
  C:/Users/MANCHEM HIMESH/.gr
adle/caches/9.3.1/transforms/
236808c8bf210c3c94b0276182818
50c/workspace/transformed/rea
ct-android-0.86.2-debug/prefa
b/modules/reactnative/include
/folly/json/dynamic-inl.h:321
:17: note: candidate 
constructor not viable: no 
known conversion from 
'Formatter<false, const 
float &>' to 
'std::nullptr_t' for 1st 
argument
  inline dynamic::dynamic(std
::nullptr_t) : type_(NULLT) 
{}
                  ^
  C:/Users/MANCHEM HIMESH/.gr
adle/caches/9.3.1/transforms/
236808c8bf210c3c94b0276182818
50c/workspace/transformed/rea
ct-android-0.86.2-debug/prefa
b/modules/reactnative/include
/folly/json/dynamic-inl.h:323
:17: note: candidate 
constructor not viable: no 
known conversion from 
'Formatter<false, const 
float &>' to 'void 
(*)(EmptyArrayTag)' for 1st 
argument
  inline 
dynamic::dynamic(void 
(*)(EmptyArrayTag)) : 
type_(ARRAY) {
                  ^
  C:/Users/MANCHEM HIMESH/.gr
adle/caches/9.3.1/transforms/
236808c8bf210c3c94b0276182818
50c/workspace/transformed/rea
ct-android-0.86.2-debug/prefa
b/modules/reactnative/include
/folly/json/dynamic-inl.h:327
:17: note: candidate 
constructor not viable: no 
known conversion from 
'Formatter<false, const 
float &>' to 'ObjectMaker 
(*)()' for 1st argument
  inline 
dynamic::dynamic(ObjectMaker 
(*)()) : type_(OBJECT) {
                  ^
  C:/Users/MANCHEM HIMESH/.gr
adle/caches/9.3.1/transforms/
236808c8bf210c3c94b0276182818
50c/workspace/transformed/rea
ct-android-0.86.2-debug/prefa
b/modules/reactnative/include
/folly/json/dynamic-inl.h:331
:17: note: candidate 
constructor not viable: no 
known conversion from 
'Formatter<false, const 
float &>' to 'const char *' 
for 1st argument
  inline 
dynamic::dynamic(char const* 
s) : type_(STRING) {
                  ^
  C:/Users/MANCHEM HIMESH/.gr
adle/caches/9.3.1/transforms/
236808c8bf210c3c94b0276182818
50c/workspace/transformed/rea
ct-android-0.86.2-debug/prefa
b/modules/reactnative/include
/folly/json/dynamic-inl.h:335
:17: note: candidate 
constructor not viable: no 
known conversion from 
'Formatter<false, const 
float &>' to 'std::string' 
(aka 'basic_string<char>') 
for 1st argument
  inline 
dynamic::dynamic(std::string 
s) : type_(STRING) {
                  ^
  C:/Users/MANCHEM HIMESH/.gr
adle/caches/9.3.1/transforms/
236808c8bf210c3c94b0276182818
50c/workspace/transformed/rea
ct-android-0.86.2-debug/prefa
b/modules/reactnative/include
/folly/json/dynamic-inl.h:344
:17: note: candidate 
constructor not viable: no 
known conversion from 
'Formatter<false, const 
float &>' to 'ObjectMaker 
&&' for 1st argument
  inline dynamic::dynamic(Obj
ectMaker&& maker) : 
type_(OBJECT) {
                  ^
  C:/Users/MANCHEM HIMESH/.gr
adle/caches/9.3.1/transforms/
236808c8bf210c3c94b0276182818
50c/workspace/transformed/rea
ct-android-0.86.2-debug/prefa
b/modules/reactnative/include
/folly/json/dynamic-inl.h:376
:17: note: candidate 
constructor not viable: no 
known conversion from 
'Formatter<false, const 
float &>' to 'std::vector<boo
l>::reference' (aka '__bit_re
ference<vector<bool, 
allocator<bool>>>') for 1st 
argument
  inline dynamic::dynamic(std
::vector<bool>::reference b)
                  ^
  C:/Users/MANCHEM HIMESH/.gr
adle/caches/9.3.1/transforms/
236808c8bf210c3c94b0276182818
50c/workspace/transformed/rea
ct-android-0.86.2-debug/prefa
b/modules/reactnative/include
/folly/json/dynamic-inl.h:378
:17: note: candidate 
constructor not viable: no 
known conversion from 
'Formatter<false, const 
float &>' to 
'VectorBoolConstRefCtorType' 
(aka 'std::__bit_const_refere
nce<std::vector<bool>>') for 
1st argument
  inline dynamic::dynamic(Vec
torBoolConstRefCtorType b)
                  ^
  C:/Users/MANCHEM HIMESH/.gr
adle/caches/9.3.1/transforms/
236808c8bf210c3c94b0276182818
50c/workspace/transformed/rea
ct-android-0.86.2-debug/prefa
b/modules/reactnative/include
/folly/json/dynamic-inl.h:340
:17: note: candidate 
template ignored: 
requirement 'is_detected_v<fo
lly::dynamic_detail::detect_c
onstruct_string, 
folly::Formatter<false, 
const float &>>' was not 
satisfied [with Stringish = 
Formatter<false, const float 
&>]
  inline 
dynamic::dynamic(Stringish&& 
s) : type_(STRING) {
                  ^
  C:/Users/MANCHEM HIMESH/.gr
adle/caches/9.3.1/transforms/
236808c8bf210c3c94b0276182818
50c/workspace/transformed/rea
ct-android-0.86.2-debug/prefa
b/modules/reactnative/include
/folly/json/dynamic-inl.h:384
:10: note: candidate 
template ignored: 
substitution failure [with T 
= Formatter<false, const 
float &>]: implicit 
instantiation of undefined 
template 'folly::dynamic::Num
ericTypeHelper<folly::Formatt
er<false, const float &>>'
  dynamic::dynamic(T t) {
           ^
  C:/Users/MANCHEM HIMESH/.gr
adle/caches/9.3.1/transforms/
236808c8bf210c3c94b0276182818
50c/workspace/transformed/rea
ct-android-0.86.2-debug/prefa
b/modules/reactnative/include
/folly/json/dynamic.h:1115:12
: note: explicit constructor 
is not a candidate
    explicit dynamic(Array&& 
r);
             ^
  2 errors generated.
  [6/29] Building CXX object 
QuickCrypto_autolinked_build/
CMakeFiles/react_codegen_Quic
kCrypto.dir/react/renderer/co
mponents/QuickCrypto/Props.cp
p.o
  FAILED: QuickCrypto_autolin
ked_build/CMakeFiles/react_co
degen_QuickCrypto.dir/react/r
enderer/components/QuickCrypt
o/Props.cpp.o 
  C:\Users\MANCHE~1\AppData\L
ocal\Android\Sdk\ndk\261~1.10
9\TOOLCH~1\llvm\prebuilt\WIND
OW~1\bin\CLANG_~1.EXE --targe
t=aarch64-none-linux-android2
4 
--sysroot="C:/Users/MANCHEM H
IMESH/AppData/Local/Android/S
dk/ndk/26.1.10909125/toolchai
ns/llvm/prebuilt/windows-x86_
64/sysroot" 
-DRN_SERIALIZABLE_STATE 
-I"C:/Users/MANCHEM HIMESH/On
eDrive/Desktop/AttendanceApp/
node_modules/react-native-qui
ck-crypto/android/build/gener
ated/source/codegen/jni/." 
-I"C:/Users/MANCHEM HIMESH/On
eDrive/Desktop/AttendanceApp/
node_modules/react-native-qui
ck-crypto/android/build/gener
ated/source/codegen/jni/react
/renderer/components/QuickCry
pto" -isystem 
"C:/Users/MANCHEM HIMESH/.gra
dle/caches/9.3.1/transforms/5
f0fade6957df6709b3ef496f25cde
d4/workspace/transformed/fbjn
i-0.7.0/prefab/modules/fbjni/
include" -isystem 
"C:/Users/MANCHEM HIMESH/.gra
dle/caches/9.3.1/transforms/2
36808c8bf210c3c94b02761828185
0c/workspace/transformed/reac
t-android-0.86.2-debug/prefab
/modules/jsi/include" 
-isystem "C:/Users/MANCHEM HI
MESH/.gradle/caches/9.3.1/tra
nsforms/236808c8bf210c3c94b02
7618281850c/workspace/transfo
rmed/react-android-0.86.2-deb
ug/prefab/modules/reactnative
/include" -g -DANDROID 
-fdata-sections 
-ffunction-sections 
-funwind-tables 
-fstack-protector-strong 
-no-canonical-prefixes 
-D_FORTIFY_SOURCE=2 -Wformat 
-Werror=format-security   
-fno-limit-debug-info  -fPIC 
-Wall -Werror -fexceptions 
-frtti -std=c++20 
-DFOLLY_NO_CONFIG=1 
-DLOG_TAG=\"ReactNative\" 
-DFOLLY_HAVE_CLOCK_GETTIME=1 
-DFOLLY_USE_LIBCPP=1 
-DFOLLY_CFG_NO_COROUTINES=1 
-DFOLLY_MOBILE=1 
-DFOLLY_HAVE_RECVMMSG=1 
-DFOLLY_HAVE_PTHREAD=1 -DFOLL
Y_HAVE_XSI_STRERROR_R=1 -MD 
-MT QuickCrypto_autolinked_bu
ild/CMakeFiles/react_codegen_
QuickCrypto.dir/react/rendere
r/components/QuickCrypto/Prop
s.cpp.o -MF QuickCrypto_autol
inked_build\CMakeFiles\react_
codegen_QuickCrypto.dir\react
\renderer\components\QuickCry
pto\Props.cpp.o.d -o QuickCry
pto_autolinked_build/CMakeFil
es/react_codegen_QuickCrypto.
dir/react/renderer/components
/QuickCrypto/Props.cpp.o -c 
"C:/Users/MANCHEM HIMESH/OneD
rive/Desktop/AttendanceApp/no
de_modules/react-native-quick
-crypto/android/build/generat
ed/source/codegen/jni/react/r
enderer/components/QuickCrypt
o/Props.cpp"
  In file included from 
C:/Users/MANCHEM HIMESH/OneDr
ive/Desktop/AttendanceApp/nod
e_modules/react-native-quick-
crypto/android/build/generate
d/source/codegen/jni/react/re
nderer/components/QuickCrypto
/Props.cpp:13:
  In file included from 
C:/Users/MANCHEM HIMESH/.grad
le/caches/9.3.1/transforms/23
6808c8bf210c3c94b027618281850
c/workspace/transformed/react
-android-0.86.2-debug/prefab/
modules/reactnative/include/r
eact/renderer/core/propsConve
rsions.h:15:
  C:/Users/MANCHEM HIMESH/.gr
adle/caches/9.3.1/transforms/
236808c8bf210c3c94b0276182818
50c/workspace/transformed/rea
ct-android-0.86.2-debug/prefa
b/modules/reactnative/include
/react/renderer/core/graphics
Conversions.h:71:14: error: 
no member named 'format' in 
namespace 'std'; did you 
mean 'folly::format'?
        return 
std::format("{}%", 
dimension.value);
               ^~~~~
  C:/Users/MANCHEM HIMESH/.gr
adle/caches/9.3.1/transforms/
236808c8bf210c3c94b0276182818
50c/workspace/transformed/rea
ct-android-0.86.2-debug/prefa
b/modules/reactnative/include
/folly/Format.h:291:1: note: 
'folly::format' declared here
  format(StringPiece fmt, 
Args&&... args) {
  ^
  In file included from 
C:/Users/MANCHEM HIMESH/OneDr
ive/Desktop/AttendanceApp/nod
e_modules/react-native-quick-
crypto/android/build/generate
d/source/codegen/jni/react/re
nderer/components/QuickCrypto
/Props.cpp:13:
  In file included from 
C:/Users/MANCHEM HIMESH/.grad
le/caches/9.3.1/transforms/23
6808c8bf210c3c94b027618281850
c/workspace/transformed/react
-android-0.86.2-debug/prefab/
modules/reactnative/include/r
eact/renderer/core/propsConve
rsions.h:15:
  C:/Users/MANCHEM HIMESH/.gr
adle/caches/9.3.1/transforms/
236808c8bf210c3c94b0276182818
50c/workspace/transformed/rea
ct-android-0.86.2-debug/prefa
b/modules/reactnative/include
/react/renderer/core/graphics
Conversions.h:71:14: error: 
no viable conversion from 
returned value of type 
'Formatter<false, const 
float &>' to function return 
type 'folly::dynamic'
        return 
std::format("{}%", 
dimension.value);
               ^~~~~~~~~~~~~~
~~~~~~~~~~~~~~~~~~~~~
  C:/Users/MANCHEM HIMESH/.gr
adle/caches/9.3.1/transforms/
236808c8bf210c3c94b0276182818
50c/workspace/transformed/rea
ct-android-0.86.2-debug/prefa
b/modules/reactnative/include
/folly/json/dynamic.h:238:18:
 note: candidate constructor 
not viable: no known 
conversion from 
'Formatter<false, const 
float &>' to 'const 
ObjectMaker &' for 1st 
argument
    /* implicit */ 
dynamic(ObjectMaker const&) 
= delete;
                   ^
  C:/Users/MANCHEM HIMESH/.gr
adle/caches/9.3.1/transforms/
236808c8bf210c3c94b0276182818
50c/workspace/transformed/rea
ct-android-0.86.2-debug/prefa
b/modules/reactnative/include
/folly/json/dynamic.h:289:3: 
note: candidate constructor 
not viable: no known 
conversion from 
'Formatter<false, const 
float &>' to 'const dynamic 
&' for 1st argument
    dynamic(dynamic const&);
    ^
  C:/Users/MANCHEM HIMESH/.gr
adle/caches/9.3.1/transforms/
236808c8bf210c3c94b0276182818
50c/workspace/transformed/rea
ct-android-0.86.2-debug/prefa
b/modules/reactnative/include
/folly/json/dynamic.h:290:3: 
note: candidate constructor 
not viable: no known 
conversion from 
'Formatter<false, const 
float &>' to 'dynamic &&' 
for 1st argument
    dynamic(dynamic&&) 
noexcept;
    ^
  C:/Users/MANCHEM HIMESH/.gr
adle/caches/9.3.1/transforms/
236808c8bf210c3c94b0276182818
50c/workspace/transformed/rea
ct-android-0.86.2-debug/prefa
b/modules/reactnative/include
/folly/json/dynamic-inl.h:321
:17: note: candidate 
constructor not viable: no 
known conversion from 
'Formatter<false, const 
float &>' to 
'std::nullptr_t' for 1st 
argument
  inline dynamic::dynamic(std
::nullptr_t) : type_(NULLT) 
{}
                  ^
  C:/Users/MANCHEM HIMESH/.gr
adle/caches/9.3.1/transforms/
236808c8bf210c3c94b0276182818
50c/workspace/transformed/rea
ct-android-0.86.2-debug/prefa
b/modules/reactnative/include
/folly/json/dynamic-inl.h:323
:17: note: candidate 
constructor not viable: no 
known conversion from 
'Formatter<false, const 
float &>' to 'void 
(*)(EmptyArrayTag)' for 1st 
argument
  inline 
dynamic::dynamic(void 
(*)(EmptyArrayTag)) : 
type_(ARRAY) {
                  ^
  C:/Users/MANCHEM HIMESH/.gr
adle/caches/9.3.1/transforms/
236808c8bf210c3c94b0276182818
50c/workspace/transformed/rea
ct-android-0.86.2-debug/prefa
b/modules/reactnative/include
/folly/json/dynamic-inl.h:327
:17: note: candidate 
constructor not viable: no 
known conversion from 
'Formatter<false, const 
float &>' to 'ObjectMaker 
(*)()' for 1st argument
  inline 
dynamic::dynamic(ObjectMaker 
(*)()) : type_(OBJECT) {
                  ^
  C:/Users/MANCHEM HIMESH/.gr
adle/caches/9.3.1/transforms/
236808c8bf210c3c94b0276182818
50c/workspace/transformed/rea
ct-android-0.86.2-debug/prefa
b/modules/reactnative/include
/folly/json/dynamic-inl.h:331
:17: note: candidate 
constructor not viable: no 
known conversion from 
'Formatter<false, const 
float &>' to 'const char *' 
for 1st argument
  inline 
dynamic::dynamic(char const* 
s) : type_(STRING) {
                  ^
  C:/Users/MANCHEM HIMESH/.gr
adle/caches/9.3.1/transforms/
236808c8bf210c3c94b0276182818
50c/workspace/transformed/rea
ct-android-0.86.2-debug/prefa
b/modules/reactnative/include
/folly/json/dynamic-inl.h:335
:17: note: candidate 
constructor not viable: no 
known conversion from 
'Formatter<false, const 
float &>' to 'std::string' 
(aka 'basic_string<char>') 
for 1st argument
  inline 
dynamic::dynamic(std::string 
s) : type_(STRING) {
                  ^
  C:/Users/MANCHEM HIMESH/.gr
adle/caches/9.3.1/transforms/
236808c8bf210c3c94b0276182818
50c/workspace/transformed/rea
ct-android-0.86.2-debug/prefa
b/modules/reactnative/include
/folly/json/dynamic-inl.h:344
:17: note: candidate 
constructor not viable: no 
known conversion from 
'Formatter<false, const 
float &>' to 'ObjectMaker 
&&' for 1st argument
  inline dynamic::dynamic(Obj
ectMaker&& maker) : 
type_(OBJECT) {
                  ^
  C:/Users/MANCHEM HIMESH/.gr
adle/caches/9.3.1/transforms/
236808c8bf210c3c94b0276182818
50c/workspace/transformed/rea
ct-android-0.86.2-debug/prefa
b/modules/reactnative/include
/folly/json/dynamic-inl.h:376
:17: note: candidate 
constructor not viable: no 
known conversion from 
'Formatter<false, const 
float &>' to 'std::vector<boo
l>::reference' (aka '__bit_re
ference<vector<bool, 
allocator<bool>>>') for 1st 
argument
  inline dynamic::dynamic(std
::vector<bool>::reference b)
                  ^
  C:/Users/MANCHEM HIMESH/.gr
adle/caches/9.3.1/transforms/
236808c8bf210c3c94b0276182818
50c/workspace/transformed/rea
ct-android-0.86.2-debug/prefa
b/modules/reactnative/include
/folly/json/dynamic-inl.h:378
:17: note: candidate 
constructor not viable: no 
known conversion from 
'Formatter<false, const 
float &>' to 
'VectorBoolConstRefCtorType' 
(aka 'std::__bit_const_refere
nce<std::vector<bool>>') for 
1st argument
  inline dynamic::dynamic(Vec
torBoolConstRefCtorType b)
                  ^
  C:/Users/MANCHEM HIMESH/.gr
adle/caches/9.3.1/transforms/
236808c8bf210c3c94b0276182818
50c/workspace/transformed/rea
ct-android-0.86.2-debug/prefa
b/modules/reactnative/include
/folly/json/dynamic-inl.h:340
:17: note: candidate 
template ignored: 
requirement 'is_detected_v<fo
lly::dynamic_detail::detect_c
onstruct_string, 
folly::Formatter<false, 
const float &>>' was not 
satisfied [with Stringish = 
Formatter<false, const float 
&>]
  inline 
dynamic::dynamic(Stringish&& 
s) : type_(STRING) {
                  ^
  C:/Users/MANCHEM HIMESH/.gr
adle/caches/9.3.1/transforms/
236808c8bf210c3c94b0276182818
50c/workspace/transformed/rea
ct-android-0.86.2-debug/prefa
b/modules/reactnative/include
/folly/json/dynamic-inl.h:384
:10: note: candidate 
template ignored: 
substitution failure [with T 
= Formatter<false, const 
float &>]: implicit 
instantiation of undefined 
template 'folly::dynamic::Num
ericTypeHelper<folly::Formatt
er<false, const float &>>'
  dynamic::dynamic(T t) {
           ^
  C:/Users/MANCHEM HIMESH/.gr
adle/caches/9.3.1/transforms/
236808c8bf210c3c94b0276182818
50c/workspace/transformed/rea
ct-android-0.86.2-debug/prefa
b/modules/reactnative/include
/folly/json/dynamic.h:1115:12
: note: explicit constructor 
is not a candidate
    explicit dynamic(Array&& 
r);
             ^
  2 errors generated.
  [7/29] Building CXX object 
RNQuickSQLite_autolinked_buil
d/CMakeFiles/react_codegen_RN
QuickSQLite.dir/react/rendere
r/components/RNQuickSQLite/Pr
ops.cpp.o
  FAILED: RNQuickSQLite_autol
inked_build/CMakeFiles/react_
codegen_RNQuickSQLite.dir/rea
ct/renderer/components/RNQuic
kSQLite/Props.cpp.o 
  C:\Users\MANCHE~1\AppData\L
ocal\Android\Sdk\ndk\261~1.10
9\TOOLCH~1\llvm\prebuilt\WIND
OW~1\bin\CLANG_~1.EXE --targe
t=aarch64-none-linux-android2
4 
--sysroot="C:/Users/MANCHEM H
IMESH/AppData/Local/Android/S
dk/ndk/26.1.10909125/toolchai
ns/llvm/prebuilt/windows-x86_
64/sysroot" 
-DRN_SERIALIZABLE_STATE 
-I"C:/Users/MANCHEM HIMESH/On
eDrive/Desktop/AttendanceApp/
node_modules/react-native-qui
ck-sqlite/android/build/gener
ated/source/codegen/jni/." 
-I"C:/Users/MANCHEM HIMESH/On
eDrive/Desktop/AttendanceApp/
node_modules/react-native-qui
ck-sqlite/android/build/gener
ated/source/codegen/jni/react
/renderer/components/RNQuickS
QLite" -isystem 
"C:/Users/MANCHEM HIMESH/.gra
dle/caches/9.3.1/transforms/5
f0fade6957df6709b3ef496f25cde
d4/workspace/transformed/fbjn
i-0.7.0/prefab/modules/fbjni/
include" -isystem 
"C:/Users/MANCHEM HIMESH/.gra
dle/caches/9.3.1/transforms/2
36808c8bf210c3c94b02761828185
0c/workspace/transformed/reac
t-android-0.86.2-debug/prefab
/modules/jsi/include" 
-isystem "C:/Users/MANCHEM HI
MESH/.gradle/caches/9.3.1/tra
nsforms/236808c8bf210c3c94b02
7618281850c/workspace/transfo
rmed/react-android-0.86.2-deb
ug/prefab/modules/reactnative
/include" -g -DANDROID 
-fdata-sections 
-ffunction-sections 
-funwind-tables 
-fstack-protector-strong 
-no-canonical-prefixes 
-D_FORTIFY_SOURCE=2 -Wformat 
-Werror=format-security   
-fno-limit-debug-info  -fPIC 
-Wall -Werror -fexceptions 
-frtti -std=c++20 
-DFOLLY_NO_CONFIG=1 
-DLOG_TAG=\"ReactNative\" 
-DFOLLY_HAVE_CLOCK_GETTIME=1 
-DFOLLY_USE_LIBCPP=1 
-DFOLLY_CFG_NO_COROUTINES=1 
-DFOLLY_MOBILE=1 
-DFOLLY_HAVE_RECVMMSG=1 
-DFOLLY_HAVE_PTHREAD=1 -DFOLL
Y_HAVE_XSI_STRERROR_R=1 -MD 
-MT RNQuickSQLite_autolinked_
build/CMakeFiles/react_codege
n_RNQuickSQLite.dir/react/ren
derer/components/RNQuickSQLit
e/Props.cpp.o -MF RNQuickSQLi
te_autolinked_build\CMakeFile
s\react_codegen_RNQuickSQLite
.dir\react\renderer\component
s\RNQuickSQLite\Props.cpp.o.d
 -o RNQuickSQLite_autolinked_
build/CMakeFiles/react_codege
n_RNQuickSQLite.dir/react/ren
derer/components/RNQuickSQLit
e/Props.cpp.o -c 
"C:/Users/MANCHEM HIMESH/OneD
rive/Desktop/AttendanceApp/no
de_modules/react-native-quick
-sqlite/android/build/generat
ed/source/codegen/jni/react/r
enderer/components/RNQuickSQL
ite/Props.cpp"
  In file included from 
C:/Users/MANCHEM HIMESH/OneDr
ive/Desktop/AttendanceApp/nod
e_modules/react-native-quick-
sqlite/android/build/generate
d/source/codegen/jni/react/re
nderer/components/RNQuickSQLi
te/Props.cpp:13:
  In file included from 
C:/Users/MANCHEM HIMESH/.grad
le/caches/9.3.1/transforms/23
6808c8bf210c3c94b027618281850
c/workspace/transformed/react
-android-0.86.2-debug/prefab/
modules/reactnative/include/r
eact/renderer/core/propsConve
rsions.h:15:
  C:/Users/MANCHEM HIMESH/.gr
adle/caches/9.3.1/transforms/
236808c8bf210c3c94b0276182818
50c/workspace/transformed/rea
ct-android-0.86.2-debug/prefa
b/modules/reactnative/include
/react/renderer/core/graphics
Conversions.h:71:14: error: 
no member named 'format' in 
namespace 'std'; did you 
mean 'folly::format'?
        return 
std::format("{}%", 
dimension.value);
               ^~~~~
  C:/Users/MANCHEM HIMESH/.gr
adle/caches/9.3.1/transforms/
236808c8bf210c3c94b0276182818
50c/workspace/transformed/rea
ct-android-0.86.2-debug/prefa
b/modules/reactnative/include
/folly/Format.h:291:1: note: 
'folly::format' declared here
  format(StringPiece fmt, 
Args&&... args) {
  ^
  In file included from 
C:/Users/MANCHEM HIMESH/OneDr
ive/Desktop/AttendanceApp/nod
e_modules/react-native-quick-
sqlite/android/build/generate
d/source/codegen/jni/react/re
nderer/components/RNQuickSQLi
te/Props.cpp:13:
  In file included from 
C:/Users/MANCHEM HIMESH/.grad
le/caches/9.3.1/transforms/23
6808c8bf210c3c94b027618281850
c/workspace/transformed/react
-android-0.86.2-debug/prefab/
modules/reactnative/include/r
eact/renderer/core/propsConve
rsions.h:15:
  C:/Users/MANCHEM HIMESH/.gr
adle/caches/9.3.1/transforms/
236808c8bf210c3c94b0276182818
50c/workspace/transformed/rea
ct-android-0.86.2-debug/prefa
b/modules/reactnative/include
/react/renderer/core/graphics
Conversions.h:71:14: error: 
no viable conversion from 
returned value of type 
'Formatter<false, const 
float &>' to function return 
type 'folly::dynamic'
        return 
std::format("{}%", 
dimension.value);
               ^~~~~~~~~~~~~~
~~~~~~~~~~~~~~~~~~~~~
  C:/Users/MANCHEM HIMESH/.gr
adle/caches/9.3.1/transforms/
236808c8bf210c3c94b0276182818
50c/workspace/transformed/rea
ct-android-0.86.2-debug/prefa
b/modules/reactnative/include
/folly/json/dynamic.h:238:18:
 note: candidate constructor 
not viable: no known 
conversion from 
'Formatter<false, const 
float &>' to 'const 
ObjectMaker &' for 1st 
argument
    /* implicit */ 
dynamic(ObjectMaker const&) 
= delete;
                   ^
  C:/Users/MANCHEM HIMESH/.gr
adle/caches/9.3.1/transforms/
236808c8bf210c3c94b0276182818
50c/workspace/transformed/rea
ct-android-0.86.2-debug/prefa
b/modules/reactnative/include
/folly/json/dynamic.h:289:3: 
note: candidate constructor 
not viable: no known 
conversion from 
'Formatter<false, const 
float &>' to 'const dynamic 
&' for 1st argument
    dynamic(dynamic const&);
    ^
  C:/Users/MANCHEM HIMESH/.gr
adle/caches/9.3.1/transforms/
236808c8bf210c3c94b0276182818
50c/workspace/transformed/rea
ct-android-0.86.2-debug/prefa
b/modules/reactnative/include
/folly/json/dynamic.h:290:3: 
note: candidate constructor 
not viable: no known 
conversion from 
'Formatter<false, const 
float &>' to 'dynamic &&' 
for 1st argument
    dynamic(dynamic&&) 
noexcept;
    ^
  C:/Users/MANCHEM HIMESH/.gr
adle/caches/9.3.1/transforms/
236808c8bf210c3c94b0276182818
50c/workspace/transformed/rea
ct-android-0.86.2-debug/prefa
b/modules/reactnative/include
/folly/json/dynamic-inl.h:321
:17: note: candidate 
constructor not viable: no 
known conversion from 
'Formatter<false, const 
float &>' to 
'std::nullptr_t' for 1st 
argument
  inline dynamic::dynamic(std
::nullptr_t) : type_(NULLT) 
{}
                  ^
  C:/Users/MANCHEM HIMESH/.gr
adle/caches/9.3.1/transforms/
236808c8bf210c3c94b0276182818
50c/workspace/transformed/rea
ct-android-0.86.2-debug/prefa
b/modules/reactnative/include
/folly/json/dynamic-inl.h:323
:17: note: candidate 
constructor not viable: no 
known conversion from 
'Formatter<false, const 
float &>' to 'void 
(*)(EmptyArrayTag)' for 1st 
argument
  inline 
dynamic::dynamic(void 
(*)(EmptyArrayTag)) : 
type_(ARRAY) {
                  ^
  C:/Users/MANCHEM HIMESH/.gr
adle/caches/9.3.1/transforms/
236808c8bf210c3c94b0276182818
50c/workspace/transformed/rea
ct-android-0.86.2-debug/prefa
b/modules/reactnative/include
/folly/json/dynamic-inl.h:327
:17: note: candidate 
constructor not viable: no 
known conversion from 
'Formatter<false, const 
float &>' to 'ObjectMaker 
(*)()' for 1st argument
  inline 
dynamic::dynamic(ObjectMaker 
(*)()) : type_(OBJECT) {
                  ^
  C:/Users/MANCHEM HIMESH/.gr
adle/caches/9.3.1/transforms/
236808c8bf210c3c94b0276182818
50c/workspace/transformed/rea
ct-android-0.86.2-debug/prefa
b/modules/reactnative/include
/folly/json/dynamic-inl.h:331
:17: note: candidate 
constructor not viable: no 
known conversion from 
'Formatter<false, const 
float &>' to 'const char *' 
for 1st argument
  inline 
dynamic::dynamic(char const* 
s) : type_(STRING) {
                  ^
  C:/Users/MANCHEM HIMESH/.gr
adle/caches/9.3.1/transforms/
236808c8bf210c3c94b0276182818
50c/workspace/transformed/rea
ct-android-0.86.2-debug/prefa
b/modules/reactnative/include
/folly/json/dynamic-inl.h:335
:17: note: candidate 
constructor not viable: no 
known conversion from 
'Formatter<false, const 
float &>' to 'std::string' 
(aka 'basic_string<char>') 
for 1st argument
  inline 
dynamic::dynamic(std::string 
s) : type_(STRING) {
                  ^
  C:/Users/MANCHEM HIMESH/.gr
adle/caches/9.3.1/transforms/
236808c8bf210c3c94b0276182818
50c/workspace/transformed/rea
ct-android-0.86.2-debug/prefa
b/modules/reactnative/include
/folly/json/dynamic-inl.h:344
:17: note: candidate 
constructor not viable: no 
known conversion from 
'Formatter<false, const 
float &>' to 'ObjectMaker 
&&' for 1st argument
  inline dynamic::dynamic(Obj
ectMaker&& maker) : 
type_(OBJECT) {
                  ^
  C:/Users/MANCHEM HIMESH/.gr
adle/caches/9.3.1/transforms/
236808c8bf210c3c94b0276182818
50c/workspace/transformed/rea
ct-android-0.86.2-debug/prefa
b/modules/reactnative/include
/folly/json/dynamic-inl.h:376
:17: note: candidate 
constructor not viable: no 
known conversion from 
'Formatter<false, const 
float &>' to 'std::vector<boo
l>::reference' (aka '__bit_re
ference<vector<bool, 
allocator<bool>>>') for 1st 
argument
  inline dynamic::dynamic(std
::vector<bool>::reference b)
                  ^
  C:/Users/MANCHEM HIMESH/.gr
adle/caches/9.3.1/transforms/
236808c8bf210c3c94b0276182818
50c/workspace/transformed/rea
ct-android-0.86.2-debug/prefa
b/modules/reactnative/include
/folly/json/dynamic-inl.h:378
:17: note: candidate 
constructor not viable: no 
known conversion from 
'Formatter<false, const 
float &>' to 
'VectorBoolConstRefCtorType' 
(aka 'std::__bit_const_refere
nce<std::vector<bool>>') for 
1st argument
  inline dynamic::dynamic(Vec
torBoolConstRefCtorType b)
                  ^
  C:/Users/MANCHEM HIMESH/.gr
adle/caches/9.3.1/transforms/
236808c8bf210c3c94b0276182818
50c/workspace/transformed/rea
ct-android-0.86.2-debug/prefa
b/modules/reactnative/include
/folly/json/dynamic-inl.h:340
:17: note: candidate 
template ignored: 
requirement 'is_detected_v<fo
lly::dynamic_detail::detect_c
onstruct_string, 
folly::Formatter<false, 
const float &>>' was not 
satisfied [with Stringish = 
Formatter<false, const float 
&>]
  inline 
dynamic::dynamic(Stringish&& 
s) : type_(STRING) {
                  ^
  C:/Users/MANCHEM HIMESH/.gr
adle/caches/9.3.1/transforms/
236808c8bf210c3c94b0276182818
50c/workspace/transformed/rea
ct-android-0.86.2-debug/prefa
b/modules/reactnative/include
/folly/json/dynamic-inl.h:384
:10: note: candidate 
template ignored: 
substitution failure [with T 
= Formatter<false, const 
float &>]: implicit 
instantiation of undefined 
template 'folly::dynamic::Num
ericTypeHelper<folly::Formatt
er<false, const float &>>'
  dynamic::dynamic(T t) {
           ^
  C:/Users/MANCHEM HIMESH/.gr
adle/caches/9.3.1/transforms/
236808c8bf210c3c94b0276182818
50c/workspace/transformed/rea
ct-android-0.86.2-debug/prefa
b/modules/reactnative/include
/folly/json/dynamic.h:1115:12
: note: explicit constructor 
is not a candidate
    explicit dynamic(Array&& 
r);
             ^
  2 errors generated.
  [8/29] Building CXX object 
RNGetRandomValuesSpec_autolin
ked_build/CMakeFiles/react_co
degen_RNGetRandomValuesSpec.d
ir/fa080ef6bf2b39110ccbfa883f
e85525/ComponentDescriptors.c
pp.o
  FAILED: RNGetRandomValuesSp
ec_autolinked_build/CMakeFile
s/react_codegen_RNGetRandomVa
luesSpec.dir/fa080ef6bf2b3911
0ccbfa883fe85525/ComponentDes
criptors.cpp.o 
  C:\Users\MANCHE~1\AppData\L
ocal\Android\Sdk\ndk\261~1.10
9\TOOLCH~1\llvm\prebuilt\WIND
OW~1\bin\CLANG_~1.EXE --targe
t=aarch64-none-linux-android2
4 
--sysroot="C:/Users/MANCHEM H
IMESH/AppData/Local/Android/S
dk/ndk/26.1.10909125/toolchai
ns/llvm/prebuilt/windows-x86_
64/sysroot" 
-DRN_SERIALIZABLE_STATE 
-I"C:/Users/MANCHEM HIMESH/On
eDrive/Desktop/AttendanceApp/
node_modules/react-native-get
-random-values/android/build/
generated/source/codegen/jni/
." -I"C:/Users/MANCHEM HIMESH
/OneDrive/Desktop/AttendanceA
pp/node_modules/react-native-
get-random-values/android/bui
ld/generated/source/codegen/j
ni/react/renderer/components/
RNGetRandomValuesSpec" 
-isystem "C:/Users/MANCHEM HI
MESH/.gradle/caches/9.3.1/tra
nsforms/5f0fade6957df6709b3ef
496f25cded4/workspace/transfo
rmed/fbjni-0.7.0/prefab/modul
es/fbjni/include" -isystem 
"C:/Users/MANCHEM HIMESH/.gra
dle/caches/9.3.1/transforms/2
36808c8bf210c3c94b02761828185
0c/workspace/transformed/reac
t-android-0.86.2-debug/prefab
/modules/jsi/include" 
-isystem "C:/Users/MANCHEM HI
MESH/.gradle/caches/9.3.1/tra
nsforms/236808c8bf210c3c94b02
7618281850c/workspace/transfo
rmed/react-android-0.86.2-deb
ug/prefab/modules/reactnative
/include" -g -DANDROID 
-fdata-sections 
-ffunction-sections 
-funwind-tables 
-fstack-protector-strong 
-no-canonical-prefixes 
-D_FORTIFY_SOURCE=2 -Wformat 
-Werror=format-security   
-fno-limit-debug-info  -fPIC 
-Wall -Werror -fexceptions 
-frtti -std=c++20 
-DFOLLY_NO_CONFIG=1 
-DLOG_TAG=\"ReactNative\" 
-DFOLLY_HAVE_CLOCK_GETTIME=1 
-DFOLLY_USE_LIBCPP=1 
-DFOLLY_CFG_NO_COROUTINES=1 
-DFOLLY_MOBILE=1 
-DFOLLY_HAVE_RECVMMSG=1 
-DFOLLY_HAVE_PTHREAD=1 -DFOLL
Y_HAVE_XSI_STRERROR_R=1 -MD 
-MT RNGetRandomValuesSpec_aut
olinked_build/CMakeFiles/reac
t_codegen_RNGetRandomValuesSp
ec.dir/fa080ef6bf2b39110ccbfa
883fe85525/ComponentDescripto
rs.cpp.o -MF RNGetRandomValue
sSpec_autolinked_build\CMakeF
iles\react_codegen_RNGetRando
mValuesSpec.dir\fa080ef6bf2b3
9110ccbfa883fe85525\Component
Descriptors.cpp.o.d -o RNGetR
andomValuesSpec_autolinked_bu
ild/CMakeFiles/react_codegen_
RNGetRandomValuesSpec.dir/fa0
80ef6bf2b39110ccbfa883fe85525
/ComponentDescriptors.cpp.o 
-c "C:/Users/MANCHEM HIMESH/O
neDrive/Desktop/AttendanceApp
/node_modules/react-native-ge
t-random-values/android/build
/generated/source/codegen/jni
/react/renderer/components/RN
GetRandomValuesSpec/Component
Descriptors.cpp"
  In file included from 
C:/Users/MANCHEM HIMESH/OneDr
ive/Desktop/AttendanceApp/nod
e_modules/react-native-get-ra
ndom-values/android/build/gen
erated/source/codegen/jni/rea
ct/renderer/components/RNGetR
andomValuesSpec/ComponentDesc
riptors.cpp:11:
  In file included from 
C:/Users/MANCHEM HIMESH/OneDr
ive/Desktop/AttendanceApp/nod
e_modules/react-native-get-ra
ndom-values/android/build/gen
erated/source/codegen/jni/./r
eact/renderer/components/RNGe
tRandomValuesSpec/ComponentDe
scriptors.h:13:
  In file included from 
C:/Users/MANCHEM HIMESH/OneDr
ive/Desktop/AttendanceApp/nod
e_modules/react-native-get-ra
ndom-values/android/build/gen
erated/source/codegen/jni/./r
eact/renderer/components/RNGe
tRandomValuesSpec/ShadowNodes
.h:16:
  In file included from 
C:/Users/MANCHEM HIMESH/.grad
le/caches/9.3.1/transforms/23
6808c8bf210c3c94b027618281850
c/workspace/transformed/react
-android-0.86.2-debug/prefab/
modules/reactnative/include/r
eact/renderer/components/view
/ConcreteViewShadowNode.h:10:
  In file included from 
C:/Users/MANCHEM HIMESH/.grad
le/caches/9.3.1/transforms/23
6808c8bf210c3c94b027618281850
c/workspace/transformed/react
-android-0.86.2-debug/prefab/
modules/reactnative/include/r
eact/renderer/components/view
/HostPlatformViewTraitsInitia
lizer.h:10:
  In file included from 
C:/Users/MANCHEM HIMESH/.grad
le/caches/9.3.1/transforms/23
6808c8bf210c3c94b027618281850
c/workspace/transformed/react
-android-0.86.2-debug/prefab/
modules/reactnative/include/r
eact/renderer/components/view
/ViewProps.h:10:
  In file included from 
C:/Users/MANCHEM HIMESH/.grad
le/caches/9.3.1/transforms/23
6808c8bf210c3c94b027618281850
c/workspace/transformed/react
-android-0.86.2-debug/prefab/
modules/reactnative/include/r
eact/renderer/components/view
/HostPlatformViewProps.h:11:
  In file included from 
C:/Users/MANCHEM HIMESH/.grad
le/caches/9.3.1/transforms/23
6808c8bf210c3c94b027618281850
c/workspace/transformed/react
-android-0.86.2-debug/prefab/
modules/reactnative/include/r
eact/renderer/components/view
/NativeDrawable.h:13:
  C:/Users/MANCHEM HIMESH/.gr
adle/caches/9.3.1/transforms/
236808c8bf210c3c94b0276182818
50c/workspace/transformed/rea
ct-android-0.86.2-debug/prefa
b/modules/reactnative/include
/react/renderer/core/graphics
Conversions.h:71:14: error: 
no member named 'format' in 
namespace 'std'; did you 
mean 'folly::format'?
        return 
std::format("{}%", 
dimension.value);
               ^~~~~
  C:/Users/MANCHEM HIMESH/.gr
adle/caches/9.3.1/transforms/
236808c8bf210c3c94b0276182818
50c/workspace/transformed/rea
ct-android-0.86.2-debug/prefa
b/modules/reactnative/include
/folly/Format.h:291:1: note: 
'folly::format' declared here
  format(StringPiece fmt, 
Args&&... args) {
  ^
  In file included from 
C:/Users/MANCHEM HIMESH/OneDr
ive/Desktop/AttendanceApp/nod
e_modules/react-native-get-ra
ndom-values/android/build/gen
erated/source/codegen/jni/rea
ct/renderer/components/RNGetR
andomValuesSpec/ComponentDesc
riptors.cpp:11:
  In file included from 
C:/Users/MANCHEM HIMESH/OneDr
ive/Desktop/AttendanceApp/nod
e_modules/react-native-get-ra
ndom-values/android/build/gen
erated/source/codegen/jni/./r
eact/renderer/components/RNGe
tRandomValuesSpec/ComponentDe
scriptors.h:13:
  In file included from 
C:/Users/MANCHEM HIMESH/OneDr
ive/Desktop/AttendanceApp/nod
e_modules/react-native-get-ra
ndom-values/android/build/gen
erated/source/codegen/jni/./r
eact/renderer/components/RNGe
tRandomValuesSpec/ShadowNodes
.h:16:
  In file included from 
C:/Users/MANCHEM HIMESH/.grad
le/caches/9.3.1/transforms/23
6808c8bf210c3c94b027618281850
c/workspace/transformed/react
-android-0.86.2-debug/prefab/
modules/reactnative/include/r
eact/renderer/components/view
/ConcreteViewShadowNode.h:10:
  In file included from 
C:/Users/MANCHEM HIMESH/.grad
le/caches/9.3.1/transforms/23
6808c8bf210c3c94b027618281850
c/workspace/transformed/react
-android-0.86.2-debug/prefab/
modules/reactnative/include/r
eact/renderer/components/view
/HostPlatformViewTraitsInitia
lizer.h:10:
  In file included from 
C:/Users/MANCHEM HIMESH/.grad
le/caches/9.3.1/transforms/23
6808c8bf210c3c94b027618281850
c/workspace/transformed/react
-android-0.86.2-debug/prefab/
modules/reactnative/include/r
eact/renderer/components/view
/ViewProps.h:10:
  In file included from 
C:/Users/MANCHEM HIMESH/.grad
le/caches/9.3.1/transforms/23
6808c8bf210c3c94b027618281850
c/workspace/transformed/react
-android-0.86.2-debug/prefab/
modules/reactnative/include/r
eact/renderer/components/view
/HostPlatformViewProps.h:11:
  In file included from 
C:/Users/MANCHEM HIMESH/.grad
le/caches/9.3.1/transforms/23
6808c8bf210c3c94b027618281850
c/workspace/transformed/react
-android-0.86.2-debug/prefab/
modules/reactnative/include/r
eact/renderer/components/view
/NativeDrawable.h:13:
  C:/Users/MANCHEM HIMESH/.gr
adle/caches/9.3.1/transforms/
236808c8bf210c3c94b0276182818
50c/workspace/transformed/rea
ct-android-0.86.2-debug/prefa
b/modules/reactnative/include
/react/renderer/core/graphics
Conversions.h:71:14: error: 
no viable conversion from 
returned value of type 
'Formatter<false, const 
float &>' to function return 
type 'folly::dynamic'
        return 
std::format("{}%", 
dimension.value);
               ^~~~~~~~~~~~~~
~~~~~~~~~~~~~~~~~~~~~
  C:/Users/MANCHEM HIMESH/.gr
adle/caches/9.3.1/transforms/
236808c8bf210c3c94b0276182818
50c/workspace/transformed/rea
ct-android-0.86.2-debug/prefa
b/modules/reactnative/include
/folly/json/dynamic.h:238:18:
 note: candidate constructor 
not viable: no known 
conversion from 
'Formatter<false, const 
float &>' to 'const 
ObjectMaker &' for 1st 
argument
    /* implicit */ 
dynamic(ObjectMaker const&) 
= delete;
                   ^
  C:/Users/MANCHEM HIMESH/.gr
adle/caches/9.3.1/transforms/
236808c8bf210c3c94b0276182818
50c/workspace/transformed/rea
ct-android-0.86.2-debug/prefa
b/modules/reactnative/include
/folly/json/dynamic.h:289:3: 
note: candidate constructor 
not viable: no known 
conversion from 
'Formatter<false, const 
float &>' to 'const dynamic 
&' for 1st argument
    dynamic(dynamic const&);
    ^
  C:/Users/MANCHEM HIMESH/.gr
adle/caches/9.3.1/transforms/
236808c8bf210c3c94b0276182818
50c/workspace/transformed/rea
ct-android-0.86.2-debug/prefa
b/modules/reactnative/include
/folly/json/dynamic.h:290:3: 
note: candidate constructor 
not viable: no known 
conversion from 
'Formatter<false, const 
float &>' to 'dynamic &&' 
for 1st argument
    dynamic(dynamic&&) 
noexcept;
    ^
  C:/Users/MANCHEM HIMESH/.gr
adle/caches/9.3.1/transforms/
236808c8bf210c3c94b0276182818
50c/workspace/transformed/rea
ct-android-0.86.2-debug/prefa
b/modules/reactnative/include
/folly/json/dynamic-inl.h:321
:17: note: candidate 
constructor not viable: no 
known conversion from 
'Formatter<false, const 
float &>' to 
'std::nullptr_t' for 1st 
argument
  inline dynamic::dynamic(std
::nullptr_t) : type_(NULLT) 
{}
                  ^
  C:/Users/MANCHEM HIMESH/.gr
adle/caches/9.3.1/transforms/
236808c8bf210c3c94b0276182818
50c/workspace/transformed/rea
ct-android-0.86.2-debug/prefa
b/modules/reactnative/include
/folly/json/dynamic-inl.h:323
:17: note: candidate 
constructor not viable: no 
known conversion from 
'Formatter<false, const 
float &>' to 'void 
(*)(EmptyArrayTag)' for 1st 
argument
  inline 
dynamic::dynamic(void 
(*)(EmptyArrayTag)) : 
type_(ARRAY) {
                  ^
  C:/Users/MANCHEM HIMESH/.gr
adle/caches/9.3.1/transforms/
236808c8bf210c3c94b0276182818
50c/workspace/transformed/rea
ct-android-0.86.2-debug/prefa
b/modules/reactnative/include
/folly/json/dynamic-inl.h:327
:17: note: candidate 
constructor not viable: no 
known conversion from 
'Formatter<false, const 
float &>' to 'ObjectMaker 
(*)()' for 1st argument
  inline 
dynamic::dynamic(ObjectMaker 
(*)()) : type_(OBJECT) {
                  ^
  C:/Users/MANCHEM HIMESH/.gr
adle/caches/9.3.1/transforms/
236808c8bf210c3c94b0276182818
50c/workspace/transformed/rea
ct-android-0.86.2-debug/prefa
b/modules/reactnative/include
/folly/json/dynamic-inl.h:331
:17: note: candidate 
constructor not viable: no 
known conversion from 
'Formatter<false, const 
float &>' to 'const char *' 
for 1st argument
  inline 
dynamic::dynamic(char const* 
s) : type_(STRING) {
                  ^
  C:/Users/MANCHEM HIMESH/.gr
adle/caches/9.3.1/transforms/
236808c8bf210c3c94b0276182818
50c/workspace/transformed/rea
ct-android-0.86.2-debug/prefa
b/modules/reactnative/include
/folly/json/dynamic-inl.h:335
:17: note: candidate 
constructor not viable: no 
known conversion from 
'Formatter<false, const 
float &>' to 'std::string' 
(aka 'basic_string<char>') 
for 1st argument
  inline 
dynamic::dynamic(std::string 
s) : type_(STRING) {
                  ^
  C:/Users/MANCHEM HIMESH/.gr
adle/caches/9.3.1/transforms/
236808c8bf210c3c94b0276182818
50c/workspace/transformed/rea
ct-android-0.86.2-debug/prefa
b/modules/reactnative/include
/folly/json/dynamic-inl.h:344
:17: note: candidate 
constructor not viable: no 
known conversion from 
'Formatter<false, const 
float &>' to 'ObjectMaker 
&&' for 1st argument
  inline dynamic::dynamic(Obj
ectMaker&& maker) : 
type_(OBJECT) {
                  ^
  C:/Users/MANCHEM HIMESH/.gr
adle/caches/9.3.1/transforms/
236808c8bf210c3c94b0276182818
50c/workspace/transformed/rea
ct-android-0.86.2-debug/prefa
b/modules/reactnative/include
/folly/json/dynamic-inl.h:376
:17: note: candidate 
constructor not viable: no 
known conversion from 
'Formatter<false, const 
float &>' to 'std::vector<boo
l>::reference' (aka '__bit_re
ference<vector<bool, 
allocator<bool>>>') for 1st 
argument
  inline dynamic::dynamic(std
::vector<bool>::reference b)
                  ^
  C:/Users/MANCHEM HIMESH/.gr
adle/caches/9.3.1/transforms/
236808c8bf210c3c94b0276182818
50c/workspace/transformed/rea
ct-android-0.86.2-debug/prefa
b/modules/reactnative/include
/folly/json/dynamic-inl.h:378
:17: note: candidate 
constructor not viable: no 
known conversion from 
'Formatter<false, const 
float &>' to 
'VectorBoolConstRefCtorType' 
(aka 'std::__bit_const_refere
nce<std::vector<bool>>') for 
1st argument
  inline dynamic::dynamic(Vec
torBoolConstRefCtorType b)
                  ^
  C:/Users/MANCHEM HIMESH/.gr
adle/caches/9.3.1/transforms/
236808c8bf210c3c94b0276182818
50c/workspace/transformed/rea
ct-android-0.86.2-debug/prefa
b/modules/reactnative/include
/folly/json/dynamic-inl.h:340
:17: note: candidate 
template ignored: 
requirement 'is_detected_v<fo
lly::dynamic_detail::detect_c
onstruct_string, 
folly::Formatter<false, 
const float &>>' was not 
satisfied [with Stringish = 
Formatter<false, const float 
&>]
  inline 
dynamic::dynamic(Stringish&& 
s) : type_(STRING) {
                  ^
  C:/Users/MANCHEM HIMESH/.gr
adle/caches/9.3.1/transforms/
236808c8bf210c3c94b0276182818
50c/workspace/transformed/rea
ct-android-0.86.2-debug/prefa
b/modules/reactnative/include
/folly/json/dynamic-inl.h:384
:10: note: candidate 
template ignored: 
substitution failure [with T 
= Formatter<false, const 
float &>]: implicit 
instantiation of undefined 
template 'folly::dynamic::Num
ericTypeHelper<folly::Formatt
er<false, const float &>>'
  dynamic::dynamic(T t) {
           ^
  C:/Users/MANCHEM HIMESH/.gr
adle/caches/9.3.1/transforms/
236808c8bf210c3c94b0276182818
50c/workspace/transformed/rea
ct-android-0.86.2-debug/prefa
b/modules/reactnative/include
/folly/json/dynamic.h:1115:12
: note: explicit constructor 
is not a candidate
    explicit dynamic(Array&& 
r);
             ^
  2 errors generated.
  [9/29] Building CXX object 
AsyncStorageSpec_autolinked_b
uild/CMakeFiles/react_codegen
_AsyncStorageSpec.dir/react/r
enderer/components/AsyncStora
geSpec/ComponentDescriptors.c
pp.o
  FAILED: AsyncStorageSpec_au
tolinked_build/CMakeFiles/rea
ct_codegen_AsyncStorageSpec.d
ir/react/renderer/components/
AsyncStorageSpec/ComponentDes
criptors.cpp.o 
  C:\Users\MANCHE~1\AppData\L
ocal\Android\Sdk\ndk\261~1.10
9\TOOLCH~1\llvm\prebuilt\WIND
OW~1\bin\CLANG_~1.EXE --targe
t=aarch64-none-linux-android2
4 
--sysroot="C:/Users/MANCHEM H
IMESH/AppData/Local/Android/S
dk/ndk/26.1.10909125/toolchai
ns/llvm/prebuilt/windows-x86_
64/sysroot" 
-DRN_SERIALIZABLE_STATE 
-I"C:/Users/MANCHEM HIMESH/On
eDrive/Desktop/AttendanceApp/
node_modules/@react-native-as
ync-storage/async-storage/and
roid/build/generated/source/c
odegen/jni/." 
-I"C:/Users/MANCHEM HIMESH/On
eDrive/Desktop/AttendanceApp/
node_modules/@react-native-as
ync-storage/async-storage/and
roid/build/generated/source/c
odegen/jni/react/renderer/com
ponents/AsyncStorageSpec" 
-isystem "C:/Users/MANCHEM HI
MESH/.gradle/caches/9.3.1/tra
nsforms/5f0fade6957df6709b3ef
496f25cded4/workspace/transfo
rmed/fbjni-0.7.0/prefab/modul
es/fbjni/include" -isystem 
"C:/Users/MANCHEM HIMESH/.gra
dle/caches/9.3.1/transforms/2
36808c8bf210c3c94b02761828185
0c/workspace/transformed/reac
t-android-0.86.2-debug/prefab
/modules/jsi/include" 
-isystem "C:/Users/MANCHEM HI
MESH/.gradle/caches/9.3.1/tra
nsforms/236808c8bf210c3c94b02
7618281850c/workspace/transfo
rmed/react-android-0.86.2-deb
ug/prefab/modules/reactnative
/include" -g -DANDROID 
-fdata-sections 
-ffunction-sections 
-funwind-tables 
-fstack-protector-strong 
-no-canonical-prefixes 
-D_FORTIFY_SOURCE=2 -Wformat 
-Werror=format-security   
-fno-limit-debug-info  -fPIC 
-Wall -Werror -fexceptions 
-frtti -std=c++20 
-DFOLLY_NO_CONFIG=1 
-DLOG_TAG=\"ReactNative\" 
-DFOLLY_HAVE_CLOCK_GETTIME=1 
-DFOLLY_USE_LIBCPP=1 
-DFOLLY_CFG_NO_COROUTINES=1 
-DFOLLY_MOBILE=1 
-DFOLLY_HAVE_RECVMMSG=1 
-DFOLLY_HAVE_PTHREAD=1 -DFOLL
Y_HAVE_XSI_STRERROR_R=1 -MD 
-MT AsyncStorageSpec_autolink
ed_build/CMakeFiles/react_cod
egen_AsyncStorageSpec.dir/rea
ct/renderer/components/AsyncS
torageSpec/ComponentDescripto
rs.cpp.o -MF AsyncStorageSpec
_autolinked_build\CMakeFiles\
react_codegen_AsyncStorageSpe
c.dir\react\renderer\componen
ts\AsyncStorageSpec\Component
Descriptors.cpp.o.d -o AsyncS
torageSpec_autolinked_build/C
MakeFiles/react_codegen_Async
StorageSpec.dir/react/rendere
r/components/AsyncStorageSpec
/ComponentDescriptors.cpp.o 
-c "C:/Users/MANCHEM HIMESH/O
neDrive/Desktop/AttendanceApp
/node_modules/@react-native-a
sync-storage/async-storage/an
droid/build/generated/source/
codegen/jni/react/renderer/co
mponents/AsyncStorageSpec/Com
ponentDescriptors.cpp"
  In file included from 
C:/Users/MANCHEM HIMESH/OneDr
ive/Desktop/AttendanceApp/nod
e_modules/@react-native-async
-storage/async-storage/androi
d/build/generated/source/code
gen/jni/react/renderer/compon
ents/AsyncStorageSpec/Compone
ntDescriptors.cpp:11:
  In file included from 
C:/Users/MANCHEM HIMESH/OneDr
ive/Desktop/AttendanceApp/nod
e_modules/@react-native-async
-storage/async-storage/androi
d/build/generated/source/code
gen/jni/./react/renderer/comp
onents/AsyncStorageSpec/Compo
nentDescriptors.h:13:
  In file included from 
C:/Users/MANCHEM HIMESH/OneDr
ive/Desktop/AttendanceApp/nod
e_modules/@react-native-async
-storage/async-storage/androi
d/build/generated/source/code
gen/jni/./react/renderer/comp
onents/AsyncStorageSpec/Shado
wNodes.h:16:
  In file included from 
C:/Users/MANCHEM HIMESH/.grad
le/caches/9.3.1/transforms/23
6808c8bf210c3c94b027618281850
c/workspace/transformed/react
-android-0.86.2-debug/prefab/
modules/reactnative/include/r
eact/renderer/components/view
/ConcreteViewShadowNode.h:10:
  In file included from 
C:/Users/MANCHEM HIMESH/.grad
le/caches/9.3.1/transforms/23
6808c8bf210c3c94b027618281850
c/workspace/transformed/react
-android-0.86.2-debug/prefab/
modules/reactnative/include/r
eact/renderer/components/view
/HostPlatformViewTraitsInitia
lizer.h:10:
  In file included from 
C:/Users/MANCHEM HIMESH/.grad
le/caches/9.3.1/transforms/23
6808c8bf210c3c94b027618281850
c/workspace/transformed/react
-android-0.86.2-debug/prefab/
modules/reactnative/include/r
eact/renderer/components/view
/ViewProps.h:10:
  In file included from 
C:/Users/MANCHEM HIMESH/.grad
le/caches/9.3.1/transforms/23
6808c8bf210c3c94b027618281850
c/workspace/transformed/react
-android-0.86.2-debug/prefab/
modules/reactnative/include/r
eact/renderer/components/view
/HostPlatformViewProps.h:11:
  In file included from 
C:/Users/MANCHEM HIMESH/.grad
le/caches/9.3.1/transforms/23
6808c8bf210c3c94b027618281850
c/workspace/transformed/react
-android-0.86.2-debug/prefab/
modules/reactnative/include/r
eact/renderer/components/view
/NativeDrawable.h:13:
  C:/Users/MANCHEM HIMESH/.gr
adle/caches/9.3.1/transforms/
236808c8bf210c3c94b0276182818
50c/workspace/transformed/rea
ct-android-0.86.2-debug/prefa
b/modules/reactnative/include
/react/renderer/core/graphics
Conversions.h:71:14: error: 
no member named 'format' in 
namespace 'std'; did you 
mean 'folly::format'?
        return 
std::format("{}%", 
dimension.value);
               ^~~~~
  C:/Users/MANCHEM HIMESH/.gr
adle/caches/9.3.1/transforms/
236808c8bf210c3c94b0276182818
50c/workspace/transformed/rea
ct-android-0.86.2-debug/prefa
b/modules/reactnative/include
/folly/Format.h:291:1: note: 
'folly::format' declared here
  format(StringPiece fmt, 
Args&&... args) {
  ^
  In file included from 
C:/Users/MANCHEM HIMESH/OneDr
ive/Desktop/AttendanceApp/nod
e_modules/@react-native-async
-storage/async-storage/androi
d/build/generated/source/code
gen/jni/react/renderer/compon
ents/AsyncStorageSpec/Compone
ntDescriptors.cpp:11:
  In file included from 
C:/Users/MANCHEM HIMESH/OneDr
ive/Desktop/AttendanceApp/nod
e_modules/@react-native-async
-storage/async-storage/androi
d/build/generated/source/code
gen/jni/./react/renderer/comp
onents/AsyncStorageSpec/Compo
nentDescriptors.h:13:
  In file included from 
C:/Users/MANCHEM HIMESH/OneDr
ive/Desktop/AttendanceApp/nod
e_modules/@react-native-async
-storage/async-storage/androi
d/build/generated/source/code
gen/jni/./react/renderer/comp
onents/AsyncStorageSpec/Shado
wNodes.h:16:
  In file included from 
C:/Users/MANCHEM HIMESH/.grad
le/caches/9.3.1/transforms/23
6808c8bf210c3c94b027618281850
c/workspace/transformed/react
-android-0.86.2-debug/prefab/
modules/reactnative/include/r
eact/renderer/components/view
/ConcreteViewShadowNode.h:10:
  In file included from 
C:/Users/MANCHEM HIMESH/.grad
le/caches/9.3.1/transforms/23
6808c8bf210c3c94b027618281850
c/workspace/transformed/react
-android-0.86.2-debug/prefab/
modules/reactnative/include/r
eact/renderer/components/view
/HostPlatformViewTraitsInitia
lizer.h:10:
  In file included from 
C:/Users/MANCHEM HIMESH/.grad
le/caches/9.3.1/transforms/23
6808c8bf210c3c94b027618281850
c/workspace/transformed/react
-android-0.86.2-debug/prefab/
modules/reactnative/include/r
eact/renderer/components/view
/ViewProps.h:10:
  In file included from 
C:/Users/MANCHEM HIMESH/.grad
le/caches/9.3.1/transforms/23
6808c8bf210c3c94b027618281850
c/workspace/transformed/react
-android-0.86.2-debug/prefab/
modules/reactnative/include/r
eact/renderer/components/view
/HostPlatformViewProps.h:11:
  In file included from 
C:/Users/MANCHEM HIMESH/.grad
le/caches/9.3.1/transforms/23
6808c8bf210c3c94b027618281850
c/workspace/transformed/react
-android-0.86.2-debug/prefab/
modules/reactnative/include/r
eact/renderer/components/view
/NativeDrawable.h:13:
  C:/Users/MANCHEM HIMESH/.gr
adle/caches/9.3.1/transforms/
236808c8bf210c3c94b0276182818
50c/workspace/transformed/rea
ct-android-0.86.2-debug/prefa
b/modules/reactnative/include
/react/renderer/core/graphics
Conversions.h:71:14: error: 
no viable conversion from 
returned value of type 
'Formatter<false, const 
float &>' to function return 
type 'folly::dynamic'
        return 
std::format("{}%", 
dimension.value);
               ^~~~~~~~~~~~~~
~~~~~~~~~~~~~~~~~~~~~
  C:/Users/MANCHEM HIMESH/.gr
adle/caches/9.3.1/transforms/
236808c8bf210c3c94b0276182818
50c/workspace/transformed/rea
ct-android-0.86.2-debug/prefa
b/modules/reactnative/include
/folly/json/dynamic.h:238:18:
 note: candidate constructor 
not viable: no known 
conversion from 
'Formatter<false, const 
float &>' to 'const 
ObjectMaker &' for 1st 
argument
    /* implicit */ 
dynamic(ObjectMaker const&) 
= delete;
                   ^
  C:/Users/MANCHEM HIMESH/.gr
adle/caches/9.3.1/transforms/
236808c8bf210c3c94b0276182818
50c/workspace/transformed/rea
ct-android-0.86.2-debug/prefa
b/modules/reactnative/include
/folly/json/dynamic.h:289:3: 
note: candidate constructor 
not viable: no known 
conversion from 
'Formatter<false, const 
float &>' to 'const dynamic 
&' for 1st argument
    dynamic(dynamic const&);
    ^
  C:/Users/MANCHEM HIMESH/.gr
adle/caches/9.3.1/transforms/
236808c8bf210c3c94b0276182818
50c/workspace/transformed/rea
ct-android-0.86.2-debug/prefa
b/modules/reactnative/include
/folly/json/dynamic.h:290:3: 
note: candidate constructor 
not viable: no known 
conversion from 
'Formatter<false, const 
float &>' to 'dynamic &&' 
for 1st argument
    dynamic(dynamic&&) 
noexcept;
    ^
  C:/Users/MANCHEM HIMESH/.gr
adle/caches/9.3.1/transforms/
236808c8bf210c3c94b0276182818
50c/workspace/transformed/rea
ct-android-0.86.2-debug/prefa
b/modules/reactnative/include
/folly/json/dynamic-inl.h:321
:17: note: candidate 
constructor not viable: no 
known conversion from 
'Formatter<false, const 
float &>' to 
'std::nullptr_t' for 1st 
argument
  inline dynamic::dynamic(std
::nullptr_t) : type_(NULLT) 
{}
                  ^
  C:/Users/MANCHEM HIMESH/.gr
adle/caches/9.3.1/transforms/
236808c8bf210c3c94b0276182818
50c/workspace/transformed/rea
ct-android-0.86.2-debug/prefa
b/modules/reactnative/include
/folly/json/dynamic-inl.h:323
:17: note: candidate 
constructor not viable: no 
known conversion from 
'Formatter<false, const 
float &>' to 'void 
(*)(EmptyArrayTag)' for 1st 
argument
  inline 
dynamic::dynamic(void 
(*)(EmptyArrayTag)) : 
type_(ARRAY) {
                  ^
  C:/Users/MANCHEM HIMESH/.gr
adle/caches/9.3.1/transforms/
236808c8bf210c3c94b0276182818
50c/workspace/transformed/rea
ct-android-0.86.2-debug/prefa
b/modules/reactnative/include
/folly/json/dynamic-inl.h:327
:17: note: candidate 
constructor not viable: no 
known conversion from 
'Formatter<false, const 
float &>' to 'ObjectMaker 
(*)()' for 1st argument
  inline 
dynamic::dynamic(ObjectMaker 
(*)()) : type_(OBJECT) {
                  ^
  C:/Users/MANCHEM HIMESH/.gr
adle/caches/9.3.1/transforms/
236808c8bf210c3c94b0276182818
50c/workspace/transformed/rea
ct-android-0.86.2-debug/prefa
b/modules/reactnative/include
/folly/json/dynamic-inl.h:331
:17: note: candidate 
constructor not viable: no 
known conversion from 
'Formatter<false, const 
float &>' to 'const char *' 
for 1st argument
  inline 
dynamic::dynamic(char const* 
s) : type_(STRING) {
                  ^
  C:/Users/MANCHEM HIMESH/.gr
adle/caches/9.3.1/transforms/
236808c8bf210c3c94b0276182818
50c/workspace/transformed/rea
ct-android-0.86.2-debug/prefa
b/modules/reactnative/include
/folly/json/dynamic-inl.h:335
:17: note: candidate 
constructor not viable: no 
known conversion from 
'Formatter<false, const 
float &>' to 'std::string' 
(aka 'basic_string<char>') 
for 1st argument
  inline 
dynamic::dynamic(std::string 
s) : type_(STRING) {
                  ^
  C:/Users/MANCHEM HIMESH/.gr
adle/caches/9.3.1/transforms/
236808c8bf210c3c94b0276182818
50c/workspace/transformed/rea
ct-android-0.86.2-debug/prefa
b/modules/reactnative/include
/folly/json/dynamic-inl.h:344
:17: note: candidate 
constructor not viable: no 
known conversion from 
'Formatter<false, const 
float &>' to 'ObjectMaker 
&&' for 1st argument
  inline dynamic::dynamic(Obj
ectMaker&& maker) : 
type_(OBJECT) {
                  ^
  C:/Users/MANCHEM HIMESH/.gr
adle/caches/9.3.1/transforms/
236808c8bf210c3c94b0276182818
50c/workspace/transformed/rea
ct-android-0.86.2-debug/prefa
b/modules/reactnative/include
/folly/json/dynamic-inl.h:376
:17: note: candidate 
constructor not viable: no 
known conversion from 
'Formatter<false, const 
float &>' to 'std::vector<boo
l>::reference' (aka '__bit_re
ference<vector<bool, 
allocator<bool>>>') for 1st 
argument
  inline dynamic::dynamic(std
::vector<bool>::reference b)
                  ^
  C:/Users/MANCHEM HIMESH/.gr
adle/caches/9.3.1/transforms/
236808c8bf210c3c94b0276182818
50c/workspace/transformed/rea
ct-android-0.86.2-debug/prefa
b/modules/reactnative/include
/folly/json/dynamic-inl.h:378
:17: note: candidate 
constructor not viable: no 
known conversion from 
'Formatter<false, const 
float &>' to 
'VectorBoolConstRefCtorType' 
(aka 'std::__bit_const_refere
nce<std::vector<bool>>') for 
1st argument
  inline dynamic::dynamic(Vec
torBoolConstRefCtorType b)
                  ^
  C:/Users/MANCHEM HIMESH/.gr
adle/caches/9.3.1/transforms/
236808c8bf210c3c94b0276182818
50c/workspace/transformed/rea
ct-android-0.86.2-debug/prefa
b/modules/reactnative/include
/folly/json/dynamic-inl.h:340
:17: note: candidate 
template ignored: 
requirement 'is_detected_v<fo
lly::dynamic_detail::detect_c
onstruct_string, 
folly::Formatter<false, 
const float &>>' was not 
satisfied [with Stringish = 
Formatter<false, const float 
&>]
  inline 
dynamic::dynamic(Stringish&& 
s) : type_(STRING) {
                  ^
  C:/Users/MANCHEM HIMESH/.gr
adle/caches/9.3.1/transforms/
236808c8bf210c3c94b0276182818
50c/workspace/transformed/rea
ct-android-0.86.2-debug/prefa
b/modules/reactnative/include
/folly/json/dynamic-inl.h:384
:10: note: candidate 
template ignored: 
substitution failure [with T 
= Formatter<false, const 
float &>]: implicit 
instantiation of undefined 
template 'folly::dynamic::Num
ericTypeHelper<folly::Formatt
er<false, const float &>>'
  dynamic::dynamic(T t) {
           ^
  C:/Users/MANCHEM HIMESH/.gr
adle/caches/9.3.1/transforms/
236808c8bf210c3c94b0276182818
50c/workspace/transformed/rea
ct-android-0.86.2-debug/prefa
b/modules/reactnative/include
/folly/json/dynamic.h:1115:12
: note: explicit constructor 
is not a candidate
    explicit dynamic(Array&& 
r);
             ^
  2 errors generated.
  [10/29] Building CXX 
object RNGetRandomValuesSpec_
autolinked_build/CMakeFiles/r
eact_codegen_RNGetRandomValue
sSpec.dir/fa080ef6bf2b39110cc
bfa883fe85525/ShadowNodes.cpp
.o
  FAILED: RNGetRandomValuesSp
ec_autolinked_build/CMakeFile
s/react_codegen_RNGetRandomVa
luesSpec.dir/fa080ef6bf2b3911
0ccbfa883fe85525/ShadowNodes.
cpp.o 
  C:\Users\MANCHE~1\AppData\L
ocal\Android\Sdk\ndk\261~1.10
9\TOOLCH~1\llvm\prebuilt\WIND
OW~1\bin\CLANG_~1.EXE --targe
t=aarch64-none-linux-android2
4 
--sysroot="C:/Users/MANCHEM H
IMESH/AppData/Local/Android/S
dk/ndk/26.1.10909125/toolchai
ns/llvm/prebuilt/windows-x86_
64/sysroot" 
-DRN_SERIALIZABLE_STATE 
-I"C:/Users/MANCHEM HIMESH/On
eDrive/Desktop/AttendanceApp/
node_modules/react-native-get
-random-values/android/build/
generated/source/codegen/jni/
." -I"C:/Users/MANCHEM HIMESH
/OneDrive/Desktop/AttendanceA
pp/node_modules/react-native-
get-random-values/android/bui
ld/generated/source/codegen/j
ni/react/renderer/components/
RNGetRandomValuesSpec" 
-isystem "C:/Users/MANCHEM HI
MESH/.gradle/caches/9.3.1/tra
nsforms/5f0fade6957df6709b3ef
496f25cded4/workspace/transfo
rmed/fbjni-0.7.0/prefab/modul
es/fbjni/include" -isystem 
"C:/Users/MANCHEM HIMESH/.gra
dle/caches/9.3.1/transforms/2
36808c8bf210c3c94b02761828185
0c/workspace/transformed/reac
t-android-0.86.2-debug/prefab
/modules/jsi/include" 
-isystem "C:/Users/MANCHEM HI
MESH/.gradle/caches/9.3.1/tra
nsforms/236808c8bf210c3c94b02
7618281850c/workspace/transfo
rmed/react-android-0.86.2-deb
ug/prefab/modules/reactnative
/include" -g -DANDROID 
-fdata-sections 
-ffunction-sections 
-funwind-tables 
-fstack-protector-strong 
-no-canonical-prefixes 
-D_FORTIFY_SOURCE=2 -Wformat 
-Werror=format-security   
-fno-limit-debug-info  -fPIC 
-Wall -Werror -fexceptions 
-frtti -std=c++20 
-DFOLLY_NO_CONFIG=1 
-DLOG_TAG=\"ReactNative\" 
-DFOLLY_HAVE_CLOCK_GETTIME=1 
-DFOLLY_USE_LIBCPP=1 
-DFOLLY_CFG_NO_COROUTINES=1 
-DFOLLY_MOBILE=1 
-DFOLLY_HAVE_RECVMMSG=1 
-DFOLLY_HAVE_PTHREAD=1 -DFOLL
Y_HAVE_XSI_STRERROR_R=1 -MD 
-MT RNGetRandomValuesSpec_aut
olinked_build/CMakeFiles/reac
t_codegen_RNGetRandomValuesSp
ec.dir/fa080ef6bf2b39110ccbfa
883fe85525/ShadowNodes.cpp.o 
-MF RNGetRandomValuesSpec_aut
olinked_build\CMakeFiles\reac
t_codegen_RNGetRandomValuesSp
ec.dir\fa080ef6bf2b39110ccbfa
883fe85525\ShadowNodes.cpp.o.
d -o RNGetRandomValuesSpec_au
tolinked_build/CMakeFiles/rea
ct_codegen_RNGetRandomValuesS
pec.dir/fa080ef6bf2b39110ccbf
a883fe85525/ShadowNodes.cpp.o
 -c "C:/Users/MANCHEM HIMESH/
OneDrive/Desktop/AttendanceAp
p/node_modules/react-native-g
et-random-values/android/buil
d/generated/source/codegen/jn
i/react/renderer/components/R
NGetRandomValuesSpec/ShadowNo
des.cpp"
  In file included from 
C:/Users/MANCHEM HIMESH/OneDr
ive/Desktop/AttendanceApp/nod
e_modules/react-native-get-ra
ndom-values/android/build/gen
erated/source/codegen/jni/rea
ct/renderer/components/RNGetR
andomValuesSpec/ShadowNodes.c
pp:11:
  In file included from 
C:/Users/MANCHEM HIMESH/OneDr
ive/Desktop/AttendanceApp/nod
e_modules/react-native-get-ra
ndom-values/android/build/gen
erated/source/codegen/jni/./r
eact/renderer/components/RNGe
tRandomValuesSpec/ShadowNodes
.h:16:
  In file included from 
C:/Users/MANCHEM HIMESH/.grad
le/caches/9.3.1/transforms/23
6808c8bf210c3c94b027618281850
c/workspace/transformed/react
-android-0.86.2-debug/prefab/
modules/reactnative/include/r
eact/renderer/components/view
/ConcreteViewShadowNode.h:10:
  In file included from 
C:/Users/MANCHEM HIMESH/.grad
le/caches/9.3.1/transforms/23
6808c8bf210c3c94b027618281850
c/workspace/transformed/react
-android-0.86.2-debug/prefab/
modules/reactnative/include/r
eact/renderer/components/view
/HostPlatformViewTraitsInitia
lizer.h:10:
  In file included from 
C:/Users/MANCHEM HIMESH/.grad
le/caches/9.3.1/transforms/23
6808c8bf210c3c94b027618281850
c/workspace/transformed/react
-android-0.86.2-debug/prefab/
modules/reactnative/include/r
eact/renderer/components/view
/ViewProps.h:10:
  In file included from 
C:/Users/MANCHEM HIMESH/.grad
le/caches/9.3.1/transforms/23
6808c8bf210c3c94b027618281850
c/workspace/transformed/react
-android-0.86.2-debug/prefab/
modules/reactnative/include/r
eact/renderer/components/view
/HostPlatformViewProps.h:11:
  In file included from 
C:/Users/MANCHEM HIMESH/.grad
le/caches/9.3.1/transforms/23
6808c8bf210c3c94b027618281850
c/workspace/transformed/react
-android-0.86.2-debug/prefab/
modules/reactnative/include/r
eact/renderer/components/view
/NativeDrawable.h:13:
  C:/Users/MANCHEM HIMESH/.gr
adle/caches/9.3.1/transforms/
236808c8bf210c3c94b0276182818
50c/workspace/transformed/rea
ct-android-0.86.2-debug/prefa
b/modules/reactnative/include
/react/renderer/core/graphics
Conversions.h:71:14: error: 
no member named 'format' in 
namespace 'std'; did you 
mean 'folly::format'?
        return 
std::format("{}%", 
dimension.value);
               ^~~~~
  C:/Users/MANCHEM HIMESH/.gr
adle/caches/9.3.1/transforms/
236808c8bf210c3c94b0276182818
50c/workspace/transformed/rea
ct-android-0.86.2-debug/prefa
b/modules/reactnative/include
/folly/Format.h:291:1: note: 
'folly::format' declared here
  format(StringPiece fmt, 
Args&&... args) {
  ^
  In file included from 
C:/Users/MANCHEM HIMESH/OneDr
ive/Desktop/AttendanceApp/nod
e_modules/react-native-get-ra
ndom-values/android/build/gen
erated/source/codegen/jni/rea
ct/renderer/components/RNGetR
andomValuesSpec/ShadowNodes.c
pp:11:
  In file included from 
C:/Users/MANCHEM HIMESH/OneDr
ive/Desktop/AttendanceApp/nod
e_modules/react-native-get-ra
ndom-values/android/build/gen
erated/source/codegen/jni/./r
eact/renderer/components/RNGe
tRandomValuesSpec/ShadowNodes
.h:16:
  In file included from 
C:/Users/MANCHEM HIMESH/.grad
le/caches/9.3.1/transforms/23
6808c8bf210c3c94b027618281850
c/workspace/transformed/react
-android-0.86.2-debug/prefab/
modules/reactnative/include/r
eact/renderer/components/view
/ConcreteViewShadowNode.h:10:
  In file included from 
C:/Users/MANCHEM HIMESH/.grad
le/caches/9.3.1/transforms/23
6808c8bf210c3c94b027618281850
c/workspace/transformed/react
-android-0.86.2-debug/prefab/
modules/reactnative/include/r
eact/renderer/components/view
/HostPlatformViewTraitsInitia
lizer.h:10:
  In file included from 
C:/Users/MANCHEM HIMESH/.grad
le/caches/9.3.1/transforms/23
6808c8bf210c3c94b027618281850
c/workspace/transformed/react
-android-0.86.2-debug/prefab/
modules/reactnative/include/r
eact/renderer/components/view
/ViewProps.h:10:
  In file included from 
C:/Users/MANCHEM HIMESH/.grad
le/caches/9.3.1/transforms/23
6808c8bf210c3c94b027618281850
c/workspace/transformed/react
-android-0.86.2-debug/prefab/
modules/reactnative/include/r
eact/renderer/components/view
/HostPlatformViewProps.h:11:
  In file included from 
C:/Users/MANCHEM HIMESH/.grad
le/caches/9.3.1/transforms/23
6808c8bf210c3c94b027618281850
c/workspace/transformed/react
-android-0.86.2-debug/prefab/
modules/reactnative/include/r
eact/renderer/components/view
/NativeDrawable.h:13:
  C:/Users/MANCHEM HIMESH/.gr
adle/caches/9.3.1/transforms/
236808c8bf210c3c94b0276182818
50c/workspace/transformed/rea
ct-android-0.86.2-debug/prefa
b/modules/reactnative/include
/react/renderer/core/graphics
Conversions.h:71:14: error: 
no viable conversion from 
returned value of type 
'Formatter<false, const 
float &>' to function return 
type 'folly::dynamic'
        return 
std::format("{}%", 
dimension.value);
               ^~~~~~~~~~~~~~
~~~~~~~~~~~~~~~~~~~~~
  C:/Users/MANCHEM HIMESH/.gr
adle/caches/9.3.1/transforms/
236808c8bf210c3c94b0276182818
50c/workspace/transformed/rea
ct-android-0.86.2-debug/prefa
b/modules/reactnative/include
/folly/json/dynamic.h:238:18:
 note: candidate constructor 
not viable: no known 
conversion from 
'Formatter<false, const 
float &>' to 'const 
ObjectMaker &' for 1st 
argument
    /* implicit */ 
dynamic(ObjectMaker const&) 
= delete;
                   ^
  C:/Users/MANCHEM HIMESH/.gr
adle/caches/9.3.1/transforms/
236808c8bf210c3c94b0276182818
50c/workspace/transformed/rea
ct-android-0.86.2-debug/prefa
b/modules/reactnative/include
/folly/json/dynamic.h:289:3: 
note: candidate constructor 
not viable: no known 
conversion from 
'Formatter<false, const 
float &>' to 'const dynamic 
&' for 1st argument
    dynamic(dynamic const&);
    ^
  C:/Users/MANCHEM HIMESH/.gr
adle/caches/9.3.1/transforms/
236808c8bf210c3c94b0276182818
50c/workspace/transformed/rea
ct-android-0.86.2-debug/prefa
b/modules/reactnative/include
/folly/json/dynamic.h:290:3: 
note: candidate constructor 
not viable: no known 
conversion from 
'Formatter<false, const 
float &>' to 'dynamic &&' 
for 1st argument
    dynamic(dynamic&&) 
noexcept;
    ^
  C:/Users/MANCHEM HIMESH/.gr
adle/caches/9.3.1/transforms/
236808c8bf210c3c94b0276182818
50c/workspace/transformed/rea
ct-android-0.86.2-debug/prefa
b/modules/reactnative/include
/folly/json/dynamic-inl.h:321
:17: note: candidate 
constructor not viable: no 
known conversion from 
'Formatter<false, const 
float &>' to 
'std::nullptr_t' for 1st 
argument
  inline dynamic::dynamic(std
::nullptr_t) : type_(NULLT) 
{}
                  ^
  C:/Users/MANCHEM HIMESH/.gr
adle/caches/9.3.1/transforms/
236808c8bf210c3c94b0276182818
50c/workspace/transformed/rea
ct-android-0.86.2-debug/prefa
b/modules/reactnative/include
/folly/json/dynamic-inl.h:323
:17: note: candidate 
constructor not viable: no 
known conversion from 
'Formatter<false, const 
float &>' to 'void 
(*)(EmptyArrayTag)' for 1st 
argument
  inline 
dynamic::dynamic(void 
(*)(EmptyArrayTag)) : 
type_(ARRAY) {
                  ^
  C:/Users/MANCHEM HIMESH/.gr
adle/caches/9.3.1/transforms/
236808c8bf210c3c94b0276182818
50c/workspace/transformed/rea
ct-android-0.86.2-debug/prefa
b/modules/reactnative/include
/folly/json/dynamic-inl.h:327
:17: note: candidate 
constructor not viable: no 
known conversion from 
'Formatter<false, const 
float &>' to 'ObjectMaker 
(*)()' for 1st argument
  inline 
dynamic::dynamic(ObjectMaker 
(*)()) : type_(OBJECT) {
                  ^
  C:/Users/MANCHEM HIMESH/.gr
adle/caches/9.3.1/transforms/
236808c8bf210c3c94b0276182818
50c/workspace/transformed/rea
ct-android-0.86.2-debug/prefa
b/modules/reactnative/include
/folly/json/dynamic-inl.h:331
:17: note: candidate 
constructor not viable: no 
known conversion from 
'Formatter<false, const 
float &>' to 'const char *' 
for 1st argument
  inline 
dynamic::dynamic(char const* 
s) : type_(STRING) {
                  ^
  C:/Users/MANCHEM HIMESH/.gr
adle/caches/9.3.1/transforms/
236808c8bf210c3c94b0276182818
50c/workspace/transformed/rea
ct-android-0.86.2-debug/prefa
b/modules/reactnative/include
/folly/json/dynamic-inl.h:335
:17: note: candidate 
constructor not viable: no 
known conversion from 
'Formatter<false, const 
float &>' to 'std::string' 
(aka 'basic_string<char>') 
for 1st argument
  inline 
dynamic::dynamic(std::string 
s) : type_(STRING) {
                  ^
  C:/Users/MANCHEM HIMESH/.gr
adle/caches/9.3.1/transforms/
236808c8bf210c3c94b0276182818
50c/workspace/transformed/rea
ct-android-0.86.2-debug/prefa
b/modules/reactnative/include
/folly/json/dynamic-inl.h:344
:17: note: candidate 
constructor not viable: no 
known conversion from 
'Formatter<false, const 
float &>' to 'ObjectMaker 
&&' for 1st argument
  inline dynamic::dynamic(Obj
ectMaker&& maker) : 
type_(OBJECT) {
                  ^
  C:/Users/MANCHEM HIMESH/.gr
adle/caches/9.3.1/transforms/
236808c8bf210c3c94b0276182818
50c/workspace/transformed/rea
ct-android-0.86.2-debug/prefa
b/modules/reactnative/include
/folly/json/dynamic-inl.h:376
:17: note: candidate 
constructor not viable: no 
known conversion from 
'Formatter<false, const 
float &>' to 'std::vector<boo
l>::reference' (aka '__bit_re
ference<vector<bool, 
allocator<bool>>>') for 1st 
argument
  inline dynamic::dynamic(std
::vector<bool>::reference b)
                  ^
  C:/Users/MANCHEM HIMESH/.gr
adle/caches/9.3.1/transforms/
236808c8bf210c3c94b0276182818
50c/workspace/transformed/rea
ct-android-0.86.2-debug/prefa
b/modules/reactnative/include
/folly/json/dynamic-inl.h:378
:17: note: candidate 
constructor not viable: no 
known conversion from 
'Formatter<false, const 
float &>' to 
'VectorBoolConstRefCtorType' 
(aka 'std::__bit_const_refere
nce<std::vector<bool>>') for 
1st argument
  inline dynamic::dynamic(Vec
torBoolConstRefCtorType b)
                  ^
  C:/Users/MANCHEM HIMESH/.gr
adle/caches/9.3.1/transforms/
236808c8bf210c3c94b0276182818
50c/workspace/transformed/rea
ct-android-0.86.2-debug/prefa
b/modules/reactnative/include
/folly/json/dynamic-inl.h:340
:17: note: candidate 
template ignored: 
requirement 'is_detected_v<fo
lly::dynamic_detail::detect_c
onstruct_string, 
folly::Formatter<false, 
const float &>>' was not 
satisfied [with Stringish = 
Formatter<false, const float 
&>]
  inline 
dynamic::dynamic(Stringish&& 
s) : type_(STRING) {
                  ^
  C:/Users/MANCHEM HIMESH/.gr
adle/caches/9.3.1/transforms/
236808c8bf210c3c94b0276182818
50c/workspace/transformed/rea
ct-android-0.86.2-debug/prefa
b/modules/reactnative/include
/folly/json/dynamic-inl.h:384
:10: note: candidate 
template ignored: 
substitution failure [with T 
= Formatter<false, const 
float &>]: implicit 
instantiation of undefined 
template 'folly::dynamic::Num
ericTypeHelper<folly::Formatt
er<false, const float &>>'
  dynamic::dynamic(T t) {
           ^
  C:/Users/MANCHEM HIMESH/.gr
adle/caches/9.3.1/transforms/
236808c8bf210c3c94b0276182818
50c/workspace/transformed/rea
ct-android-0.86.2-debug/prefa
b/modules/reactnative/include
/folly/json/dynamic.h:1115:12
: note: explicit constructor 
is not a candidate
    explicit dynamic(Array&& 
r);
             ^
  2 errors generated.
  [11/29] Building CXX 
object RNCNetInfoSpec_autolin
ked_build/CMakeFiles/react_co
degen_RNCNetInfoSpec.dir/reac
t/renderer/components/RNCNetI
nfoSpec/ShadowNodes.cpp.o
  FAILED: RNCNetInfoSpec_auto
linked_build/CMakeFiles/react
_codegen_RNCNetInfoSpec.dir/r
eact/renderer/components/RNCN
etInfoSpec/ShadowNodes.cpp.o 
  C:\Users\MANCHE~1\AppData\L
ocal\Android\Sdk\ndk\261~1.10
9\TOOLCH~1\llvm\prebuilt\WIND
OW~1\bin\CLANG_~1.EXE --targe
t=aarch64-none-linux-android2
4 
--sysroot="C:/Users/MANCHEM H
IMESH/AppData/Local/Android/S
dk/ndk/26.1.10909125/toolchai
ns/llvm/prebuilt/windows-x86_
64/sysroot" 
-DRN_SERIALIZABLE_STATE 
-I"C:/Users/MANCHEM HIMESH/On
eDrive/Desktop/AttendanceApp/
node_modules/@react-native-co
mmunity/netinfo/android/build
/generated/source/codegen/jni
/." -I"C:/Users/MANCHEM HIMES
H/OneDrive/Desktop/Attendance
App/node_modules/@react-nativ
e-community/netinfo/android/b
uild/generated/source/codegen
/jni/react/renderer/component
s/RNCNetInfoSpec" -isystem 
"C:/Users/MANCHEM HIMESH/.gra
dle/caches/9.3.1/transforms/5
f0fade6957df6709b3ef496f25cde
d4/workspace/transformed/fbjn
i-0.7.0/prefab/modules/fbjni/
include" -isystem 
"C:/Users/MANCHEM HIMESH/.gra
dle/caches/9.3.1/transforms/2
36808c8bf210c3c94b02761828185
0c/workspace/transformed/reac
t-android-0.86.2-debug/prefab
/modules/jsi/include" 
-isystem "C:/Users/MANCHEM HI
MESH/.gradle/caches/9.3.1/tra
nsforms/236808c8bf210c3c94b02
7618281850c/workspace/transfo
rmed/react-android-0.86.2-deb
ug/prefab/modules/reactnative
/include" -g -DANDROID 
-fdata-sections 
-ffunction-sections 
-funwind-tables 
-fstack-protector-strong 
-no-canonical-prefixes 
-D_FORTIFY_SOURCE=2 -Wformat 
-Werror=format-security   
-fno-limit-debug-info  -fPIC 
-Wall -Werror -fexceptions 
-frtti -std=c++20 
-DFOLLY_NO_CONFIG=1 
-DLOG_TAG=\"ReactNative\" 
-DFOLLY_HAVE_CLOCK_GETTIME=1 
-DFOLLY_USE_LIBCPP=1 
-DFOLLY_CFG_NO_COROUTINES=1 
-DFOLLY_MOBILE=1 
-DFOLLY_HAVE_RECVMMSG=1 
-DFOLLY_HAVE_PTHREAD=1 -DFOLL
Y_HAVE_XSI_STRERROR_R=1 -MD 
-MT RNCNetInfoSpec_autolinked
_build/CMakeFiles/react_codeg
en_RNCNetInfoSpec.dir/react/r
enderer/components/RNCNetInfo
Spec/ShadowNodes.cpp.o -MF RN
CNetInfoSpec_autolinked_build
\CMakeFiles\react_codegen_RNC
NetInfoSpec.dir\react\rendere
r\components\RNCNetInfoSpec\S
hadowNodes.cpp.o.d -o RNCNetI
nfoSpec_autolinked_build/CMak
eFiles/react_codegen_RNCNetIn
foSpec.dir/react/renderer/com
ponents/RNCNetInfoSpec/Shadow
Nodes.cpp.o -c 
"C:/Users/MANCHEM HIMESH/OneD
rive/Desktop/AttendanceApp/no
de_modules/@react-native-comm
unity/netinfo/android/build/g
enerated/source/codegen/jni/r
eact/renderer/components/RNCN
etInfoSpec/ShadowNodes.cpp"
  In file included from 
C:/Users/MANCHEM HIMESH/OneDr
ive/Desktop/AttendanceApp/nod
e_modules/@react-native-commu
nity/netinfo/android/build/ge
nerated/source/codegen/jni/re
act/renderer/components/RNCNe
tInfoSpec/ShadowNodes.cpp:11:
  In file included from 
C:/Users/MANCHEM HIMESH/OneDr
ive/Desktop/AttendanceApp/nod
e_modules/@react-native-commu
nity/netinfo/android/build/ge
nerated/source/codegen/jni/./
react/renderer/components/RNC
NetInfoSpec/ShadowNodes.h:16:
  In file included from 
C:/Users/MANCHEM HIMESH/.grad
le/caches/9.3.1/transforms/23
6808c8bf210c3c94b027618281850
c/workspace/transformed/react
-android-0.86.2-debug/prefab/
modules/reactnative/include/r
eact/renderer/components/view
/ConcreteViewShadowNode.h:10:
  In file included from 
C:/Users/MANCHEM HIMESH/.grad
le/caches/9.3.1/transforms/23
6808c8bf210c3c94b027618281850
c/workspace/transformed/react
-android-0.86.2-debug/prefab/
modules/reactnative/include/r
eact/renderer/components/view
/HostPlatformViewTraitsInitia
lizer.h:10:
  In file included from 
C:/Users/MANCHEM HIMESH/.grad
le/caches/9.3.1/transforms/23
6808c8bf210c3c94b027618281850
c/workspace/transformed/react
-android-0.86.2-debug/prefab/
modules/reactnative/include/r
eact/renderer/components/view
/ViewProps.h:10:
  In file included from 
C:/Users/MANCHEM HIMESH/.grad
le/caches/9.3.1/transforms/23
6808c8bf210c3c94b027618281850
c/workspace/transformed/react
-android-0.86.2-debug/prefab/
modules/reactnative/include/r
eact/renderer/components/view
/HostPlatformViewProps.h:11:
  In file included from 
C:/Users/MANCHEM HIMESH/.grad
le/caches/9.3.1/transforms/23
6808c8bf210c3c94b027618281850
c/workspace/transformed/react
-android-0.86.2-debug/prefab/
modules/reactnative/include/r
eact/renderer/components/view
/NativeDrawable.h:13:
  C:/Users/MANCHEM HIMESH/.gr
adle/caches/9.3.1/transforms/
236808c8bf210c3c94b0276182818
50c/workspace/transformed/rea
ct-android-0.86.2-debug/prefa
b/modules/reactnative/include
/react/renderer/core/graphics
Conversions.h:71:14: error: 
no member named 'format' in 
namespace 'std'; did you 
mean 'folly::format'?
        return 
std::format("{}%", 
dimension.value);
               ^~~~~
  C:/Users/MANCHEM HIMESH/.gr
adle/caches/9.3.1/transforms/
236808c8bf210c3c94b0276182818
50c/workspace/transformed/rea
ct-android-0.86.2-debug/prefa
b/modules/reactnative/include
/folly/Format.h:291:1: note: 
'folly::format' declared here
  format(StringPiece fmt, 
Args&&... args) {
  ^
  In file included from 
C:/Users/MANCHEM HIMESH/OneDr
ive/Desktop/AttendanceApp/nod
e_modules/@react-native-commu
nity/netinfo/android/build/ge
nerated/source/codegen/jni/re
act/renderer/components/RNCNe
tInfoSpec/ShadowNodes.cpp:11:
  In file included from 
C:/Users/MANCHEM HIMESH/OneDr
ive/Desktop/AttendanceApp/nod
e_modules/@react-native-commu
nity/netinfo/android/build/ge
nerated/source/codegen/jni/./
react/renderer/components/RNC
NetInfoSpec/ShadowNodes.h:16:
  In file included from 
C:/Users/MANCHEM HIMESH/.grad
le/caches/9.3.1/transforms/23
6808c8bf210c3c94b027618281850
c/workspace/transformed/react
-android-0.86.2-debug/prefab/
modules/reactnative/include/r
eact/renderer/components/view
/ConcreteViewShadowNode.h:10:
  In file included from 
C:/Users/MANCHEM HIMESH/.grad
le/caches/9.3.1/transforms/23
6808c8bf210c3c94b027618281850
c/workspace/transformed/react
-android-0.86.2-debug/prefab/
modules/reactnative/include/r
eact/renderer/components/view
/HostPlatformViewTraitsInitia
lizer.h:10:
  In file included from 
C:/Users/MANCHEM HIMESH/.grad
le/caches/9.3.1/transforms/23
6808c8bf210c3c94b027618281850
c/workspace/transformed/react
-android-0.86.2-debug/prefab/
modules/reactnative/include/r
eact/renderer/components/view
/ViewProps.h:10:
  In file included from 
C:/Users/MANCHEM HIMESH/.grad
le/caches/9.3.1/transforms/23
6808c8bf210c3c94b027618281850
c/workspace/transformed/react
-android-0.86.2-debug/prefab/
modules/reactnative/include/r
eact/renderer/components/view
/HostPlatformViewProps.h:11:
  In file included from 
C:/Users/MANCHEM HIMESH/.grad
le/caches/9.3.1/transforms/23
6808c8bf210c3c94b027618281850
c/workspace/transformed/react
-android-0.86.2-debug/prefab/
modules/reactnative/include/r
eact/renderer/components/view
/NativeDrawable.h:13:
  C:/Users/MANCHEM HIMESH/.gr
adle/caches/9.3.1/transforms/
236808c8bf210c3c94b0276182818
50c/workspace/transformed/rea
ct-android-0.86.2-debug/prefa
b/modules/reactnative/include
/react/renderer/core/graphics
Conversions.h:71:14: error: 
no viable conversion from 
returned value of type 
'Formatter<false, const 
float &>' to function return 
type 'folly::dynamic'
        return 
std::format("{}%", 
dimension.value);
               ^~~~~~~~~~~~~~
~~~~~~~~~~~~~~~~~~~~~
  C:/Users/MANCHEM HIMESH/.gr
adle/caches/9.3.1/transforms/
236808c8bf210c3c94b0276182818
50c/workspace/transformed/rea
ct-android-0.86.2-debug/prefa
b/modules/reactnative/include
/folly/json/dynamic.h:238:18:
 note: candidate constructor 
not viable: no known 
conversion from 
'Formatter<false, const 
float &>' to 'const 
ObjectMaker &' for 1st 
argument
    /* implicit */ 
dynamic(ObjectMaker const&) 
= delete;
                   ^
  C:/Users/MANCHEM HIMESH/.gr
adle/caches/9.3.1/transforms/
236808c8bf210c3c94b0276182818
50c/workspace/transformed/rea
ct-android-0.86.2-debug/prefa
b/modules/reactnative/include
/folly/json/dynamic.h:289:3: 
note: candidate constructor 
not viable: no known 
conversion from 
'Formatter<false, const 
float &>' to 'const dynamic 
&' for 1st argument
    dynamic(dynamic const&);
    ^
  C:/Users/MANCHEM HIMESH/.gr
adle/caches/9.3.1/transforms/
236808c8bf210c3c94b0276182818
50c/workspace/transformed/rea
ct-android-0.86.2-debug/prefa
b/modules/reactnative/include
/folly/json/dynamic.h:290:3: 
note: candidate constructor 
not viable: no known 
conversion from 
'Formatter<false, const 
float &>' to 'dynamic &&' 
for 1st argument
    dynamic(dynamic&&) 
noexcept;
    ^
  C:/Users/MANCHEM HIMESH/.gr
adle/caches/9.3.1/transforms/
236808c8bf210c3c94b0276182818
50c/workspace/transformed/rea
ct-android-0.86.2-debug/prefa
b/modules/reactnative/include
/folly/json/dynamic-inl.h:321
:17: note: candidate 
constructor not viable: no 
known conversion from 
'Formatter<false, const 
float &>' to 
'std::nullptr_t' for 1st 
argument
  inline dynamic::dynamic(std
::nullptr_t) : type_(NULLT) 
{}
                  ^
  C:/Users/MANCHEM HIMESH/.gr
adle/caches/9.3.1/transforms/
236808c8bf210c3c94b0276182818
50c/workspace/transformed/rea
ct-android-0.86.2-debug/prefa
b/modules/reactnative/include
/folly/json/dynamic-inl.h:323
:17: note: candidate 
constructor not viable: no 
known conversion from 
'Formatter<false, const 
float &>' to 'void 
(*)(EmptyArrayTag)' for 1st 
argument
  inline 
dynamic::dynamic(void 
(*)(EmptyArrayTag)) : 
type_(ARRAY) {
                  ^
  C:/Users/MANCHEM HIMESH/.gr
adle/caches/9.3.1/transforms/
236808c8bf210c3c94b0276182818
50c/workspace/transformed/rea
ct-android-0.86.2-debug/prefa
b/modules/reactnative/include
/folly/json/dynamic-inl.h:327
:17: note: candidate 
constructor not viable: no 
known conversion from 
'Formatter<false, const 
float &>' to 'ObjectMaker 
(*)()' for 1st argument
  inline 
dynamic::dynamic(ObjectMaker 
(*)()) : type_(OBJECT) {
                  ^
  C:/Users/MANCHEM HIMESH/.gr
adle/caches/9.3.1/transforms/
236808c8bf210c3c94b0276182818
50c/workspace/transformed/rea
ct-android-0.86.2-debug/prefa
b/modules/reactnative/include
/folly/json/dynamic-inl.h:331
:17: note: candidate 
constructor not viable: no 
known conversion from 
'Formatter<false, const 
float &>' to 'const char *' 
for 1st argument
  inline 
dynamic::dynamic(char const* 
s) : type_(STRING) {
                  ^
  C:/Users/MANCHEM HIMESH/.gr
adle/caches/9.3.1/transforms/
236808c8bf210c3c94b0276182818
50c/workspace/transformed/rea
ct-android-0.86.2-debug/prefa
b/modules/reactnative/include
/folly/json/dynamic-inl.h:335
:17: note: candidate 
constructor not viable: no 
known conversion from 
'Formatter<false, const 
float &>' to 'std::string' 
(aka 'basic_string<char>') 
for 1st argument
  inline 
dynamic::dynamic(std::string 
s) : type_(STRING) {
                  ^
  C:/Users/MANCHEM HIMESH/.gr
adle/caches/9.3.1/transforms/
236808c8bf210c3c94b0276182818
50c/workspace/transformed/rea
ct-android-0.86.2-debug/prefa
b/modules/reactnative/include
/folly/json/dynamic-inl.h:344
:17: note: candidate 
constructor not viable: no 
known conversion from 
'Formatter<false, const 
float &>' to 'ObjectMaker 
&&' for 1st argument
  inline dynamic::dynamic(Obj
ectMaker&& maker) : 
type_(OBJECT) {
                  ^
  C:/Users/MANCHEM HIMESH/.gr
adle/caches/9.3.1/transforms/
236808c8bf210c3c94b0276182818
50c/workspace/transformed/rea
ct-android-0.86.2-debug/prefa
b/modules/reactnative/include
/folly/json/dynamic-inl.h:376
:17: note: candidate 
constructor not viable: no 
known conversion from 
'Formatter<false, const 
float &>' to 'std::vector<boo
l>::reference' (aka '__bit_re
ference<vector<bool, 
allocator<bool>>>') for 1st 
argument
  inline dynamic::dynamic(std
::vector<bool>::reference b)
                  ^
  C:/Users/MANCHEM HIMESH/.gr
adle/caches/9.3.1/transforms/
236808c8bf210c3c94b0276182818
50c/workspace/transformed/rea
ct-android-0.86.2-debug/prefa
b/modules/reactnative/include
/folly/json/dynamic-inl.h:378
:17: note: candidate 
constructor not viable: no 
known conversion from 
'Formatter<false, const 
float &>' to 
'VectorBoolConstRefCtorType' 
(aka 'std::__bit_const_refere
nce<std::vector<bool>>') for 
1st argument
  inline dynamic::dynamic(Vec
torBoolConstRefCtorType b)
                  ^
  C:/Users/MANCHEM HIMESH/.gr
adle/caches/9.3.1/transforms/
236808c8bf210c3c94b0276182818
50c/workspace/transformed/rea
ct-android-0.86.2-debug/prefa
b/modules/reactnative/include
/folly/json/dynamic-inl.h:340
:17: note: candidate 
template ignored: 
requirement 'is_detected_v<fo
lly::dynamic_detail::detect_c
onstruct_string, 
folly::Formatter<false, 
const float &>>' was not 
satisfied [with Stringish = 
Formatter<false, const float 
&>]
  inline 
dynamic::dynamic(Stringish&& 
s) : type_(STRING) {
                  ^
  C:/Users/MANCHEM HIMESH/.gr
adle/caches/9.3.1/transforms/
236808c8bf210c3c94b0276182818
50c/workspace/transformed/rea
ct-android-0.86.2-debug/prefa
b/modules/reactnative/include
/folly/json/dynamic-inl.h:384
:10: note: candidate 
template ignored: 
substitution failure [with T 
= Formatter<false, const 
float &>]: implicit 
instantiation of undefined 
template 'folly::dynamic::Num
ericTypeHelper<folly::Formatt
er<false, const float &>>'
  dynamic::dynamic(T t) {
           ^
  C:/Users/MANCHEM HIMESH/.gr
adle/caches/9.3.1/transforms/
236808c8bf210c3c94b0276182818
50c/workspace/transformed/rea
ct-android-0.86.2-debug/prefa
b/modules/reactnative/include
/folly/json/dynamic.h:1115:12
: note: explicit constructor 
is not a candidate
    explicit dynamic(Array&& 
r);
             ^
  2 errors generated.
  [12/29] Building CXX 
object AsyncStorageSpec_autol
inked_build/CMakeFiles/react_
codegen_AsyncStorageSpec.dir/
react/renderer/components/Asy
ncStorageSpec/ShadowNodes.cpp
.o
  FAILED: AsyncStorageSpec_au
tolinked_build/CMakeFiles/rea
ct_codegen_AsyncStorageSpec.d
ir/react/renderer/components/
AsyncStorageSpec/ShadowNodes.
cpp.o 
  C:\Users\MANCHE~1\AppData\L
ocal\Android\Sdk\ndk\261~1.10
9\TOOLCH~1\llvm\prebuilt\WIND
OW~1\bin\CLANG_~1.EXE --targe
t=aarch64-none-linux-android2
4 
--sysroot="C:/Users/MANCHEM H
IMESH/AppData/Local/Android/S
dk/ndk/26.1.10909125/toolchai
ns/llvm/prebuilt/windows-x86_
64/sysroot" 
-DRN_SERIALIZABLE_STATE 
-I"C:/Users/MANCHEM HIMESH/On
eDrive/Desktop/AttendanceApp/
node_modules/@react-native-as
ync-storage/async-storage/and
roid/build/generated/source/c
odegen/jni/." 
-I"C:/Users/MANCHEM HIMESH/On
eDrive/Desktop/AttendanceApp/
node_modules/@react-native-as
ync-storage/async-storage/and
roid/build/generated/source/c
odegen/jni/react/renderer/com
ponents/AsyncStorageSpec" 
-isystem "C:/Users/MANCHEM HI
MESH/.gradle/caches/9.3.1/tra
nsforms/5f0fade6957df6709b3ef
496f25cded4/workspace/transfo
rmed/fbjni-0.7.0/prefab/modul
es/fbjni/include" -isystem 
"C:/Users/MANCHEM HIMESH/.gra
dle/caches/9.3.1/transforms/2
36808c8bf210c3c94b02761828185
0c/workspace/transformed/reac
t-android-0.86.2-debug/prefab
/modules/jsi/include" 
-isystem "C:/Users/MANCHEM HI
MESH/.gradle/caches/9.3.1/tra
nsforms/236808c8bf210c3c94b02
7618281850c/workspace/transfo
rmed/react-android-0.86.2-deb
ug/prefab/modules/reactnative
/include" -g -DANDROID 
-fdata-sections 
-ffunction-sections 
-funwind-tables 
-fstack-protector-strong 
-no-canonical-prefixes 
-D_FORTIFY_SOURCE=2 -Wformat 
-Werror=format-security   
-fno-limit-debug-info  -fPIC 
-Wall -Werror -fexceptions 
-frtti -std=c++20 
-DFOLLY_NO_CONFIG=1 
-DLOG_TAG=\"ReactNative\" 
-DFOLLY_HAVE_CLOCK_GETTIME=1 
-DFOLLY_USE_LIBCPP=1 
-DFOLLY_CFG_NO_COROUTINES=1 
-DFOLLY_MOBILE=1 
-DFOLLY_HAVE_RECVMMSG=1 
-DFOLLY_HAVE_PTHREAD=1 -DFOLL
Y_HAVE_XSI_STRERROR_R=1 -MD 
-MT AsyncStorageSpec_autolink
ed_build/CMakeFiles/react_cod
egen_AsyncStorageSpec.dir/rea
ct/renderer/components/AsyncS
torageSpec/ShadowNodes.cpp.o 
-MF AsyncStorageSpec_autolink
ed_build\CMakeFiles\react_cod
egen_AsyncStorageSpec.dir\rea
ct\renderer\components\AsyncS
torageSpec\ShadowNodes.cpp.o.
d -o AsyncStorageSpec_autolin
ked_build/CMakeFiles/react_co
degen_AsyncStorageSpec.dir/re
act/renderer/components/Async
StorageSpec/ShadowNodes.cpp.o
 -c "C:/Users/MANCHEM HIMESH/
OneDrive/Desktop/AttendanceAp
p/node_modules/@react-native-
async-storage/async-storage/a
ndroid/build/generated/source
/codegen/jni/react/renderer/c
omponents/AsyncStorageSpec/Sh
adowNodes.cpp"
  In file included from 
C:/Users/MANCHEM HIMESH/OneDr
ive/Desktop/AttendanceApp/nod
e_modules/@react-native-async
-storage/async-storage/androi
d/build/generated/source/code
gen/jni/react/renderer/compon
ents/AsyncStorageSpec/ShadowN
odes.cpp:11:
  In file included from 
C:/Users/MANCHEM HIMESH/OneDr
ive/Desktop/AttendanceApp/nod
e_modules/@react-native-async
-storage/async-storage/androi
d/build/generated/source/code
gen/jni/./react/renderer/comp
onents/AsyncStorageSpec/Shado
wNodes.h:16:
  In file included from 
C:/Users/MANCHEM HIMESH/.grad
le/caches/9.3.1/transforms/23
6808c8bf210c3c94b027618281850
c/workspace/transformed/react
-android-0.86.2-debug/prefab/
modules/reactnative/include/r
eact/renderer/components/view
/ConcreteViewShadowNode.h:10:
  In file included from 
C:/Users/MANCHEM HIMESH/.grad
le/caches/9.3.1/transforms/23
6808c8bf210c3c94b027618281850
c/workspace/transformed/react
-android-0.86.2-debug/prefab/
modules/reactnative/include/r
eact/renderer/components/view
/HostPlatformViewTraitsInitia
lizer.h:10:
  In file included from 
C:/Users/MANCHEM HIMESH/.grad
le/caches/9.3.1/transforms/23
6808c8bf210c3c94b027618281850
c/workspace/transformed/react
-android-0.86.2-debug/prefab/
modules/reactnative/include/r
eact/renderer/components/view
/ViewProps.h:10:
  In file included from 
C:/Users/MANCHEM HIMESH/.grad
le/caches/9.3.1/transforms/23
6808c8bf210c3c94b027618281850
c/workspace/transformed/react
-android-0.86.2-debug/prefab/
modules/reactnative/include/r
eact/renderer/components/view
/HostPlatformViewProps.h:11:
  In file included from 
C:/Users/MANCHEM HIMESH/.grad
le/caches/9.3.1/transforms/23
6808c8bf210c3c94b027618281850
c/workspace/transformed/react
-android-0.86.2-debug/prefab/
modules/reactnative/include/r
eact/renderer/components/view
/NativeDrawable.h:13:
  C:/Users/MANCHEM HIMESH/.gr
adle/caches/9.3.1/transforms/
236808c8bf210c3c94b0276182818
50c/workspace/transformed/rea
ct-android-0.86.2-debug/prefa
b/modules/reactnative/include
/react/renderer/core/graphics
Conversions.h:71:14: error: 
no member named 'format' in 
namespace 'std'; did you 
mean 'folly::format'?
        return 
std::format("{}%", 
dimension.value);
               ^~~~~
  C:/Users/MANCHEM HIMESH/.gr
adle/caches/9.3.1/transforms/
236808c8bf210c3c94b0276182818
50c/workspace/transformed/rea
ct-android-0.86.2-debug/prefa
b/modules/reactnative/include
/folly/Format.h:291:1: note: 
'folly::format' declared here
  format(StringPiece fmt, 
Args&&... args) {
  ^
  In file included from 
C:/Users/MANCHEM HIMESH/OneDr
ive/Desktop/AttendanceApp/nod
e_modules/@react-native-async
-storage/async-storage/androi
d/build/generated/source/code
gen/jni/react/renderer/compon
ents/AsyncStorageSpec/ShadowN
odes.cpp:11:
  In file included from 
C:/Users/MANCHEM HIMESH/OneDr
ive/Desktop/AttendanceApp/nod
e_modules/@react-native-async
-storage/async-storage/androi
d/build/generated/source/code
gen/jni/./react/renderer/comp
onents/AsyncStorageSpec/Shado
wNodes.h:16:
  In file included from 
C:/Users/MANCHEM HIMESH/.grad
le/caches/9.3.1/transforms/23
6808c8bf210c3c94b027618281850
c/workspace/transformed/react
-android-0.86.2-debug/prefab/
modules/reactnative/include/r
eact/renderer/components/view
/ConcreteViewShadowNode.h:10:
  In file included from 
C:/Users/MANCHEM HIMESH/.grad
le/caches/9.3.1/transforms/23
6808c8bf210c3c94b027618281850
c/workspace/transformed/react
-android-0.86.2-debug/prefab/
modules/reactnative/include/r
eact/renderer/components/view
/HostPlatformViewTraitsInitia
lizer.h:10:
  In file included from 
C:/Users/MANCHEM HIMESH/.grad
le/caches/9.3.1/transforms/23
6808c8bf210c3c94b027618281850
c/workspace/transformed/react
-android-0.86.2-debug/prefab/
modules/reactnative/include/r
eact/renderer/components/view
/ViewProps.h:10:
  In file included from 
C:/Users/MANCHEM HIMESH/.grad
le/caches/9.3.1/transforms/23
6808c8bf210c3c94b027618281850
c/workspace/transformed/react
-android-0.86.2-debug/prefab/
modules/reactnative/include/r
eact/renderer/components/view
/HostPlatformViewProps.h:11:
  In file included from 
C:/Users/MANCHEM HIMESH/.grad
le/caches/9.3.1/transforms/23
6808c8bf210c3c94b027618281850
c/workspace/transformed/react
-android-0.86.2-debug/prefab/
modules/reactnative/include/r
eact/renderer/components/view
/NativeDrawable.h:13:
  C:/Users/MANCHEM HIMESH/.gr
adle/caches/9.3.1/transforms/
236808c8bf210c3c94b0276182818
50c/workspace/transformed/rea
ct-android-0.86.2-debug/prefa
b/modules/reactnative/include
/react/renderer/core/graphics
Conversions.h:71:14: error: 
no viable conversion from 
returned value of type 
'Formatter<false, const 
float &>' to function return 
type 'folly::dynamic'
        return 
std::format("{}%", 
dimension.value);
               ^~~~~~~~~~~~~~
~~~~~~~~~~~~~~~~~~~~~
  C:/Users/MANCHEM HIMESH/.gr
adle/caches/9.3.1/transforms/
236808c8bf210c3c94b0276182818
50c/workspace/transformed/rea
ct-android-0.86.2-debug/prefa
b/modules/reactnative/include
/folly/json/dynamic.h:238:18:
 note: candidate constructor 
not viable: no known 
conversion from 
'Formatter<false, const 
float &>' to 'const 
ObjectMaker &' for 1st 
argument
    /* implicit */ 
dynamic(ObjectMaker const&) 
= delete;
                   ^
  C:/Users/MANCHEM HIMESH/.gr
adle/caches/9.3.1/transforms/
236808c8bf210c3c94b0276182818
50c/workspace/transformed/rea
ct-android-0.86.2-debug/prefa
b/modules/reactnative/include
/folly/json/dynamic.h:289:3: 
note: candidate constructor 
not viable: no known 
conversion from 
'Formatter<false, const 
float &>' to 'const dynamic 
&' for 1st argument
    dynamic(dynamic const&);
    ^
  C:/Users/MANCHEM HIMESH/.gr
adle/caches/9.3.1/transforms/
236808c8bf210c3c94b0276182818
50c/workspace/transformed/rea
ct-android-0.86.2-debug/prefa
b/modules/reactnative/include
/folly/json/dynamic.h:290:3: 
note: candidate constructor 
not viable: no known 
conversion from 
'Formatter<false, const 
float &>' to 'dynamic &&' 
for 1st argument
    dynamic(dynamic&&) 
noexcept;
    ^
  C:/Users/MANCHEM HIMESH/.gr
adle/caches/9.3.1/transforms/
236808c8bf210c3c94b0276182818
50c/workspace/transformed/rea
ct-android-0.86.2-debug/prefa
b/modules/reactnative/include
/folly/json/dynamic-inl.h:321
:17: note: candidate 
constructor not viable: no 
known conversion from 
'Formatter<false, const 
float &>' to 
'std::nullptr_t' for 1st 
argument
  inline dynamic::dynamic(std
::nullptr_t) : type_(NULLT) 
{}
                  ^
  C:/Users/MANCHEM HIMESH/.gr
adle/caches/9.3.1/transforms/
236808c8bf210c3c94b0276182818
50c/workspace/transformed/rea
ct-android-0.86.2-debug/prefa
b/modules/reactnative/include
/folly/json/dynamic-inl.h:323
:17: note: candidate 
constructor not viable: no 
known conversion from 
'Formatter<false, const 
float &>' to 'void 
(*)(EmptyArrayTag)' for 1st 
argument
  inline 
dynamic::dynamic(void 
(*)(EmptyArrayTag)) : 
type_(ARRAY) {
                  ^
  C:/Users/MANCHEM HIMESH/.gr
adle/caches/9.3.1/transforms/
236808c8bf210c3c94b0276182818
50c/workspace/transformed/rea
ct-android-0.86.2-debug/prefa
b/modules/reactnative/include
/folly/json/dynamic-inl.h:327
:17: note: candidate 
constructor not viable: no 
known conversion from 
'Formatter<false, const 
float &>' to 'ObjectMaker 
(*)()' for 1st argument
  inline 
dynamic::dynamic(ObjectMaker 
(*)()) : type_(OBJECT) {
                  ^
  C:/Users/MANCHEM HIMESH/.gr
adle/caches/9.3.1/transforms/
236808c8bf210c3c94b0276182818
50c/workspace/transformed/rea
ct-android-0.86.2-debug/prefa
b/modules/reactnative/include
/folly/json/dynamic-inl.h:331
:17: note: candidate 
constructor not viable: no 
known conversion from 
'Formatter<false, const 
float &>' to 'const char *' 
for 1st argument
  inline 
dynamic::dynamic(char const* 
s) : type_(STRING) {
                  ^
  C:/Users/MANCHEM HIMESH/.gr
adle/caches/9.3.1/transforms/
236808c8bf210c3c94b0276182818
50c/workspace/transformed/rea
ct-android-0.86.2-debug/prefa
b/modules/reactnative/include
/folly/json/dynamic-inl.h:335
:17: note: candidate 
constructor not viable: no 
known conversion from 
'Formatter<false, const 
float &>' to 'std::string' 
(aka 'basic_string<char>') 
for 1st argument
  inline 
dynamic::dynamic(std::string 
s) : type_(STRING) {
                  ^
  C:/Users/MANCHEM HIMESH/.gr
adle/caches/9.3.1/transforms/
236808c8bf210c3c94b0276182818
50c/workspace/transformed/rea
ct-android-0.86.2-debug/prefa
b/modules/reactnative/include
/folly/json/dynamic-inl.h:344
:17: note: candidate 
constructor not viable: no 
known conversion from 
'Formatter<false, const 
float &>' to 'ObjectMaker 
&&' for 1st argument
  inline dynamic::dynamic(Obj
ectMaker&& maker) : 
type_(OBJECT) {
                  ^
  C:/Users/MANCHEM HIMESH/.gr
adle/caches/9.3.1/transforms/
236808c8bf210c3c94b0276182818
50c/workspace/transformed/rea
ct-android-0.86.2-debug/prefa
b/modules/reactnative/include
/folly/json/dynamic-inl.h:376
:17: note: candidate 
constructor not viable: no 
known conversion from 
'Formatter<false, const 
float &>' to 'std::vector<boo
l>::reference' (aka '__bit_re
ference<vector<bool, 
allocator<bool>>>') for 1st 
argument
  inline dynamic::dynamic(std
::vector<bool>::reference b)
                  ^
  C:/Users/MANCHEM HIMESH/.gr
adle/caches/9.3.1/transforms/
236808c8bf210c3c94b0276182818
50c/workspace/transformed/rea
ct-android-0.86.2-debug/prefa
b/modules/reactnative/include
/folly/json/dynamic-inl.h:378
:17: note: candidate 
constructor not viable: no 
known conversion from 
'Formatter<false, const 
float &>' to 
'VectorBoolConstRefCtorType' 
(aka 'std::__bit_const_refere
nce<std::vector<bool>>') for 
1st argument
  inline dynamic::dynamic(Vec
torBoolConstRefCtorType b)
                  ^
  C:/Users/MANCHEM HIMESH/.gr
adle/caches/9.3.1/transforms/
236808c8bf210c3c94b0276182818
50c/workspace/transformed/rea
ct-android-0.86.2-debug/prefa
b/modules/reactnative/include
/folly/json/dynamic-inl.h:340
:17: note: candidate 
template ignored: 
requirement 'is_detected_v<fo
lly::dynamic_detail::detect_c
onstruct_string, 
folly::Formatter<false, 
const float &>>' was not 
satisfied [with Stringish = 
Formatter<false, const float 
&>]
  inline 
dynamic::dynamic(Stringish&& 
s) : type_(STRING) {
                  ^
  C:/Users/MANCHEM HIMESH/.gr
adle/caches/9.3.1/transforms/
236808c8bf210c3c94b0276182818
50c/workspace/transformed/rea
ct-android-0.86.2-debug/prefa
b/modules/reactnative/include
/folly/json/dynamic-inl.h:384
:10: note: candidate 
template ignored: 
substitution failure [with T 
= Formatter<false, const 
float &>]: implicit 
instantiation of undefined 
template 'folly::dynamic::Num
ericTypeHelper<folly::Formatt
er<false, const float &>>'
  dynamic::dynamic(T t) {
           ^
  C:/Users/MANCHEM HIMESH/.gr
adle/caches/9.3.1/transforms/
236808c8bf210c3c94b0276182818
50c/workspace/transformed/rea
ct-android-0.86.2-debug/prefa
b/modules/reactnative/include
/folly/json/dynamic.h:1115:12
: note: explicit constructor 
is not a candidate
    explicit dynamic(Array&& 
r);
             ^
  2 errors generated.
  [13/29] Building CXX 
object RNHapticFeedbackSpec_a
utolinked_build/CMakeFiles/re
act_codegen_RNHapticFeedbackS
pec.dir/7f9d75c760005477a9a92
acb25e45305/ComponentDescript
ors.cpp.o
  FAILED: RNHapticFeedbackSpe
c_autolinked_build/CMakeFiles
/react_codegen_RNHapticFeedba
ckSpec.dir/7f9d75c760005477a9
a92acb25e45305/ComponentDescr
iptors.cpp.o 
  C:\Users\MANCHE~1\AppData\L
ocal\Android\Sdk\ndk\261~1.10
9\TOOLCH~1\llvm\prebuilt\WIND
OW~1\bin\CLANG_~1.EXE --targe
t=aarch64-none-linux-android2
4 
--sysroot="C:/Users/MANCHEM H
IMESH/AppData/Local/Android/S
dk/ndk/26.1.10909125/toolchai
ns/llvm/prebuilt/windows-x86_
64/sysroot" 
-DRN_SERIALIZABLE_STATE 
-I"C:/Users/MANCHEM HIMESH/On
eDrive/Desktop/AttendanceApp/
node_modules/react-native-hap
tic-feedback/android/build/ge
nerated/source/codegen/jni/."
 -I"C:/Users/MANCHEM HIMESH/O
neDrive/Desktop/AttendanceApp
/node_modules/react-native-ha
ptic-feedback/android/build/g
enerated/source/codegen/jni/r
eact/renderer/components/RNHa
pticFeedbackSpec" -isystem 
"C:/Users/MANCHEM HIMESH/.gra
dle/caches/9.3.1/transforms/5
f0fade6957df6709b3ef496f25cde
d4/workspace/transformed/fbjn
i-0.7.0/prefab/modules/fbjni/
include" -isystem 
"C:/Users/MANCHEM HIMESH/.gra
dle/caches/9.3.1/transforms/2
36808c8bf210c3c94b02761828185
0c/workspace/transformed/reac
t-android-0.86.2-debug/prefab
/modules/jsi/include" 
-isystem "C:/Users/MANCHEM HI
MESH/.gradle/caches/9.3.1/tra
nsforms/236808c8bf210c3c94b02
7618281850c/workspace/transfo
rmed/react-android-0.86.2-deb
ug/prefab/modules/reactnative
/include" -g -DANDROID 
-fdata-sections 
-ffunction-sections 
-funwind-tables 
-fstack-protector-strong 
-no-canonical-prefixes 
-D_FORTIFY_SOURCE=2 -Wformat 
-Werror=format-security   
-fno-limit-debug-info  -fPIC 
-Wall -Werror -fexceptions 
-frtti -std=c++20 
-DFOLLY_NO_CONFIG=1 
-DLOG_TAG=\"ReactNative\" 
-DFOLLY_HAVE_CLOCK_GETTIME=1 
-DFOLLY_USE_LIBCPP=1 
-DFOLLY_CFG_NO_COROUTINES=1 
-DFOLLY_MOBILE=1 
-DFOLLY_HAVE_RECVMMSG=1 
-DFOLLY_HAVE_PTHREAD=1 -DFOLL
Y_HAVE_XSI_STRERROR_R=1 -MD 
-MT RNHapticFeedbackSpec_auto
linked_build/CMakeFiles/react
_codegen_RNHapticFeedbackSpec
.dir/7f9d75c760005477a9a92acb
25e45305/ComponentDescriptors
.cpp.o -MF RNHapticFeedbackSp
ec_autolinked_build\CMakeFile
s\react_codegen_RNHapticFeedb
ackSpec.dir\7f9d75c760005477a
9a92acb25e45305\ComponentDesc
riptors.cpp.o.d -o RNHapticFe
edbackSpec_autolinked_build/C
MakeFiles/react_codegen_RNHap
ticFeedbackSpec.dir/7f9d75c76
0005477a9a92acb25e45305/Compo
nentDescriptors.cpp.o -c 
"C:/Users/MANCHEM HIMESH/OneD
rive/Desktop/AttendanceApp/no
de_modules/react-native-hapti
c-feedback/android/build/gene
rated/source/codegen/jni/reac
t/renderer/components/RNHapti
cFeedbackSpec/ComponentDescri
ptors.cpp"
  In file included from 
C:/Users/MANCHEM HIMESH/OneDr
ive/Desktop/AttendanceApp/nod
e_modules/react-native-haptic
-feedback/android/build/gener
ated/source/codegen/jni/react
/renderer/components/RNHaptic
FeedbackSpec/ComponentDescrip
tors.cpp:11:
  In file included from 
C:/Users/MANCHEM HIMESH/OneDr
ive/Desktop/AttendanceApp/nod
e_modules/react-native-haptic
-feedback/android/build/gener
ated/source/codegen/jni/./rea
ct/renderer/components/RNHapt
icFeedbackSpec/ComponentDescr
iptors.h:13:
  In file included from 
C:/Users/MANCHEM HIMESH/OneDr
ive/Desktop/AttendanceApp/nod
e_modules/react-native-haptic
-feedback/android/build/gener
ated/source/codegen/jni/./rea
ct/renderer/components/RNHapt
icFeedbackSpec/ShadowNodes.h:
16:
  In file included from 
C:/Users/MANCHEM HIMESH/.grad
le/caches/9.3.1/transforms/23
6808c8bf210c3c94b027618281850
c/workspace/transformed/react
-android-0.86.2-debug/prefab/
modules/reactnative/include/r
eact/renderer/components/view
/ConcreteViewShadowNode.h:10:
  In file included from 
C:/Users/MANCHEM HIMESH/.grad
le/caches/9.3.1/transforms/23
6808c8bf210c3c94b027618281850
c/workspace/transformed/react
-android-0.86.2-debug/prefab/
modules/reactnative/include/r
eact/renderer/components/view
/HostPlatformViewTraitsInitia
lizer.h:10:
  In file included from 
C:/Users/MANCHEM HIMESH/.grad
le/caches/9.3.1/transforms/23
6808c8bf210c3c94b027618281850
c/workspace/transformed/react
-android-0.86.2-debug/prefab/
modules/reactnative/include/r
eact/renderer/components/view
/ViewProps.h:10:
  In file included from 
C:/Users/MANCHEM HIMESH/.grad
le/caches/9.3.1/transforms/23
6808c8bf210c3c94b027618281850
c/workspace/transformed/react
-android-0.86.2-debug/prefab/
modules/reactnative/include/r
eact/renderer/components/view
/HostPlatformViewProps.h:11:
  In file included from 
C:/Users/MANCHEM HIMESH/.grad
le/caches/9.3.1/transforms/23
6808c8bf210c3c94b027618281850
c/workspace/transformed/react
-android-0.86.2-debug/prefab/
modules/reactnative/include/r
eact/renderer/components/view
/NativeDrawable.h:13:
  C:/Users/MANCHEM HIMESH/.gr
adle/caches/9.3.1/transforms/
236808c8bf210c3c94b0276182818
50c/workspace/transformed/rea
ct-android-0.86.2-debug/prefa
b/modules/reactnative/include
/react/renderer/core/graphics
Conversions.h:71:14: error: 
no member named 'format' in 
namespace 'std'; did you 
mean 'folly::format'?
        return 
std::format("{}%", 
dimension.value);
               ^~~~~
  C:/Users/MANCHEM HIMESH/.gr
adle/caches/9.3.1/transforms/
236808c8bf210c3c94b0276182818
50c/workspace/transformed/rea
ct-android-0.86.2-debug/prefa
b/modules/reactnative/include
/folly/Format.h:291:1: note: 
'folly::format' declared here
  format(StringPiece fmt, 
Args&&... args) {
  ^
  In file included from 
C:/Users/MANCHEM HIMESH/OneDr
ive/Desktop/AttendanceApp/nod
e_modules/react-native-haptic
-feedback/android/build/gener
ated/source/codegen/jni/react
/renderer/components/RNHaptic
FeedbackSpec/ComponentDescrip
tors.cpp:11:
  In file included from 
C:/Users/MANCHEM HIMESH/OneDr
ive/Desktop/AttendanceApp/nod
e_modules/react-native-haptic
-feedback/android/build/gener
ated/source/codegen/jni/./rea
ct/renderer/components/RNHapt
icFeedbackSpec/ComponentDescr
iptors.h:13:
  In file included from 
C:/Users/MANCHEM HIMESH/OneDr
ive/Desktop/AttendanceApp/nod
e_modules/react-native-haptic
-feedback/android/build/gener
ated/source/codegen/jni/./rea
ct/renderer/components/RNHapt
icFeedbackSpec/ShadowNodes.h:
16:
  In file included from 
C:/Users/MANCHEM HIMESH/.grad
le/caches/9.3.1/transforms/23
6808c8bf210c3c94b027618281850
c/workspace/transformed/react
-android-0.86.2-debug/prefab/
modules/reactnative/include/r
eact/renderer/components/view
/ConcreteViewShadowNode.h:10:
  In file included from 
C:/Users/MANCHEM HIMESH/.grad
le/caches/9.3.1/transforms/23
6808c8bf210c3c94b027618281850
c/workspace/transformed/react
-android-0.86.2-debug/prefab/
modules/reactnative/include/r
eact/renderer/components/view
/HostPlatformViewTraitsInitia
lizer.h:10:
  In file included from 
C:/Users/MANCHEM HIMESH/.grad
le/caches/9.3.1/transforms/23
6808c8bf210c3c94b027618281850
c/workspace/transformed/react
-android-0.86.2-debug/prefab/
modules/reactnative/include/r
eact/renderer/components/view
/ViewProps.h:10:
  In file included from 
C:/Users/MANCHEM HIMESH/.grad
le/caches/9.3.1/transforms/23
6808c8bf210c3c94b027618281850
c/workspace/transformed/react
-android-0.86.2-debug/prefab/
modules/reactnative/include/r
eact/renderer/components/view
/HostPlatformViewProps.h:11:
  In file included from 
C:/Users/MANCHEM HIMESH/.grad
le/caches/9.3.1/transforms/23
6808c8bf210c3c94b027618281850
c/workspace/transformed/react
-android-0.86.2-debug/prefab/
modules/reactnative/include/r
eact/renderer/components/view
/NativeDrawable.h:13:
  C:/Users/MANCHEM HIMESH/.gr
adle/caches/9.3.1/transforms/
236808c8bf210c3c94b0276182818
50c/workspace/transformed/rea
ct-android-0.86.2-debug/prefa
b/modules/reactnative/include
/react/renderer/core/graphics
Conversions.h:71:14: error: 
no viable conversion from 
returned value of type 
'Formatter<false, const 
float &>' to function return 
type 'folly::dynamic'
        return 
std::format("{}%", 
dimension.value);
               ^~~~~~~~~~~~~~
~~~~~~~~~~~~~~~~~~~~~
  C:/Users/MANCHEM HIMESH/.gr
adle/caches/9.3.1/transforms/
236808c8bf210c3c94b0276182818
50c/workspace/transformed/rea
ct-android-0.86.2-debug/prefa
b/modules/reactnative/include
/folly/json/dynamic.h:238:18:
 note: candidate constructor 
not viable: no known 
conversion from 
'Formatter<false, const 
float &>' to 'const 
ObjectMaker &' for 1st 
argument
    /* implicit */ 
dynamic(ObjectMaker const&) 
= delete;
                   ^
  C:/Users/MANCHEM HIMESH/.gr
adle/caches/9.3.1/transforms/
236808c8bf210c3c94b0276182818
50c/workspace/transformed/rea
ct-android-0.86.2-debug/prefa
b/modules/reactnative/include
/folly/json/dynamic.h:289:3: 
note: candidate constructor 
not viable: no known 
conversion from 
'Formatter<false, const 
float &>' to 'const dynamic 
&' for 1st argument
    dynamic(dynamic const&);
    ^
  C:/Users/MANCHEM HIMESH/.gr
adle/caches/9.3.1/transforms/
236808c8bf210c3c94b0276182818
50c/workspace/transformed/rea
ct-android-0.86.2-debug/prefa
b/modules/reactnative/include
/folly/json/dynamic.h:290:3: 
note: candidate constructor 
not viable: no known 
conversion from 
'Formatter<false, const 
float &>' to 'dynamic &&' 
for 1st argument
    dynamic(dynamic&&) 
noexcept;
    ^
  C:/Users/MANCHEM HIMESH/.gr
adle/caches/9.3.1/transforms/
236808c8bf210c3c94b0276182818
50c/workspace/transformed/rea
ct-android-0.86.2-debug/prefa
b/modules/reactnative/include
/folly/json/dynamic-inl.h:321
:17: note: candidate 
constructor not viable: no 
known conversion from 
'Formatter<false, const 
float &>' to 
'std::nullptr_t' for 1st 
argument
  inline dynamic::dynamic(std
::nullptr_t) : type_(NULLT) 
{}
                  ^
  C:/Users/MANCHEM HIMESH/.gr
adle/caches/9.3.1/transforms/
236808c8bf210c3c94b0276182818
50c/workspace/transformed/rea
ct-android-0.86.2-debug/prefa
b/modules/reactnative/include
/folly/json/dynamic-inl.h:323
:17: note: candidate 
constructor not viable: no 
known conversion from 
'Formatter<false, const 
float &>' to 'void 
(*)(EmptyArrayTag)' for 1st 
argument
  inline 
dynamic::dynamic(void 
(*)(EmptyArrayTag)) : 
type_(ARRAY) {
                  ^
  C:/Users/MANCHEM HIMESH/.gr
adle/caches/9.3.1/transforms/
236808c8bf210c3c94b0276182818
50c/workspace/transformed/rea
ct-android-0.86.2-debug/prefa
b/modules/reactnative/include
/folly/json/dynamic-inl.h:327
:17: note: candidate 
constructor not viable: no 
known conversion from 
'Formatter<false, const 
float &>' to 'ObjectMaker 
(*)()' for 1st argument
  inline 
dynamic::dynamic(ObjectMaker 
(*)()) : type_(OBJECT) {
                  ^
  C:/Users/MANCHEM HIMESH/.gr
adle/caches/9.3.1/transforms/
236808c8bf210c3c94b0276182818
50c/workspace/transformed/rea
ct-android-0.86.2-debug/prefa
b/modules/reactnative/include
/folly/json/dynamic-inl.h:331
:17: note: candidate 
constructor not viable: no 
known conversion from 
'Formatter<false, const 
float &>' to 'const char *' 
for 1st argument
  inline 
dynamic::dynamic(char const* 
s) : type_(STRING) {
                  ^
  C:/Users/MANCHEM HIMESH/.gr
adle/caches/9.3.1/transforms/
236808c8bf210c3c94b0276182818
50c/workspace/transformed/rea
ct-android-0.86.2-debug/prefa
b/modules/reactnative/include
/folly/json/dynamic-inl.h:335
:17: note: candidate 
constructor not viable: no 
known conversion from 
'Formatter<false, const 
float &>' to 'std::string' 
(aka 'basic_string<char>') 
for 1st argument
  inline 
dynamic::dynamic(std::string 
s) : type_(STRING) {
                  ^
  C:/Users/MANCHEM HIMESH/.gr
adle/caches/9.3.1/transforms/
236808c8bf210c3c94b0276182818
50c/workspace/transformed/rea
ct-android-0.86.2-debug/prefa
b/modules/reactnative/include
/folly/json/dynamic-inl.h:344
:17: note: candidate 
constructor not viable: no 
known conversion from 
'Formatter<false, const 
float &>' to 'ObjectMaker 
&&' for 1st argument
  inline dynamic::dynamic(Obj
ectMaker&& maker) : 
type_(OBJECT) {
                  ^
  C:/Users/MANCHEM HIMESH/.gr
adle/caches/9.3.1/transforms/
236808c8bf210c3c94b0276182818
50c/workspace/transformed/rea
ct-android-0.86.2-debug/prefa
b/modules/reactnative/include
/folly/json/dynamic-inl.h:376
:17: note: candidate 
constructor not viable: no 
known conversion from 
'Formatter<false, const 
float &>' to 'std::vector<boo
l>::reference' (aka '__bit_re
ference<vector<bool, 
allocator<bool>>>') for 1st 
argument
  inline dynamic::dynamic(std
::vector<bool>::reference b)
                  ^
  C:/Users/MANCHEM HIMESH/.gr
adle/caches/9.3.1/transforms/
236808c8bf210c3c94b0276182818
50c/workspace/transformed/rea
ct-android-0.86.2-debug/prefa
b/modules/reactnative/include
/folly/json/dynamic-inl.h:378
:17: note: candidate 
constructor not viable: no 
known conversion from 
'Formatter<false, const 
float &>' to 
'VectorBoolConstRefCtorType' 
(aka 'std::__bit_const_refere
nce<std::vector<bool>>') for 
1st argument
  inline dynamic::dynamic(Vec
torBoolConstRefCtorType b)
                  ^
  C:/Users/MANCHEM HIMESH/.gr
adle/caches/9.3.1/transforms/
236808c8bf210c3c94b0276182818
50c/workspace/transformed/rea
ct-android-0.86.2-debug/prefa
b/modules/reactnative/include
/folly/json/dynamic-inl.h:340
:17: note: candidate 
template ignored: 
requirement 'is_detected_v<fo
lly::dynamic_detail::detect_c
onstruct_string, 
folly::Formatter<false, 
const float &>>' was not 
satisfied [with Stringish = 
Formatter<false, const float 
&>]
  inline 
dynamic::dynamic(Stringish&& 
s) : type_(STRING) {
                  ^
  C:/Users/MANCHEM HIMESH/.gr
adle/caches/9.3.1/transforms/
236808c8bf210c3c94b0276182818
50c/workspace/transformed/rea
ct-android-0.86.2-debug/prefa
b/modules/reactnative/include
/folly/json/dynamic-inl.h:384
:10: note: candidate 
template ignored: 
substitution failure [with T 
= Formatter<false, const 
float &>]: implicit 
instantiation of undefined 
template 'folly::dynamic::Num
ericTypeHelper<folly::Formatt
er<false, const float &>>'
  dynamic::dynamic(T t) {
           ^
  C:/Users/MANCHEM HIMESH/.gr
adle/caches/9.3.1/transforms/
236808c8bf210c3c94b0276182818
50c/workspace/transformed/rea
ct-android-0.86.2-debug/prefa
b/modules/reactnative/include
/folly/json/dynamic.h:1115:12
: note: explicit constructor 
is not a candidate
    explicit dynamic(Array&& 
r);
             ^
  2 errors generated.
  [14/29] Building CXX 
object RNCNetInfoSpec_autolin
ked_build/CMakeFiles/react_co
degen_RNCNetInfoSpec.dir/reac
t/renderer/components/RNCNetI
nfoSpec/ComponentDescriptors.
cpp.o
  FAILED: RNCNetInfoSpec_auto
linked_build/CMakeFiles/react
_codegen_RNCNetInfoSpec.dir/r
eact/renderer/components/RNCN
etInfoSpec/ComponentDescripto
rs.cpp.o 
  C:\Users\MANCHE~1\AppData\L
ocal\Android\Sdk\ndk\261~1.10
9\TOOLCH~1\llvm\prebuilt\WIND
OW~1\bin\CLANG_~1.EXE --targe
t=aarch64-none-linux-android2
4 
--sysroot="C:/Users/MANCHEM H
IMESH/AppData/Local/Android/S
dk/ndk/26.1.10909125/toolchai
ns/llvm/prebuilt/windows-x86_
64/sysroot" 
-DRN_SERIALIZABLE_STATE 
-I"C:/Users/MANCHEM HIMESH/On
eDrive/Desktop/AttendanceApp/
node_modules/@react-native-co
mmunity/netinfo/android/build
/generated/source/codegen/jni
/." -I"C:/Users/MANCHEM HIMES
H/OneDrive/Desktop/Attendance
App/node_modules/@react-nativ
e-community/netinfo/android/b
uild/generated/source/codegen
/jni/react/renderer/component
s/RNCNetInfoSpec" -isystem 
"C:/Users/MANCHEM HIMESH/.gra
dle/caches/9.3.1/transforms/5
f0fade6957df6709b3ef496f25cde
d4/workspace/transformed/fbjn
i-0.7.0/prefab/modules/fbjni/
include" -isystem 
"C:/Users/MANCHEM HIMESH/.gra
dle/caches/9.3.1/transforms/2
36808c8bf210c3c94b02761828185
0c/workspace/transformed/reac
t-android-0.86.2-debug/prefab
/modules/jsi/include" 
-isystem "C:/Users/MANCHEM HI
MESH/.gradle/caches/9.3.1/tra
nsforms/236808c8bf210c3c94b02
7618281850c/workspace/transfo
rmed/react-android-0.86.2-deb
ug/prefab/modules/reactnative
/include" -g -DANDROID 
-fdata-sections 
-ffunction-sections 
-funwind-tables 
-fstack-protector-strong 
-no-canonical-prefixes 
-D_FORTIFY_SOURCE=2 -Wformat 
-Werror=format-security   
-fno-limit-debug-info  -fPIC 
-Wall -Werror -fexceptions 
-frtti -std=c++20 
-DFOLLY_NO_CONFIG=1 
-DLOG_TAG=\"ReactNative\" 
-DFOLLY_HAVE_CLOCK_GETTIME=1 
-DFOLLY_USE_LIBCPP=1 
-DFOLLY_CFG_NO_COROUTINES=1 
-DFOLLY_MOBILE=1 
-DFOLLY_HAVE_RECVMMSG=1 
-DFOLLY_HAVE_PTHREAD=1 -DFOLL
Y_HAVE_XSI_STRERROR_R=1 -MD 
-MT RNCNetInfoSpec_autolinked
_build/CMakeFiles/react_codeg
en_RNCNetInfoSpec.dir/react/r
enderer/components/RNCNetInfo
Spec/ComponentDescriptors.cpp
.o -MF RNCNetInfoSpec_autolin
ked_build\CMakeFiles\react_co
degen_RNCNetInfoSpec.dir\reac
t\renderer\components\RNCNetI
nfoSpec\ComponentDescriptors.
cpp.o.d -o RNCNetInfoSpec_aut
olinked_build/CMakeFiles/reac
t_codegen_RNCNetInfoSpec.dir/
react/renderer/components/RNC
NetInfoSpec/ComponentDescript
ors.cpp.o -c 
"C:/Users/MANCHEM HIMESH/OneD
rive/Desktop/AttendanceApp/no
de_modules/@react-native-comm
unity/netinfo/android/build/g
enerated/source/codegen/jni/r
eact/renderer/components/RNCN
etInfoSpec/ComponentDescripto
rs.cpp"
  In file included from 
C:/Users/MANCHEM HIMESH/OneDr
ive/Desktop/AttendanceApp/nod
e_modules/@react-native-commu
nity/netinfo/android/build/ge
nerated/source/codegen/jni/re
act/renderer/components/RNCNe
tInfoSpec/ComponentDescriptor
s.cpp:11:
  In file included from 
C:/Users/MANCHEM HIMESH/OneDr
ive/Desktop/AttendanceApp/nod
e_modules/@react-native-commu
nity/netinfo/android/build/ge
nerated/source/codegen/jni/./
react/renderer/components/RNC
NetInfoSpec/ComponentDescript
ors.h:13:
  In file included from 
C:/Users/MANCHEM HIMESH/OneDr
ive/Desktop/AttendanceApp/nod
e_modules/@react-native-commu
nity/netinfo/android/build/ge
nerated/source/codegen/jni/./
react/renderer/components/RNC
NetInfoSpec/ShadowNodes.h:16:
  In file included from 
C:/Users/MANCHEM HIMESH/.grad
le/caches/9.3.1/transforms/23
6808c8bf210c3c94b027618281850
c/workspace/transformed/react
-android-0.86.2-debug/prefab/
modules/reactnative/include/r
eact/renderer/components/view
/ConcreteViewShadowNode.h:10:
  In file included from 
C:/Users/MANCHEM HIMESH/.grad
le/caches/9.3.1/transforms/23
6808c8bf210c3c94b027618281850
c/workspace/transformed/react
-android-0.86.2-debug/prefab/
modules/reactnative/include/r
eact/renderer/components/view
/HostPlatformViewTraitsInitia
lizer.h:10:
  In file included from 
C:/Users/MANCHEM HIMESH/.grad
le/caches/9.3.1/transforms/23
6808c8bf210c3c94b027618281850
c/workspace/transformed/react
-android-0.86.2-debug/prefab/
modules/reactnative/include/r
eact/renderer/components/view
/ViewProps.h:10:
  In file included from 
C:/Users/MANCHEM HIMESH/.grad
le/caches/9.3.1/transforms/23
6808c8bf210c3c94b027618281850
c/workspace/transformed/react
-android-0.86.2-debug/prefab/
modules/reactnative/include/r
eact/renderer/components/view
/HostPlatformViewProps.h:11:
  In file included from 
C:/Users/MANCHEM HIMESH/.grad
le/caches/9.3.1/transforms/23
6808c8bf210c3c94b027618281850
c/workspace/transformed/react
-android-0.86.2-debug/prefab/
modules/reactnative/include/r
eact/renderer/components/view
/NativeDrawable.h:13:
  C:/Users/MANCHEM HIMESH/.gr
adle/caches/9.3.1/transforms/
236808c8bf210c3c94b0276182818
50c/workspace/transformed/rea
ct-android-0.86.2-debug/prefa
b/modules/reactnative/include
/react/renderer/core/graphics
Conversions.h:71:14: error: 
no member named 'format' in 
namespace 'std'; did you 
mean 'folly::format'?
        return 
std::format("{}%", 
dimension.value);
               ^~~~~
  C:/Users/MANCHEM HIMESH/.gr
adle/caches/9.3.1/transforms/
236808c8bf210c3c94b0276182818
50c/workspace/transformed/rea
ct-android-0.86.2-debug/prefa
b/modules/reactnative/include
/folly/Format.h:291:1: note: 
'folly::format' declared here
  format(StringPiece fmt, 
Args&&... args) {
  ^
  In file included from 
C:/Users/MANCHEM HIMESH/OneDr
ive/Desktop/AttendanceApp/nod
e_modules/@react-native-commu
nity/netinfo/android/build/ge
nerated/source/codegen/jni/re
act/renderer/components/RNCNe
tInfoSpec/ComponentDescriptor
s.cpp:11:
  In file included from 
C:/Users/MANCHEM HIMESH/OneDr
ive/Desktop/AttendanceApp/nod
e_modules/@react-native-commu
nity/netinfo/android/build/ge
nerated/source/codegen/jni/./
react/renderer/components/RNC
NetInfoSpec/ComponentDescript
ors.h:13:
  In file included from 
C:/Users/MANCHEM HIMESH/OneDr
ive/Desktop/AttendanceApp/nod
e_modules/@react-native-commu
nity/netinfo/android/build/ge
nerated/source/codegen/jni/./
react/renderer/components/RNC
NetInfoSpec/ShadowNodes.h:16:
  In file included from 
C:/Users/MANCHEM HIMESH/.grad
le/caches/9.3.1/transforms/23
6808c8bf210c3c94b027618281850
c/workspace/transformed/react
-android-0.86.2-debug/prefab/
modules/reactnative/include/r
eact/renderer/components/view
/ConcreteViewShadowNode.h:10:
  In file included from 
C:/Users/MANCHEM HIMESH/.grad
le/caches/9.3.1/transforms/23
6808c8bf210c3c94b027618281850
c/workspace/transformed/react
-android-0.86.2-debug/prefab/
modules/reactnative/include/r
eact/renderer/components/view
/HostPlatformViewTraitsInitia
lizer.h:10:
  In file included from 
C:/Users/MANCHEM HIMESH/.grad
le/caches/9.3.1/transforms/23
6808c8bf210c3c94b027618281850
c/workspace/transformed/react
-android-0.86.2-debug/prefab/
modules/reactnative/include/r
eact/renderer/components/view
/ViewProps.h:10:
  In file included from 
C:/Users/MANCHEM HIMESH/.grad
le/caches/9.3.1/transforms/23
6808c8bf210c3c94b027618281850
c/workspace/transformed/react
-android-0.86.2-debug/prefab/
modules/reactnative/include/r
eact/renderer/components/view
/HostPlatformViewProps.h:11:
  In file included from 
C:/Users/MANCHEM HIMESH/.grad
le/caches/9.3.1/transforms/23
6808c8bf210c3c94b027618281850
c/workspace/transformed/react
-android-0.86.2-debug/prefab/
modules/reactnative/include/r
eact/renderer/components/view
/NativeDrawable.h:13:
  C:/Users/MANCHEM HIMESH/.gr
adle/caches/9.3.1/transforms/
236808c8bf210c3c94b0276182818
50c/workspace/transformed/rea
ct-android-0.86.2-debug/prefa
b/modules/reactnative/include
/react/renderer/core/graphics
Conversions.h:71:14: error: 
no viable conversion from 
returned value of type 
'Formatter<false, const 
float &>' to function return 
type 'folly::dynamic'
        return 
std::format("{}%", 
dimension.value);
               ^~~~~~~~~~~~~~
~~~~~~~~~~~~~~~~~~~~~
  C:/Users/MANCHEM HIMESH/.gr
adle/caches/9.3.1/transforms/
236808c8bf210c3c94b0276182818
50c/workspace/transformed/rea
ct-android-0.86.2-debug/prefa
b/modules/reactnative/include
/folly/json/dynamic.h:238:18:
 note: candidate constructor 
not viable: no known 
conversion from 
'Formatter<false, const 
float &>' to 'const 
ObjectMaker &' for 1st 
argument
    /* implicit */ 
dynamic(ObjectMaker const&) 
= delete;
                   ^
  C:/Users/MANCHEM HIMESH/.gr
adle/caches/9.3.1/transforms/
236808c8bf210c3c94b0276182818
50c/workspace/transformed/rea
ct-android-0.86.2-debug/prefa
b/modules/reactnative/include
/folly/json/dynamic.h:289:3: 
note: candidate constructor 
not viable: no known 
conversion from 
'Formatter<false, const 
float &>' to 'const dynamic 
&' for 1st argument
    dynamic(dynamic const&);
    ^
  C:/Users/MANCHEM HIMESH/.gr
adle/caches/9.3.1/transforms/
236808c8bf210c3c94b0276182818
50c/workspace/transformed/rea
ct-android-0.86.2-debug/prefa
b/modules/reactnative/include
/folly/json/dynamic.h:290:3: 
note: candidate constructor 
not viable: no known 
conversion from 
'Formatter<false, const 
float &>' to 'dynamic &&' 
for 1st argument
    dynamic(dynamic&&) 
noexcept;
    ^
  C:/Users/MANCHEM HIMESH/.gr
adle/caches/9.3.1/transforms/
236808c8bf210c3c94b0276182818
50c/workspace/transformed/rea
ct-android-0.86.2-debug/prefa
b/modules/reactnative/include
/folly/json/dynamic-inl.h:321
:17: note: candidate 
constructor not viable: no 
known conversion from 
'Formatter<false, const 
float &>' to 
'std::nullptr_t' for 1st 
argument
  inline dynamic::dynamic(std
::nullptr_t) : type_(NULLT) 
{}
                  ^
  C:/Users/MANCHEM HIMESH/.gr
adle/caches/9.3.1/transforms/
236808c8bf210c3c94b0276182818
50c/workspace/transformed/rea
ct-android-0.86.2-debug/prefa
b/modules/reactnative/include
/folly/json/dynamic-inl.h:323
:17: note: candidate 
constructor not viable: no 
known conversion from 
'Formatter<false, const 
float &>' to 'void 
(*)(EmptyArrayTag)' for 1st 
argument
  inline 
dynamic::dynamic(void 
(*)(EmptyArrayTag)) : 
type_(ARRAY) {
                  ^
  C:/Users/MANCHEM HIMESH/.gr
adle/caches/9.3.1/transforms/
236808c8bf210c3c94b0276182818
50c/workspace/transformed/rea
ct-android-0.86.2-debug/prefa
b/modules/reactnative/include
/folly/json/dynamic-inl.h:327
:17: note: candidate 
constructor not viable: no 
known conversion from 
'Formatter<false, const 
float &>' to 'ObjectMaker 
(*)()' for 1st argument
  inline 
dynamic::dynamic(ObjectMaker 
(*)()) : type_(OBJECT) {
                  ^
  C:/Users/MANCHEM HIMESH/.gr
adle/caches/9.3.1/transforms/
236808c8bf210c3c94b0276182818
50c/workspace/transformed/rea
ct-android-0.86.2-debug/prefa
b/modules/reactnative/include
/folly/json/dynamic-inl.h:331
:17: note: candidate 
constructor not viable: no 
known conversion from 
'Formatter<false, const 
float &>' to 'const char *' 
for 1st argument
  inline 
dynamic::dynamic(char const* 
s) : type_(STRING) {
                  ^
  C:/Users/MANCHEM HIMESH/.gr
adle/caches/9.3.1/transforms/
236808c8bf210c3c94b0276182818
50c/workspace/transformed/rea
ct-android-0.86.2-debug/prefa
b/modules/reactnative/include
/folly/json/dynamic-inl.h:335
:17: note: candidate 
constructor not viable: no 
known conversion from 
'Formatter<false, const 
float &>' to 'std::string' 
(aka 'basic_string<char>') 
for 1st argument
  inline 
dynamic::dynamic(std::string 
s) : type_(STRING) {
                  ^
  C:/Users/MANCHEM HIMESH/.gr
adle/caches/9.3.1/transforms/
236808c8bf210c3c94b0276182818
50c/workspace/transformed/rea
ct-android-0.86.2-debug/prefa
b/modules/reactnative/include
/folly/json/dynamic-inl.h:344
:17: note: candidate 
constructor not viable: no 
known conversion from 
'Formatter<false, const 
float &>' to 'ObjectMaker 
&&' for 1st argument
  inline dynamic::dynamic(Obj
ectMaker&& maker) : 
type_(OBJECT) {
                  ^
  C:/Users/MANCHEM HIMESH/.gr
adle/caches/9.3.1/transforms/
236808c8bf210c3c94b0276182818
50c/workspace/transformed/rea
ct-android-0.86.2-debug/prefa
b/modules/reactnative/include
/folly/json/dynamic-inl.h:376
:17: note: candidate 
constructor not viable: no 
known conversion from 
'Formatter<false, const 
float &>' to 'std::vector<boo
l>::reference' (aka '__bit_re
ference<vector<bool, 
allocator<bool>>>') for 1st 
argument
  inline dynamic::dynamic(std
::vector<bool>::reference b)
                  ^
  C:/Users/MANCHEM HIMESH/.gr
adle/caches/9.3.1/transforms/
236808c8bf210c3c94b0276182818
50c/workspace/transformed/rea
ct-android-0.86.2-debug/prefa
b/modules/reactnative/include
/folly/json/dynamic-inl.h:378
:17: note: candidate 
constructor not viable: no 
known conversion from 
'Formatter<false, const 
float &>' to 
'VectorBoolConstRefCtorType' 
(aka 'std::__bit_const_refere
nce<std::vector<bool>>') for 
1st argument
  inline dynamic::dynamic(Vec
torBoolConstRefCtorType b)
                  ^
  C:/Users/MANCHEM HIMESH/.gr
adle/caches/9.3.1/transforms/
236808c8bf210c3c94b0276182818
50c/workspace/transformed/rea
ct-android-0.86.2-debug/prefa
b/modules/reactnative/include
/folly/json/dynamic-inl.h:340
:17: note: candidate 
template ignored: 
requirement 'is_detected_v<fo
lly::dynamic_detail::detect_c
onstruct_string, 
folly::Formatter<false, 
const float &>>' was not 
satisfied [with Stringish = 
Formatter<false, const float 
&>]
  inline 
dynamic::dynamic(Stringish&& 
s) : type_(STRING) {
                  ^
  C:/Users/MANCHEM HIMESH/.gr
adle/caches/9.3.1/transforms/
236808c8bf210c3c94b0276182818
50c/workspace/transformed/rea
ct-android-0.86.2-debug/prefa
b/modules/reactnative/include
/folly/json/dynamic-inl.h:384
:10: note: candidate 
template ignored: 
substitution failure [with T 
= Formatter<false, const 
float &>]: implicit 
instantiation of undefined 
template 'folly::dynamic::Num
ericTypeHelper<folly::Formatt
er<false, const float &>>'
  dynamic::dynamic(T t) {
           ^
  C:/Users/MANCHEM HIMESH/.gr
adle/caches/9.3.1/transforms/
236808c8bf210c3c94b0276182818
50c/workspace/transformed/rea
ct-android-0.86.2-debug/prefa
b/modules/reactnative/include
/folly/json/dynamic.h:1115:12
: note: explicit constructor 
is not a candidate
    explicit dynamic(Array&& 
r);
             ^
  2 errors generated.
  [15/29] Building CXX 
object NitroModulesSpec_autol
inked_build/CMakeFiles/react_
codegen_NitroModulesSpec.dir/
react/renderer/components/Nit
roModulesSpec/ComponentDescri
ptors.cpp.o
  FAILED: NitroModulesSpec_au
tolinked_build/CMakeFiles/rea
ct_codegen_NitroModulesSpec.d
ir/react/renderer/components/
NitroModulesSpec/ComponentDes
criptors.cpp.o 
  C:\Users\MANCHE~1\AppData\L
ocal\Android\Sdk\ndk\261~1.10
9\TOOLCH~1\llvm\prebuilt\WIND
OW~1\bin\CLANG_~1.EXE --targe
t=aarch64-none-linux-android2
4 
--sysroot="C:/Users/MANCHEM H
IMESH/AppData/Local/Android/S
dk/ndk/26.1.10909125/toolchai
ns/llvm/prebuilt/windows-x86_
64/sysroot" 
-DRN_SERIALIZABLE_STATE 
-I"C:/Users/MANCHEM HIMESH/On
eDrive/Desktop/AttendanceApp/
node_modules/react-native-nit
ro-modules/android/build/gene
rated/source/codegen/jni/." 
-I"C:/Users/MANCHEM HIMESH/On
eDrive/Desktop/AttendanceApp/
node_modules/react-native-nit
ro-modules/android/build/gene
rated/source/codegen/jni/reac
t/renderer/components/NitroMo
dulesSpec" -isystem 
"C:/Users/MANCHEM HIMESH/.gra
dle/caches/9.3.1/transforms/5
f0fade6957df6709b3ef496f25cde
d4/workspace/transformed/fbjn
i-0.7.0/prefab/modules/fbjni/
include" -isystem 
"C:/Users/MANCHEM HIMESH/.gra
dle/caches/9.3.1/transforms/2
36808c8bf210c3c94b02761828185
0c/workspace/transformed/reac
t-android-0.86.2-debug/prefab
/modules/jsi/include" 
-isystem "C:/Users/MANCHEM HI
MESH/.gradle/caches/9.3.1/tra
nsforms/236808c8bf210c3c94b02
7618281850c/workspace/transfo
rmed/react-android-0.86.2-deb
ug/prefab/modules/reactnative
/include" -g -DANDROID 
-fdata-sections 
-ffunction-sections 
-funwind-tables 
-fstack-protector-strong 
-no-canonical-prefixes 
-D_FORTIFY_SOURCE=2 -Wformat 
-Werror=format-security   
-fno-limit-debug-info  -fPIC 
-Wall -Werror -fexceptions 
-frtti -std=c++20 
-DFOLLY_NO_CONFIG=1 
-DLOG_TAG=\"ReactNative\" 
-DFOLLY_HAVE_CLOCK_GETTIME=1 
-DFOLLY_USE_LIBCPP=1 
-DFOLLY_CFG_NO_COROUTINES=1 
-DFOLLY_MOBILE=1 
-DFOLLY_HAVE_RECVMMSG=1 
-DFOLLY_HAVE_PTHREAD=1 -DFOLL
Y_HAVE_XSI_STRERROR_R=1 -MD 
-MT NitroModulesSpec_autolink
ed_build/CMakeFiles/react_cod
egen_NitroModulesSpec.dir/rea
ct/renderer/components/NitroM
odulesSpec/ComponentDescripto
rs.cpp.o -MF NitroModulesSpec
_autolinked_build\CMakeFiles\
react_codegen_NitroModulesSpe
c.dir\react\renderer\componen
ts\NitroModulesSpec\Component
Descriptors.cpp.o.d -o NitroM
odulesSpec_autolinked_build/C
MakeFiles/react_codegen_Nitro
ModulesSpec.dir/react/rendere
r/components/NitroModulesSpec
/ComponentDescriptors.cpp.o 
-c "C:/Users/MANCHEM HIMESH/O
neDrive/Desktop/AttendanceApp
/node_modules/react-native-ni
tro-modules/android/build/gen
erated/source/codegen/jni/rea
ct/renderer/components/NitroM
odulesSpec/ComponentDescripto
rs.cpp"
  In file included from 
C:/Users/MANCHEM HIMESH/OneDr
ive/Desktop/AttendanceApp/nod
e_modules/react-native-nitro-
modules/android/build/generat
ed/source/codegen/jni/react/r
enderer/components/NitroModul
esSpec/ComponentDescriptors.c
pp:11:
  In file included from 
C:/Users/MANCHEM HIMESH/OneDr
ive/Desktop/AttendanceApp/nod
e_modules/react-native-nitro-
modules/android/build/generat
ed/source/codegen/jni/./react
/renderer/components/NitroMod
ulesSpec/ComponentDescriptors
.h:13:
  In file included from 
C:/Users/MANCHEM HIMESH/OneDr
ive/Desktop/AttendanceApp/nod
e_modules/react-native-nitro-
modules/android/build/generat
ed/source/codegen/jni/./react
/renderer/components/NitroMod
ulesSpec/ShadowNodes.h:16:
  In file included from 
C:/Users/MANCHEM HIMESH/.grad
le/caches/9.3.1/transforms/23
6808c8bf210c3c94b027618281850
c/workspace/transformed/react
-android-0.86.2-debug/prefab/
modules/reactnative/include/r
eact/renderer/components/view
/ConcreteViewShadowNode.h:10:
  In file included from 
C:/Users/MANCHEM HIMESH/.grad
le/caches/9.3.1/transforms/23
6808c8bf210c3c94b027618281850
c/workspace/transformed/react
-android-0.86.2-debug/prefab/
modules/reactnative/include/r
eact/renderer/components/view
/HostPlatformViewTraitsInitia
lizer.h:10:
  In file included from 
C:/Users/MANCHEM HIMESH/.grad
le/caches/9.3.1/transforms/23
6808c8bf210c3c94b027618281850
c/workspace/transformed/react
-android-0.86.2-debug/prefab/
modules/reactnative/include/r
eact/renderer/components/view
/ViewProps.h:10:
  In file included from 
C:/Users/MANCHEM HIMESH/.grad
le/caches/9.3.1/transforms/23
6808c8bf210c3c94b027618281850
c/workspace/transformed/react
-android-0.86.2-debug/prefab/
modules/reactnative/include/r
eact/renderer/components/view
/HostPlatformViewProps.h:11:
  In file included from 
C:/Users/MANCHEM HIMESH/.grad
le/caches/9.3.1/transforms/23
6808c8bf210c3c94b027618281850
c/workspace/transformed/react
-android-0.86.2-debug/prefab/
modules/reactnative/include/r
eact/renderer/components/view
/NativeDrawable.h:13:
  C:/Users/MANCHEM HIMESH/.gr
adle/caches/9.3.1/transforms/
236808c8bf210c3c94b0276182818
50c/workspace/transformed/rea
ct-android-0.86.2-debug/prefa
b/modules/reactnative/include
/react/renderer/core/graphics
Conversions.h:71:14: error: 
no member named 'format' in 
namespace 'std'; did you 
mean 'folly::format'?
        return 
std::format("{}%", 
dimension.value);
               ^~~~~
  C:/Users/MANCHEM HIMESH/.gr
adle/caches/9.3.1/transforms/
236808c8bf210c3c94b0276182818
50c/workspace/transformed/rea
ct-android-0.86.2-debug/prefa
b/modules/reactnative/include
/folly/Format.h:291:1: note: 
'folly::format' declared here
  format(StringPiece fmt, 
Args&&... args) {
  ^
  In file included from 
C:/Users/MANCHEM HIMESH/OneDr
ive/Desktop/AttendanceApp/nod
e_modules/react-native-nitro-
modules/android/build/generat
ed/source/codegen/jni/react/r
enderer/components/NitroModul
esSpec/ComponentDescriptors.c
pp:11:
  In file included from 
C:/Users/MANCHEM HIMESH/OneDr
ive/Desktop/AttendanceApp/nod
e_modules/react-native-nitro-
modules/android/build/generat
ed/source/codegen/jni/./react
/renderer/components/NitroMod
ulesSpec/ComponentDescriptors
.h:13:
  In file included from 
C:/Users/MANCHEM HIMESH/OneDr
ive/Desktop/AttendanceApp/nod
e_modules/react-native-nitro-
modules/android/build/generat
ed/source/codegen/jni/./react
/renderer/components/NitroMod
ulesSpec/ShadowNodes.h:16:
  In file included from 
C:/Users/MANCHEM HIMESH/.grad
le/caches/9.3.1/transforms/23
6808c8bf210c3c94b027618281850
c/workspace/transformed/react
-android-0.86.2-debug/prefab/
modules/reactnative/include/r
eact/renderer/components/view
/ConcreteViewShadowNode.h:10:
  In file included from 
C:/Users/MANCHEM HIMESH/.grad
le/caches/9.3.1/transforms/23
6808c8bf210c3c94b027618281850
c/workspace/transformed/react
-android-0.86.2-debug/prefab/
modules/reactnative/include/r
eact/renderer/components/view
/HostPlatformViewTraitsInitia
lizer.h:10:
  In file included from 
C:/Users/MANCHEM HIMESH/.grad
le/caches/9.3.1/transforms/23
6808c8bf210c3c94b027618281850
c/workspace/transformed/react
-android-0.86.2-debug/prefab/
modules/reactnative/include/r
eact/renderer/components/view
/ViewProps.h:10:
  In file included from 
C:/Users/MANCHEM HIMESH/.grad
le/caches/9.3.1/transforms/23
6808c8bf210c3c94b027618281850
c/workspace/transformed/react
-android-0.86.2-debug/prefab/
modules/reactnative/include/r
eact/renderer/components/view
/HostPlatformViewProps.h:11:
  In file included from 
C:/Users/MANCHEM HIMESH/.grad
le/caches/9.3.1/transforms/23
6808c8bf210c3c94b027618281850
c/workspace/transformed/react
-android-0.86.2-debug/prefab/
modules/reactnative/include/r
eact/renderer/components/view
/NativeDrawable.h:13:
  C:/Users/MANCHEM HIMESH/.gr
adle/caches/9.3.1/transforms/
236808c8bf210c3c94b0276182818
50c/workspace/transformed/rea
ct-android-0.86.2-debug/prefa
b/modules/reactnative/include
/react/renderer/core/graphics
Conversions.h:71:14: error: 
no viable conversion from 
returned value of type 
'Formatter<false, const 
float &>' to function return 
type 'folly::dynamic'
        return 
std::format("{}%", 
dimension.value);
               ^~~~~~~~~~~~~~
~~~~~~~~~~~~~~~~~~~~~
  C:/Users/MANCHEM HIMESH/.gr
adle/caches/9.3.1/transforms/
236808c8bf210c3c94b0276182818
50c/workspace/transformed/rea
ct-android-0.86.2-debug/prefa
b/modules/reactnative/include
/folly/json/dynamic.h:238:18:
 note: candidate constructor 
not viable: no known 
conversion from 
'Formatter<false, const 
float &>' to 'const 
ObjectMaker &' for 1st 
argument
    /* implicit */ 
dynamic(ObjectMaker const&) 
= delete;
                   ^
  C:/Users/MANCHEM HIMESH/.gr
adle/caches/9.3.1/transforms/
236808c8bf210c3c94b0276182818
50c/workspace/transformed/rea
ct-android-0.86.2-debug/prefa
b/modules/reactnative/include
/folly/json/dynamic.h:289:3: 
note: candidate constructor 
not viable: no known 
conversion from 
'Formatter<false, const 
float &>' to 'const dynamic 
&' for 1st argument
    dynamic(dynamic const&);
    ^
  C:/Users/MANCHEM HIMESH/.gr
adle/caches/9.3.1/transforms/
236808c8bf210c3c94b0276182818
50c/workspace/transformed/rea
ct-android-0.86.2-debug/prefa
b/modules/reactnative/include
/folly/json/dynamic.h:290:3: 
note: candidate constructor 
not viable: no known 
conversion from 
'Formatter<false, const 
float &>' to 'dynamic &&' 
for 1st argument
    dynamic(dynamic&&) 
noexcept;
    ^
  C:/Users/MANCHEM HIMESH/.gr
adle/caches/9.3.1/transforms/
236808c8bf210c3c94b0276182818
50c/workspace/transformed/rea
ct-android-0.86.2-debug/prefa
b/modules/reactnative/include
/folly/json/dynamic-inl.h:321
:17: note: candidate 
constructor not viable: no 
known conversion from 
'Formatter<false, const 
float &>' to 
'std::nullptr_t' for 1st 
argument
  inline dynamic::dynamic(std
::nullptr_t) : type_(NULLT) 
{}
                  ^
  C:/Users/MANCHEM HIMESH/.gr
adle/caches/9.3.1/transforms/
236808c8bf210c3c94b0276182818
50c/workspace/transformed/rea
ct-android-0.86.2-debug/prefa
b/modules/reactnative/include
/folly/json/dynamic-inl.h:323
:17: note: candidate 
constructor not viable: no 
known conversion from 
'Formatter<false, const 
float &>' to 'void 
(*)(EmptyArrayTag)' for 1st 
argument
  inline 
dynamic::dynamic(void 
(*)(EmptyArrayTag)) : 
type_(ARRAY) {
                  ^
  C:/Users/MANCHEM HIMESH/.gr
adle/caches/9.3.1/transforms/
236808c8bf210c3c94b0276182818
50c/workspace/transformed/rea
ct-android-0.86.2-debug/prefa
b/modules/reactnative/include
/folly/json/dynamic-inl.h:327
:17: note: candidate 
constructor not viable: no 
known conversion from 
'Formatter<false, const 
float &>' to 'ObjectMaker 
(*)()' for 1st argument
  inline 
dynamic::dynamic(ObjectMaker 
(*)()) : type_(OBJECT) {
                  ^
  C:/Users/MANCHEM HIMESH/.gr
adle/caches/9.3.1/transforms/
236808c8bf210c3c94b0276182818
50c/workspace/transformed/rea
ct-android-0.86.2-debug/prefa
b/modules/reactnative/include
/folly/json/dynamic-inl.h:331
:17: note: candidate 
constructor not viable: no 
known conversion from 
'Formatter<false, const 
float &>' to 'const char *' 
for 1st argument
  inline 
dynamic::dynamic(char const* 
s) : type_(STRING) {
                  ^
  C:/Users/MANCHEM HIMESH/.gr
adle/caches/9.3.1/transforms/
236808c8bf210c3c94b0276182818
50c/workspace/transformed/rea
ct-android-0.86.2-debug/prefa
b/modules/reactnative/include
/folly/json/dynamic-inl.h:335
:17: note: candidate 
constructor not viable: no 
known conversion from 
'Formatter<false, const 
float &>' to 'std::string' 
(aka 'basic_string<char>') 
for 1st argument
  inline 
dynamic::dynamic(std::string 
s) : type_(STRING) {
                  ^
  C:/Users/MANCHEM HIMESH/.gr
adle/caches/9.3.1/transforms/
236808c8bf210c3c94b0276182818
50c/workspace/transformed/rea
ct-android-0.86.2-debug/prefa
b/modules/reactnative/include
/folly/json/dynamic-inl.h:344
:17: note: candidate 
constructor not viable: no 
known conversion from 
'Formatter<false, const 
float &>' to 'ObjectMaker 
&&' for 1st argument
  inline dynamic::dynamic(Obj
ectMaker&& maker) : 
type_(OBJECT) {
                  ^
  C:/Users/MANCHEM HIMESH/.gr
adle/caches/9.3.1/transforms/
236808c8bf210c3c94b0276182818
50c/workspace/transformed/rea
ct-android-0.86.2-debug/prefa
b/modules/reactnative/include
/folly/json/dynamic-inl.h:376
:17: note: candidate 
constructor not viable: no 
known conversion from 
'Formatter<false, const 
float &>' to 'std::vector<boo
l>::reference' (aka '__bit_re
ference<vector<bool, 
allocator<bool>>>') for 1st 
argument
  inline dynamic::dynamic(std
::vector<bool>::reference b)
                  ^
  C:/Users/MANCHEM HIMESH/.gr
adle/caches/9.3.1/transforms/
236808c8bf210c3c94b0276182818
50c/workspace/transformed/rea
ct-android-0.86.2-debug/prefa
b/modules/reactnative/include
/folly/json/dynamic-inl.h:378
:17: note: candidate 
constructor not viable: no 
known conversion from 
'Formatter<false, const 
float &>' to 
'VectorBoolConstRefCtorType' 
(aka 'std::__bit_const_refere
nce<std::vector<bool>>') for 
1st argument
  inline dynamic::dynamic(Vec
torBoolConstRefCtorType b)
                  ^
  C:/Users/MANCHEM HIMESH/.gr
adle/caches/9.3.1/transforms/
236808c8bf210c3c94b0276182818
50c/workspace/transformed/rea
ct-android-0.86.2-debug/prefa
b/modules/reactnative/include
/folly/json/dynamic-inl.h:340
:17: note: candidate 
template ignored: 
requirement 'is_detected_v<fo
lly::dynamic_detail::detect_c
onstruct_string, 
folly::Formatter<false, 
const float &>>' was not 
satisfied [with Stringish = 
Formatter<false, const float 
&>]
  inline 
dynamic::dynamic(Stringish&& 
s) : type_(STRING) {
                  ^
  C:/Users/MANCHEM HIMESH/.gr
adle/caches/9.3.1/transforms/
236808c8bf210c3c94b0276182818
50c/workspace/transformed/rea
ct-android-0.86.2-debug/prefa
b/modules/reactnative/include
/folly/json/dynamic-inl.h:384
:10: note: candidate 
template ignored: 
substitution failure [with T 
= Formatter<false, const 
float &>]: implicit 
instantiation of undefined 
template 'folly::dynamic::Num
ericTypeHelper<folly::Formatt
er<false, const float &>>'
  dynamic::dynamic(T t) {
           ^
  C:/Users/MANCHEM HIMESH/.gr
adle/caches/9.3.1/transforms/
236808c8bf210c3c94b0276182818
50c/workspace/transformed/rea
ct-android-0.86.2-debug/prefa
b/modules/reactnative/include
/folly/json/dynamic.h:1115:12
: note: explicit constructor 
is not a candidate
    explicit dynamic(Array&& 
r);
             ^
  2 errors generated.
  [16/29] Building CXX 
object RNHapticFeedbackSpec_a
utolinked_build/CMakeFiles/re
act_codegen_RNHapticFeedbackS
pec.dir/7f9d75c760005477a9a92
acb25e45305/ShadowNodes.cpp.o
  FAILED: RNHapticFeedbackSpe
c_autolinked_build/CMakeFiles
/react_codegen_RNHapticFeedba
ckSpec.dir/7f9d75c760005477a9
a92acb25e45305/ShadowNodes.cp
p.o 
  C:\Users\MANCHE~1\AppData\L
ocal\Android\Sdk\ndk\261~1.10
9\TOOLCH~1\llvm\prebuilt\WIND
OW~1\bin\CLANG_~1.EXE --targe
t=aarch64-none-linux-android2
4 
--sysroot="C:/Users/MANCHEM H
IMESH/AppData/Local/Android/S
dk/ndk/26.1.10909125/toolchai
ns/llvm/prebuilt/windows-x86_
64/sysroot" 
-DRN_SERIALIZABLE_STATE 
-I"C:/Users/MANCHEM HIMESH/On
eDrive/Desktop/AttendanceApp/
node_modules/react-native-hap
tic-feedback/android/build/ge
nerated/source/codegen/jni/."
 -I"C:/Users/MANCHEM HIMESH/O
neDrive/Desktop/AttendanceApp
/node_modules/react-native-ha
ptic-feedback/android/build/g
enerated/source/codegen/jni/r
eact/renderer/components/RNHa
pticFeedbackSpec" -isystem 
"C:/Users/MANCHEM HIMESH/.gra
dle/caches/9.3.1/transforms/5
f0fade6957df6709b3ef496f25cde
d4/workspace/transformed/fbjn
i-0.7.0/prefab/modules/fbjni/
include" -isystem 
"C:/Users/MANCHEM HIMESH/.gra
dle/caches/9.3.1/transforms/2
36808c8bf210c3c94b02761828185
0c/workspace/transformed/reac
t-android-0.86.2-debug/prefab
/modules/jsi/include" 
-isystem "C:/Users/MANCHEM HI
MESH/.gradle/caches/9.3.1/tra
nsforms/236808c8bf210c3c94b02
7618281850c/workspace/transfo
rmed/react-android-0.86.2-deb
ug/prefab/modules/reactnative
/include" -g -DANDROID 
-fdata-sections 
-ffunction-sections 
-funwind-tables 
-fstack-protector-strong 
-no-canonical-prefixes 
-D_FORTIFY_SOURCE=2 -Wformat 
-Werror=format-security   
-fno-limit-debug-info  -fPIC 
-Wall -Werror -fexceptions 
-frtti -std=c++20 
-DFOLLY_NO_CONFIG=1 
-DLOG_TAG=\"ReactNative\" 
-DFOLLY_HAVE_CLOCK_GETTIME=1 
-DFOLLY_USE_LIBCPP=1 
-DFOLLY_CFG_NO_COROUTINES=1 
-DFOLLY_MOBILE=1 
-DFOLLY_HAVE_RECVMMSG=1 
-DFOLLY_HAVE_PTHREAD=1 -DFOLL
Y_HAVE_XSI_STRERROR_R=1 -MD 
-MT RNHapticFeedbackSpec_auto
linked_build/CMakeFiles/react
_codegen_RNHapticFeedbackSpec
.dir/7f9d75c760005477a9a92acb
25e45305/ShadowNodes.cpp.o 
-MF RNHapticFeedbackSpec_auto
linked_build\CMakeFiles\react
_codegen_RNHapticFeedbackSpec
.dir\7f9d75c760005477a9a92acb
25e45305\ShadowNodes.cpp.o.d 
-o RNHapticFeedbackSpec_autol
inked_build/CMakeFiles/react_
codegen_RNHapticFeedbackSpec.
dir/7f9d75c760005477a9a92acb2
5e45305/ShadowNodes.cpp.o -c 
"C:/Users/MANCHEM HIMESH/OneD
rive/Desktop/AttendanceApp/no
de_modules/react-native-hapti
c-feedback/android/build/gene
rated/source/codegen/jni/reac
t/renderer/components/RNHapti
cFeedbackSpec/ShadowNodes.cpp
"
  In file included from 
C:/Users/MANCHEM HIMESH/OneDr
ive/Desktop/AttendanceApp/nod
e_modules/react-native-haptic
-feedback/android/build/gener
ated/source/codegen/jni/react
/renderer/components/RNHaptic
FeedbackSpec/ShadowNodes.cpp:
11:
  In file included from 
C:/Users/MANCHEM HIMESH/OneDr
ive/Desktop/AttendanceApp/nod
e_modules/react-native-haptic
-feedback/android/build/gener
ated/source/codegen/jni/./rea
ct/renderer/components/RNHapt
icFeedbackSpec/ShadowNodes.h:
16:
  In file included from 
C:/Users/MANCHEM HIMESH/.grad
le/caches/9.3.1/transforms/23
6808c8bf210c3c94b027618281850
c/workspace/transformed/react
-android-0.86.2-debug/prefab/
modules/reactnative/include/r
eact/renderer/components/view
/ConcreteViewShadowNode.h:10:
  In file included from 
C:/Users/MANCHEM HIMESH/.grad
le/caches/9.3.1/transforms/23
6808c8bf210c3c94b027618281850
c/workspace/transformed/react
-android-0.86.2-debug/prefab/
modules/reactnative/include/r
eact/renderer/components/view
/HostPlatformViewTraitsInitia
lizer.h:10:
  In file included from 
C:/Users/MANCHEM HIMESH/.grad
le/caches/9.3.1/transforms/23
6808c8bf210c3c94b027618281850
c/workspace/transformed/react
-android-0.86.2-debug/prefab/
modules/reactnative/include/r
eact/renderer/components/view
/ViewProps.h:10:
  In file included from 
C:/Users/MANCHEM HIMESH/.grad
le/caches/9.3.1/transforms/23
6808c8bf210c3c94b027618281850
c/workspace/transformed/react
-android-0.86.2-debug/prefab/
modules/reactnative/include/r
eact/renderer/components/view
/HostPlatformViewProps.h:11:
  In file included from 
C:/Users/MANCHEM HIMESH/.grad
le/caches/9.3.1/transforms/23
6808c8bf210c3c94b027618281850
c/workspace/transformed/react
-android-0.86.2-debug/prefab/
modules/reactnative/include/r
eact/renderer/components/view
/NativeDrawable.h:13:
  C:/Users/MANCHEM HIMESH/.gr
adle/caches/9.3.1/transforms/
236808c8bf210c3c94b0276182818
50c/workspace/transformed/rea
ct-android-0.86.2-debug/prefa
b/modules/reactnative/include
/react/renderer/core/graphics
Conversions.h:71:14: error: 
no member named 'format' in 
namespace 'std'; did you 
mean 'folly::format'?
        return 
std::format("{}%", 
dimension.value);
               ^~~~~
  C:/Users/MANCHEM HIMESH/.gr
adle/caches/9.3.1/transforms/
236808c8bf210c3c94b0276182818
50c/workspace/transformed/rea
ct-android-0.86.2-debug/prefa
b/modules/reactnative/include
/folly/Format.h:291:1: note: 
'folly::format' declared here
  format(StringPiece fmt, 
Args&&... args) {
  ^
  In file included from 
C:/Users/MANCHEM HIMESH/OneDr
ive/Desktop/AttendanceApp/nod
e_modules/react-native-haptic
-feedback/android/build/gener
ated/source/codegen/jni/react
/renderer/components/RNHaptic
FeedbackSpec/ShadowNodes.cpp:
11:
  In file included from 
C:/Users/MANCHEM HIMESH/OneDr
ive/Desktop/AttendanceApp/nod
e_modules/react-native-haptic
-feedback/android/build/gener
ated/source/codegen/jni/./rea
ct/renderer/components/RNHapt
icFeedbackSpec/ShadowNodes.h:
16:
  In file included from 
C:/Users/MANCHEM HIMESH/.grad
le/caches/9.3.1/transforms/23
6808c8bf210c3c94b027618281850
c/workspace/transformed/react
-android-0.86.2-debug/prefab/
modules/reactnative/include/r
eact/renderer/components/view
/ConcreteViewShadowNode.h:10:
  In file included from 
C:/Users/MANCHEM HIMESH/.grad
le/caches/9.3.1/transforms/23
6808c8bf210c3c94b027618281850
c/workspace/transformed/react
-android-0.86.2-debug/prefab/
modules/reactnative/include/r
eact/renderer/components/view
/HostPlatformViewTraitsInitia
lizer.h:10:
  In file included from 
C:/Users/MANCHEM HIMESH/.grad
le/caches/9.3.1/transforms/23
6808c8bf210c3c94b027618281850
c/workspace/transformed/react
-android-0.86.2-debug/prefab/
modules/reactnative/include/r
eact/renderer/components/view
/ViewProps.h:10:
  In file included from 
C:/Users/MANCHEM HIMESH/.grad
le/caches/9.3.1/transforms/23
6808c8bf210c3c94b027618281850
c/workspace/transformed/react
-android-0.86.2-debug/prefab/
modules/reactnative/include/r
eact/renderer/components/view
/HostPlatformViewProps.h:11:
  In file included from 
C:/Users/MANCHEM HIMESH/.grad
le/caches/9.3.1/transforms/23
6808c8bf210c3c94b027618281850
c/workspace/transformed/react
-android-0.86.2-debug/prefab/
modules/reactnative/include/r
eact/renderer/components/view
/NativeDrawable.h:13:
  C:/Users/MANCHEM HIMESH/.gr
adle/caches/9.3.1/transforms/
236808c8bf210c3c94b0276182818
50c/workspace/transformed/rea
ct-android-0.86.2-debug/prefa
b/modules/reactnative/include
/react/renderer/core/graphics
Conversions.h:71:14: error: 
no viable conversion from 
returned value of type 
'Formatter<false, const 
float &>' to function return 
type 'folly::dynamic'
        return 
std::format("{}%", 
dimension.value);
               ^~~~~~~~~~~~~~
~~~~~~~~~~~~~~~~~~~~~
  C:/Users/MANCHEM HIMESH/.gr
adle/caches/9.3.1/transforms/
236808c8bf210c3c94b0276182818
50c/workspace/transformed/rea
ct-android-0.86.2-debug/prefa
b/modules/reactnative/include
/folly/json/dynamic.h:238:18:
 note: candidate constructor 
not viable: no known 
conversion from 
'Formatter<false, const 
float &>' to 'const 
ObjectMaker &' for 1st 
argument
    /* implicit */ 
dynamic(ObjectMaker const&) 
= delete;
                   ^
  C:/Users/MANCHEM HIMESH/.gr
adle/caches/9.3.1/transforms/
236808c8bf210c3c94b0276182818
50c/workspace/transformed/rea
ct-android-0.86.2-debug/prefa
b/modules/reactnative/include
/folly/json/dynamic.h:289:3: 
note: candidate constructor 
not viable: no known 
conversion from 
'Formatter<false, const 
float &>' to 'const dynamic 
&' for 1st argument
    dynamic(dynamic const&);
    ^
  C:/Users/MANCHEM HIMESH/.gr
adle/caches/9.3.1/transforms/
236808c8bf210c3c94b0276182818
50c/workspace/transformed/rea
ct-android-0.86.2-debug/prefa
b/modules/reactnative/include
/folly/json/dynamic.h:290:3: 
note: candidate constructor 
not viable: no known 
conversion from 
'Formatter<false, const 
float &>' to 'dynamic &&' 
for 1st argument
    dynamic(dynamic&&) 
noexcept;
    ^
  C:/Users/MANCHEM HIMESH/.gr
adle/caches/9.3.1/transforms/
236808c8bf210c3c94b0276182818
50c/workspace/transformed/rea
ct-android-0.86.2-debug/prefa
b/modules/reactnative/include
/folly/json/dynamic-inl.h:321
:17: note: candidate 
constructor not viable: no 
known conversion from 
'Formatter<false, const 
float &>' to 
'std::nullptr_t' for 1st 
argument
  inline dynamic::dynamic(std
::nullptr_t) : type_(NULLT) 
{}
                  ^
  C:/Users/MANCHEM HIMESH/.gr
adle/caches/9.3.1/transforms/
236808c8bf210c3c94b0276182818
50c/workspace/transformed/rea
ct-android-0.86.2-debug/prefa
b/modules/reactnative/include
/folly/json/dynamic-inl.h:323
:17: note: candidate 
constructor not viable: no 
known conversion from 
'Formatter<false, const 
float &>' to 'void 
(*)(EmptyArrayTag)' for 1st 
argument
  inline 
dynamic::dynamic(void 
(*)(EmptyArrayTag)) : 
type_(ARRAY) {
                  ^
  C:/Users/MANCHEM HIMESH/.gr
adle/caches/9.3.1/transforms/
236808c8bf210c3c94b0276182818
50c/workspace/transformed/rea
ct-android-0.86.2-debug/prefa
b/modules/reactnative/include
/folly/json/dynamic-inl.h:327
:17: note: candidate 
constructor not viable: no 
known conversion from 
'Formatter<false, const 
float &>' to 'ObjectMaker 
(*)()' for 1st argument
  inline 
dynamic::dynamic(ObjectMaker 
(*)()) : type_(OBJECT) {
                  ^
  C:/Users/MANCHEM HIMESH/.gr
adle/caches/9.3.1/transforms/
236808c8bf210c3c94b0276182818
50c/workspace/transformed/rea
ct-android-0.86.2-debug/prefa
b/modules/reactnative/include
/folly/json/dynamic-inl.h:331
:17: note: candidate 
constructor not viable: no 
known conversion from 
'Formatter<false, const 
float &>' to 'const char *' 
for 1st argument
  inline 
dynamic::dynamic(char const* 
s) : type_(STRING) {
                  ^
  C:/Users/MANCHEM HIMESH/.gr
adle/caches/9.3.1/transforms/
236808c8bf210c3c94b0276182818
50c/workspace/transformed/rea
ct-android-0.86.2-debug/prefa
b/modules/reactnative/include
/folly/json/dynamic-inl.h:335
:17: note: candidate 
constructor not viable: no 
known conversion from 
'Formatter<false, const 
float &>' to 'std::string' 
(aka 'basic_string<char>') 
for 1st argument
  inline 
dynamic::dynamic(std::string 
s) : type_(STRING) {
                  ^
  C:/Users/MANCHEM HIMESH/.gr
adle/caches/9.3.1/transforms/
236808c8bf210c3c94b0276182818
50c/workspace/transformed/rea
ct-android-0.86.2-debug/prefa
b/modules/reactnative/include
/folly/json/dynamic-inl.h:344
:17: note: candidate 
constructor not viable: no 
known conversion from 
'Formatter<false, const 
float &>' to 'ObjectMaker 
&&' for 1st argument
  inline dynamic::dynamic(Obj
ectMaker&& maker) : 
type_(OBJECT) {
                  ^
  C:/Users/MANCHEM HIMESH/.gr
adle/caches/9.3.1/transforms/
236808c8bf210c3c94b0276182818
50c/workspace/transformed/rea
ct-android-0.86.2-debug/prefa
b/modules/reactnative/include
/folly/json/dynamic-inl.h:376
:17: note: candidate 
constructor not viable: no 
known conversion from 
'Formatter<false, const 
float &>' to 'std::vector<boo
l>::reference' (aka '__bit_re
ference<vector<bool, 
allocator<bool>>>') for 1st 
argument
  inline dynamic::dynamic(std
::vector<bool>::reference b)
                  ^
  C:/Users/MANCHEM HIMESH/.gr
adle/caches/9.3.1/transforms/
236808c8bf210c3c94b0276182818
50c/workspace/transformed/rea
ct-android-0.86.2-debug/prefa
b/modules/reactnative/include
/folly/json/dynamic-inl.h:378
:17: note: candidate 
constructor not viable: no 
known conversion from 
'Formatter<false, const 
float &>' to 
'VectorBoolConstRefCtorType' 
(aka 'std::__bit_const_refere
nce<std::vector<bool>>') for 
1st argument
  inline dynamic::dynamic(Vec
torBoolConstRefCtorType b)
                  ^
  C:/Users/MANCHEM HIMESH/.gr
adle/caches/9.3.1/transforms/
236808c8bf210c3c94b0276182818
50c/workspace/transformed/rea
ct-android-0.86.2-debug/prefa
b/modules/reactnative/include
/folly/json/dynamic-inl.h:340
:17: note: candidate 
template ignored: 
requirement 'is_detected_v<fo
lly::dynamic_detail::detect_c
onstruct_string, 
folly::Formatter<false, 
const float &>>' was not 
satisfied [with Stringish = 
Formatter<false, const float 
&>]
  inline 
dynamic::dynamic(Stringish&& 
s) : type_(STRING) {
                  ^
  C:/Users/MANCHEM HIMESH/.gr
adle/caches/9.3.1/transforms/
236808c8bf210c3c94b0276182818
50c/workspace/transformed/rea
ct-android-0.86.2-debug/prefa
b/modules/reactnative/include
/folly/json/dynamic-inl.h:384
:10: note: candidate 
template ignored: 
substitution failure [with T 
= Formatter<false, const 
float &>]: implicit 
instantiation of undefined 
template 'folly::dynamic::Num
ericTypeHelper<folly::Formatt
er<false, const float &>>'
  dynamic::dynamic(T t) {
           ^
  C:/Users/MANCHEM HIMESH/.gr
adle/caches/9.3.1/transforms/
236808c8bf210c3c94b0276182818
50c/workspace/transformed/rea
ct-android-0.86.2-debug/prefa
b/modules/reactnative/include
/folly/json/dynamic.h:1115:12
: note: explicit constructor 
is not a candidate
    explicit dynamic(Array&& 
r);
             ^
  2 errors generated.
  [17/29] Building CXX 
object NitroModulesSpec_autol
inked_build/CMakeFiles/react_
codegen_NitroModulesSpec.dir/
react/renderer/components/Nit
roModulesSpec/ShadowNodes.cpp
.o
  FAILED: NitroModulesSpec_au
tolinked_build/CMakeFiles/rea
ct_codegen_NitroModulesSpec.d
ir/react/renderer/components/
NitroModulesSpec/ShadowNodes.
cpp.o 
  C:\Users\MANCHE~1\AppData\L
ocal\Android\Sdk\ndk\261~1.10
9\TOOLCH~1\llvm\prebuilt\WIND
OW~1\bin\CLANG_~1.EXE --targe
t=aarch64-none-linux-android2
4 
--sysroot="C:/Users/MANCHEM H
IMESH/AppData/Local/Android/S
dk/ndk/26.1.10909125/toolchai
ns/llvm/prebuilt/windows-x86_
64/sysroot" 
-DRN_SERIALIZABLE_STATE 
-I"C:/Users/MANCHEM HIMESH/On
eDrive/Desktop/AttendanceApp/
node_modules/react-native-nit
ro-modules/android/build/gene
rated/source/codegen/jni/." 
-I"C:/Users/MANCHEM HIMESH/On
eDrive/Desktop/AttendanceApp/
node_modules/react-native-nit
ro-modules/android/build/gene
rated/source/codegen/jni/reac
t/renderer/components/NitroMo
dulesSpec" -isystem 
"C:/Users/MANCHEM HIMESH/.gra
dle/caches/9.3.1/transforms/5
f0fade6957df6709b3ef496f25cde
d4/workspace/transformed/fbjn
i-0.7.0/prefab/modules/fbjni/
include" -isystem 
"C:/Users/MANCHEM HIMESH/.gra
dle/caches/9.3.1/transforms/2
36808c8bf210c3c94b02761828185
0c/workspace/transformed/reac
t-android-0.86.2-debug/prefab
/modules/jsi/include" 
-isystem "C:/Users/MANCHEM HI
MESH/.gradle/caches/9.3.1/tra
nsforms/236808c8bf210c3c94b02
7618281850c/workspace/transfo
rmed/react-android-0.86.2-deb
ug/prefab/modules/reactnative
/include" -g -DANDROID 
-fdata-sections 
-ffunction-sections 
-funwind-tables 
-fstack-protector-strong 
-no-canonical-prefixes 
-D_FORTIFY_SOURCE=2 -Wformat 
-Werror=format-security   
-fno-limit-debug-info  -fPIC 
-Wall -Werror -fexceptions 
-frtti -std=c++20 
-DFOLLY_NO_CONFIG=1 
-DLOG_TAG=\"ReactNative\" 
-DFOLLY_HAVE_CLOCK_GETTIME=1 
-DFOLLY_USE_LIBCPP=1 
-DFOLLY_CFG_NO_COROUTINES=1 
-DFOLLY_MOBILE=1 
-DFOLLY_HAVE_RECVMMSG=1 
-DFOLLY_HAVE_PTHREAD=1 -DFOLL
Y_HAVE_XSI_STRERROR_R=1 -MD 
-MT NitroModulesSpec_autolink
ed_build/CMakeFiles/react_cod
egen_NitroModulesSpec.dir/rea
ct/renderer/components/NitroM
odulesSpec/ShadowNodes.cpp.o 
-MF NitroModulesSpec_autolink
ed_build\CMakeFiles\react_cod
egen_NitroModulesSpec.dir\rea
ct\renderer\components\NitroM
odulesSpec\ShadowNodes.cpp.o.
d -o NitroModulesSpec_autolin
ked_build/CMakeFiles/react_co
degen_NitroModulesSpec.dir/re
act/renderer/components/Nitro
ModulesSpec/ShadowNodes.cpp.o
 -c "C:/Users/MANCHEM HIMESH/
OneDrive/Desktop/AttendanceAp
p/node_modules/react-native-n
itro-modules/android/build/ge
nerated/source/codegen/jni/re
act/renderer/components/Nitro
ModulesSpec/ShadowNodes.cpp"
  In file included from 
C:/Users/MANCHEM HIMESH/OneDr
ive/Desktop/AttendanceApp/nod
e_modules/react-native-nitro-
modules/android/build/generat
ed/source/codegen/jni/react/r
enderer/components/NitroModul
esSpec/ShadowNodes.cpp:11:
  In file included from 
C:/Users/MANCHEM HIMESH/OneDr
ive/Desktop/AttendanceApp/nod
e_modules/react-native-nitro-
modules/android/build/generat
ed/source/codegen/jni/./react
/renderer/components/NitroMod
ulesSpec/ShadowNodes.h:16:
  In file included from 
C:/Users/MANCHEM HIMESH/.grad
le/caches/9.3.1/transforms/23
6808c8bf210c3c94b027618281850
c/workspace/transformed/react
-android-0.86.2-debug/prefab/
modules/reactnative/include/r
eact/renderer/components/view
/ConcreteViewShadowNode.h:10:
  In file included from 
C:/Users/MANCHEM HIMESH/.grad
le/caches/9.3.1/transforms/23
6808c8bf210c3c94b027618281850
c/workspace/transformed/react
-android-0.86.2-debug/prefab/
modules/reactnative/include/r
eact/renderer/components/view
/HostPlatformViewTraitsInitia
lizer.h:10:
  In file included from 
C:/Users/MANCHEM HIMESH/.grad
le/caches/9.3.1/transforms/23
6808c8bf210c3c94b027618281850
c/workspace/transformed/react
-android-0.86.2-debug/prefab/
modules/reactnative/include/r
eact/renderer/components/view
/ViewProps.h:10:
  In file included from 
C:/Users/MANCHEM HIMESH/.grad
le/caches/9.3.1/transforms/23
6808c8bf210c3c94b027618281850
c/workspace/transformed/react
-android-0.86.2-debug/prefab/
modules/reactnative/include/r
eact/renderer/components/view
/HostPlatformViewProps.h:11:
  In file included from 
C:/Users/MANCHEM HIMESH/.grad
le/caches/9.3.1/transforms/23
6808c8bf210c3c94b027618281850
c/workspace/transformed/react
-android-0.86.2-debug/prefab/
modules/reactnative/include/r
eact/renderer/components/view
/NativeDrawable.h:13:
  C:/Users/MANCHEM HIMESH/.gr
adle/caches/9.3.1/transforms/
236808c8bf210c3c94b0276182818
50c/workspace/transformed/rea
ct-android-0.86.2-debug/prefa
b/modules/reactnative/include
/react/renderer/core/graphics
Conversions.h:71:14: error: 
no member named 'format' in 
namespace 'std'; did you 
mean 'folly::format'?
        return 
std::format("{}%", 
dimension.value);
               ^~~~~
  C:/Users/MANCHEM HIMESH/.gr
adle/caches/9.3.1/transforms/
236808c8bf210c3c94b0276182818
50c/workspace/transformed/rea
ct-android-0.86.2-debug/prefa
b/modules/reactnative/include
/folly/Format.h:291:1: note: 
'folly::format' declared here
  format(StringPiece fmt, 
Args&&... args) {
  ^
  In file included from 
C:/Users/MANCHEM HIMESH/OneDr
ive/Desktop/AttendanceApp/nod
e_modules/react-native-nitro-
modules/android/build/generat
ed/source/codegen/jni/react/r
enderer/components/NitroModul
esSpec/ShadowNodes.cpp:11:
  In file included from 
C:/Users/MANCHEM HIMESH/OneDr
ive/Desktop/AttendanceApp/nod
e_modules/react-native-nitro-
modules/android/build/generat
ed/source/codegen/jni/./react
/renderer/components/NitroMod
ulesSpec/ShadowNodes.h:16:
  In file included from 
C:/Users/MANCHEM HIMESH/.grad
le/caches/9.3.1/transforms/23
6808c8bf210c3c94b027618281850
c/workspace/transformed/react
-android-0.86.2-debug/prefab/
modules/reactnative/include/r
eact/renderer/components/view
/ConcreteViewShadowNode.h:10:
  In file included from 
C:/Users/MANCHEM HIMESH/.grad
le/caches/9.3.1/transforms/23
6808c8bf210c3c94b027618281850
c/workspace/transformed/react
-android-0.86.2-debug/prefab/
modules/reactnative/include/r
eact/renderer/components/view
/HostPlatformViewTraitsInitia
lizer.h:10:
  In file included from 
C:/Users/MANCHEM HIMESH/.grad
le/caches/9.3.1/transforms/23
6808c8bf210c3c94b027618281850
c/workspace/transformed/react
-android-0.86.2-debug/prefab/
modules/reactnative/include/r
eact/renderer/components/view
/ViewProps.h:10:
  In file included from 
C:/Users/MANCHEM HIMESH/.grad
le/caches/9.3.1/transforms/23
6808c8bf210c3c94b027618281850
c/workspace/transformed/react
-android-0.86.2-debug/prefab/
modules/reactnative/include/r
eact/renderer/components/view
/HostPlatformViewProps.h:11:
  In file included from 
C:/Users/MANCHEM HIMESH/.grad
le/caches/9.3.1/transforms/23
6808c8bf210c3c94b027618281850
c/workspace/transformed/react
-android-0.86.2-debug/prefab/
modules/reactnative/include/r
eact/renderer/components/view
/NativeDrawable.h:13:
  C:/Users/MANCHEM HIMESH/.gr
adle/caches/9.3.1/transforms/
236808c8bf210c3c94b0276182818
50c/workspace/transformed/rea
ct-android-0.86.2-debug/prefa
b/modules/reactnative/include
/react/renderer/core/graphics
Conversions.h:71:14: error: 
no viable conversion from 
returned value of type 
'Formatter<false, const 
float &>' to function return 
type 'folly::dynamic'
        return 
std::format("{}%", 
dimension.value);
               ^~~~~~~~~~~~~~
~~~~~~~~~~~~~~~~~~~~~
  C:/Users/MANCHEM HIMESH/.gr
adle/caches/9.3.1/transforms/
236808c8bf210c3c94b0276182818
50c/workspace/transformed/rea
ct-android-0.86.2-debug/prefa
b/modules/reactnative/include
/folly/json/dynamic.h:238:18:
 note: candidate constructor 
not viable: no known 
conversion from 
'Formatter<false, const 
float &>' to 'const 
ObjectMaker &' for 1st 
argument
    /* implicit */ 
dynamic(ObjectMaker const&) 
= delete;
                   ^
  C:/Users/MANCHEM HIMESH/.gr
adle/caches/9.3.1/transforms/
236808c8bf210c3c94b0276182818
50c/workspace/transformed/rea
ct-android-0.86.2-debug/prefa
b/modules/reactnative/include
/folly/json/dynamic.h:289:3: 
note: candidate constructor 
not viable: no known 
conversion from 
'Formatter<false, const 
float &>' to 'const dynamic 
&' for 1st argument
    dynamic(dynamic const&);
    ^
  C:/Users/MANCHEM HIMESH/.gr
adle/caches/9.3.1/transforms/
236808c8bf210c3c94b0276182818
50c/workspace/transformed/rea
ct-android-0.86.2-debug/prefa
b/modules/reactnative/include
/folly/json/dynamic.h:290:3: 
note: candidate constructor 
not viable: no known 
conversion from 
'Formatter<false, const 
float &>' to 'dynamic &&' 
for 1st argument
    dynamic(dynamic&&) 
noexcept;
    ^
  C:/Users/MANCHEM HIMESH/.gr
adle/caches/9.3.1/transforms/
236808c8bf210c3c94b0276182818
50c/workspace/transformed/rea
ct-android-0.86.2-debug/prefa
b/modules/reactnative/include
/folly/json/dynamic-inl.h:321
:17: note: candidate 
constructor not viable: no 
known conversion from 
'Formatter<false, const 
float &>' to 
'std::nullptr_t' for 1st 
argument
  inline dynamic::dynamic(std
::nullptr_t) : type_(NULLT) 
{}
                  ^
  C:/Users/MANCHEM HIMESH/.gr
adle/caches/9.3.1/transforms/
236808c8bf210c3c94b0276182818
50c/workspace/transformed/rea
ct-android-0.86.2-debug/prefa
b/modules/reactnative/include
/folly/json/dynamic-inl.h:323
:17: note: candidate 
constructor not viable: no 
known conversion from 
'Formatter<false, const 
float &>' to 'void 
(*)(EmptyArrayTag)' for 1st 
argument
  inline 
dynamic::dynamic(void 
(*)(EmptyArrayTag)) : 
type_(ARRAY) {
                  ^
  C:/Users/MANCHEM HIMESH/.gr
adle/caches/9.3.1/transforms/
236808c8bf210c3c94b0276182818
50c/workspace/transformed/rea
ct-android-0.86.2-debug/prefa
b/modules/reactnative/include
/folly/json/dynamic-inl.h:327
:17: note: candidate 
constructor not viable: no 
known conversion from 
'Formatter<false, const 
float &>' to 'ObjectMaker 
(*)()' for 1st argument
  inline 
dynamic::dynamic(ObjectMaker 
(*)()) : type_(OBJECT) {
                  ^
  C:/Users/MANCHEM HIMESH/.gr
adle/caches/9.3.1/transforms/
236808c8bf210c3c94b0276182818
50c/workspace/transformed/rea
ct-android-0.86.2-debug/prefa
b/modules/reactnative/include
/folly/json/dynamic-inl.h:331
:17: note: candidate 
constructor not viable: no 
known conversion from 
'Formatter<false, const 
float &>' to 'const char *' 
for 1st argument
  inline 
dynamic::dynamic(char const* 
s) : type_(STRING) {
                  ^
  C:/Users/MANCHEM HIMESH/.gr
adle/caches/9.3.1/transforms/
236808c8bf210c3c94b0276182818
50c/workspace/transformed/rea
ct-android-0.86.2-debug/prefa
b/modules/reactnative/include
/folly/json/dynamic-inl.h:335
:17: note: candidate 
constructor not viable: no 
known conversion from 
'Formatter<false, const 
float &>' to 'std::string' 
(aka 'basic_string<char>') 
for 1st argument
  inline 
dynamic::dynamic(std::string 
s) : type_(STRING) {
                  ^
  C:/Users/MANCHEM HIMESH/.gr
adle/caches/9.3.1/transforms/
236808c8bf210c3c94b0276182818
50c/workspace/transformed/rea
ct-android-0.86.2-debug/prefa
b/modules/reactnative/include
/folly/json/dynamic-inl.h:344
:17: note: candidate 
constructor not viable: no 
known conversion from 
'Formatter<false, const 
float &>' to 'ObjectMaker 
&&' for 1st argument
  inline dynamic::dynamic(Obj
ectMaker&& maker) : 
type_(OBJECT) {
                  ^
  C:/Users/MANCHEM HIMESH/.gr
adle/caches/9.3.1/transforms/
236808c8bf210c3c94b0276182818
50c/workspace/transformed/rea
ct-android-0.86.2-debug/prefa
b/modules/reactnative/include
/folly/json/dynamic-inl.h:376
:17: note: candidate 
constructor not viable: no 
known conversion from 
'Formatter<false, const 
float &>' to 'std::vector<boo
l>::reference' (aka '__bit_re
ference<vector<bool, 
allocator<bool>>>') for 1st 
argument
  inline dynamic::dynamic(std
::vector<bool>::reference b)
                  ^
  C:/Users/MANCHEM HIMESH/.gr
adle/caches/9.3.1/transforms/
236808c8bf210c3c94b0276182818
50c/workspace/transformed/rea
ct-android-0.86.2-debug/prefa
b/modules/reactnative/include
/folly/json/dynamic-inl.h:378
:17: note: candidate 
constructor not viable: no 
known conversion from 
'Formatter<false, const 
float &>' to 
'VectorBoolConstRefCtorType' 
(aka 'std::__bit_const_refere
nce<std::vector<bool>>') for 
1st argument
  inline dynamic::dynamic(Vec
torBoolConstRefCtorType b)
                  ^
  C:/Users/MANCHEM HIMESH/.gr
adle/caches/9.3.1/transforms/
236808c8bf210c3c94b0276182818
50c/workspace/transformed/rea
ct-android-0.86.2-debug/prefa
b/modules/reactnative/include
/folly/json/dynamic-inl.h:340
:17: note: candidate 
template ignored: 
requirement 'is_detected_v<fo
lly::dynamic_detail::detect_c
onstruct_string, 
folly::Formatter<false, 
const float &>>' was not 
satisfied [with Stringish = 
Formatter<false, const float 
&>]
  inline 
dynamic::dynamic(Stringish&& 
s) : type_(STRING) {
                  ^
  C:/Users/MANCHEM HIMESH/.gr
adle/caches/9.3.1/transforms/
236808c8bf210c3c94b0276182818
50c/workspace/transformed/rea
ct-android-0.86.2-debug/prefa
b/modules/reactnative/include
/folly/json/dynamic-inl.h:384
:10: note: candidate 
template ignored: 
substitution failure [with T 
= Formatter<false, const 
float &>]: implicit 
instantiation of undefined 
template 'folly::dynamic::Num
ericTypeHelper<folly::Formatt
er<false, const float &>>'
  dynamic::dynamic(T t) {
           ^
  C:/Users/MANCHEM HIMESH/.gr
adle/caches/9.3.1/transforms/
236808c8bf210c3c94b0276182818
50c/workspace/transformed/rea
ct-android-0.86.2-debug/prefa
b/modules/reactnative/include
/folly/json/dynamic.h:1115:12
: note: explicit constructor 
is not a candidate
    explicit dynamic(Array&& 
r);
             ^
  2 errors generated.
  [18/29] Building CXX 
object QuickCrypto_autolinked
_build/CMakeFiles/react_codeg
en_QuickCrypto.dir/react/rend
erer/components/QuickCrypto/C
omponentDescriptors.cpp.o
  FAILED: QuickCrypto_autolin
ked_build/CMakeFiles/react_co
degen_QuickCrypto.dir/react/r
enderer/components/QuickCrypt
o/ComponentDescriptors.cpp.o 
  C:\Users\MANCHE~1\AppData\L
ocal\Android\Sdk\ndk\261~1.10
9\TOOLCH~1\llvm\prebuilt\WIND
OW~1\bin\CLANG_~1.EXE --targe
t=aarch64-none-linux-android2
4 
--sysroot="C:/Users/MANCHEM H
IMESH/AppData/Local/Android/S
dk/ndk/26.1.10909125/toolchai
ns/llvm/prebuilt/windows-x86_
64/sysroot" 
-DRN_SERIALIZABLE_STATE 
-I"C:/Users/MANCHEM HIMESH/On
eDrive/Desktop/AttendanceApp/
node_modules/react-native-qui
ck-crypto/android/build/gener
ated/source/codegen/jni/." 
-I"C:/Users/MANCHEM HIMESH/On
eDrive/Desktop/AttendanceApp/
node_modules/react-native-qui
ck-crypto/android/build/gener
ated/source/codegen/jni/react
/renderer/components/QuickCry
pto" -isystem 
"C:/Users/MANCHEM HIMESH/.gra
dle/caches/9.3.1/transforms/5
f0fade6957df6709b3ef496f25cde
d4/workspace/transformed/fbjn
i-0.7.0/prefab/modules/fbjni/
include" -isystem 
"C:/Users/MANCHEM HIMESH/.gra
dle/caches/9.3.1/transforms/2
36808c8bf210c3c94b02761828185
0c/workspace/transformed/reac
t-android-0.86.2-debug/prefab
/modules/jsi/include" 
-isystem "C:/Users/MANCHEM HI
MESH/.gradle/caches/9.3.1/tra
nsforms/236808c8bf210c3c94b02
7618281850c/workspace/transfo
rmed/react-android-0.86.2-deb
ug/prefab/modules/reactnative
/include" -g -DANDROID 
-fdata-sections 
-ffunction-sections 
-funwind-tables 
-fstack-protector-strong 
-no-canonical-prefixes 
-D_FORTIFY_SOURCE=2 -Wformat 
-Werror=format-security   
-fno-limit-debug-info  -fPIC 
-Wall -Werror -fexceptions 
-frtti -std=c++20 
-DFOLLY_NO_CONFIG=1 
-DLOG_TAG=\"ReactNative\" 
-DFOLLY_HAVE_CLOCK_GETTIME=1 
-DFOLLY_USE_LIBCPP=1 
-DFOLLY_CFG_NO_COROUTINES=1 
-DFOLLY_MOBILE=1 
-DFOLLY_HAVE_RECVMMSG=1 
-DFOLLY_HAVE_PTHREAD=1 -DFOLL
Y_HAVE_XSI_STRERROR_R=1 -MD 
-MT QuickCrypto_autolinked_bu
ild/CMakeFiles/react_codegen_
QuickCrypto.dir/react/rendere
r/components/QuickCrypto/Comp
onentDescriptors.cpp.o -MF Qu
ickCrypto_autolinked_build\CM
akeFiles\react_codegen_QuickC
rypto.dir\react\renderer\comp
onents\QuickCrypto\ComponentD
escriptors.cpp.o.d -o QuickCr
ypto_autolinked_build/CMakeFi
les/react_codegen_QuickCrypto
.dir/react/renderer/component
s/QuickCrypto/ComponentDescri
ptors.cpp.o -c 
"C:/Users/MANCHEM HIMESH/OneD
rive/Desktop/AttendanceApp/no
de_modules/react-native-quick
-crypto/android/build/generat
ed/source/codegen/jni/react/r
enderer/components/QuickCrypt
o/ComponentDescriptors.cpp"
  In file included from 
C:/Users/MANCHEM HIMESH/OneDr
ive/Desktop/AttendanceApp/nod
e_modules/react-native-quick-
crypto/android/build/generate
d/source/codegen/jni/react/re
nderer/components/QuickCrypto
/ComponentDescriptors.cpp:11:
  In file included from 
C:/Users/MANCHEM HIMESH/OneDr
ive/Desktop/AttendanceApp/nod
e_modules/react-native-quick-
crypto/android/build/generate
d/source/codegen/jni/./react/
renderer/components/QuickCryp
to/ComponentDescriptors.h:13:
  In file included from 
C:/Users/MANCHEM HIMESH/OneDr
ive/Desktop/AttendanceApp/nod
e_modules/react-native-quick-
crypto/android/build/generate
d/source/codegen/jni/./react/
renderer/components/QuickCryp
to/ShadowNodes.h:16:
  In file included from 
C:/Users/MANCHEM HIMESH/.grad
le/caches/9.3.1/transforms/23
6808c8bf210c3c94b027618281850
c/workspace/transformed/react
-android-0.86.2-debug/prefab/
modules/reactnative/include/r
eact/renderer/components/view
/ConcreteViewShadowNode.h:10:
  In file included from 
C:/Users/MANCHEM HIMESH/.grad
le/caches/9.3.1/transforms/23
6808c8bf210c3c94b027618281850
c/workspace/transformed/react
-android-0.86.2-debug/prefab/
modules/reactnative/include/r
eact/renderer/components/view
/HostPlatformViewTraitsInitia
lizer.h:10:
  In file included from 
C:/Users/MANCHEM HIMESH/.grad
le/caches/9.3.1/transforms/23
6808c8bf210c3c94b027618281850
c/workspace/transformed/react
-android-0.86.2-debug/prefab/
modules/reactnative/include/r
eact/renderer/components/view
/ViewProps.h:10:
  In file included from 
C:/Users/MANCHEM HIMESH/.grad
le/caches/9.3.1/transforms/23
6808c8bf210c3c94b027618281850
c/workspace/transformed/react
-android-0.86.2-debug/prefab/
modules/reactnative/include/r
eact/renderer/components/view
/HostPlatformViewProps.h:11:
  In file included from 
C:/Users/MANCHEM HIMESH/.grad
le/caches/9.3.1/transforms/23
6808c8bf210c3c94b027618281850
c/workspace/transformed/react
-android-0.86.2-debug/prefab/
modules/reactnative/include/r
eact/renderer/components/view
/NativeDrawable.h:13:
  C:/Users/MANCHEM HIMESH/.gr
adle/caches/9.3.1/transforms/
236808c8bf210c3c94b0276182818
50c/workspace/transformed/rea
ct-android-0.86.2-debug/prefa
b/modules/reactnative/include
/react/renderer/core/graphics
Conversions.h:71:14: error: 
no member named 'format' in 
namespace 'std'; did you 
mean 'folly::format'?
        return 
std::format("{}%", 
dimension.value);
               ^~~~~
  C:/Users/MANCHEM HIMESH/.gr
adle/caches/9.3.1/transforms/
236808c8bf210c3c94b0276182818
50c/workspace/transformed/rea
ct-android-0.86.2-debug/prefa
b/modules/reactnative/include
/folly/Format.h:291:1: note: 
'folly::format' declared here
  format(StringPiece fmt, 
Args&&... args) {
  ^
  In file included from 
C:/Users/MANCHEM HIMESH/OneDr
ive/Desktop/AttendanceApp/nod
e_modules/react-native-quick-
crypto/android/build/generate
d/source/codegen/jni/react/re
nderer/components/QuickCrypto
/ComponentDescriptors.cpp:11:
  In file included from 
C:/Users/MANCHEM HIMESH/OneDr
ive/Desktop/AttendanceApp/nod
e_modules/react-native-quick-
crypto/android/build/generate
d/source/codegen/jni/./react/
renderer/components/QuickCryp
to/ComponentDescriptors.h:13:
  In file included from 
C:/Users/MANCHEM HIMESH/OneDr
ive/Desktop/AttendanceApp/nod
e_modules/react-native-quick-
crypto/android/build/generate
d/source/codegen/jni/./react/
renderer/components/QuickCryp
to/ShadowNodes.h:16:
  In file included from 
C:/Users/MANCHEM HIMESH/.grad
le/caches/9.3.1/transforms/23
6808c8bf210c3c94b027618281850
c/workspace/transformed/react
-android-0.86.2-debug/prefab/
modules/reactnative/include/r
eact/renderer/components/view
/ConcreteViewShadowNode.h:10:
  In file included from 
C:/Users/MANCHEM HIMESH/.grad
le/caches/9.3.1/transforms/23
6808c8bf210c3c94b027618281850
c/workspace/transformed/react
-android-0.86.2-debug/prefab/
modules/reactnative/include/r
eact/renderer/components/view
/HostPlatformViewTraitsInitia
lizer.h:10:
  In file included from 
C:/Users/MANCHEM HIMESH/.grad
le/caches/9.3.1/transforms/23
6808c8bf210c3c94b027618281850
c/workspace/transformed/react
-android-0.86.2-debug/prefab/
modules/reactnative/include/r
eact/renderer/components/view
/ViewProps.h:10:
  In file included from 
C:/Users/MANCHEM HIMESH/.grad
le/caches/9.3.1/transforms/23
6808c8bf210c3c94b027618281850
c/workspace/transformed/react
-android-0.86.2-debug/prefab/
modules/reactnative/include/r
eact/renderer/components/view
/HostPlatformViewProps.h:11:
  In file included from 
C:/Users/MANCHEM HIMESH/.grad
le/caches/9.3.1/transforms/23
6808c8bf210c3c94b027618281850
c/workspace/transformed/react
-android-0.86.2-debug/prefab/
modules/reactnative/include/r
eact/renderer/components/view
/NativeDrawable.h:13:
  C:/Users/MANCHEM HIMESH/.gr
adle/caches/9.3.1/transforms/
236808c8bf210c3c94b0276182818
50c/workspace/transformed/rea
ct-android-0.86.2-debug/prefa
b/modules/reactnative/include
/react/renderer/core/graphics
Conversions.h:71:14: error: 
no viable conversion from 
returned value of type 
'Formatter<false, const 
float &>' to function return 
type 'folly::dynamic'
        return 
std::format("{}%", 
dimension.value);
               ^~~~~~~~~~~~~~
~~~~~~~~~~~~~~~~~~~~~
  C:/Users/MANCHEM HIMESH/.gr
adle/caches/9.3.1/transforms/
236808c8bf210c3c94b0276182818
50c/workspace/transformed/rea
ct-android-0.86.2-debug/prefa
b/modules/reactnative/include
/folly/json/dynamic.h:238:18:
 note: candidate constructor 
not viable: no known 
conversion from 
'Formatter<false, const 
float &>' to 'const 
ObjectMaker &' for 1st 
argument
    /* implicit */ 
dynamic(ObjectMaker const&) 
= delete;
                   ^
  C:/Users/MANCHEM HIMESH/.gr
adle/caches/9.3.1/transforms/
236808c8bf210c3c94b0276182818
50c/workspace/transformed/rea
ct-android-0.86.2-debug/prefa
b/modules/reactnative/include
/folly/json/dynamic.h:289:3: 
note: candidate constructor 
not viable: no known 
conversion from 
'Formatter<false, const 
float &>' to 'const dynamic 
&' for 1st argument
    dynamic(dynamic const&);
    ^
  C:/Users/MANCHEM HIMESH/.gr
adle/caches/9.3.1/transforms/
236808c8bf210c3c94b0276182818
50c/workspace/transformed/rea
ct-android-0.86.2-debug/prefa
b/modules/reactnative/include
/folly/json/dynamic.h:290:3: 
note: candidate constructor 
not viable: no known 
conversion from 
'Formatter<false, const 
float &>' to 'dynamic &&' 
for 1st argument
    dynamic(dynamic&&) 
noexcept;
    ^
  C:/Users/MANCHEM HIMESH/.gr
adle/caches/9.3.1/transforms/
236808c8bf210c3c94b0276182818
50c/workspace/transformed/rea
ct-android-0.86.2-debug/prefa
b/modules/reactnative/include
/folly/json/dynamic-inl.h:321
:17: note: candidate 
constructor not viable: no 
known conversion from 
'Formatter<false, const 
float &>' to 
'std::nullptr_t' for 1st 
argument
  inline dynamic::dynamic(std
::nullptr_t) : type_(NULLT) 
{}
                  ^
  C:/Users/MANCHEM HIMESH/.gr
adle/caches/9.3.1/transforms/
236808c8bf210c3c94b0276182818
50c/workspace/transformed/rea
ct-android-0.86.2-debug/prefa
b/modules/reactnative/include
/folly/json/dynamic-inl.h:323
:17: note: candidate 
constructor not viable: no 
known conversion from 
'Formatter<false, const 
float &>' to 'void 
(*)(EmptyArrayTag)' for 1st 
argument
  inline 
dynamic::dynamic(void 
(*)(EmptyArrayTag)) : 
type_(ARRAY) {
                  ^
  C:/Users/MANCHEM HIMESH/.gr
adle/caches/9.3.1/transforms/
236808c8bf210c3c94b0276182818
50c/workspace/transformed/rea
ct-android-0.86.2-debug/prefa
b/modules/reactnative/include
/folly/json/dynamic-inl.h:327
:17: note: candidate 
constructor not viable: no 
known conversion from 
'Formatter<false, const 
float &>' to 'ObjectMaker 
(*)()' for 1st argument
  inline 
dynamic::dynamic(ObjectMaker 
(*)()) : type_(OBJECT) {
                  ^
  C:/Users/MANCHEM HIMESH/.gr
adle/caches/9.3.1/transforms/
236808c8bf210c3c94b0276182818
50c/workspace/transformed/rea
ct-android-0.86.2-debug/prefa
b/modules/reactnative/include
/folly/json/dynamic-inl.h:331
:17: note: candidate 
constructor not viable: no 
known conversion from 
'Formatter<false, const 
float &>' to 'const char *' 
for 1st argument
  inline 
dynamic::dynamic(char const* 
s) : type_(STRING) {
                  ^
  C:/Users/MANCHEM HIMESH/.gr
adle/caches/9.3.1/transforms/
236808c8bf210c3c94b0276182818
50c/workspace/transformed/rea
ct-android-0.86.2-debug/prefa
b/modules/reactnative/include
/folly/json/dynamic-inl.h:335
:17: note: candidate 
constructor not viable: no 
known conversion from 
'Formatter<false, const 
float &>' to 'std::string' 
(aka 'basic_string<char>') 
for 1st argument
  inline 
dynamic::dynamic(std::string 
s) : type_(STRING) {
                  ^
  C:/Users/MANCHEM HIMESH/.gr
adle/caches/9.3.1/transforms/
236808c8bf210c3c94b0276182818
50c/workspace/transformed/rea
ct-android-0.86.2-debug/prefa
b/modules/reactnative/include
/folly/json/dynamic-inl.h:344
:17: note: candidate 
constructor not viable: no 
known conversion from 
'Formatter<false, const 
float &>' to 'ObjectMaker 
&&' for 1st argument
  inline dynamic::dynamic(Obj
ectMaker&& maker) : 
type_(OBJECT) {
                  ^
  C:/Users/MANCHEM HIMESH/.gr
adle/caches/9.3.1/transforms/
236808c8bf210c3c94b0276182818
50c/workspace/transformed/rea
ct-android-0.86.2-debug/prefa
b/modules/reactnative/include
/folly/json/dynamic-inl.h:376
:17: note: candidate 
constructor not viable: no 
known conversion from 
'Formatter<false, const 
float &>' to 'std::vector<boo
l>::reference' (aka '__bit_re
ference<vector<bool, 
allocator<bool>>>') for 1st 
argument
  inline dynamic::dynamic(std
::vector<bool>::reference b)
                  ^
  C:/Users/MANCHEM HIMESH/.gr
adle/caches/9.3.1/transforms/
236808c8bf210c3c94b0276182818
50c/workspace/transformed/rea
ct-android-0.86.2-debug/prefa
b/modules/reactnative/include
/folly/json/dynamic-inl.h:378
:17: note: candidate 
constructor not viable: no 
known conversion from 
'Formatter<false, const 
float &>' to 
'VectorBoolConstRefCtorType' 
(aka 'std::__bit_const_refere
nce<std::vector<bool>>') for 
1st argument
  inline dynamic::dynamic(Vec
torBoolConstRefCtorType b)
                  ^
  C:/Users/MANCHEM HIMESH/.gr
adle/caches/9.3.1/transforms/
236808c8bf210c3c94b0276182818
50c/workspace/transformed/rea
ct-android-0.86.2-debug/prefa
b/modules/reactnative/include
/folly/json/dynamic-inl.h:340
:17: note: candidate 
template ignored: 
requirement 'is_detected_v<fo
lly::dynamic_detail::detect_c
onstruct_string, 
folly::Formatter<false, 
const float &>>' was not 
satisfied [with Stringish = 
Formatter<false, const float 
&>]
  inline 
dynamic::dynamic(Stringish&& 
s) : type_(STRING) {
                  ^
  C:/Users/MANCHEM HIMESH/.gr
adle/caches/9.3.1/transforms/
236808c8bf210c3c94b0276182818
50c/workspace/transformed/rea
ct-android-0.86.2-debug/prefa
b/modules/reactnative/include
/folly/json/dynamic-inl.h:384
:10: note: candidate 
template ignored: 
substitution failure [with T 
= Formatter<false, const 
float &>]: implicit 
instantiation of undefined 
template 'folly::dynamic::Num
ericTypeHelper<folly::Formatt
er<false, const float &>>'
  dynamic::dynamic(T t) {
           ^
  C:/Users/MANCHEM HIMESH/.gr
adle/caches/9.3.1/transforms/
236808c8bf210c3c94b0276182818
50c/workspace/transformed/rea
ct-android-0.86.2-debug/prefa
b/modules/reactnative/include
/folly/json/dynamic.h:1115:12
: note: explicit constructor 
is not a candidate
    explicit dynamic(Array&& 
r);
             ^
  2 errors generated.
  [19/29] Building CXX 
object safeareacontext_autoli
nked_build/CMakeFiles/react_c
odegen_safeareacontext.dir/5f
aeefb7c9cece80b408a36b767483e
1/components/safeareacontext/
Props.cpp.o
  FAILED: safeareacontext_aut
olinked_build/CMakeFiles/reac
t_codegen_safeareacontext.dir
/5faeefb7c9cece80b408a36b7674
83e1/components/safeareaconte
xt/Props.cpp.o 
  C:\Users\MANCHE~1\AppData\L
ocal\Android\Sdk\ndk\261~1.10
9\TOOLCH~1\llvm\prebuilt\WIND
OW~1\bin\CLANG_~1.EXE --targe
t=aarch64-none-linux-android2
4 
--sysroot="C:/Users/MANCHEM H
IMESH/AppData/Local/Android/S
dk/ndk/26.1.10909125/toolchai
ns/llvm/prebuilt/windows-x86_
64/sysroot" 
-DRN_SERIALIZABLE_STATE -Drea
ct_codegen_safeareacontext_EX
PORTS -I"C:/Users/MANCHEM HIM
ESH/OneDrive/Desktop/Attendan
ceApp/node_modules/react-nati
ve-safe-area-context/android/
src/main/jni/." 
-I"C:/Users/MANCHEM HIMESH/On
eDrive/Desktop/AttendanceApp/
node_modules/react-native-saf
e-area-context/android/src/ma
in/jni/../../../../common/cpp
" -I"C:/Users/MANCHEM HIMESH/
OneDrive/Desktop/AttendanceAp
p/node_modules/react-native-s
afe-area-context/android/src/
main/jni/../../../build/gener
ated/source/codegen/jni" 
-I"C:/Users/MANCHEM HIMESH/On
eDrive/Desktop/AttendanceApp/
node_modules/react-native-saf
e-area-context/android/src/ma
in/jni/../../../build/generat
ed/source/codegen/jni/react/r
enderer/components/safeareaco
ntext" -isystem 
"C:/Users/MANCHEM HIMESH/.gra
dle/caches/9.3.1/transforms/5
f0fade6957df6709b3ef496f25cde
d4/workspace/transformed/fbjn
i-0.7.0/prefab/modules/fbjni/
include" -isystem 
"C:/Users/MANCHEM HIMESH/.gra
dle/caches/9.3.1/transforms/2
36808c8bf210c3c94b02761828185
0c/workspace/transformed/reac
t-android-0.86.2-debug/prefab
/modules/jsi/include" 
-isystem "C:/Users/MANCHEM HI
MESH/.gradle/caches/9.3.1/tra
nsforms/236808c8bf210c3c94b02
7618281850c/workspace/transfo
rmed/react-android-0.86.2-deb
ug/prefab/modules/reactnative
/include" -g -DANDROID 
-fdata-sections 
-ffunction-sections 
-funwind-tables 
-fstack-protector-strong 
-no-canonical-prefixes 
-D_FORTIFY_SOURCE=2 -Wformat 
-Werror=format-security   
-fno-limit-debug-info  -fPIC 
-Wall -Werror -fexceptions 
-frtti -std=c++20 
-DFOLLY_NO_CONFIG=1 
-DLOG_TAG=\"ReactNative\" 
-Wpedantic -Wno-gnu-zero-vari
adic-macro-arguments -Wno-dol
lar-in-identifier-extension 
-DFOLLY_HAVE_CLOCK_GETTIME=1 
-DFOLLY_USE_LIBCPP=1 
-DFOLLY_CFG_NO_COROUTINES=1 
-DFOLLY_MOBILE=1 
-DFOLLY_HAVE_RECVMMSG=1 
-DFOLLY_HAVE_PTHREAD=1 -DFOLL
Y_HAVE_XSI_STRERROR_R=1 -MD 
-MT safeareacontext_autolinke
d_build/CMakeFiles/react_code
gen_safeareacontext.dir/5faee
fb7c9cece80b408a36b767483e1/c
omponents/safeareacontext/Pro
ps.cpp.o -MF safeareacontext_
autolinked_build\CMakeFiles\r
eact_codegen_safeareacontext.
dir\5faeefb7c9cece80b408a36b7
67483e1\components\safeareaco
ntext\Props.cpp.o.d -o safear
eacontext_autolinked_build/CM
akeFiles/react_codegen_safear
eacontext.dir/5faeefb7c9cece8
0b408a36b767483e1/components/
safeareacontext/Props.cpp.o 
-c "C:/Users/MANCHEM HIMESH/O
neDrive/Desktop/AttendanceApp
/node_modules/react-native-sa
fe-area-context/android/build
/generated/source/codegen/jni
/react/renderer/components/sa
feareacontext/Props.cpp"
  In file included from 
C:/Users/MANCHEM HIMESH/OneDr
ive/Desktop/AttendanceApp/nod
e_modules/react-native-safe-a
rea-context/android/build/gen
erated/source/codegen/jni/rea
ct/renderer/components/safear
eacontext/Props.cpp:11:
  In file included from 
C:/Users/MANCHEM HIMESH/OneDr
ive/Desktop/AttendanceApp/nod
e_modules/react-native-safe-a
rea-context/android/src/main/
jni/../../../build/generated/
source/codegen/jni/react/rend
erer/components/safeareaconte
xt/Props.h:12:
  In file included from 
C:/Users/MANCHEM HIMESH/.grad
le/caches/9.3.1/transforms/23
6808c8bf210c3c94b027618281850
c/workspace/transformed/react
-android-0.86.2-debug/prefab/
modules/reactnative/include/r
eact/renderer/components/view
/ViewProps.h:10:
  In file included from 
C:/Users/MANCHEM HIMESH/.grad
le/caches/9.3.1/transforms/23
6808c8bf210c3c94b027618281850
c/workspace/transformed/react
-android-0.86.2-debug/prefab/
modules/reactnative/include/r
eact/renderer/components/view
/HostPlatformViewProps.h:11:
  In file included from 
C:/Users/MANCHEM HIMESH/.grad
le/caches/9.3.1/transforms/23
6808c8bf210c3c94b027618281850
c/workspace/transformed/react
-android-0.86.2-debug/prefab/
modules/reactnative/include/r
eact/renderer/components/view
/NativeDrawable.h:13:
  C:/Users/MANCHEM HIMESH/.gr
adle/caches/9.3.1/transforms/
236808c8bf210c3c94b0276182818
50c/workspace/transformed/rea
ct-android-0.86.2-debug/prefa
b/modules/reactnative/include
/react/renderer/core/graphics
Conversions.h:71:14: error: 
no member named 'format' in 
namespace 'std'; did you 
mean 'folly::format'?
        return 
std::format("{}%", 
dimension.value);
               ^~~~~
  C:/Users/MANCHEM HIMESH/.gr
adle/caches/9.3.1/transforms/
236808c8bf210c3c94b0276182818
50c/workspace/transformed/rea
ct-android-0.86.2-debug/prefa
b/modules/reactnative/include
/folly/Format.h:291:1: note: 
'folly::format' declared here
  format(StringPiece fmt, 
Args&&... args) {
  ^
  In file included from 
C:/Users/MANCHEM HIMESH/OneDr
ive/Desktop/AttendanceApp/nod
e_modules/react-native-safe-a
rea-context/android/build/gen
erated/source/codegen/jni/rea
ct/renderer/components/safear
eacontext/Props.cpp:11:
  In file included from 
C:/Users/MANCHEM HIMESH/OneDr
ive/Desktop/AttendanceApp/nod
e_modules/react-native-safe-a
rea-context/android/src/main/
jni/../../../build/generated/
source/codegen/jni/react/rend
erer/components/safeareaconte
xt/Props.h:12:
  In file included from 
C:/Users/MANCHEM HIMESH/.grad
le/caches/9.3.1/transforms/23
6808c8bf210c3c94b027618281850
c/workspace/transformed/react
-android-0.86.2-debug/prefab/
modules/reactnative/include/r
eact/renderer/components/view
/ViewProps.h:10:
  In file included from 
C:/Users/MANCHEM HIMESH/.grad
le/caches/9.3.1/transforms/23
6808c8bf210c3c94b027618281850
c/workspace/transformed/react
-android-0.86.2-debug/prefab/
modules/reactnative/include/r
eact/renderer/components/view
/HostPlatformViewProps.h:11:
  In file included from 
C:/Users/MANCHEM HIMESH/.grad
le/caches/9.3.1/transforms/23
6808c8bf210c3c94b027618281850
c/workspace/transformed/react
-android-0.86.2-debug/prefab/
modules/reactnative/include/r
eact/renderer/components/view
/NativeDrawable.h:13:
  C:/Users/MANCHEM HIMESH/.gr
adle/caches/9.3.1/transforms/
236808c8bf210c3c94b0276182818
50c/workspace/transformed/rea
ct-android-0.86.2-debug/prefa
b/modules/reactnative/include
/react/renderer/core/graphics
Conversions.h:71:14: error: 
no viable conversion from 
returned value of type 
'Formatter<false, const 
float &>' to function return 
type 'folly::dynamic'
        return 
std::format("{}%", 
dimension.value);
               ^~~~~~~~~~~~~~
~~~~~~~~~~~~~~~~~~~~~
  C:/Users/MANCHEM HIMESH/.gr
adle/caches/9.3.1/transforms/
236808c8bf210c3c94b0276182818
50c/workspace/transformed/rea
ct-android-0.86.2-debug/prefa
b/modules/reactnative/include
/folly/json/dynamic.h:238:18:
 note: candidate constructor 
not viable: no known 
conversion from 
'Formatter<false, const 
float &>' to 'const 
ObjectMaker &' for 1st 
argument
    /* implicit */ 
dynamic(ObjectMaker const&) 
= delete;
                   ^
  C:/Users/MANCHEM HIMESH/.gr
adle/caches/9.3.1/transforms/
236808c8bf210c3c94b0276182818
50c/workspace/transformed/rea
ct-android-0.86.2-debug/prefa
b/modules/reactnative/include
/folly/json/dynamic.h:289:3: 
note: candidate constructor 
not viable: no known 
conversion from 
'Formatter<false, const 
float &>' to 'const dynamic 
&' for 1st argument
    dynamic(dynamic const&);
    ^
  C:/Users/MANCHEM HIMESH/.gr
adle/caches/9.3.1/transforms/
236808c8bf210c3c94b0276182818
50c/workspace/transformed/rea
ct-android-0.86.2-debug/prefa
b/modules/reactnative/include
/folly/json/dynamic.h:290:3: 
note: candidate constructor 
not viable: no known 
conversion from 
'Formatter<false, const 
float &>' to 'dynamic &&' 
for 1st argument
    dynamic(dynamic&&) 
noexcept;
    ^
  C:/Users/MANCHEM HIMESH/.gr
adle/caches/9.3.1/transforms/
236808c8bf210c3c94b0276182818
50c/workspace/transformed/rea
ct-android-0.86.2-debug/prefa
b/modules/reactnative/include
/folly/json/dynamic-inl.h:321
:17: note: candidate 
constructor not viable: no 
known conversion from 
'Formatter<false, const 
float &>' to 
'std::nullptr_t' for 1st 
argument
  inline dynamic::dynamic(std
::nullptr_t) : type_(NULLT) 
{}
                  ^
  C:/Users/MANCHEM HIMESH/.gr
adle/caches/9.3.1/transforms/
236808c8bf210c3c94b0276182818
50c/workspace/transformed/rea
ct-android-0.86.2-debug/prefa
b/modules/reactnative/include
/folly/json/dynamic-inl.h:323
:17: note: candidate 
constructor not viable: no 
known conversion from 
'Formatter<false, const 
float &>' to 'void 
(*)(EmptyArrayTag)' for 1st 
argument
  inline 
dynamic::dynamic(void 
(*)(EmptyArrayTag)) : 
type_(ARRAY) {
                  ^
  C:/Users/MANCHEM HIMESH/.gr
adle/caches/9.3.1/transforms/
236808c8bf210c3c94b0276182818
50c/workspace/transformed/rea
ct-android-0.86.2-debug/prefa
b/modules/reactnative/include
/folly/json/dynamic-inl.h:327
:17: note: candidate 
constructor not viable: no 
known conversion from 
'Formatter<false, const 
float &>' to 'ObjectMaker 
(*)()' for 1st argument
  inline 
dynamic::dynamic(ObjectMaker 
(*)()) : type_(OBJECT) {
                  ^
  C:/Users/MANCHEM HIMESH/.gr
adle/caches/9.3.1/transforms/
236808c8bf210c3c94b0276182818
50c/workspace/transformed/rea
ct-android-0.86.2-debug/prefa
b/modules/reactnative/include
/folly/json/dynamic-inl.h:331
:17: note: candidate 
constructor not viable: no 
known conversion from 
'Formatter<false, const 
float &>' to 'const char *' 
for 1st argument
  inline 
dynamic::dynamic(char const* 
s) : type_(STRING) {
                  ^
  C:/Users/MANCHEM HIMESH/.gr
adle/caches/9.3.1/transforms/
236808c8bf210c3c94b0276182818
50c/workspace/transformed/rea
ct-android-0.86.2-debug/prefa
b/modules/reactnative/include
/folly/json/dynamic-inl.h:335
:17: note: candidate 
constructor not viable: no 
known conversion from 
'Formatter<false, const 
float &>' to 'std::string' 
(aka 'basic_string<char>') 
for 1st argument
  inline 
dynamic::dynamic(std::string 
s) : type_(STRING) {
                  ^
  C:/Users/MANCHEM HIMESH/.gr
adle/caches/9.3.1/transforms/
236808c8bf210c3c94b0276182818
50c/workspace/transformed/rea
ct-android-0.86.2-debug/prefa
b/modules/reactnative/include
/folly/json/dynamic-inl.h:344
:17: note: candidate 
constructor not viable: no 
known conversion from 
'Formatter<false, const 
float &>' to 'ObjectMaker 
&&' for 1st argument
  inline dynamic::dynamic(Obj
ectMaker&& maker) : 
type_(OBJECT) {
                  ^
  C:/Users/MANCHEM HIMESH/.gr
adle/caches/9.3.1/transforms/
236808c8bf210c3c94b0276182818
50c/workspace/transformed/rea
ct-android-0.86.2-debug/prefa
b/modules/reactnative/include
/folly/json/dynamic-inl.h:376
:17: note: candidate 
constructor not viable: no 
known conversion from 
'Formatter<false, const 
float &>' to 'std::vector<boo
l>::reference' (aka '__bit_re
ference<vector<bool, 
allocator<bool>>>') for 1st 
argument
  inline dynamic::dynamic(std
::vector<bool>::reference b)
                  ^
  C:/Users/MANCHEM HIMESH/.gr
adle/caches/9.3.1/transforms/
236808c8bf210c3c94b0276182818
50c/workspace/transformed/rea
ct-android-0.86.2-debug/prefa
b/modules/reactnative/include
/folly/json/dynamic-inl.h:378
:17: note: candidate 
constructor not viable: no 
known conversion from 
'Formatter<false, const 
float &>' to 
'VectorBoolConstRefCtorType' 
(aka 'std::__bit_const_refere
nce<std::vector<bool>>') for 
1st argument
  inline dynamic::dynamic(Vec
torBoolConstRefCtorType b)
                  ^
  C:/Users/MANCHEM HIMESH/.gr
adle/caches/9.3.1/transforms/
236808c8bf210c3c94b0276182818
50c/workspace/transformed/rea
ct-android-0.86.2-debug/prefa
b/modules/reactnative/include
/folly/json/dynamic-inl.h:340
:17: note: candidate 
template ignored: 
requirement 'is_detected_v<fo
lly::dynamic_detail::detect_c
onstruct_string, 
folly::Formatter<false, 
const float &>>' was not 
satisfied [with Stringish = 
Formatter<false, const float 
&>]
  inline 
dynamic::dynamic(Stringish&& 
s) : type_(STRING) {
                  ^
  C:/Users/MANCHEM HIMESH/.gr
adle/caches/9.3.1/transforms/
236808c8bf210c3c94b0276182818
50c/workspace/transformed/rea
ct-android-0.86.2-debug/prefa
b/modules/reactnative/include
/folly/json/dynamic-inl.h:384
:10: note: candidate 
template ignored: 
substitution failure [with T 
= Formatter<false, const 
float &>]: implicit 
instantiation of undefined 
template 'folly::dynamic::Num
ericTypeHelper<folly::Formatt
er<false, const float &>>'
  dynamic::dynamic(T t) {
           ^
  C:/Users/MANCHEM HIMESH/.gr
adle/caches/9.3.1/transforms/
236808c8bf210c3c94b0276182818
50c/workspace/transformed/rea
ct-android-0.86.2-debug/prefa
b/modules/reactnative/include
/folly/json/dynamic.h:1115:12
: note: explicit constructor 
is not a candidate
    explicit dynamic(Array&& 
r);
             ^
  2 errors generated.
  [20/29] Building CXX 
object RNQuickSQLite_autolink
ed_build/CMakeFiles/react_cod
egen_RNQuickSQLite.dir/react/
renderer/components/RNQuickSQ
Lite/ComponentDescriptors.cpp
.o
  FAILED: RNQuickSQLite_autol
inked_build/CMakeFiles/react_
codegen_RNQuickSQLite.dir/rea
ct/renderer/components/RNQuic
kSQLite/ComponentDescriptors.
cpp.o 
  C:\Users\MANCHE~1\AppData\L
ocal\Android\Sdk\ndk\261~1.10
9\TOOLCH~1\llvm\prebuilt\WIND
OW~1\bin\CLANG_~1.EXE --targe
t=aarch64-none-linux-android2
4 
--sysroot="C:/Users/MANCHEM H
IMESH/AppData/Local/Android/S
dk/ndk/26.1.10909125/toolchai
ns/llvm/prebuilt/windows-x86_
64/sysroot" 
-DRN_SERIALIZABLE_STATE 
-I"C:/Users/MANCHEM HIMESH/On
eDrive/Desktop/AttendanceApp/
node_modules/react-native-qui
ck-sqlite/android/build/gener
ated/source/codegen/jni/." 
-I"C:/Users/MANCHEM HIMESH/On
eDrive/Desktop/AttendanceApp/
node_modules/react-native-qui
ck-sqlite/android/build/gener
ated/source/codegen/jni/react
/renderer/components/RNQuickS
QLite" -isystem 
"C:/Users/MANCHEM HIMESH/.gra
dle/caches/9.3.1/transforms/5
f0fade6957df6709b3ef496f25cde
d4/workspace/transformed/fbjn
i-0.7.0/prefab/modules/fbjni/
include" -isystem 
"C:/Users/MANCHEM HIMESH/.gra
dle/caches/9.3.1/transforms/2
36808c8bf210c3c94b02761828185
0c/workspace/transformed/reac
t-android-0.86.2-debug/prefab
/modules/jsi/include" 
-isystem "C:/Users/MANCHEM HI
MESH/.gradle/caches/9.3.1/tra
nsforms/236808c8bf210c3c94b02
7618281850c/workspace/transfo
rmed/react-android-0.86.2-deb
ug/prefab/modules/reactnative
/include" -g -DANDROID 
-fdata-sections 
-ffunction-sections 
-funwind-tables 
-fstack-protector-strong 
-no-canonical-prefixes 
-D_FORTIFY_SOURCE=2 -Wformat 
-Werror=format-security   
-fno-limit-debug-info  -fPIC 
-Wall -Werror -fexceptions 
-frtti -std=c++20 
-DFOLLY_NO_CONFIG=1 
-DLOG_TAG=\"ReactNative\" 
-DFOLLY_HAVE_CLOCK_GETTIME=1 
-DFOLLY_USE_LIBCPP=1 
-DFOLLY_CFG_NO_COROUTINES=1 
-DFOLLY_MOBILE=1 
-DFOLLY_HAVE_RECVMMSG=1 
-DFOLLY_HAVE_PTHREAD=1 -DFOLL
Y_HAVE_XSI_STRERROR_R=1 -MD 
-MT RNQuickSQLite_autolinked_
build/CMakeFiles/react_codege
n_RNQuickSQLite.dir/react/ren
derer/components/RNQuickSQLit
e/ComponentDescriptors.cpp.o 
-MF RNQuickSQLite_autolinked_
build\CMakeFiles\react_codege
n_RNQuickSQLite.dir\react\ren
derer\components\RNQuickSQLit
e\ComponentDescriptors.cpp.o.
d -o RNQuickSQLite_autolinked
_build/CMakeFiles/react_codeg
en_RNQuickSQLite.dir/react/re
nderer/components/RNQuickSQLi
te/ComponentDescriptors.cpp.o
 -c "C:/Users/MANCHEM HIMESH/
OneDrive/Desktop/AttendanceAp
p/node_modules/react-native-q
uick-sqlite/android/build/gen
erated/source/codegen/jni/rea
ct/renderer/components/RNQuic
kSQLite/ComponentDescriptors.
cpp"
  In file included from 
C:/Users/MANCHEM HIMESH/OneDr
ive/Desktop/AttendanceApp/nod
e_modules/react-native-quick-
sqlite/android/build/generate
d/source/codegen/jni/react/re
nderer/components/RNQuickSQLi
te/ComponentDescriptors.cpp:1
1:
  In file included from 
C:/Users/MANCHEM HIMESH/OneDr
ive/Desktop/AttendanceApp/nod
e_modules/react-native-quick-
sqlite/android/build/generate
d/source/codegen/jni/./react/
renderer/components/RNQuickSQ
Lite/ComponentDescriptors.h:1
3:
  In file included from 
C:/Users/MANCHEM HIMESH/OneDr
ive/Desktop/AttendanceApp/nod
e_modules/react-native-quick-
sqlite/android/build/generate
d/source/codegen/jni/./react/
renderer/components/RNQuickSQ
Lite/ShadowNodes.h:16:
  In file included from 
C:/Users/MANCHEM HIMESH/.grad
le/caches/9.3.1/transforms/23
6808c8bf210c3c94b027618281850
c/workspace/transformed/react
-android-0.86.2-debug/prefab/
modules/reactnative/include/r
eact/renderer/components/view
/ConcreteViewShadowNode.h:10:
  In file included from 
C:/Users/MANCHEM HIMESH/.grad
le/caches/9.3.1/transforms/23
6808c8bf210c3c94b027618281850
c/workspace/transformed/react
-android-0.86.2-debug/prefab/
modules/reactnative/include/r
eact/renderer/components/view
/HostPlatformViewTraitsInitia
lizer.h:10:
  In file included from 
C:/Users/MANCHEM HIMESH/.grad
le/caches/9.3.1/transforms/23
6808c8bf210c3c94b027618281850
c/workspace/transformed/react
-android-0.86.2-debug/prefab/
modules/reactnative/include/r
eact/renderer/components/view
/ViewProps.h:10:
  In file included from 
C:/Users/MANCHEM HIMESH/.grad
le/caches/9.3.1/transforms/23
6808c8bf210c3c94b027618281850
c/workspace/transformed/react
-android-0.86.2-debug/prefab/
modules/reactnative/include/r
eact/renderer/components/view
/HostPlatformViewProps.h:11:
  In file included from 
C:/Users/MANCHEM HIMESH/.grad
le/caches/9.3.1/transforms/23
6808c8bf210c3c94b027618281850
c/workspace/transformed/react
-android-0.86.2-debug/prefab/
modules/reactnative/include/r
eact/renderer/components/view
/NativeDrawable.h:13:
  C:/Users/MANCHEM HIMESH/.gr
adle/caches/9.3.1/transforms/
236808c8bf210c3c94b0276182818
50c/workspace/transformed/rea
ct-android-0.86.2-debug/prefa
b/modules/reactnative/include
/react/renderer/core/graphics
Conversions.h:71:14: error: 
no member named 'format' in 
namespace 'std'; did you 
mean 'folly::format'?
        return 
std::format("{}%", 
dimension.value);
               ^~~~~
  C:/Users/MANCHEM HIMESH/.gr
adle/caches/9.3.1/transforms/
236808c8bf210c3c94b0276182818
50c/workspace/transformed/rea
ct-android-0.86.2-debug/prefa
b/modules/reactnative/include
/folly/Format.h:291:1: note: 
'folly::format' declared here
  format(StringPiece fmt, 
Args&&... args) {
  ^
  In file included from 
C:/Users/MANCHEM HIMESH/OneDr
ive/Desktop/AttendanceApp/nod
e_modules/react-native-quick-
sqlite/android/build/generate
d/source/codegen/jni/react/re
nderer/components/RNQuickSQLi
te/ComponentDescriptors.cpp:1
1:
  In file included from 
C:/Users/MANCHEM HIMESH/OneDr
ive/Desktop/AttendanceApp/nod
e_modules/react-native-quick-
sqlite/android/build/generate
d/source/codegen/jni/./react/
renderer/components/RNQuickSQ
Lite/ComponentDescriptors.h:1
3:
  In file included from 
C:/Users/MANCHEM HIMESH/OneDr
ive/Desktop/AttendanceApp/nod
e_modules/react-native-quick-
sqlite/android/build/generate
d/source/codegen/jni/./react/
renderer/components/RNQuickSQ
Lite/ShadowNodes.h:16:
  In file included from 
C:/Users/MANCHEM HIMESH/.grad
le/caches/9.3.1/transforms/23
6808c8bf210c3c94b027618281850
c/workspace/transformed/react
-android-0.86.2-debug/prefab/
modules/reactnative/include/r
eact/renderer/components/view
/ConcreteViewShadowNode.h:10:
  In file included from 
C:/Users/MANCHEM HIMESH/.grad
le/caches/9.3.1/transforms/23
6808c8bf210c3c94b027618281850
c/workspace/transformed/react
-android-0.86.2-debug/prefab/
modules/reactnative/include/r
eact/renderer/components/view
/HostPlatformViewTraitsInitia
lizer.h:10:
  In file included from 
C:/Users/MANCHEM HIMESH/.grad
le/caches/9.3.1/transforms/23
6808c8bf210c3c94b027618281850
c/workspace/transformed/react
-android-0.86.2-debug/prefab/
modules/reactnative/include/r
eact/renderer/components/view
/ViewProps.h:10:
  In file included from 
C:/Users/MANCHEM HIMESH/.grad
le/caches/9.3.1/transforms/23
6808c8bf210c3c94b027618281850
c/workspace/transformed/react
-android-0.86.2-debug/prefab/
modules/reactnative/include/r
eact/renderer/components/view
/HostPlatformViewProps.h:11:
  In file included from 
C:/Users/MANCHEM HIMESH/.grad
le/caches/9.3.1/transforms/23
6808c8bf210c3c94b027618281850
c/workspace/transformed/react
-android-0.86.2-debug/prefab/
modules/reactnative/include/r
eact/renderer/components/view
/NativeDrawable.h:13:
  C:/Users/MANCHEM HIMESH/.gr
adle/caches/9.3.1/transforms/
236808c8bf210c3c94b0276182818
50c/workspace/transformed/rea
ct-android-0.86.2-debug/prefa
b/modules/reactnative/include
/react/renderer/core/graphics
Conversions.h:71:14: error: 
no viable conversion from 
returned value of type 
'Formatter<false, const 
float &>' to function return 
type 'folly::dynamic'
        return 
std::format("{}%", 
dimension.value);
               ^~~~~~~~~~~~~~
~~~~~~~~~~~~~~~~~~~~~
  C:/Users/MANCHEM HIMESH/.gr
adle/caches/9.3.1/transforms/
236808c8bf210c3c94b0276182818
50c/workspace/transformed/rea
ct-android-0.86.2-debug/prefa
b/modules/reactnative/include
/folly/json/dynamic.h:238:18:
 note: candidate constructor 
not viable: no known 
conversion from 
'Formatter<false, const 
float &>' to 'const 
ObjectMaker &' for 1st 
argument
    /* implicit */ 
dynamic(ObjectMaker const&) 
= delete;
                   ^
  C:/Users/MANCHEM HIMESH/.gr
adle/caches/9.3.1/transforms/
236808c8bf210c3c94b0276182818
50c/workspace/transformed/rea
ct-android-0.86.2-debug/prefa
b/modules/reactnative/include
/folly/json/dynamic.h:289:3: 
note: candidate constructor 
not viable: no known 
conversion from 
'Formatter<false, const 
float &>' to 'const dynamic 
&' for 1st argument
    dynamic(dynamic const&);
    ^
  C:/Users/MANCHEM HIMESH/.gr
adle/caches/9.3.1/transforms/
236808c8bf210c3c94b0276182818
50c/workspace/transformed/rea
ct-android-0.86.2-debug/prefa
b/modules/reactnative/include
/folly/json/dynamic.h:290:3: 
note: candidate constructor 
not viable: no known 
conversion from 
'Formatter<false, const 
float &>' to 'dynamic &&' 
for 1st argument
    dynamic(dynamic&&) 
noexcept;
    ^
  C:/Users/MANCHEM HIMESH/.gr
adle/caches/9.3.1/transforms/
236808c8bf210c3c94b0276182818
50c/workspace/transformed/rea
ct-android-0.86.2-debug/prefa
b/modules/reactnative/include
/folly/json/dynamic-inl.h:321
:17: note: candidate 
constructor not viable: no 
known conversion from 
'Formatter<false, const 
float &>' to 
'std::nullptr_t' for 1st 
argument
  inline dynamic::dynamic(std
::nullptr_t) : type_(NULLT) 
{}
                  ^
  C:/Users/MANCHEM HIMESH/.gr
adle/caches/9.3.1/transforms/
236808c8bf210c3c94b0276182818
50c/workspace/transformed/rea
ct-android-0.86.2-debug/prefa
b/modules/reactnative/include
/folly/json/dynamic-inl.h:323
:17: note: candidate 
constructor not viable: no 
known conversion from 
'Formatter<false, const 
float &>' to 'void 
(*)(EmptyArrayTag)' for 1st 
argument
  inline 
dynamic::dynamic(void 
(*)(EmptyArrayTag)) : 
type_(ARRAY) {
                  ^
  C:/Users/MANCHEM HIMESH/.gr
adle/caches/9.3.1/transforms/
236808c8bf210c3c94b0276182818
50c/workspace/transformed/rea
ct-android-0.86.2-debug/prefa
b/modules/reactnative/include
/folly/json/dynamic-inl.h:327
:17: note: candidate 
constructor not viable: no 
known conversion from 
'Formatter<false, const 
float &>' to 'ObjectMaker 
(*)()' for 1st argument
  inline 
dynamic::dynamic(ObjectMaker 
(*)()) : type_(OBJECT) {
                  ^
  C:/Users/MANCHEM HIMESH/.gr
adle/caches/9.3.1/transforms/
236808c8bf210c3c94b0276182818
50c/workspace/transformed/rea
ct-android-0.86.2-debug/prefa
b/modules/reactnative/include
/folly/json/dynamic-inl.h:331
:17: note: candidate 
constructor not viable: no 
known conversion from 
'Formatter<false, const 
float &>' to 'const char *' 
for 1st argument
  inline 
dynamic::dynamic(char const* 
s) : type_(STRING) {
                  ^
  C:/Users/MANCHEM HIMESH/.gr
adle/caches/9.3.1/transforms/
236808c8bf210c3c94b0276182818
50c/workspace/transformed/rea
ct-android-0.86.2-debug/prefa
b/modules/reactnative/include
/folly/json/dynamic-inl.h:335
:17: note: candidate 
constructor not viable: no 
known conversion from 
'Formatter<false, const 
float &>' to 'std::string' 
(aka 'basic_string<char>') 
for 1st argument
  inline 
dynamic::dynamic(std::string 
s) : type_(STRING) {
                  ^
  C:/Users/MANCHEM HIMESH/.gr
adle/caches/9.3.1/transforms/
236808c8bf210c3c94b0276182818
50c/workspace/transformed/rea
ct-android-0.86.2-debug/prefa
b/modules/reactnative/include
/folly/json/dynamic-inl.h:344
:17: note: candidate 
constructor not viable: no 
known conversion from 
'Formatter<false, const 
float &>' to 'ObjectMaker 
&&' for 1st argument
  inline dynamic::dynamic(Obj
ectMaker&& maker) : 
type_(OBJECT) {
                  ^
  C:/Users/MANCHEM HIMESH/.gr
adle/caches/9.3.1/transforms/
236808c8bf210c3c94b0276182818
50c/workspace/transformed/rea
ct-android-0.86.2-debug/prefa
b/modules/reactnative/include
/folly/json/dynamic-inl.h:376
:17: note: candidate 
constructor not viable: no 
known conversion from 
'Formatter<false, const 
float &>' to 'std::vector<boo
l>::reference' (aka '__bit_re
ference<vector<bool, 
allocator<bool>>>') for 1st 
argument
  inline dynamic::dynamic(std
::vector<bool>::reference b)
                  ^
  C:/Users/MANCHEM HIMESH/.gr
adle/caches/9.3.1/transforms/
236808c8bf210c3c94b0276182818
50c/workspace/transformed/rea
ct-android-0.86.2-debug/prefa
b/modules/reactnative/include
/folly/json/dynamic-inl.h:378
:17: note: candidate 
constructor not viable: no 
known conversion from 
'Formatter<false, const 
float &>' to 
'VectorBoolConstRefCtorType' 
(aka 'std::__bit_const_refere
nce<std::vector<bool>>') for 
1st argument
  inline dynamic::dynamic(Vec
torBoolConstRefCtorType b)
                  ^
  C:/Users/MANCHEM HIMESH/.gr
adle/caches/9.3.1/transforms/
236808c8bf210c3c94b0276182818
50c/workspace/transformed/rea
ct-android-0.86.2-debug/prefa
b/modules/reactnative/include
/folly/json/dynamic-inl.h:340
:17: note: candidate 
template ignored: 
requirement 'is_detected_v<fo
lly::dynamic_detail::detect_c
onstruct_string, 
folly::Formatter<false, 
const float &>>' was not 
satisfied [with Stringish = 
Formatter<false, const float 
&>]
  inline 
dynamic::dynamic(Stringish&& 
s) : type_(STRING) {
                  ^
  C:/Users/MANCHEM HIMESH/.gr
adle/caches/9.3.1/transforms/
236808c8bf210c3c94b0276182818
50c/workspace/transformed/rea
ct-android-0.86.2-debug/prefa
b/modules/reactnative/include
/folly/json/dynamic-inl.h:384
:10: note: candidate 
template ignored: 
substitution failure [with T 
= Formatter<false, const 
float &>]: implicit 
instantiation of undefined 
template 'folly::dynamic::Num
ericTypeHelper<folly::Formatt
er<false, const float &>>'
  dynamic::dynamic(T t) {
           ^
  C:/Users/MANCHEM HIMESH/.gr
adle/caches/9.3.1/transforms/
236808c8bf210c3c94b0276182818
50c/workspace/transformed/rea
ct-android-0.86.2-debug/prefa
b/modules/reactnative/include
/folly/json/dynamic.h:1115:12
: note: explicit constructor 
is not a candidate
    explicit dynamic(Array&& 
r);
             ^
  2 errors generated.
  [21/29] Building CXX 
object RNQuickSQLite_autolink
ed_build/CMakeFiles/react_cod
egen_RNQuickSQLite.dir/react/
renderer/components/RNQuickSQ
Lite/ShadowNodes.cpp.o
  FAILED: RNQuickSQLite_autol
inked_build/CMakeFiles/react_
codegen_RNQuickSQLite.dir/rea
ct/renderer/components/RNQuic
kSQLite/ShadowNodes.cpp.o 
  C:\Users\MANCHE~1\AppData\L
ocal\Android\Sdk\ndk\261~1.10
9\TOOLCH~1\llvm\prebuilt\WIND
OW~1\bin\CLANG_~1.EXE --targe
t=aarch64-none-linux-android2
4 
--sysroot="C:/Users/MANCHEM H
IMESH/AppData/Local/Android/S
dk/ndk/26.1.10909125/toolchai
ns/llvm/prebuilt/windows-x86_
64/sysroot" 
-DRN_SERIALIZABLE_STATE 
-I"C:/Users/MANCHEM HIMESH/On
eDrive/Desktop/AttendanceApp/
node_modules/react-native-qui
ck-sqlite/android/build/gener
ated/source/codegen/jni/." 
-I"C:/Users/MANCHEM HIMESH/On
eDrive/Desktop/AttendanceApp/
node_modules/react-native-qui
ck-sqlite/android/build/gener
ated/source/codegen/jni/react
/renderer/components/RNQuickS
QLite" -isystem 
"C:/Users/MANCHEM HIMESH/.gra
dle/caches/9.3.1/transforms/5
f0fade6957df6709b3ef496f25cde
d4/workspace/transformed/fbjn
i-0.7.0/prefab/modules/fbjni/
include" -isystem 
"C:/Users/MANCHEM HIMESH/.gra
dle/caches/9.3.1/transforms/2
36808c8bf210c3c94b02761828185
0c/workspace/transformed/reac
t-android-0.86.2-debug/prefab
/modules/jsi/include" 
-isystem "C:/Users/MANCHEM HI
MESH/.gradle/caches/9.3.1/tra
nsforms/236808c8bf210c3c94b02
7618281850c/workspace/transfo
rmed/react-android-0.86.2-deb
ug/prefab/modules/reactnative
/include" -g -DANDROID 
-fdata-sections 
-ffunction-sections 
-funwind-tables 
-fstack-protector-strong 
-no-canonical-prefixes 
-D_FORTIFY_SOURCE=2 -Wformat 
-Werror=format-security   
-fno-limit-debug-info  -fPIC 
-Wall -Werror -fexceptions 
-frtti -std=c++20 
-DFOLLY_NO_CONFIG=1 
-DLOG_TAG=\"ReactNative\" 
-DFOLLY_HAVE_CLOCK_GETTIME=1 
-DFOLLY_USE_LIBCPP=1 
-DFOLLY_CFG_NO_COROUTINES=1 
-DFOLLY_MOBILE=1 
-DFOLLY_HAVE_RECVMMSG=1 
-DFOLLY_HAVE_PTHREAD=1 -DFOLL
Y_HAVE_XSI_STRERROR_R=1 -MD 
-MT RNQuickSQLite_autolinked_
build/CMakeFiles/react_codege
n_RNQuickSQLite.dir/react/ren
derer/components/RNQuickSQLit
e/ShadowNodes.cpp.o -MF RNQui
ckSQLite_autolinked_build\CMa
keFiles\react_codegen_RNQuick
SQLite.dir\react\renderer\com
ponents\RNQuickSQLite\ShadowN
odes.cpp.o.d -o RNQuickSQLite
_autolinked_build/CMakeFiles/
react_codegen_RNQuickSQLite.d
ir/react/renderer/components/
RNQuickSQLite/ShadowNodes.cpp
.o -c "C:/Users/MANCHEM HIMES
H/OneDrive/Desktop/Attendance
App/node_modules/react-native
-quick-sqlite/android/build/g
enerated/source/codegen/jni/r
eact/renderer/components/RNQu
ickSQLite/ShadowNodes.cpp"
  In file included from 
C:/Users/MANCHEM HIMESH/OneDr
ive/Desktop/AttendanceApp/nod
e_modules/react-native-quick-
sqlite/android/build/generate
d/source/codegen/jni/react/re
nderer/components/RNQuickSQLi
te/ShadowNodes.cpp:11:
  In file included from 
C:/Users/MANCHEM HIMESH/OneDr
ive/Desktop/AttendanceApp/nod
e_modules/react-native-quick-
sqlite/android/build/generate
d/source/codegen/jni/./react/
renderer/components/RNQuickSQ
Lite/ShadowNodes.h:16:
  In file included from 
C:/Users/MANCHEM HIMESH/.grad
le/caches/9.3.1/transforms/23
6808c8bf210c3c94b027618281850
c/workspace/transformed/react
-android-0.86.2-debug/prefab/
modules/reactnative/include/r
eact/renderer/components/view
/ConcreteViewShadowNode.h:10:
  In file included from 
C:/Users/MANCHEM HIMESH/.grad
le/caches/9.3.1/transforms/23
6808c8bf210c3c94b027618281850
c/workspace/transformed/react
-android-0.86.2-debug/prefab/
modules/reactnative/include/r
eact/renderer/components/view
/HostPlatformViewTraitsInitia
lizer.h:10:
  In file included from 
C:/Users/MANCHEM HIMESH/.grad
le/caches/9.3.1/transforms/23
6808c8bf210c3c94b027618281850
c/workspace/transformed/react
-android-0.86.2-debug/prefab/
modules/reactnative/include/r
eact/renderer/components/view
/ViewProps.h:10:
  In file included from 
C:/Users/MANCHEM HIMESH/.grad
le/caches/9.3.1/transforms/23
6808c8bf210c3c94b027618281850
c/workspace/transformed/react
-android-0.86.2-debug/prefab/
modules/reactnative/include/r
eact/renderer/components/view
/HostPlatformViewProps.h:11:
  In file included from 
C:/Users/MANCHEM HIMESH/.grad
le/caches/9.3.1/transforms/23
6808c8bf210c3c94b027618281850
c/workspace/transformed/react
-android-0.86.2-debug/prefab/
modules/reactnative/include/r
eact/renderer/components/view
/NativeDrawable.h:13:
  C:/Users/MANCHEM HIMESH/.gr
adle/caches/9.3.1/transforms/
236808c8bf210c3c94b0276182818
50c/workspace/transformed/rea
ct-android-0.86.2-debug/prefa
b/modules/reactnative/include
/react/renderer/core/graphics
Conversions.h:71:14: error: 
no member named 'format' in 
namespace 'std'; did you 
mean 'folly::format'?
        return 
std::format("{}%", 
dimension.value);
               ^~~~~
  C:/Users/MANCHEM HIMESH/.gr
adle/caches/9.3.1/transforms/
236808c8bf210c3c94b0276182818
50c/workspace/transformed/rea
ct-android-0.86.2-debug/prefa
b/modules/reactnative/include
/folly/Format.h:291:1: note: 
'folly::format' declared here
  format(StringPiece fmt, 
Args&&... args) {
  ^
  In file included from 
C:/Users/MANCHEM HIMESH/OneDr
ive/Desktop/AttendanceApp/nod
e_modules/react-native-quick-
sqlite/android/build/generate
d/source/codegen/jni/react/re
nderer/components/RNQuickSQLi
te/ShadowNodes.cpp:11:
  In file included from 
C:/Users/MANCHEM HIMESH/OneDr
ive/Desktop/AttendanceApp/nod
e_modules/react-native-quick-
sqlite/android/build/generate
d/source/codegen/jni/./react/
renderer/components/RNQuickSQ
Lite/ShadowNodes.h:16:
  In file included from 
C:/Users/MANCHEM HIMESH/.grad
le/caches/9.3.1/transforms/23
6808c8bf210c3c94b027618281850
c/workspace/transformed/react
-android-0.86.2-debug/prefab/
modules/reactnative/include/r
eact/renderer/components/view
/ConcreteViewShadowNode.h:10:
  In file included from 
C:/Users/MANCHEM HIMESH/.grad
le/caches/9.3.1/transforms/23
6808c8bf210c3c94b027618281850
c/workspace/transformed/react
-android-0.86.2-debug/prefab/
modules/reactnative/include/r
eact/renderer/components/view
/HostPlatformViewTraitsInitia
lizer.h:10:
  In file included from 
C:/Users/MANCHEM HIMESH/.grad
le/caches/9.3.1/transforms/23
6808c8bf210c3c94b027618281850
c/workspace/transformed/react
-android-0.86.2-debug/prefab/
modules/reactnative/include/r
eact/renderer/components/view
/ViewProps.h:10:
  In file included from 
C:/Users/MANCHEM HIMESH/.grad
le/caches/9.3.1/transforms/23
6808c8bf210c3c94b027618281850
c/workspace/transformed/react
-android-0.86.2-debug/prefab/
modules/reactnative/include/r
eact/renderer/components/view
/HostPlatformViewProps.h:11:
  In file included from 
C:/Users/MANCHEM HIMESH/.grad
le/caches/9.3.1/transforms/23
6808c8bf210c3c94b027618281850
c/workspace/transformed/react
-android-0.86.2-debug/prefab/
modules/reactnative/include/r
eact/renderer/components/view
/NativeDrawable.h:13:
  C:/Users/MANCHEM HIMESH/.gr
adle/caches/9.3.1/transforms/
236808c8bf210c3c94b0276182818
50c/workspace/transformed/rea
ct-android-0.86.2-debug/prefa
b/modules/reactnative/include
/react/renderer/core/graphics
Conversions.h:71:14: error: 
no viable conversion from 
returned value of type 
'Formatter<false, const 
float &>' to function return 
type 'folly::dynamic'
        return 
std::format("{}%", 
dimension.value);
               ^~~~~~~~~~~~~~
~~~~~~~~~~~~~~~~~~~~~
  C:/Users/MANCHEM HIMESH/.gr
adle/caches/9.3.1/transforms/
236808c8bf210c3c94b0276182818
50c/workspace/transformed/rea
ct-android-0.86.2-debug/prefa
b/modules/reactnative/include
/folly/json/dynamic.h:238:18:
 note: candidate constructor 
not viable: no known 
conversion from 
'Formatter<false, const 
float &>' to 'const 
ObjectMaker &' for 1st 
argument
    /* implicit */ 
dynamic(ObjectMaker const&) 
= delete;
                   ^
  C:/Users/MANCHEM HIMESH/.gr
adle/caches/9.3.1/transforms/
236808c8bf210c3c94b0276182818
50c/workspace/transformed/rea
ct-android-0.86.2-debug/prefa
b/modules/reactnative/include
/folly/json/dynamic.h:289:3: 
note: candidate constructor 
not viable: no known 
conversion from 
'Formatter<false, const 
float &>' to 'const dynamic 
&' for 1st argument
    dynamic(dynamic const&);
    ^
  C:/Users/MANCHEM HIMESH/.gr
adle/caches/9.3.1/transforms/
236808c8bf210c3c94b0276182818
50c/workspace/transformed/rea
ct-android-0.86.2-debug/prefa
b/modules/reactnative/include
/folly/json/dynamic.h:290:3: 
note: candidate constructor 
not viable: no known 
conversion from 
'Formatter<false, const 
float &>' to 'dynamic &&' 
for 1st argument
    dynamic(dynamic&&) 
noexcept;
    ^
  C:/Users/MANCHEM HIMESH/.gr
adle/caches/9.3.1/transforms/
236808c8bf210c3c94b0276182818
50c/workspace/transformed/rea
ct-android-0.86.2-debug/prefa
b/modules/reactnative/include
/folly/json/dynamic-inl.h:321
:17: note: candidate 
constructor not viable: no 
known conversion from 
'Formatter<false, const 
float &>' to 
'std::nullptr_t' for 1st 
argument
  inline dynamic::dynamic(std
::nullptr_t) : type_(NULLT) 
{}
                  ^
  C:/Users/MANCHEM HIMESH/.gr
adle/caches/9.3.1/transforms/
236808c8bf210c3c94b0276182818
50c/workspace/transformed/rea
ct-android-0.86.2-debug/prefa
b/modules/reactnative/include
/folly/json/dynamic-inl.h:323
:17: note: candidate 
constructor not viable: no 
known conversion from 
'Formatter<false, const 
float &>' to 'void 
(*)(EmptyArrayTag)' for 1st 
argument
  inline 
dynamic::dynamic(void 
(*)(EmptyArrayTag)) : 
type_(ARRAY) {
                  ^
  C:/Users/MANCHEM HIMESH/.gr
adle/caches/9.3.1/transforms/
236808c8bf210c3c94b0276182818
50c/workspace/transformed/rea
ct-android-0.86.2-debug/prefa
b/modules/reactnative/include
/folly/json/dynamic-inl.h:327
:17: note: candidate 
constructor not viable: no 
known conversion from 
'Formatter<false, const 
float &>' to 'ObjectMaker 
(*)()' for 1st argument
  inline 
dynamic::dynamic(ObjectMaker 
(*)()) : type_(OBJECT) {
                  ^
  C:/Users/MANCHEM HIMESH/.gr
adle/caches/9.3.1/transforms/
236808c8bf210c3c94b0276182818
50c/workspace/transformed/rea
ct-android-0.86.2-debug/prefa
b/modules/reactnative/include
/folly/json/dynamic-inl.h:331
:17: note: candidate 
constructor not viable: no 
known conversion from 
'Formatter<false, const 
float &>' to 'const char *' 
for 1st argument
  inline 
dynamic::dynamic(char const* 
s) : type_(STRING) {
                  ^
  C:/Users/MANCHEM HIMESH/.gr
adle/caches/9.3.1/transforms/
236808c8bf210c3c94b0276182818
50c/workspace/transformed/rea
ct-android-0.86.2-debug/prefa
b/modules/reactnative/include
/folly/json/dynamic-inl.h:335
:17: note: candidate 
constructor not viable: no 
known conversion from 
'Formatter<false, const 
float &>' to 'std::string' 
(aka 'basic_string<char>') 
for 1st argument
  inline 
dynamic::dynamic(std::string 
s) : type_(STRING) {
                  ^
  C:/Users/MANCHEM HIMESH/.gr
adle/caches/9.3.1/transforms/
236808c8bf210c3c94b0276182818
50c/workspace/transformed/rea
ct-android-0.86.2-debug/prefa
b/modules/reactnative/include
/folly/json/dynamic-inl.h:344
:17: note: candidate 
constructor not viable: no 
known conversion from 
'Formatter<false, const 
float &>' to 'ObjectMaker 
&&' for 1st argument
  inline dynamic::dynamic(Obj
ectMaker&& maker) : 
type_(OBJECT) {
                  ^
  C:/Users/MANCHEM HIMESH/.gr
adle/caches/9.3.1/transforms/
236808c8bf210c3c94b0276182818
50c/workspace/transformed/rea
ct-android-0.86.2-debug/prefa
b/modules/reactnative/include
/folly/json/dynamic-inl.h:376
:17: note: candidate 
constructor not viable: no 
known conversion from 
'Formatter<false, const 
float &>' to 'std::vector<boo
l>::reference' (aka '__bit_re
ference<vector<bool, 
allocator<bool>>>') for 1st 
argument
  inline dynamic::dynamic(std
::vector<bool>::reference b)
                  ^
  C:/Users/MANCHEM HIMESH/.gr
adle/caches/9.3.1/transforms/
236808c8bf210c3c94b0276182818
50c/workspace/transformed/rea
ct-android-0.86.2-debug/prefa
b/modules/reactnative/include
/folly/json/dynamic-inl.h:378
:17: note: candidate 
constructor not viable: no 
known conversion from 
'Formatter<false, const 
float &>' to 
'VectorBoolConstRefCtorType' 
(aka 'std::__bit_const_refere
nce<std::vector<bool>>') for 
1st argument
  inline dynamic::dynamic(Vec
torBoolConstRefCtorType b)
                  ^
  C:/Users/MANCHEM HIMESH/.gr
adle/caches/9.3.1/transforms/
236808c8bf210c3c94b0276182818
50c/workspace/transformed/rea
ct-android-0.86.2-debug/prefa
b/modules/reactnative/include
/folly/json/dynamic-inl.h:340
:17: note: candidate 
template ignored: 
requirement 'is_detected_v<fo
lly::dynamic_detail::detect_c
onstruct_string, 
folly::Formatter<false, 
const float &>>' was not 
satisfied [with Stringish = 
Formatter<false, const float 
&>]
  inline 
dynamic::dynamic(Stringish&& 
s) : type_(STRING) {
                  ^
  C:/Users/MANCHEM HIMESH/.gr
adle/caches/9.3.1/transforms/
236808c8bf210c3c94b0276182818
50c/workspace/transformed/rea
ct-android-0.86.2-debug/prefa
b/modules/reactnative/include
/folly/json/dynamic-inl.h:384
:10: note: candidate 
template ignored: 
substitution failure [with T 
= Formatter<false, const 
float &>]: implicit 
instantiation of undefined 
template 'folly::dynamic::Num
ericTypeHelper<folly::Formatt
er<false, const float &>>'
  dynamic::dynamic(T t) {
           ^
  C:/Users/MANCHEM HIMESH/.gr
adle/caches/9.3.1/transforms/
236808c8bf210c3c94b0276182818
50c/workspace/transformed/rea
ct-android-0.86.2-debug/prefa
b/modules/reactnative/include
/folly/json/dynamic.h:1115:12
: note: explicit constructor 
is not a candidate
    explicit dynamic(Array&& 
r);
             ^
  2 errors generated.
  [22/29] Building CXX 
object safeareacontext_autoli
nked_build/CMakeFiles/react_c
odegen_safeareacontext.dir/f6
32fba4c4ab406c803d005517aeb41
0/RNCSafeAreaViewState.cpp.o
  FAILED: safeareacontext_aut
olinked_build/CMakeFiles/reac
t_codegen_safeareacontext.dir
/f632fba4c4ab406c803d005517ae
b410/RNCSafeAreaViewState.cpp
.o 
  C:\Users\MANCHE~1\AppData\L
ocal\Android\Sdk\ndk\261~1.10
9\TOOLCH~1\llvm\prebuilt\WIND
OW~1\bin\CLANG_~1.EXE --targe
t=aarch64-none-linux-android2
4 
--sysroot="C:/Users/MANCHEM H
IMESH/AppData/Local/Android/S
dk/ndk/26.1.10909125/toolchai
ns/llvm/prebuilt/windows-x86_
64/sysroot" 
-DRN_SERIALIZABLE_STATE -Drea
ct_codegen_safeareacontext_EX
PORTS -I"C:/Users/MANCHEM HIM
ESH/OneDrive/Desktop/Attendan
ceApp/node_modules/react-nati
ve-safe-area-context/android/
src/main/jni/." 
-I"C:/Users/MANCHEM HIMESH/On
eDrive/Desktop/AttendanceApp/
node_modules/react-native-saf
e-area-context/android/src/ma
in/jni/../../../../common/cpp
" -I"C:/Users/MANCHEM HIMESH/
OneDrive/Desktop/AttendanceAp
p/node_modules/react-native-s
afe-area-context/android/src/
main/jni/../../../build/gener
ated/source/codegen/jni" 
-I"C:/Users/MANCHEM HIMESH/On
eDrive/Desktop/AttendanceApp/
node_modules/react-native-saf
e-area-context/android/src/ma
in/jni/../../../build/generat
ed/source/codegen/jni/react/r
enderer/components/safeareaco
ntext" -isystem 
"C:/Users/MANCHEM HIMESH/.gra
dle/caches/9.3.1/transforms/5
f0fade6957df6709b3ef496f25cde
d4/workspace/transformed/fbjn
i-0.7.0/prefab/modules/fbjni/
include" -isystem 
"C:/Users/MANCHEM HIMESH/.gra
dle/caches/9.3.1/transforms/2
36808c8bf210c3c94b02761828185
0c/workspace/transformed/reac
t-android-0.86.2-debug/prefab
/modules/jsi/include" 
-isystem "C:/Users/MANCHEM HI
MESH/.gradle/caches/9.3.1/tra
nsforms/236808c8bf210c3c94b02
7618281850c/workspace/transfo
rmed/react-android-0.86.2-deb
ug/prefab/modules/reactnative
/include" -g -DANDROID 
-fdata-sections 
-ffunction-sections 
-funwind-tables 
-fstack-protector-strong 
-no-canonical-prefixes 
-D_FORTIFY_SOURCE=2 -Wformat 
-Werror=format-security   
-fno-limit-debug-info  -fPIC 
-Wall -Werror -fexceptions 
-frtti -std=c++20 
-DFOLLY_NO_CONFIG=1 
-DLOG_TAG=\"ReactNative\" 
-Wpedantic -Wno-gnu-zero-vari
adic-macro-arguments -Wno-dol
lar-in-identifier-extension 
-DFOLLY_HAVE_CLOCK_GETTIME=1 
-DFOLLY_USE_LIBCPP=1 
-DFOLLY_CFG_NO_COROUTINES=1 
-DFOLLY_MOBILE=1 
-DFOLLY_HAVE_RECVMMSG=1 
-DFOLLY_HAVE_PTHREAD=1 -DFOLL
Y_HAVE_XSI_STRERROR_R=1 -MD 
-MT safeareacontext_autolinke
d_build/CMakeFiles/react_code
gen_safeareacontext.dir/f632f
ba4c4ab406c803d005517aeb410/R
NCSafeAreaViewState.cpp.o 
-MF safeareacontext_autolinke
d_build\CMakeFiles\react_code
gen_safeareacontext.dir\f632f
ba4c4ab406c803d005517aeb410\R
NCSafeAreaViewState.cpp.o.d 
-o safeareacontext_autolinked
_build/CMakeFiles/react_codeg
en_safeareacontext.dir/f632fb
a4c4ab406c803d005517aeb410/RN
CSafeAreaViewState.cpp.o -c 
"C:/Users/MANCHEM HIMESH/OneD
rive/Desktop/AttendanceApp/no
de_modules/react-native-safe-
area-context/common/cpp/react
/renderer/components/safearea
context/RNCSafeAreaViewState.
cpp"
  In file included from 
C:/Users/MANCHEM HIMESH/OneDr
ive/Desktop/AttendanceApp/nod
e_modules/react-native-safe-a
rea-context/common/cpp/react/
renderer/components/safeareac
ontext/RNCSafeAreaViewState.c
pp:1:
  In file included from 
C:/Users/MANCHEM HIMESH/OneDr
ive/Desktop/AttendanceApp/nod
e_modules/react-native-safe-a
rea-context/common/cpp/react/
renderer/components/safeareac
ontext/RNCSafeAreaViewState.h
:3:
  In file included from 
C:/Users/MANCHEM HIMESH/OneDr
ive/Desktop/AttendanceApp/nod
e_modules/react-native-safe-a
rea-context/android/src/main/
jni/../../../build/generated/
source/codegen/jni/react/rend
erer/components/safeareaconte
xt/Props.h:12:
  In file included from 
C:/Users/MANCHEM HIMESH/.grad
le/caches/9.3.1/transforms/23
6808c8bf210c3c94b027618281850
c/workspace/transformed/react
-android-0.86.2-debug/prefab/
modules/reactnative/include/r
eact/renderer/components/view
/ViewProps.h:10:
  In file included from 
C:/Users/MANCHEM HIMESH/.grad
le/caches/9.3.1/transforms/23
6808c8bf210c3c94b027618281850
c/workspace/transformed/react
-android-0.86.2-debug/prefab/
modules/reactnative/include/r
eact/renderer/components/view
/HostPlatformViewProps.h:11:
  In file included from 
C:/Users/MANCHEM HIMESH/.grad
le/caches/9.3.1/transforms/23
6808c8bf210c3c94b027618281850
c/workspace/transformed/react
-android-0.86.2-debug/prefab/
modules/reactnative/include/r
eact/renderer/components/view
/NativeDrawable.h:13:
  C:/Users/MANCHEM HIMESH/.gr
adle/caches/9.3.1/transforms/
236808c8bf210c3c94b0276182818
50c/workspace/transformed/rea
ct-android-0.86.2-debug/prefa
b/modules/reactnative/include
/react/renderer/core/graphics
Conversions.h:71:14: error: 
no member named 'format' in 
namespace 'std'; did you 
mean 'folly::format'?
        return 
std::format("{}%", 
dimension.value);
               ^~~~~
  C:/Users/MANCHEM HIMESH/.gr
adle/caches/9.3.1/transforms/
236808c8bf210c3c94b0276182818
50c/workspace/transformed/rea
ct-android-0.86.2-debug/prefa
b/modules/reactnative/include
/folly/Format.h:291:1: note: 
'folly::format' declared here
  format(StringPiece fmt, 
Args&&... args) {
  ^
  In file included from 
C:/Users/MANCHEM HIMESH/OneDr
ive/Desktop/AttendanceApp/nod
e_modules/react-native-safe-a
rea-context/common/cpp/react/
renderer/components/safeareac
ontext/RNCSafeAreaViewState.c
pp:1:
  In file included from 
C:/Users/MANCHEM HIMESH/OneDr
ive/Desktop/AttendanceApp/nod
e_modules/react-native-safe-a
rea-context/common/cpp/react/
renderer/components/safeareac
ontext/RNCSafeAreaViewState.h
:3:
  In file included from 
C:/Users/MANCHEM HIMESH/OneDr
ive/Desktop/AttendanceApp/nod
e_modules/react-native-safe-a
rea-context/android/src/main/
jni/../../../build/generated/
source/codegen/jni/react/rend
erer/components/safeareaconte
xt/Props.h:12:
  In file included from 
C:/Users/MANCHEM HIMESH/.grad
le/caches/9.3.1/transforms/23
6808c8bf210c3c94b027618281850
c/workspace/transformed/react
-android-0.86.2-debug/prefab/
modules/reactnative/include/r
eact/renderer/components/view
/ViewProps.h:10:
  In file included from 
C:/Users/MANCHEM HIMESH/.grad
le/caches/9.3.1/transforms/23
6808c8bf210c3c94b027618281850
c/workspace/transformed/react
-android-0.86.2-debug/prefab/
modules/reactnative/include/r
eact/renderer/components/view
/HostPlatformViewProps.h:11:
  In file included from 
C:/Users/MANCHEM HIMESH/.grad
le/caches/9.3.1/transforms/23
6808c8bf210c3c94b027618281850
c/workspace/transformed/react
-android-0.86.2-debug/prefab/
modules/reactnative/include/r
eact/renderer/components/view
/NativeDrawable.h:13:
  C:/Users/MANCHEM HIMESH/.gr
adle/caches/9.3.1/transforms/
236808c8bf210c3c94b0276182818
50c/workspace/transformed/rea
ct-android-0.86.2-debug/prefa
b/modules/reactnative/include
/react/renderer/core/graphics
Conversions.h:71:14: error: 
no viable conversion from 
returned value of type 
'Formatter<false, const 
float &>' to function return 
type 'folly::dynamic'
        return 
std::format("{}%", 
dimension.value);
               ^~~~~~~~~~~~~~
~~~~~~~~~~~~~~~~~~~~~
  C:/Users/MANCHEM HIMESH/.gr
adle/caches/9.3.1/transforms/
236808c8bf210c3c94b0276182818
50c/workspace/transformed/rea
ct-android-0.86.2-debug/prefa
b/modules/reactnative/include
/folly/json/dynamic.h:238:18:
 note: candidate constructor 
not viable: no known 
conversion from 
'Formatter<false, const 
float &>' to 'const 
ObjectMaker &' for 1st 
argument
    /* implicit */ 
dynamic(ObjectMaker const&) 
= delete;
                   ^
  C:/Users/MANCHEM HIMESH/.gr
adle/caches/9.3.1/transforms/
236808c8bf210c3c94b0276182818
50c/workspace/transformed/rea
ct-android-0.86.2-debug/prefa
b/modules/reactnative/include
/folly/json/dynamic.h:289:3: 
note: candidate constructor 
not viable: no known 
conversion from 
'Formatter<false, const 
float &>' to 'const dynamic 
&' for 1st argument
    dynamic(dynamic const&);
    ^
  C:/Users/MANCHEM HIMESH/.gr
adle/caches/9.3.1/transforms/
236808c8bf210c3c94b0276182818
50c/workspace/transformed/rea
ct-android-0.86.2-debug/prefa
b/modules/reactnative/include
/folly/json/dynamic.h:290:3: 
note: candidate constructor 
not viable: no known 
conversion from 
'Formatter<false, const 
float &>' to 'dynamic &&' 
for 1st argument
    dynamic(dynamic&&) 
noexcept;
    ^
  C:/Users/MANCHEM HIMESH/.gr
adle/caches/9.3.1/transforms/
236808c8bf210c3c94b0276182818
50c/workspace/transformed/rea
ct-android-0.86.2-debug/prefa
b/modules/reactnative/include
/folly/json/dynamic-inl.h:321
:17: note: candidate 
constructor not viable: no 
known conversion from 
'Formatter<false, const 
float &>' to 
'std::nullptr_t' for 1st 
argument
  inline dynamic::dynamic(std
::nullptr_t) : type_(NULLT) 
{}
                  ^
  C:/Users/MANCHEM HIMESH/.gr
adle/caches/9.3.1/transforms/
236808c8bf210c3c94b0276182818
50c/workspace/transformed/rea
ct-android-0.86.2-debug/prefa
b/modules/reactnative/include
/folly/json/dynamic-inl.h:323
:17: note: candidate 
constructor not viable: no 
known conversion from 
'Formatter<false, const 
float &>' to 'void 
(*)(EmptyArrayTag)' for 1st 
argument
  inline 
dynamic::dynamic(void 
(*)(EmptyArrayTag)) : 
type_(ARRAY) {
                  ^
  C:/Users/MANCHEM HIMESH/.gr
adle/caches/9.3.1/transforms/
236808c8bf210c3c94b0276182818
50c/workspace/transformed/rea
ct-android-0.86.2-debug/prefa
b/modules/reactnative/include
/folly/json/dynamic-inl.h:327
:17: note: candidate 
constructor not viable: no 
known conversion from 
'Formatter<false, const 
float &>' to 'ObjectMaker 
(*)()' for 1st argument
  inline 
dynamic::dynamic(ObjectMaker 
(*)()) : type_(OBJECT) {
                  ^
  C:/Users/MANCHEM HIMESH/.gr
adle/caches/9.3.1/transforms/
236808c8bf210c3c94b0276182818
50c/workspace/transformed/rea
ct-android-0.86.2-debug/prefa
b/modules/reactnative/include
/folly/json/dynamic-inl.h:331
:17: note: candidate 
constructor not viable: no 
known conversion from 
'Formatter<false, const 
float &>' to 'const char *' 
for 1st argument
  inline 
dynamic::dynamic(char const* 
s) : type_(STRING) {
                  ^
  C:/Users/MANCHEM HIMESH/.gr
adle/caches/9.3.1/transforms/
236808c8bf210c3c94b0276182818
50c/workspace/transformed/rea
ct-android-0.86.2-debug/prefa
b/modules/reactnative/include
/folly/json/dynamic-inl.h:335
:17: note: candidate 
constructor not viable: no 
known conversion from 
'Formatter<false, const 
float &>' to 'std::string' 
(aka 'basic_string<char>') 
for 1st argument
  inline 
dynamic::dynamic(std::string 
s) : type_(STRING) {
                  ^
  C:/Users/MANCHEM HIMESH/.gr
adle/caches/9.3.1/transforms/
236808c8bf210c3c94b0276182818
50c/workspace/transformed/rea
ct-android-0.86.2-debug/prefa
b/modules/reactnative/include
/folly/json/dynamic-inl.h:344
:17: note: candidate 
constructor not viable: no 
known conversion from 
'Formatter<false, const 
float &>' to 'ObjectMaker 
&&' for 1st argument
  inline dynamic::dynamic(Obj
ectMaker&& maker) : 
type_(OBJECT) {
                  ^
  C:/Users/MANCHEM HIMESH/.gr
adle/caches/9.3.1/transforms/
236808c8bf210c3c94b0276182818
50c/workspace/transformed/rea
ct-android-0.86.2-debug/prefa
b/modules/reactnative/include
/folly/json/dynamic-inl.h:376
:17: note: candidate 
constructor not viable: no 
known conversion from 
'Formatter<false, const 
float &>' to 'std::vector<boo
l>::reference' (aka '__bit_re
ference<vector<bool, 
allocator<bool>>>') for 1st 
argument
  inline dynamic::dynamic(std
::vector<bool>::reference b)
                  ^
  C:/Users/MANCHEM HIMESH/.gr
adle/caches/9.3.1/transforms/
236808c8bf210c3c94b0276182818
50c/workspace/transformed/rea
ct-android-0.86.2-debug/prefa
b/modules/reactnative/include
/folly/json/dynamic-inl.h:378
:17: note: candidate 
constructor not viable: no 
known conversion from 
'Formatter<false, const 
float &>' to 
'VectorBoolConstRefCtorType' 
(aka 'std::__bit_const_refere
nce<std::vector<bool>>') for 
1st argument
  inline dynamic::dynamic(Vec
torBoolConstRefCtorType b)
                  ^
  C:/Users/MANCHEM HIMESH/.gr
adle/caches/9.3.1/transforms/
236808c8bf210c3c94b0276182818
50c/workspace/transformed/rea
ct-android-0.86.2-debug/prefa
b/modules/reactnative/include
/folly/json/dynamic-inl.h:340
:17: note: candidate 
template ignored: 
requirement 'is_detected_v<fo
lly::dynamic_detail::detect_c
onstruct_string, 
folly::Formatter<false, 
const float &>>' was not 
satisfied [with Stringish = 
Formatter<false, const float 
&>]
  inline 
dynamic::dynamic(Stringish&& 
s) : type_(STRING) {
                  ^
  C:/Users/MANCHEM HIMESH/.gr
adle/caches/9.3.1/transforms/
236808c8bf210c3c94b0276182818
50c/workspace/transformed/rea
ct-android-0.86.2-debug/prefa
b/modules/reactnative/include
/folly/json/dynamic-inl.h:384
:10: note: candidate 
template ignored: 
substitution failure [with T 
= Formatter<false, const 
float &>]: implicit 
instantiation of undefined 
template 'folly::dynamic::Num
ericTypeHelper<folly::Formatt
er<false, const float &>>'
  dynamic::dynamic(T t) {
           ^
  C:/Users/MANCHEM HIMESH/.gr
adle/caches/9.3.1/transforms/
236808c8bf210c3c94b0276182818
50c/workspace/transformed/rea
ct-android-0.86.2-debug/prefa
b/modules/reactnative/include
/folly/json/dynamic.h:1115:12
: note: explicit constructor 
is not a candidate
    explicit dynamic(Array&& 
r);
             ^
  2 errors generated.
  [23/29] Building CXX 
object QuickCrypto_autolinked
_build/CMakeFiles/react_codeg
en_QuickCrypto.dir/react/rend
erer/components/QuickCrypto/S
hadowNodes.cpp.o
  FAILED: QuickCrypto_autolin
ked_build/CMakeFiles/react_co
degen_QuickCrypto.dir/react/r
enderer/components/QuickCrypt
o/ShadowNodes.cpp.o 
  C:\Users\MANCHE~1\AppData\L
ocal\Android\Sdk\ndk\261~1.10
9\TOOLCH~1\llvm\prebuilt\WIND
OW~1\bin\CLANG_~1.EXE --targe
t=aarch64-none-linux-android2
4 
--sysroot="C:/Users/MANCHEM H
IMESH/AppData/Local/Android/S
dk/ndk/26.1.10909125/toolchai
ns/llvm/prebuilt/windows-x86_
64/sysroot" 
-DRN_SERIALIZABLE_STATE 
-I"C:/Users/MANCHEM HIMESH/On
eDrive/Desktop/AttendanceApp/
node_modules/react-native-qui
ck-crypto/android/build/gener
ated/source/codegen/jni/." 
-I"C:/Users/MANCHEM HIMESH/On
eDrive/Desktop/AttendanceApp/
node_modules/react-native-qui
ck-crypto/android/build/gener
ated/source/codegen/jni/react
/renderer/components/QuickCry
pto" -isystem 
"C:/Users/MANCHEM HIMESH/.gra
dle/caches/9.3.1/transforms/5
f0fade6957df6709b3ef496f25cde
d4/workspace/transformed/fbjn
i-0.7.0/prefab/modules/fbjni/
include" -isystem 
"C:/Users/MANCHEM HIMESH/.gra
dle/caches/9.3.1/transforms/2
36808c8bf210c3c94b02761828185
0c/workspace/transformed/reac
t-android-0.86.2-debug/prefab
/modules/jsi/include" 
-isystem "C:/Users/MANCHEM HI
MESH/.gradle/caches/9.3.1/tra
nsforms/236808c8bf210c3c94b02
7618281850c/workspace/transfo
rmed/react-android-0.86.2-deb
ug/prefab/modules/reactnative
/include" -g -DANDROID 
-fdata-sections 
-ffunction-sections 
-funwind-tables 
-fstack-protector-strong 
-no-canonical-prefixes 
-D_FORTIFY_SOURCE=2 -Wformat 
-Werror=format-security   
-fno-limit-debug-info  -fPIC 
-Wall -Werror -fexceptions 
-frtti -std=c++20 
-DFOLLY_NO_CONFIG=1 
-DLOG_TAG=\"ReactNative\" 
-DFOLLY_HAVE_CLOCK_GETTIME=1 
-DFOLLY_USE_LIBCPP=1 
-DFOLLY_CFG_NO_COROUTINES=1 
-DFOLLY_MOBILE=1 
-DFOLLY_HAVE_RECVMMSG=1 
-DFOLLY_HAVE_PTHREAD=1 -DFOLL
Y_HAVE_XSI_STRERROR_R=1 -MD 
-MT QuickCrypto_autolinked_bu
ild/CMakeFiles/react_codegen_
QuickCrypto.dir/react/rendere
r/components/QuickCrypto/Shad
owNodes.cpp.o -MF QuickCrypto
_autolinked_build\CMakeFiles\
react_codegen_QuickCrypto.dir
\react\renderer\components\Qu
ickCrypto\ShadowNodes.cpp.o.d
 -o QuickCrypto_autolinked_bu
ild/CMakeFiles/react_codegen_
QuickCrypto.dir/react/rendere
r/components/QuickCrypto/Shad
owNodes.cpp.o -c 
"C:/Users/MANCHEM HIMESH/OneD
rive/Desktop/AttendanceApp/no
de_modules/react-native-quick
-crypto/android/build/generat
ed/source/codegen/jni/react/r
enderer/components/QuickCrypt
o/ShadowNodes.cpp"
  In file included from 
C:/Users/MANCHEM HIMESH/OneDr
ive/Desktop/AttendanceApp/nod
e_modules/react-native-quick-
crypto/android/build/generate
d/source/codegen/jni/react/re
nderer/components/QuickCrypto
/ShadowNodes.cpp:11:
  In file included from 
C:/Users/MANCHEM HIMESH/OneDr
ive/Desktop/AttendanceApp/nod
e_modules/react-native-quick-
crypto/android/build/generate
d/source/codegen/jni/./react/
renderer/components/QuickCryp
to/ShadowNodes.h:16:
  In file included from 
C:/Users/MANCHEM HIMESH/.grad
le/caches/9.3.1/transforms/23
6808c8bf210c3c94b027618281850
c/workspace/transformed/react
-android-0.86.2-debug/prefab/
modules/reactnative/include/r
eact/renderer/components/view
/ConcreteViewShadowNode.h:10:
  In file included from 
C:/Users/MANCHEM HIMESH/.grad
le/caches/9.3.1/transforms/23
6808c8bf210c3c94b027618281850
c/workspace/transformed/react
-android-0.86.2-debug/prefab/
modules/reactnative/include/r
eact/renderer/components/view
/HostPlatformViewTraitsInitia
lizer.h:10:
  In file included from 
C:/Users/MANCHEM HIMESH/.grad
le/caches/9.3.1/transforms/23
6808c8bf210c3c94b027618281850
c/workspace/transformed/react
-android-0.86.2-debug/prefab/
modules/reactnative/include/r
eact/renderer/components/view
/ViewProps.h:10:
  In file included from 
C:/Users/MANCHEM HIMESH/.grad
le/caches/9.3.1/transforms/23
6808c8bf210c3c94b027618281850
c/workspace/transformed/react
-android-0.86.2-debug/prefab/
modules/reactnative/include/r
eact/renderer/components/view
/HostPlatformViewProps.h:11:
  In file included from 
C:/Users/MANCHEM HIMESH/.grad
le/caches/9.3.1/transforms/23
6808c8bf210c3c94b027618281850
c/workspace/transformed/react
-android-0.86.2-debug/prefab/
modules/reactnative/include/r
eact/renderer/components/view
/NativeDrawable.h:13:
  C:/Users/MANCHEM HIMESH/.gr
adle/caches/9.3.1/transforms/
236808c8bf210c3c94b0276182818
50c/workspace/transformed/rea
ct-android-0.86.2-debug/prefa
b/modules/reactnative/include
/react/renderer/core/graphics
Conversions.h:71:14: error: 
no member named 'format' in 
namespace 'std'; did you 
mean 'folly::format'?
        return 
std::format("{}%", 
dimension.value);
               ^~~~~
  C:/Users/MANCHEM HIMESH/.gr
adle/caches/9.3.1/transforms/
236808c8bf210c3c94b0276182818
50c/workspace/transformed/rea
ct-android-0.86.2-debug/prefa
b/modules/reactnative/include
/folly/Format.h:291:1: note: 
'folly::format' declared here
  format(StringPiece fmt, 
Args&&... args) {
  ^
  In file included from 
C:/Users/MANCHEM HIMESH/OneDr
ive/Desktop/AttendanceApp/nod
e_modules/react-native-quick-
crypto/android/build/generate
d/source/codegen/jni/react/re
nderer/components/QuickCrypto
/ShadowNodes.cpp:11:
  In file included from 
C:/Users/MANCHEM HIMESH/OneDr
ive/Desktop/AttendanceApp/nod
e_modules/react-native-quick-
crypto/android/build/generate
d/source/codegen/jni/./react/
renderer/components/QuickCryp
to/ShadowNodes.h:16:
  In file included from 
C:/Users/MANCHEM HIMESH/.grad
le/caches/9.3.1/transforms/23
6808c8bf210c3c94b027618281850
c/workspace/transformed/react
-android-0.86.2-debug/prefab/
modules/reactnative/include/r
eact/renderer/components/view
/ConcreteViewShadowNode.h:10:
  In file included from 
C:/Users/MANCHEM HIMESH/.grad
le/caches/9.3.1/transforms/23
6808c8bf210c3c94b027618281850
c/workspace/transformed/react
-android-0.86.2-debug/prefab/
modules/reactnative/include/r
eact/renderer/components/view
/HostPlatformViewTraitsInitia
lizer.h:10:
  In file included from 
C:/Users/MANCHEM HIMESH/.grad
le/caches/9.3.1/transforms/23
6808c8bf210c3c94b027618281850
c/workspace/transformed/react
-android-0.86.2-debug/prefab/
modules/reactnative/include/r
eact/renderer/components/view
/ViewProps.h:10:
  In file included from 
C:/Users/MANCHEM HIMESH/.grad
le/caches/9.3.1/transforms/23
6808c8bf210c3c94b027618281850
c/workspace/transformed/react
-android-0.86.2-debug/prefab/
modules/reactnative/include/r
eact/renderer/components/view
/HostPlatformViewProps.h:11:
  In file included from 
C:/Users/MANCHEM HIMESH/.grad
le/caches/9.3.1/transforms/23
6808c8bf210c3c94b027618281850
c/workspace/transformed/react
-android-0.86.2-debug/prefab/
modules/reactnative/include/r
eact/renderer/components/view
/NativeDrawable.h:13:
  C:/Users/MANCHEM HIMESH/.gr
adle/caches/9.3.1/transforms/
236808c8bf210c3c94b0276182818
50c/workspace/transformed/rea
ct-android-0.86.2-debug/prefa
b/modules/reactnative/include
/react/renderer/core/graphics
Conversions.h:71:14: error: 
no viable conversion from 
returned value of type 
'Formatter<false, const 
float &>' to function return 
type 'folly::dynamic'
        return 
std::format("{}%", 
dimension.value);
               ^~~~~~~~~~~~~~
~~~~~~~~~~~~~~~~~~~~~
  C:/Users/MANCHEM HIMESH/.gr
adle/caches/9.3.1/transforms/
236808c8bf210c3c94b0276182818
50c/workspace/transformed/rea
ct-android-0.86.2-debug/prefa
b/modules/reactnative/include
/folly/json/dynamic.h:238:18:
 note: candidate constructor 
not viable: no known 
conversion from 
'Formatter<false, const 
float &>' to 'const 
ObjectMaker &' for 1st 
argument
    /* implicit */ 
dynamic(ObjectMaker const&) 
= delete;
                   ^
  C:/Users/MANCHEM HIMESH/.gr
adle/caches/9.3.1/transforms/
236808c8bf210c3c94b0276182818
50c/workspace/transformed/rea
ct-android-0.86.2-debug/prefa
b/modules/reactnative/include
/folly/json/dynamic.h:289:3: 
note: candidate constructor 
not viable: no known 
conversion from 
'Formatter<false, const 
float &>' to 'const dynamic 
&' for 1st argument
    dynamic(dynamic const&);
    ^
  C:/Users/MANCHEM HIMESH/.gr
adle/caches/9.3.1/transforms/
236808c8bf210c3c94b0276182818
50c/workspace/transformed/rea
ct-android-0.86.2-debug/prefa
b/modules/reactnative/include
/folly/json/dynamic.h:290:3: 
note: candidate constructor 
not viable: no known 
conversion from 
'Formatter<false, const 
float &>' to 'dynamic &&' 
for 1st argument
    dynamic(dynamic&&) 
noexcept;
    ^
  C:/Users/MANCHEM HIMESH/.gr
adle/caches/9.3.1/transforms/
236808c8bf210c3c94b0276182818
50c/workspace/transformed/rea
ct-android-0.86.2-debug/prefa
b/modules/reactnative/include
/folly/json/dynamic-inl.h:321
:17: note: candidate 
constructor not viable: no 
known conversion from 
'Formatter<false, const 
float &>' to 
'std::nullptr_t' for 1st 
argument
  inline dynamic::dynamic(std
::nullptr_t) : type_(NULLT) 
{}
                  ^
  C:/Users/MANCHEM HIMESH/.gr
adle/caches/9.3.1/transforms/
236808c8bf210c3c94b0276182818
50c/workspace/transformed/rea
ct-android-0.86.2-debug/prefa
b/modules/reactnative/include
/folly/json/dynamic-inl.h:323
:17: note: candidate 
constructor not viable: no 
known conversion from 
'Formatter<false, const 
float &>' to 'void 
(*)(EmptyArrayTag)' for 1st 
argument
  inline 
dynamic::dynamic(void 
(*)(EmptyArrayTag)) : 
type_(ARRAY) {
                  ^
  C:/Users/MANCHEM HIMESH/.gr
adle/caches/9.3.1/transforms/
236808c8bf210c3c94b0276182818
50c/workspace/transformed/rea
ct-android-0.86.2-debug/prefa
b/modules/reactnative/include
/folly/json/dynamic-inl.h:327
:17: note: candidate 
constructor not viable: no 
known conversion from 
'Formatter<false, const 
float &>' to 'ObjectMaker 
(*)()' for 1st argument
  inline 
dynamic::dynamic(ObjectMaker 
(*)()) : type_(OBJECT) {
                  ^
  C:/Users/MANCHEM HIMESH/.gr
adle/caches/9.3.1/transforms/
236808c8bf210c3c94b0276182818
50c/workspace/transformed/rea
ct-android-0.86.2-debug/prefa
b/modules/reactnative/include
/folly/json/dynamic-inl.h:331
:17: note: candidate 
constructor not viable: no 
known conversion from 
'Formatter<false, const 
float &>' to 'const char *' 
for 1st argument
  inline 
dynamic::dynamic(char const* 
s) : type_(STRING) {
                  ^
  C:/Users/MANCHEM HIMESH/.gr
adle/caches/9.3.1/transforms/
236808c8bf210c3c94b0276182818
50c/workspace/transformed/rea
ct-android-0.86.2-debug/prefa
b/modules/reactnative/include
/folly/json/dynamic-inl.h:335
:17: note: candidate 
constructor not viable: no 
known conversion from 
'Formatter<false, const 
float &>' to 'std::string' 
(aka 'basic_string<char>') 
for 1st argument
  inline 
dynamic::dynamic(std::string 
s) : type_(STRING) {
                  ^
  C:/Users/MANCHEM HIMESH/.gr
adle/caches/9.3.1/transforms/
236808c8bf210c3c94b0276182818
50c/workspace/transformed/rea
ct-android-0.86.2-debug/prefa
b/modules/reactnative/include
/folly/json/dynamic-inl.h:344
:17: note: candidate 
constructor not viable: no 
known conversion from 
'Formatter<false, const 
float &>' to 'ObjectMaker 
&&' for 1st argument
  inline dynamic::dynamic(Obj
ectMaker&& maker) : 
type_(OBJECT) {
                  ^
  C:/Users/MANCHEM HIMESH/.gr
adle/caches/9.3.1/transforms/
236808c8bf210c3c94b0276182818
50c/workspace/transformed/rea
ct-android-0.86.2-debug/prefa
b/modules/reactnative/include
/folly/json/dynamic-inl.h:376
:17: note: candidate 
constructor not viable: no 
known conversion from 
'Formatter<false, const 
float &>' to 'std::vector<boo
l>::reference' (aka '__bit_re
ference<vector<bool, 
allocator<bool>>>') for 1st 
argument
  inline dynamic::dynamic(std
::vector<bool>::reference b)
                  ^
  C:/Users/MANCHEM HIMESH/.gr
adle/caches/9.3.1/transforms/
236808c8bf210c3c94b0276182818
50c/workspace/transformed/rea
ct-android-0.86.2-debug/prefa
b/modules/reactnative/include
/folly/json/dynamic-inl.h:378
:17: note: candidate 
constructor not viable: no 
known conversion from 
'Formatter<false, const 
float &>' to 
'VectorBoolConstRefCtorType' 
(aka 'std::__bit_const_refere
nce<std::vector<bool>>') for 
1st argument
  inline dynamic::dynamic(Vec
torBoolConstRefCtorType b)
                  ^
  C:/Users/MANCHEM HIMESH/.gr
adle/caches/9.3.1/transforms/
236808c8bf210c3c94b0276182818
50c/workspace/transformed/rea
ct-android-0.86.2-debug/prefa
b/modules/reactnative/include
/folly/json/dynamic-inl.h:340
:17: note: candidate 
template ignored: 
requirement 'is_detected_v<fo
lly::dynamic_detail::detect_c
onstruct_string, 
folly::Formatter<false, 
const float &>>' was not 
satisfied [with Stringish = 
Formatter<false, const float 
&>]
  inline 
dynamic::dynamic(Stringish&& 
s) : type_(STRING) {
                  ^
  C:/Users/MANCHEM HIMESH/.gr
adle/caches/9.3.1/transforms/
236808c8bf210c3c94b0276182818
50c/workspace/transformed/rea
ct-android-0.86.2-debug/prefa
b/modules/reactnative/include
/folly/json/dynamic-inl.h:384
:10: note: candidate 
template ignored: 
substitution failure [with T 
= Formatter<false, const 
float &>]: implicit 
instantiation of undefined 
template 'folly::dynamic::Num
ericTypeHelper<folly::Formatt
er<false, const float &>>'
  dynamic::dynamic(T t) {
           ^
  C:/Users/MANCHEM HIMESH/.gr
adle/caches/9.3.1/transforms/
236808c8bf210c3c94b0276182818
50c/workspace/transformed/rea
ct-android-0.86.2-debug/prefa
b/modules/reactnative/include
/folly/json/dynamic.h:1115:12
: note: explicit constructor 
is not a candidate
    explicit dynamic(Array&& 
r);
             ^
  2 errors generated.
  [24/29] Building CXX 
object safeareacontext_autoli
nked_build/CMakeFiles/react_c
odegen_safeareacontext.dir/d5
631ae7369e7b118c20d5265292748
4/safeareacontext/ShadowNodes
.cpp.o
  FAILED: safeareacontext_aut
olinked_build/CMakeFiles/reac
t_codegen_safeareacontext.dir
/d5631ae7369e7b118c20d5265292
7484/safeareacontext/ShadowNo
des.cpp.o 
  C:\Users\MANCHE~1\AppData\L
ocal\Android\Sdk\ndk\261~1.10
9\TOOLCH~1\llvm\prebuilt\WIND
OW~1\bin\CLANG_~1.EXE --targe
t=aarch64-none-linux-android2
4 
--sysroot="C:/Users/MANCHEM H
IMESH/AppData/Local/Android/S
dk/ndk/26.1.10909125/toolchai
ns/llvm/prebuilt/windows-x86_
64/sysroot" 
-DRN_SERIALIZABLE_STATE -Drea
ct_codegen_safeareacontext_EX
PORTS -I"C:/Users/MANCHEM HIM
ESH/OneDrive/Desktop/Attendan
ceApp/node_modules/react-nati
ve-safe-area-context/android/
src/main/jni/." 
-I"C:/Users/MANCHEM HIMESH/On
eDrive/Desktop/AttendanceApp/
node_modules/react-native-saf
e-area-context/android/src/ma
in/jni/../../../../common/cpp
" -I"C:/Users/MANCHEM HIMESH/
OneDrive/Desktop/AttendanceAp
p/node_modules/react-native-s
afe-area-context/android/src/
main/jni/../../../build/gener
ated/source/codegen/jni" 
-I"C:/Users/MANCHEM HIMESH/On
eDrive/Desktop/AttendanceApp/
node_modules/react-native-saf
e-area-context/android/src/ma
in/jni/../../../build/generat
ed/source/codegen/jni/react/r
enderer/components/safeareaco
ntext" -isystem 
"C:/Users/MANCHEM HIMESH/.gra
dle/caches/9.3.1/transforms/5
f0fade6957df6709b3ef496f25cde
d4/workspace/transformed/fbjn
i-0.7.0/prefab/modules/fbjni/
include" -isystem 
"C:/Users/MANCHEM HIMESH/.gra
dle/caches/9.3.1/transforms/2
36808c8bf210c3c94b02761828185
0c/workspace/transformed/reac
t-android-0.86.2-debug/prefab
/modules/jsi/include" 
-isystem "C:/Users/MANCHEM HI
MESH/.gradle/caches/9.3.1/tra
nsforms/236808c8bf210c3c94b02
7618281850c/workspace/transfo
rmed/react-android-0.86.2-deb
ug/prefab/modules/reactnative
/include" -g -DANDROID 
-fdata-sections 
-ffunction-sections 
-funwind-tables 
-fstack-protector-strong 
-no-canonical-prefixes 
-D_FORTIFY_SOURCE=2 -Wformat 
-Werror=format-security   
-fno-limit-debug-info  -fPIC 
-Wall -Werror -fexceptions 
-frtti -std=c++20 
-DFOLLY_NO_CONFIG=1 
-DLOG_TAG=\"ReactNative\" 
-Wpedantic -Wno-gnu-zero-vari
adic-macro-arguments -Wno-dol
lar-in-identifier-extension 
-DFOLLY_HAVE_CLOCK_GETTIME=1 
-DFOLLY_USE_LIBCPP=1 
-DFOLLY_CFG_NO_COROUTINES=1 
-DFOLLY_MOBILE=1 
-DFOLLY_HAVE_RECVMMSG=1 
-DFOLLY_HAVE_PTHREAD=1 -DFOLL
Y_HAVE_XSI_STRERROR_R=1 -MD 
-MT safeareacontext_autolinke
d_build/CMakeFiles/react_code
gen_safeareacontext.dir/d5631
ae7369e7b118c20d52652927484/s
afeareacontext/ShadowNodes.cp
p.o -MF safeareacontext_autol
inked_build\CMakeFiles\react_
codegen_safeareacontext.dir\d
5631ae7369e7b118c20d526529274
84\safeareacontext\ShadowNode
s.cpp.o.d -o safeareacontext_
autolinked_build/CMakeFiles/r
eact_codegen_safeareacontext.
dir/d5631ae7369e7b118c20d5265
2927484/safeareacontext/Shado
wNodes.cpp.o -c 
"C:/Users/MANCHEM HIMESH/OneD
rive/Desktop/AttendanceApp/no
de_modules/react-native-safe-
area-context/android/build/ge
nerated/source/codegen/jni/re
act/renderer/components/safea
reacontext/ShadowNodes.cpp"
  In file included from 
C:/Users/MANCHEM HIMESH/OneDr
ive/Desktop/AttendanceApp/nod
e_modules/react-native-safe-a
rea-context/android/build/gen
erated/source/codegen/jni/rea
ct/renderer/components/safear
eacontext/ShadowNodes.cpp:11:
  In file included from 
C:/Users/MANCHEM HIMESH/OneDr
ive/Desktop/AttendanceApp/nod
e_modules/react-native-safe-a
rea-context/android/src/main/
jni/../../../build/generated/
source/codegen/jni/react/rend
erer/components/safeareaconte
xt/ShadowNodes.h:14:
  In file included from 
C:/Users/MANCHEM HIMESH/OneDr
ive/Desktop/AttendanceApp/nod
e_modules/react-native-safe-a
rea-context/android/src/main/
jni/../../../build/generated/
source/codegen/jni/react/rend
erer/components/safeareaconte
xt/Props.h:12:
  In file included from 
C:/Users/MANCHEM HIMESH/.grad
le/caches/9.3.1/transforms/23
6808c8bf210c3c94b027618281850
c/workspace/transformed/react
-android-0.86.2-debug/prefab/
modules/reactnative/include/r
eact/renderer/components/view
/ViewProps.h:10:
  In file included from 
C:/Users/MANCHEM HIMESH/.grad
le/caches/9.3.1/transforms/23
6808c8bf210c3c94b027618281850
c/workspace/transformed/react
-android-0.86.2-debug/prefab/
modules/reactnative/include/r
eact/renderer/components/view
/HostPlatformViewProps.h:11:
  In file included from 
C:/Users/MANCHEM HIMESH/.grad
le/caches/9.3.1/transforms/23
6808c8bf210c3c94b027618281850
c/workspace/transformed/react
-android-0.86.2-debug/prefab/
modules/reactnative/include/r
eact/renderer/components/view
/NativeDrawable.h:13:
  C:/Users/MANCHEM HIMESH/.gr
adle/caches/9.3.1/transforms/
236808c8bf210c3c94b0276182818
50c/workspace/transformed/rea
ct-android-0.86.2-debug/prefa
b/modules/reactnative/include
/react/renderer/core/graphics
Conversions.h:71:14: error: 
no member named 'format' in 
namespace 'std'; did you 
mean 'folly::format'?
        return 
std::format("{}%", 
dimension.value);
               ^~~~~
  C:/Users/MANCHEM HIMESH/.gr
adle/caches/9.3.1/transforms/
236808c8bf210c3c94b0276182818
50c/workspace/transformed/rea
ct-android-0.86.2-debug/prefa
b/modules/reactnative/include
/folly/Format.h:291:1: note: 
'folly::format' declared here
  format(StringPiece fmt, 
Args&&... args) {
  ^
  In file included from 
C:/Users/MANCHEM HIMESH/OneDr
ive/Desktop/AttendanceApp/nod
e_modules/react-native-safe-a
rea-context/android/build/gen
erated/source/codegen/jni/rea
ct/renderer/components/safear
eacontext/ShadowNodes.cpp:11:
  In file included from 
C:/Users/MANCHEM HIMESH/OneDr
ive/Desktop/AttendanceApp/nod
e_modules/react-native-safe-a
rea-context/android/src/main/
jni/../../../build/generated/
source/codegen/jni/react/rend
erer/components/safeareaconte
xt/ShadowNodes.h:14:
  In file included from 
C:/Users/MANCHEM HIMESH/OneDr
ive/Desktop/AttendanceApp/nod
e_modules/react-native-safe-a
rea-context/android/src/main/
jni/../../../build/generated/
source/codegen/jni/react/rend
erer/components/safeareaconte
xt/Props.h:12:
  In file included from 
C:/Users/MANCHEM HIMESH/.grad
le/caches/9.3.1/transforms/23
6808c8bf210c3c94b027618281850
c/workspace/transformed/react
-android-0.86.2-debug/prefab/
modules/reactnative/include/r
eact/renderer/components/view
/ViewProps.h:10:
  In file included from 
C:/Users/MANCHEM HIMESH/.grad
le/caches/9.3.1/transforms/23
6808c8bf210c3c94b027618281850
c/workspace/transformed/react
-android-0.86.2-debug/prefab/
modules/reactnative/include/r
eact/renderer/components/view
/HostPlatformViewProps.h:11:
  In file included from 
C:/Users/MANCHEM HIMESH/.grad
le/caches/9.3.1/transforms/23
6808c8bf210c3c94b027618281850
c/workspace/transformed/react
-android-0.86.2-debug/prefab/
modules/reactnative/include/r
eact/renderer/components/view
/NativeDrawable.h:13:
  C:/Users/MANCHEM HIMESH/.gr
adle/caches/9.3.1/transforms/
236808c8bf210c3c94b0276182818
50c/workspace/transformed/rea
ct-android-0.86.2-debug/prefa
b/modules/reactnative/include
/react/renderer/core/graphics
Conversions.h:71:14: error: 
no viable conversion from 
returned value of type 
'Formatter<false, const 
float &>' to function return 
type 'folly::dynamic'
        return 
std::format("{}%", 
dimension.value);
               ^~~~~~~~~~~~~~
~~~~~~~~~~~~~~~~~~~~~
  C:/Users/MANCHEM HIMESH/.gr
adle/caches/9.3.1/transforms/
236808c8bf210c3c94b0276182818
50c/workspace/transformed/rea
ct-android-0.86.2-debug/prefa
b/modules/reactnative/include
/folly/json/dynamic.h:238:18:
 note: candidate constructor 
not viable: no known 
conversion from 
'Formatter<false, const 
float &>' to 'const 
ObjectMaker &' for 1st 
argument
    /* implicit */ 
dynamic(ObjectMaker const&) 
= delete;
                   ^
  C:/Users/MANCHEM HIMESH/.gr
adle/caches/9.3.1/transforms/
236808c8bf210c3c94b0276182818
50c/workspace/transformed/rea
ct-android-0.86.2-debug/prefa
b/modules/reactnative/include
/folly/json/dynamic.h:289:3: 
note: candidate constructor 
not viable: no known 
conversion from 
'Formatter<false, const 
float &>' to 'const dynamic 
&' for 1st argument
    dynamic(dynamic const&);
    ^
  C:/Users/MANCHEM HIMESH/.gr
adle/caches/9.3.1/transforms/
236808c8bf210c3c94b0276182818
50c/workspace/transformed/rea
ct-android-0.86.2-debug/prefa
b/modules/reactnative/include
/folly/json/dynamic.h:290:3: 
note: candidate constructor 
not viable: no known 
conversion from 
'Formatter<false, const 
float &>' to 'dynamic &&' 
for 1st argument
    dynamic(dynamic&&) 
noexcept;
    ^
  C:/Users/MANCHEM HIMESH/.gr
adle/caches/9.3.1/transforms/
236808c8bf210c3c94b0276182818
50c/workspace/transformed/rea
ct-android-0.86.2-debug/prefa
b/modules/reactnative/include
/folly/json/dynamic-inl.h:321
:17: note: candidate 
constructor not viable: no 
known conversion from 
'Formatter<false, const 
float &>' to 
'std::nullptr_t' for 1st 
argument
  inline dynamic::dynamic(std
::nullptr_t) : type_(NULLT) 
{}
                  ^
  C:/Users/MANCHEM HIMESH/.gr
adle/caches/9.3.1/transforms/
236808c8bf210c3c94b0276182818
50c/workspace/transformed/rea
ct-android-0.86.2-debug/prefa
b/modules/reactnative/include
/folly/json/dynamic-inl.h:323
:17: note: candidate 
constructor not viable: no 
known conversion from 
'Formatter<false, const 
float &>' to 'void 
(*)(EmptyArrayTag)' for 1st 
argument
  inline 
dynamic::dynamic(void 
(*)(EmptyArrayTag)) : 
type_(ARRAY) {
                  ^
  C:/Users/MANCHEM HIMESH/.gr
adle/caches/9.3.1/transforms/
236808c8bf210c3c94b0276182818
50c/workspace/transformed/rea
ct-android-0.86.2-debug/prefa
b/modules/reactnative/include
/folly/json/dynamic-inl.h:327
:17: note: candidate 
constructor not viable: no 
known conversion from 
'Formatter<false, const 
float &>' to 'ObjectMaker 
(*)()' for 1st argument
  inline 
dynamic::dynamic(ObjectMaker 
(*)()) : type_(OBJECT) {
                  ^
  C:/Users/MANCHEM HIMESH/.gr
adle/caches/9.3.1/transforms/
236808c8bf210c3c94b0276182818
50c/workspace/transformed/rea
ct-android-0.86.2-debug/prefa
b/modules/reactnative/include
/folly/json/dynamic-inl.h:331
:17: note: candidate 
constructor not viable: no 
known conversion from 
'Formatter<false, const 
float &>' to 'const char *' 
for 1st argument
  inline 
dynamic::dynamic(char const* 
s) : type_(STRING) {
                  ^
  C:/Users/MANCHEM HIMESH/.gr
adle/caches/9.3.1/transforms/
236808c8bf210c3c94b0276182818
50c/workspace/transformed/rea
ct-android-0.86.2-debug/prefa
b/modules/reactnative/include
/folly/json/dynamic-inl.h:335
:17: note: candidate 
constructor not viable: no 
known conversion from 
'Formatter<false, const 
float &>' to 'std::string' 
(aka 'basic_string<char>') 
for 1st argument
  inline 
dynamic::dynamic(std::string 
s) : type_(STRING) {
                  ^
  C:/Users/MANCHEM HIMESH/.gr
adle/caches/9.3.1/transforms/
236808c8bf210c3c94b0276182818
50c/workspace/transformed/rea
ct-android-0.86.2-debug/prefa
b/modules/reactnative/include
/folly/json/dynamic-inl.h:344
:17: note: candidate 
constructor not viable: no 
known conversion from 
'Formatter<false, const 
float &>' to 'ObjectMaker 
&&' for 1st argument
  inline dynamic::dynamic(Obj
ectMaker&& maker) : 
type_(OBJECT) {
                  ^
  C:/Users/MANCHEM HIMESH/.gr
adle/caches/9.3.1/transforms/
236808c8bf210c3c94b0276182818
50c/workspace/transformed/rea
ct-android-0.86.2-debug/prefa
b/modules/reactnative/include
/folly/json/dynamic-inl.h:376
:17: note: candidate 
constructor not viable: no 
known conversion from 
'Formatter<false, const 
float &>' to 'std::vector<boo
l>::reference' (aka '__bit_re
ference<vector<bool, 
allocator<bool>>>') for 1st 
argument
  inline dynamic::dynamic(std
::vector<bool>::reference b)
                  ^
  C:/Users/MANCHEM HIMESH/.gr
adle/caches/9.3.1/transforms/
236808c8bf210c3c94b0276182818
50c/workspace/transformed/rea
ct-android-0.86.2-debug/prefa
b/modules/reactnative/include
/folly/json/dynamic-inl.h:378
:17: note: candidate 
constructor not viable: no 
known conversion from 
'Formatter<false, const 
float &>' to 
'VectorBoolConstRefCtorType' 
(aka 'std::__bit_const_refere
nce<std::vector<bool>>') for 
1st argument
  inline dynamic::dynamic(Vec
torBoolConstRefCtorType b)
                  ^
  C:/Users/MANCHEM HIMESH/.gr
adle/caches/9.3.1/transforms/
236808c8bf210c3c94b0276182818
50c/workspace/transformed/rea
ct-android-0.86.2-debug/prefa
b/modules/reactnative/include
/folly/json/dynamic-inl.h:340
:17: note: candidate 
template ignored: 
requirement 'is_detected_v<fo
lly::dynamic_detail::detect_c
onstruct_string, 
folly::Formatter<false, 
const float &>>' was not 
satisfied [with Stringish = 
Formatter<false, const float 
&>]
  inline 
dynamic::dynamic(Stringish&& 
s) : type_(STRING) {
                  ^
  C:/Users/MANCHEM HIMESH/.gr
adle/caches/9.3.1/transforms/
236808c8bf210c3c94b0276182818
50c/workspace/transformed/rea
ct-android-0.86.2-debug/prefa
b/modules/reactnative/include
/folly/json/dynamic-inl.h:384
:10: note: candidate 
template ignored: 
substitution failure [with T 
= Formatter<false, const 
float &>]: implicit 
instantiation of undefined 
template 'folly::dynamic::Num
ericTypeHelper<folly::Formatt
er<false, const float &>>'
  dynamic::dynamic(T t) {
           ^
  C:/Users/MANCHEM HIMESH/.gr
adle/caches/9.3.1/transforms/
236808c8bf210c3c94b0276182818
50c/workspace/transformed/rea
ct-android-0.86.2-debug/prefa
b/modules/reactnative/include
/folly/json/dynamic.h:1115:12
: note: explicit constructor 
is not a candidate
    explicit dynamic(Array&& 
r);
             ^
  2 errors generated.
  [25/29] Building CXX 
object safeareacontext_autoli
nked_build/CMakeFiles/react_c
odegen_safeareacontext.dir/cf
f30126cb86b5ef8494f713c3044ee
4/ComponentDescriptors.cpp.o
  FAILED: safeareacontext_aut
olinked_build/CMakeFiles/reac
t_codegen_safeareacontext.dir
/cff30126cb86b5ef8494f713c304
4ee4/ComponentDescriptors.cpp
.o 
  C:\Users\MANCHE~1\AppData\L
ocal\Android\Sdk\ndk\261~1.10
9\TOOLCH~1\llvm\prebuilt\WIND
OW~1\bin\CLANG_~1.EXE --targe
t=aarch64-none-linux-android2
4 
--sysroot="C:/Users/MANCHEM H
IMESH/AppData/Local/Android/S
dk/ndk/26.1.10909125/toolchai
ns/llvm/prebuilt/windows-x86_
64/sysroot" 
-DRN_SERIALIZABLE_STATE -Drea
ct_codegen_safeareacontext_EX
PORTS -I"C:/Users/MANCHEM HIM
ESH/OneDrive/Desktop/Attendan
ceApp/node_modules/react-nati
ve-safe-area-context/android/
src/main/jni/." 
-I"C:/Users/MANCHEM HIMESH/On
eDrive/Desktop/AttendanceApp/
node_modules/react-native-saf
e-area-context/android/src/ma
in/jni/../../../../common/cpp
" -I"C:/Users/MANCHEM HIMESH/
OneDrive/Desktop/AttendanceAp
p/node_modules/react-native-s
afe-area-context/android/src/
main/jni/../../../build/gener
ated/source/codegen/jni" 
-I"C:/Users/MANCHEM HIMESH/On
eDrive/Desktop/AttendanceApp/
node_modules/react-native-saf
e-area-context/android/src/ma
in/jni/../../../build/generat
ed/source/codegen/jni/react/r
enderer/components/safeareaco
ntext" -isystem 
"C:/Users/MANCHEM HIMESH/.gra
dle/caches/9.3.1/transforms/5
f0fade6957df6709b3ef496f25cde
d4/workspace/transformed/fbjn
i-0.7.0/prefab/modules/fbjni/
include" -isystem 
"C:/Users/MANCHEM HIMESH/.gra
dle/caches/9.3.1/transforms/2
36808c8bf210c3c94b02761828185
0c/workspace/transformed/reac
t-android-0.86.2-debug/prefab
/modules/jsi/include" 
-isystem "C:/Users/MANCHEM HI
MESH/.gradle/caches/9.3.1/tra
nsforms/236808c8bf210c3c94b02
7618281850c/workspace/transfo
rmed/react-android-0.86.2-deb
ug/prefab/modules/reactnative
/include" -g -DANDROID 
-fdata-sections 
-ffunction-sections 
-funwind-tables 
-fstack-protector-strong 
-no-canonical-prefixes 
-D_FORTIFY_SOURCE=2 -Wformat 
-Werror=format-security   
-fno-limit-debug-info  -fPIC 
-Wall -Werror -fexceptions 
-frtti -std=c++20 
-DFOLLY_NO_CONFIG=1 
-DLOG_TAG=\"ReactNative\" 
-Wpedantic -Wno-gnu-zero-vari
adic-macro-arguments -Wno-dol
lar-in-identifier-extension 
-DFOLLY_HAVE_CLOCK_GETTIME=1 
-DFOLLY_USE_LIBCPP=1 
-DFOLLY_CFG_NO_COROUTINES=1 
-DFOLLY_MOBILE=1 
-DFOLLY_HAVE_RECVMMSG=1 
-DFOLLY_HAVE_PTHREAD=1 -DFOLL
Y_HAVE_XSI_STRERROR_R=1 -MD 
-MT safeareacontext_autolinke
d_build/CMakeFiles/react_code
gen_safeareacontext.dir/cff30
126cb86b5ef8494f713c3044ee4/C
omponentDescriptors.cpp.o 
-MF safeareacontext_autolinke
d_build\CMakeFiles\react_code
gen_safeareacontext.dir\cff30
126cb86b5ef8494f713c3044ee4\C
omponentDescriptors.cpp.o.d 
-o safeareacontext_autolinked
_build/CMakeFiles/react_codeg
en_safeareacontext.dir/cff301
26cb86b5ef8494f713c3044ee4/Co
mponentDescriptors.cpp.o -c 
"C:/Users/MANCHEM HIMESH/OneD
rive/Desktop/AttendanceApp/no
de_modules/react-native-safe-
area-context/android/build/ge
nerated/source/codegen/jni/re
act/renderer/components/safea
reacontext/ComponentDescripto
rs.cpp"
  In file included from 
C:/Users/MANCHEM HIMESH/OneDr
ive/Desktop/AttendanceApp/nod
e_modules/react-native-safe-a
rea-context/android/build/gen
erated/source/codegen/jni/rea
ct/renderer/components/safear
eacontext/ComponentDescriptor
s.cpp:11:
  In file included from 
C:/Users/MANCHEM HIMESH/OneDr
ive/Desktop/AttendanceApp/nod
e_modules/react-native-safe-a
rea-context/android/src/main/
jni/../../../build/generated/
source/codegen/jni/react/rend
erer/components/safeareaconte
xt/ComponentDescriptors.h:13:
  In file included from 
C:/Users/MANCHEM HIMESH/OneDr
ive/Desktop/AttendanceApp/nod
e_modules/react-native-safe-a
rea-context/android/src/main/
jni/../../../build/generated/
source/codegen/jni/react/rend
erer/components/safeareaconte
xt/ShadowNodes.h:14:
  In file included from 
C:/Users/MANCHEM HIMESH/OneDr
ive/Desktop/AttendanceApp/nod
e_modules/react-native-safe-a
rea-context/android/src/main/
jni/../../../build/generated/
source/codegen/jni/react/rend
erer/components/safeareaconte
xt/Props.h:12:
  In file included from 
C:/Users/MANCHEM HIMESH/.grad
le/caches/9.3.1/transforms/23
6808c8bf210c3c94b027618281850
c/workspace/transformed/react
-android-0.86.2-debug/prefab/
modules/reactnative/include/r
eact/renderer/components/view
/ViewProps.h:10:
  In file included from 
C:/Users/MANCHEM HIMESH/.grad
le/caches/9.3.1/transforms/23
6808c8bf210c3c94b027618281850
c/workspace/transformed/react
-android-0.86.2-debug/prefab/
modules/reactnative/include/r
eact/renderer/components/view
/HostPlatformViewProps.h:11:
  In file included from 
C:/Users/MANCHEM HIMESH/.grad
le/caches/9.3.1/transforms/23
6808c8bf210c3c94b027618281850
c/workspace/transformed/react
-android-0.86.2-debug/prefab/
modules/reactnative/include/r
eact/renderer/components/view
/NativeDrawable.h:13:
  C:/Users/MANCHEM HIMESH/.gr
adle/caches/9.3.1/transforms/
236808c8bf210c3c94b0276182818
50c/workspace/transformed/rea
ct-android-0.86.2-debug/prefa
b/modules/reactnative/include
/react/renderer/core/graphics
Conversions.h:71:14: error: 
no member named 'format' in 
namespace 'std'; did you 
mean 'folly::format'?
        return 
std::format("{}%", 
dimension.value);
               ^~~~~
  C:/Users/MANCHEM HIMESH/.gr
adle/caches/9.3.1/transforms/
236808c8bf210c3c94b0276182818
50c/workspace/transformed/rea
ct-android-0.86.2-debug/prefa
b/modules/reactnative/include
/folly/Format.h:291:1: note: 
'folly::format' declared here
  format(StringPiece fmt, 
Args&&... args) {
  ^
  In file included from 
C:/Users/MANCHEM HIMESH/OneDr
ive/Desktop/AttendanceApp/nod
e_modules/react-native-safe-a
rea-context/android/build/gen
erated/source/codegen/jni/rea
ct/renderer/components/safear
eacontext/ComponentDescriptor
s.cpp:11:
  In file included from 
C:/Users/MANCHEM HIMESH/OneDr
ive/Desktop/AttendanceApp/nod
e_modules/react-native-safe-a
rea-context/android/src/main/
jni/../../../build/generated/
source/codegen/jni/react/rend
erer/components/safeareaconte
xt/ComponentDescriptors.h:13:
  In file included from 
C:/Users/MANCHEM HIMESH/OneDr
ive/Desktop/AttendanceApp/nod
e_modules/react-native-safe-a
rea-context/android/src/main/
jni/../../../build/generated/
source/codegen/jni/react/rend
erer/components/safeareaconte
xt/ShadowNodes.h:14:
  In file included from 
C:/Users/MANCHEM HIMESH/OneDr
ive/Desktop/AttendanceApp/nod
e_modules/react-native-safe-a
rea-context/android/src/main/
jni/../../../build/generated/
source/codegen/jni/react/rend
erer/components/safeareaconte
xt/Props.h:12:
  In file included from 
C:/Users/MANCHEM HIMESH/.grad
le/caches/9.3.1/transforms/23
6808c8bf210c3c94b027618281850
c/workspace/transformed/react
-android-0.86.2-debug/prefab/
modules/reactnative/include/r
eact/renderer/components/view
/ViewProps.h:10:
  In file included from 
C:/Users/MANCHEM HIMESH/.grad
le/caches/9.3.1/transforms/23
6808c8bf210c3c94b027618281850
c/workspace/transformed/react
-android-0.86.2-debug/prefab/
modules/reactnative/include/r
eact/renderer/components/view
/HostPlatformViewProps.h:11:
  In file included from 
C:/Users/MANCHEM HIMESH/.grad
le/caches/9.3.1/transforms/23
6808c8bf210c3c94b027618281850
c/workspace/transformed/react
-android-0.86.2-debug/prefab/
modules/reactnative/include/r
eact/renderer/components/view
/NativeDrawable.h:13:
  C:/Users/MANCHEM HIMESH/.gr
adle/caches/9.3.1/transforms/
236808c8bf210c3c94b0276182818
50c/workspace/transformed/rea
ct-android-0.86.2-debug/prefa
b/modules/reactnative/include
/react/renderer/core/graphics
Conversions.h:71:14: error: 
no viable conversion from 
returned value of type 
'Formatter<false, const 
float &>' to function return 
type 'folly::dynamic'
        return 
std::format("{}%", 
dimension.value);
               ^~~~~~~~~~~~~~
~~~~~~~~~~~~~~~~~~~~~
  C:/Users/MANCHEM HIMESH/.gr
adle/caches/9.3.1/transforms/
236808c8bf210c3c94b0276182818
50c/workspace/transformed/rea
ct-android-0.86.2-debug/prefa
b/modules/reactnative/include
/folly/json/dynamic.h:238:18:
 note: candidate constructor 
not viable: no known 
conversion from 
'Formatter<false, const 
float &>' to 'const 
ObjectMaker &' for 1st 
argument
    /* implicit */ 
dynamic(ObjectMaker const&) 
= delete;
                   ^
  C:/Users/MANCHEM HIMESH/.gr
adle/caches/9.3.1/transforms/
236808c8bf210c3c94b0276182818
50c/workspace/transformed/rea
ct-android-0.86.2-debug/prefa
b/modules/reactnative/include
/folly/json/dynamic.h:289:3: 
note: candidate constructor 
not viable: no known 
conversion from 
'Formatter<false, const 
float &>' to 'const dynamic 
&' for 1st argument
    dynamic(dynamic const&);
    ^
  C:/Users/MANCHEM HIMESH/.gr
adle/caches/9.3.1/transforms/
236808c8bf210c3c94b0276182818
50c/workspace/transformed/rea
ct-android-0.86.2-debug/prefa
b/modules/reactnative/include
/folly/json/dynamic.h:290:3: 
note: candidate constructor 
not viable: no known 
conversion from 
'Formatter<false, const 
float &>' to 'dynamic &&' 
for 1st argument
    dynamic(dynamic&&) 
noexcept;
    ^
  C:/Users/MANCHEM HIMESH/.gr
adle/caches/9.3.1/transforms/
236808c8bf210c3c94b0276182818
50c/workspace/transformed/rea
ct-android-0.86.2-debug/prefa
b/modules/reactnative/include
/folly/json/dynamic-inl.h:321
:17: note: candidate 
constructor not viable: no 
known conversion from 
'Formatter<false, const 
float &>' to 
'std::nullptr_t' for 1st 
argument
  inline dynamic::dynamic(std
::nullptr_t) : type_(NULLT) 
{}
                  ^
  C:/Users/MANCHEM HIMESH/.gr
adle/caches/9.3.1/transforms/
236808c8bf210c3c94b0276182818
50c/workspace/transformed/rea
ct-android-0.86.2-debug/prefa
b/modules/reactnative/include
/folly/json/dynamic-inl.h:323
:17: note: candidate 
constructor not viable: no 
known conversion from 
'Formatter<false, const 
float &>' to 'void 
(*)(EmptyArrayTag)' for 1st 
argument
  inline 
dynamic::dynamic(void 
(*)(EmptyArrayTag)) : 
type_(ARRAY) {
                  ^
  C:/Users/MANCHEM HIMESH/.gr
adle/caches/9.3.1/transforms/
236808c8bf210c3c94b0276182818
50c/workspace/transformed/rea
ct-android-0.86.2-debug/prefa
b/modules/reactnative/include
/folly/json/dynamic-inl.h:327
:17: note: candidate 
constructor not viable: no 
known conversion from 
'Formatter<false, const 
float &>' to 'ObjectMaker 
(*)()' for 1st argument
  inline 
dynamic::dynamic(ObjectMaker 
(*)()) : type_(OBJECT) {
                  ^
  C:/Users/MANCHEM HIMESH/.gr
adle/caches/9.3.1/transforms/
236808c8bf210c3c94b0276182818
50c/workspace/transformed/rea
ct-android-0.86.2-debug/prefa
b/modules/reactnative/include
/folly/json/dynamic-inl.h:331
:17: note: candidate 
constructor not viable: no 
known conversion from 
'Formatter<false, const 
float &>' to 'const char *' 
for 1st argument
  inline 
dynamic::dynamic(char const* 
s) : type_(STRING) {
                  ^
  C:/Users/MANCHEM HIMESH/.gr
adle/caches/9.3.1/transforms/
236808c8bf210c3c94b0276182818
50c/workspace/transformed/rea
ct-android-0.86.2-debug/prefa
b/modules/reactnative/include
/folly/json/dynamic-inl.h:335
:17: note: candidate 
constructor not viable: no 
known conversion from 
'Formatter<false, const 
float &>' to 'std::string' 
(aka 'basic_string<char>') 
for 1st argument
  inline 
dynamic::dynamic(std::string 
s) : type_(STRING) {
                  ^
  C:/Users/MANCHEM HIMESH/.gr
adle/caches/9.3.1/transforms/
236808c8bf210c3c94b0276182818
50c/workspace/transformed/rea
ct-android-0.86.2-debug/prefa
b/modules/reactnative/include
/folly/json/dynamic-inl.h:344
:17: note: candidate 
constructor not viable: no 
known conversion from 
'Formatter<false, const 
float &>' to 'ObjectMaker 
&&' for 1st argument
  inline dynamic::dynamic(Obj
ectMaker&& maker) : 
type_(OBJECT) {
                  ^
  C:/Users/MANCHEM HIMESH/.gr
adle/caches/9.3.1/transforms/
236808c8bf210c3c94b0276182818
50c/workspace/transformed/rea
ct-android-0.86.2-debug/prefa
b/modules/reactnative/include
/folly/json/dynamic-inl.h:376
:17: note: candidate 
constructor not viable: no 
known conversion from 
'Formatter<false, const 
float &>' to 'std::vector<boo
l>::reference' (aka '__bit_re
ference<vector<bool, 
allocator<bool>>>') for 1st 
argument
  inline dynamic::dynamic(std
::vector<bool>::reference b)
                  ^
  C:/Users/MANCHEM HIMESH/.gr
adle/caches/9.3.1/transforms/
236808c8bf210c3c94b0276182818
50c/workspace/transformed/rea
ct-android-0.86.2-debug/prefa
b/modules/reactnative/include
/folly/json/dynamic-inl.h:378
:17: note: candidate 
constructor not viable: no 
known conversion from 
'Formatter<false, const 
float &>' to 
'VectorBoolConstRefCtorType' 
(aka 'std::__bit_const_refere
nce<std::vector<bool>>') for 
1st argument
  inline dynamic::dynamic(Vec
torBoolConstRefCtorType b)
                  ^
  C:/Users/MANCHEM HIMESH/.gr
adle/caches/9.3.1/transforms/
236808c8bf210c3c94b0276182818
50c/workspace/transformed/rea
ct-android-0.86.2-debug/prefa
b/modules/reactnative/include
/folly/json/dynamic-inl.h:340
:17: note: candidate 
template ignored: 
requirement 'is_detected_v<fo
lly::dynamic_detail::detect_c
onstruct_string, 
folly::Formatter<false, 
const float &>>' was not 
satisfied [with Stringish = 
Formatter<false, const float 
&>]
  inline 
dynamic::dynamic(Stringish&& 
s) : type_(STRING) {
                  ^
  C:/Users/MANCHEM HIMESH/.gr
adle/caches/9.3.1/transforms/
236808c8bf210c3c94b0276182818
50c/workspace/transformed/rea
ct-android-0.86.2-debug/prefa
b/modules/reactnative/include
/folly/json/dynamic-inl.h:384
:10: note: candidate 
template ignored: 
substitution failure [with T 
= Formatter<false, const 
float &>]: implicit 
instantiation of undefined 
template 'folly::dynamic::Num
ericTypeHelper<folly::Formatt
er<false, const float &>>'
  dynamic::dynamic(T t) {
           ^
  C:/Users/MANCHEM HIMESH/.gr
adle/caches/9.3.1/transforms/
236808c8bf210c3c94b0276182818
50c/workspace/transformed/rea
ct-android-0.86.2-debug/prefa
b/modules/reactnative/include
/folly/json/dynamic.h:1115:12
: note: explicit constructor 
is not a candidate
    explicit dynamic(Array&& 
r);
             ^
  2 errors generated.
  [26/29] Building CXX 
object CMakeFiles/appmodules.
dir/C_/Users/MANCHEM_HIMESH/O
neDrive/Desktop/AttendanceApp
/android/app/build/generated/
autolinking/src/main/jni/auto
linking.cpp.o
  FAILED: CMakeFiles/appmodul
es.dir/C_/Users/MANCHEM_HIMES
H/OneDrive/Desktop/Attendance
App/android/app/build/generat
ed/autolinking/src/main/jni/a
utolinking.cpp.o 
  C:\Users\MANCHE~1\AppData\L
ocal\Android\Sdk\ndk\261~1.10
9\TOOLCH~1\llvm\prebuilt\WIND
OW~1\bin\CLANG_~1.EXE --targe
t=aarch64-none-linux-android2
4 
--sysroot="C:/Users/MANCHEM H
IMESH/AppData/Local/Android/S
dk/ndk/26.1.10909125/toolchai
ns/llvm/prebuilt/windows-x86_
64/sysroot" 
-DRN_SERIALIZABLE_STATE 
-Dappmodules_EXPORTS 
-I"C:/Users/MANCHEM HIMESH/On
eDrive/Desktop/AttendanceApp/
node_modules/react-native/Rea
ctAndroid/cmake-utils/default
-app-setup" 
-I"C:/Users/MANCHEM HIMESH/On
eDrive/Desktop/AttendanceApp/
android/app/build/generated/a
utolinking/src/main/jni" 
-I"C:/Users/MANCHEM HIMESH/On
eDrive/Desktop/AttendanceApp/
node_modules/react-native-saf
e-area-context/android/src/ma
in/jni" -I"C:/Users/MANCHEM H
IMESH/OneDrive/Desktop/Attend
anceApp/node_modules/@react-n
ative-async-storage/async-sto
rage/android/build/generated/
source/codegen/jni/." 
-I"C:/Users/MANCHEM HIMESH/On
eDrive/Desktop/AttendanceApp/
node_modules/@react-native-as
ync-storage/async-storage/and
roid/build/generated/source/c
odegen/jni/react/renderer/com
ponents/AsyncStorageSpec" 
-I"C:/Users/MANCHEM HIMESH/On
eDrive/Desktop/AttendanceApp/
node_modules/@react-native-co
mmunity/netinfo/android/build
/generated/source/codegen/jni
/." -I"C:/Users/MANCHEM HIMES
H/OneDrive/Desktop/Attendance
App/node_modules/@react-nativ
e-community/netinfo/android/b
uild/generated/source/codegen
/jni/react/renderer/component
s/RNCNetInfoSpec" 
-I"C:/Users/MANCHEM HIMESH/On
eDrive/Desktop/AttendanceApp/
node_modules/react-native-get
-random-values/android/build/
generated/source/codegen/jni/
." -I"C:/Users/MANCHEM HIMESH
/OneDrive/Desktop/AttendanceA
pp/node_modules/react-native-
get-random-values/android/bui
ld/generated/source/codegen/j
ni/react/renderer/components/
RNGetRandomValuesSpec" 
-I"C:/Users/MANCHEM HIMESH/On
eDrive/Desktop/AttendanceApp/
node_modules/react-native-hap
tic-feedback/android/build/ge
nerated/source/codegen/jni/."
 -I"C:/Users/MANCHEM HIMESH/O
neDrive/Desktop/AttendanceApp
/node_modules/react-native-ha
ptic-feedback/android/build/g
enerated/source/codegen/jni/r
eact/renderer/components/RNHa
pticFeedbackSpec" 
-I"C:/Users/MANCHEM HIMESH/On
eDrive/Desktop/AttendanceApp/
node_modules/react-native-nit
ro-modules/android/build/gene
rated/source/codegen/jni/." 
-I"C:/Users/MANCHEM HIMESH/On
eDrive/Desktop/AttendanceApp/
node_modules/react-native-nit
ro-modules/android/build/gene
rated/source/codegen/jni/reac
t/renderer/components/NitroMo
dulesSpec" 
-I"C:/Users/MANCHEM HIMESH/On
eDrive/Desktop/AttendanceApp/
node_modules/react-native-qui
ck-crypto/android/build/gener
ated/source/codegen/jni/." 
-I"C:/Users/MANCHEM HIMESH/On
eDrive/Desktop/AttendanceApp/
node_modules/react-native-qui
ck-crypto/android/build/gener
ated/source/codegen/jni/react
/renderer/components/QuickCry
pto" -I"C:/Users/MANCHEM HIME
SH/OneDrive/Desktop/Attendanc
eApp/node_modules/react-nativ
e-quick-sqlite/android/build/
generated/source/codegen/jni/
." -I"C:/Users/MANCHEM HIMESH
/OneDrive/Desktop/AttendanceA
pp/node_modules/react-native-
quick-sqlite/android/build/ge
nerated/source/codegen/jni/re
act/renderer/components/RNQui
ckSQLite" 
-I"C:/Users/MANCHEM HIMESH/On
eDrive/Desktop/AttendanceApp/
node_modules/react-native-saf
e-area-context/android/src/ma
in/jni/." 
-I"C:/Users/MANCHEM HIMESH/On
eDrive/Desktop/AttendanceApp/
node_modules/react-native-saf
e-area-context/android/src/ma
in/jni/../../../../common/cpp
" -I"C:/Users/MANCHEM HIMESH/
OneDrive/Desktop/AttendanceAp
p/node_modules/react-native-s
afe-area-context/android/src/
main/jni/../../../build/gener
ated/source/codegen/jni" 
-I"C:/Users/MANCHEM HIMESH/On
eDrive/Desktop/AttendanceApp/
node_modules/react-native-saf
e-area-context/android/src/ma
in/jni/../../../build/generat
ed/source/codegen/jni/react/r
enderer/components/safeareaco
ntext" -isystem 
"C:/Users/MANCHEM HIMESH/.gra
dle/caches/9.3.1/transforms/5
f0fade6957df6709b3ef496f25cde
d4/workspace/transformed/fbjn
i-0.7.0/prefab/modules/fbjni/
include" -isystem 
"C:/Users/MANCHEM HIMESH/.gra
dle/caches/9.3.1/transforms/2
36808c8bf210c3c94b02761828185
0c/workspace/transformed/reac
t-android-0.86.2-debug/prefab
/modules/jsi/include" 
-isystem "C:/Users/MANCHEM HI
MESH/.gradle/caches/9.3.1/tra
nsforms/236808c8bf210c3c94b02
7618281850c/workspace/transfo
rmed/react-android-0.86.2-deb
ug/prefab/modules/reactnative
/include" -g -DANDROID 
-fdata-sections 
-ffunction-sections 
-funwind-tables 
-fstack-protector-strong 
-no-canonical-prefixes 
-D_FORTIFY_SOURCE=2 -Wformat 
-Werror=format-security   
-fno-limit-debug-info  -fPIC 
-Wall -Werror -fexceptions 
-frtti -std=c++20 
-DFOLLY_NO_CONFIG=1 
-DLOG_TAG=\"ReactNative\" 
-DFOLLY_HAVE_CLOCK_GETTIME=1 
-DFOLLY_USE_LIBCPP=1 
-DFOLLY_CFG_NO_COROUTINES=1 
-DFOLLY_MOBILE=1 
-DFOLLY_HAVE_RECVMMSG=1 
-DFOLLY_HAVE_PTHREAD=1 -DFOLL
Y_HAVE_XSI_STRERROR_R=1 -MD 
-MT CMakeFiles/appmodules.dir
/C_/Users/MANCHEM_HIMESH/OneD
rive/Desktop/AttendanceApp/an
droid/app/build/generated/aut
olinking/src/main/jni/autolin
king.cpp.o -MF CMakeFiles\app
modules.dir\C_\Users\MANCHEM_
HIMESH\OneDrive\Desktop\Atten
danceApp\android\app\build\ge
nerated\autolinking\src\main\
jni\autolinking.cpp.o.d -o CM
akeFiles/appmodules.dir/C_/Us
ers/MANCHEM_HIMESH/OneDrive/D
esktop/AttendanceApp/android/
app/build/generated/autolinki
ng/src/main/jni/autolinking.c
pp.o -c "C:/Users/MANCHEM HIM
ESH/OneDrive/Desktop/Attendan
ceApp/android/app/build/gener
ated/autolinking/src/main/jni
/autolinking.cpp"
  In file included from 
C:/Users/MANCHEM HIMESH/OneDr
ive/Desktop/AttendanceApp/and
roid/app/build/generated/auto
linking/src/main/jni/autolink
ing.cpp:17:
  In file included from 
C:/Users/MANCHEM HIMESH/OneDr
ive/Desktop/AttendanceApp/nod
e_modules/react-native-safe-a
rea-context/android/src/main/
jni/safeareacontext.h:6:
  In file included from 
C:/Users/MANCHEM HIMESH/OneDr
ive/Desktop/AttendanceApp/nod
e_modules/react-native-safe-a
rea-context/android/src/main/
jni/../../../../common/cpp/re
act/renderer/components/safea
reacontext/RNCSafeAreaViewCom
ponentDescriptor.h:3:
  In file included from 
C:/Users/MANCHEM HIMESH/OneDr
ive/Desktop/AttendanceApp/nod
e_modules/react-native-safe-a
rea-context/android/src/main/
jni/../../../../common/cpp/re
act/renderer/components/safea
reacontext/RNCSafeAreaViewSha
dowNode.h:5:
  In file included from 
C:/Users/MANCHEM HIMESH/OneDr
ive/Desktop/AttendanceApp/nod
e_modules/react-native-safe-a
rea-context/android/src/main/
jni/../../../build/generated/
source/codegen/jni/react/rend
erer/components/safeareaconte
xt/Props.h:12:
  In file included from 
C:/Users/MANCHEM HIMESH/.grad
le/caches/9.3.1/transforms/23
6808c8bf210c3c94b027618281850
c/workspace/transformed/react
-android-0.86.2-debug/prefab/
modules/reactnative/include/r
eact/renderer/components/view
/ViewProps.h:10:
  In file included from 
C:/Users/MANCHEM HIMESH/.grad
le/caches/9.3.1/transforms/23
6808c8bf210c3c94b027618281850
c/workspace/transformed/react
-android-0.86.2-debug/prefab/
modules/reactnative/include/r
eact/renderer/components/view
/HostPlatformViewProps.h:11:
  In file included from 
C:/Users/MANCHEM HIMESH/.grad
le/caches/9.3.1/transforms/23
6808c8bf210c3c94b027618281850
c/workspace/transformed/react
-android-0.86.2-debug/prefab/
modules/reactnative/include/r
eact/renderer/components/view
/NativeDrawable.h:13:
  C:/Users/MANCHEM HIMESH/.gr
adle/caches/9.3.1/transforms/
236808c8bf210c3c94b0276182818
50c/workspace/transformed/rea
ct-android-0.86.2-debug/prefa
b/modules/reactnative/include
/react/renderer/core/graphics
Conversions.h:71:14: error: 
no member named 'format' in 
namespace 'std'; did you 
mean 'folly::format'?
        return 
std::format("{}%", 
dimension.value);
               ^~~~~
  C:/Users/MANCHEM HIMESH/.gr
adle/caches/9.3.1/transforms/
236808c8bf210c3c94b0276182818
50c/workspace/transformed/rea
ct-android-0.86.2-debug/prefa
b/modules/reactnative/include
/folly/Format.h:291:1: note: 
'folly::format' declared here
  format(StringPiece fmt, 
Args&&... args) {
  ^
  In file included from 
C:/Users/MANCHEM HIMESH/OneDr
ive/Desktop/AttendanceApp/and
roid/app/build/generated/auto
linking/src/main/jni/autolink
ing.cpp:17:
  In file included from 
C:/Users/MANCHEM HIMESH/OneDr
ive/Desktop/AttendanceApp/nod
e_modules/react-native-safe-a
rea-context/android/src/main/
jni/safeareacontext.h:6:
  In file included from 
C:/Users/MANCHEM HIMESH/OneDr
ive/Desktop/AttendanceApp/nod
e_modules/react-native-safe-a
rea-context/android/src/main/
jni/../../../../common/cpp/re
act/renderer/components/safea
reacontext/RNCSafeAreaViewCom
ponentDescriptor.h:3:
  In file included from 
C:/Users/MANCHEM HIMESH/OneDr
ive/Desktop/AttendanceApp/nod
e_modules/react-native-safe-a
rea-context/android/src/main/
jni/../../../../common/cpp/re
act/renderer/components/safea
reacontext/RNCSafeAreaViewSha
dowNode.h:5:
  In file included from 
C:/Users/MANCHEM HIMESH/OneDr
ive/Desktop/AttendanceApp/nod
e_modules/react-native-safe-a
rea-context/android/src/main/
jni/../../../build/generated/
source/codegen/jni/react/rend
erer/components/safeareaconte
xt/Props.h:12:
  In file included from 
C:/Users/MANCHEM HIMESH/.grad
le/caches/9.3.1/transforms/23
6808c8bf210c3c94b027618281850
c/workspace/transformed/react
-android-0.86.2-debug/prefab/
modules/reactnative/include/r
eact/renderer/components/view
/ViewProps.h:10:
  In file included from 
C:/Users/MANCHEM HIMESH/.grad
le/caches/9.3.1/transforms/23
6808c8bf210c3c94b027618281850
c/workspace/transformed/react
-android-0.86.2-debug/prefab/
modules/reactnative/include/r
eact/renderer/components/view
/HostPlatformViewProps.h:11:
  In file included from 
C:/Users/MANCHEM HIMESH/.grad
le/caches/9.3.1/transforms/23
6808c8bf210c3c94b027618281850
c/workspace/transformed/react
-android-0.86.2-debug/prefab/
modules/reactnative/include/r
eact/renderer/components/view
/NativeDrawable.h:13:
  C:/Users/MANCHEM HIMESH/.gr
adle/caches/9.3.1/transforms/
236808c8bf210c3c94b0276182818
50c/workspace/transformed/rea
ct-android-0.86.2-debug/prefa
b/modules/reactnative/include
/react/renderer/core/graphics
Conversions.h:71:14: error: 
no viable conversion from 
returned value of type 
'Formatter<false, const 
float &>' to function return 
type 'folly::dynamic'
        return 
std::format("{}%", 
dimension.value);
               ^~~~~~~~~~~~~~
~~~~~~~~~~~~~~~~~~~~~
  C:/Users/MANCHEM HIMESH/.gr
adle/caches/9.3.1/transforms/
236808c8bf210c3c94b0276182818
50c/workspace/transformed/rea
ct-android-0.86.2-debug/prefa
b/modules/reactnative/include
/folly/json/dynamic.h:238:18:
 note: candidate constructor 
not viable: no known 
conversion from 
'Formatter<false, const 
float &>' to 'const 
ObjectMaker &' for 1st 
argument
    /* implicit */ 
dynamic(ObjectMaker const&) 
= delete;
                   ^
  C:/Users/MANCHEM HIMESH/.gr
adle/caches/9.3.1/transforms/
236808c8bf210c3c94b0276182818
50c/workspace/transformed/rea
ct-android-0.86.2-debug/prefa
b/modules/reactnative/include
/folly/json/dynamic.h:289:3: 
note: candidate constructor 
not viable: no known 
conversion from 
'Formatter<false, const 
float &>' to 'const dynamic 
&' for 1st argument
    dynamic(dynamic const&);
    ^
  C:/Users/MANCHEM HIMESH/.gr
adle/caches/9.3.1/transforms/
236808c8bf210c3c94b0276182818
50c/workspace/transformed/rea
ct-android-0.86.2-debug/prefa
b/modules/reactnative/include
/folly/json/dynamic.h:290:3: 
note: candidate constructor 
not viable: no known 
conversion from 
'Formatter<false, const 
float &>' to 'dynamic &&' 
for 1st argument
    dynamic(dynamic&&) 
noexcept;
    ^
  C:/Users/MANCHEM HIMESH/.gr
adle/caches/9.3.1/transforms/
236808c8bf210c3c94b0276182818
50c/workspace/transformed/rea
ct-android-0.86.2-debug/prefa
b/modules/reactnative/include
/folly/json/dynamic-inl.h:321
:17: note: candidate 
constructor not viable: no 
known conversion from 
'Formatter<false, const 
float &>' to 
'std::nullptr_t' for 1st 
argument
  inline dynamic::dynamic(std
::nullptr_t) : type_(NULLT) 
{}
                  ^
  C:/Users/MANCHEM HIMESH/.gr
adle/caches/9.3.1/transforms/
236808c8bf210c3c94b0276182818
50c/workspace/transformed/rea
ct-android-0.86.2-debug/prefa
b/modules/reactnative/include
/folly/json/dynamic-inl.h:323
:17: note: candidate 
constructor not viable: no 
known conversion from 
'Formatter<false, const 
float &>' to 'void 
(*)(EmptyArrayTag)' for 1st 
argument
  inline 
dynamic::dynamic(void 
(*)(EmptyArrayTag)) : 
type_(ARRAY) {
                  ^
  C:/Users/MANCHEM HIMESH/.gr
adle/caches/9.3.1/transforms/
236808c8bf210c3c94b0276182818
50c/workspace/transformed/rea
ct-android-0.86.2-debug/prefa
b/modules/reactnative/include
/folly/json/dynamic-inl.h:327
:17: note: candidate 
constructor not viable: no 
known conversion from 
'Formatter<false, const 
float &>' to 'ObjectMaker 
(*)()' for 1st argument
  inline 
dynamic::dynamic(ObjectMaker 
(*)()) : type_(OBJECT) {
                  ^
  C:/Users/MANCHEM HIMESH/.gr
adle/caches/9.3.1/transforms/
236808c8bf210c3c94b0276182818
50c/workspace/transformed/rea
ct-android-0.86.2-debug/prefa
b/modules/reactnative/include
/folly/json/dynamic-inl.h:331
:17: note: candidate 
constructor not viable: no 
known conversion from 
'Formatter<false, const 
float &>' to 'const char *' 
for 1st argument
  inline 
dynamic::dynamic(char const* 
s) : type_(STRING) {
                  ^
  C:/Users/MANCHEM HIMESH/.gr
adle/caches/9.3.1/transforms/
236808c8bf210c3c94b0276182818
50c/workspace/transformed/rea
ct-android-0.86.2-debug/prefa
b/modules/reactnative/include
/folly/json/dynamic-inl.h:335
:17: note: candidate 
constructor not viable: no 
known conversion from 
'Formatter<false, const 
float &>' to 'std::string' 
(aka 'basic_string<char>') 
for 1st argument
  inline 
dynamic::dynamic(std::string 
s) : type_(STRING) {
                  ^
  C:/Users/MANCHEM HIMESH/.gr
adle/caches/9.3.1/transforms/
236808c8bf210c3c94b0276182818
50c/workspace/transformed/rea
ct-android-0.86.2-debug/prefa
b/modules/reactnative/include
/folly/json/dynamic-inl.h:344
:17: note: candidate 
constructor not viable: no 
known conversion from 
'Formatter<false, const 
float &>' to 'ObjectMaker 
&&' for 1st argument
  inline dynamic::dynamic(Obj
ectMaker&& maker) : 
type_(OBJECT) {
                  ^
  C:/Users/MANCHEM HIMESH/.gr
adle/caches/9.3.1/transforms/
236808c8bf210c3c94b0276182818
50c/workspace/transformed/rea
ct-android-0.86.2-debug/prefa
b/modules/reactnative/include
/folly/json/dynamic-inl.h:376
:17: note: candidate 
constructor not viable: no 
known conversion from 
'Formatter<false, const 
float &>' to 'std::vector<boo
l>::reference' (aka '__bit_re
ference<vector<bool, 
allocator<bool>>>') for 1st 
argument
  inline dynamic::dynamic(std
::vector<bool>::reference b)
                  ^
  C:/Users/MANCHEM HIMESH/.gr
adle/caches/9.3.1/transforms/
236808c8bf210c3c94b0276182818
50c/workspace/transformed/rea
ct-android-0.86.2-debug/prefa
b/modules/reactnative/include
/folly/json/dynamic-inl.h:378
:17: note: candidate 
constructor not viable: no 
known conversion from 
'Formatter<false, const 
float &>' to 
'VectorBoolConstRefCtorType' 
(aka 'std::__bit_const_refere
nce<std::vector<bool>>') for 
1st argument
  inline dynamic::dynamic(Vec
torBoolConstRefCtorType b)
                  ^
  C:/Users/MANCHEM HIMESH/.gr
adle/caches/9.3.1/transforms/
236808c8bf210c3c94b0276182818
50c/workspace/transformed/rea
ct-android-0.86.2-debug/prefa
b/modules/reactnative/include
/folly/json/dynamic-inl.h:340
:17: note: candidate 
template ignored: 
requirement 'is_detected_v<fo
lly::dynamic_detail::detect_c
onstruct_string, 
folly::Formatter<false, 
const float &>>' was not 
satisfied [with Stringish = 
Formatter<false, const float 
&>]
  inline 
dynamic::dynamic(Stringish&& 
s) : type_(STRING) {
                  ^
  C:/Users/MANCHEM HIMESH/.gr
adle/caches/9.3.1/transforms/
236808c8bf210c3c94b0276182818
50c/workspace/transformed/rea
ct-android-0.86.2-debug/prefa
b/modules/reactnative/include
/folly/json/dynamic-inl.h:384
:10: note: candidate 
template ignored: 
substitution failure [with T 
= Formatter<false, const 
float &>]: implicit 
instantiation of undefined 
template 'folly::dynamic::Num
ericTypeHelper<folly::Formatt
er<false, const float &>>'
  dynamic::dynamic(T t) {
           ^
  C:/Users/MANCHEM HIMESH/.gr
adle/caches/9.3.1/transforms/
236808c8bf210c3c94b0276182818
50c/workspace/transformed/rea
ct-android-0.86.2-debug/prefa
b/modules/reactnative/include
/folly/json/dynamic.h:1115:12
: note: explicit constructor 
is not a candidate
    explicit dynamic(Array&& 
r);
             ^
  2 errors generated.
  ninja: build stopped: 
subcommand failed.
  
  C++ build system [build] 
failed while executing:
      @echo off
      "C:\\Users\\MANCHEM HIM
ESH\\AppData\\Local\\Android\
\Sdk\\cmake\\3.22.1\\bin\\nin
ja.exe" ^
        -C ^
        "C:\\Users\\MANCHEM H
IMESH\\OneDrive\\Desktop\\Att
endanceApp\\android\\app\\.cx
x\\Debug\\2u6k3s5l\\arm64-v8a
" ^
        appmodules ^
        
react_codegen_safeareacontext
    from C:\Users\MANCHEM HIM
ESH\OneDrive\Desktop\Attendan
ceApp\android\app

* Try:
> Run with --stacktrace 
option to get the stack 
trace.
> Run with --info or --debug 
option to get more log 
output.
> Run with --scan to get 
full insights from a Build 
Scan (powered by Develocity).
> Get more help at 
https://help.gradle.org.

BUILD FAILED in 16s

Deprecated Gradle features were used in this build, making it incompatible with Gradle 10.

You can use '--warning-mode all' to show the individual deprecation warnings and determine if they come from your own scripts or plugins.

For more on this, please refer to https://docs.gradle.org/9.3.1/userguide/command_line_interface.html#sec:command_line_warnings in the Gradle documentation.
217 actionable tasks: 12 executed, 205 up-to-date
